query_id,sequence_id,variant,ttc,seeds_ttc,history,valid_observations,reused,computed,reset,source_anchors,max_time_approximation_us,min_source_roi_iou,cpu_ms,producer_ms,head_and_commit_ms,total_ms,prep_lookup_warp_ms,prep_read_ms,prep_crop_map_ms,prep_encode_cache_ms,prep_stack_ms,observations_encoded,unique_windows,voxel_misses,voxel_hits,approximate_voxel_hits,retained_voxel_bytes,retained_raw_bytes
FCWD1:0000,FCWD1,H8_reference,7.850772380828857,"[6.377402305603027, 7.850772380828857, 7.977059364318848]",8,8,0,8,True,"[5756034, 5806034, 5856034, 5906034, 5956034, 6006034, 6056034, 6106034]",0,1.0,294.11629994865507,1936.4638000261039,58.08320001233369,2288.6632999870926,0.13619998935610056,169.72820000955835,23.783900018315762,93.82910002022982,6.266199983656406,8,12,12,0,0,9437184,12137949
FCWD1:0000,FCWD1,H8_warp,7.850772380828857,"[6.377402305603027, 7.850772380828857, 7.977059364318848]",8,8,0,8,True,"[5756034, 5806034, 5856034, 5906034, 5956034, 6006034, 6056034, 6106034]",0,1.0,234.92220003390685,1810.3388999588788,14.871400024276227,2060.132500017062,0.12420001439750195,127.965799998492,24.83149996260181,77.59940001415089,4.202400043141097,8,12,12,0,0,9437184,12137949
FCWD1:0000,FCWD1,H8_warp_student,9.368919372558594,"[7.736015319824219, 9.368919372558594, 10.199827194213867]",8,8,0,8,True,"[5756034, 5806034, 5856034, 5906034, 5956034, 6006034, 6056034, 6106034]",0,1.0,232.00139997061342,677.1136000170372,28.64380000391975,937.7587999915704,0.09200000204145908,74.60890000220388,26.52690000832081,125.99660002160817,4.593299992848188,8,12,12,0,0,9437184,12137949
FCWD1:0001,FCWD1,H8_reference,8.889430046081543,"[6.699062347412109, 8.889430046081543, 9.674739837646484]",8,8,0,8,False,"[5806086, 5856086, 5906086, 5956086, 6006086, 6056086, 6106086, 6156086]",0,1.0,208.52990000275895,1630.5730000021867,42.55859996192157,1881.6614999668673,0.06549997488036752,19.467599980998784,30.79519997118041,146.0842000087723,11.937100032810122,8,12,12,0,0,16515072,12406141
FCWD1:0001,FCWD1,H8_warp,9.385995864868164,"[7.378942489624023, 9.385995864868164, 11.230855941772461]",8,8,7,1,False,"[5806034, 5856034, 5906034, 5956034, 6006034, 6056034, 6106034, 6156086]",52,0.9826843100189036,72.21569999819621,263.5644999681972,12.12410000152886,347.90429996792227,15.67239995347336,24.892999965231866,7.780299987643957,16.092300007585436,4.374000011011958,1,3,1,2,2,10223616,1770329
FCWD1:0001,FCWD1,H8_warp_student,10.734543800354004,"[8.43915843963623, 10.734543800354004, 13.947959899902344]",8,8,7,1,False,"[5806034, 5856034, 5906034, 5956034, 6006034, 6056034, 6106034, 6156086]",52,0.9826843100189036,30.953000008594245,68.4443999780342,12.021999980788678,111.41939996741712,7.576400006655604,11.441799986641854,3.1148999696597457,7.263600011356175,0.5117999971844256,1,3,1,2,2,10223616,1770329
FCWD1:0002,FCWD1,H8_reference,7.425719738006592,"[6.08547306060791, 7.425719738006592, 9.5018310546875]",8,8,0,8,False,"[5856138, 5906138, 5956138, 6006138, 6056138, 6106138, 6156138, 6206138]",0,1.0,157.97950001433492,1813.5775999980979,55.30929996166378,2026.8663999740966,0.07110001752153039,27.226799982599914,27.069499948993325,91.90569998463616,11.542399995960295,8,12,12,0,0,16515072,13073510
FCWD1:0002,FCWD1,H8_warp,7.202466011047363,"[6.114306926727295, 7.202466011047363, 9.482527732849121]",8,8,7,1,False,"[5856034, 5906034, 5956034, 6006034, 6056034, 6106034, 6156086, 6206138]",104,0.9599376696491404,84.0143000241369,158.01000001374632,15.769799996633083,257.7941000345163,18.293300003279,31.585399992763996,11.4733999944292,16.15570002468303,4.094800038728863,1,3,1,2,2,11010048,2247757
FCWD1:0002,FCWD1,H8_warp_student,7.457239151000977,"[6.17689323425293, 7.457239151000977, 8.780621528625488]",8,8,7,1,False,"[5856034, 5906034, 5956034, 6006034, 6056034, 6106034, 6156086, 6206138]",104,0.9599376696491404,33.69350003777072,57.603999972343445,9.342200006358325,100.63970001647249,6.663599982857704,11.766399955376983,4.846499999985099,7.736600004136562,1.7692999681457877,1,3,1,2,2,11010048,2247757
FCWD1:0003,FCWD1,H8_reference,12.442363739013672,"[8.375696182250977, 12.442363739013672, 16.585168838500977]",8,8,0,8,False,"[5906190, 5956190, 6006190, 6056190, 6106190, 6156190, 6206190, 6256190]",0,1.0,141.14990003872663,937.1560999425128,10.327200056053698,1088.6332000372931,0.061400001868605614,28.48989999620244,27.081200038082898,80.85170004051179,4.482099961023778,8,12,12,0,0,16515072,13852450
FCWD1:0003,FCWD1,H8_warp,7.240090847015381,"[5.824435710906982, 7.240090847015381, 8.277007102966309]",8,8,7,1,False,"[5906034, 5956034, 6006034, 6056034, 6106034, 6156086, 6206138, 6256190]",156,0.9316446124763705,28.795899997930974,121.68119999114424,10.650600015651435,161.12770000472665,4.2844999697990716,11.91209995886311,5.155000020749867,5.979400011710823,0.674000009894371,1,3,1,2,2,11796480,2825128
FCWD1:0003,FCWD1,H8_warp_student,13.802868843078613,"[9.493041038513184, 13.802868843078613, 18.80020523071289]",8,8,7,1,False,"[5906034, 5956034, 6006034, 6056034, 6106034, 6156086, 6206138, 6256190]",156,0.9316446124763705,28.890399960801005,39.17850001016632,8.65249999333173,76.72139996429905,4.147999978158623,12.125300010666251,5.148100026417524,6.307199946604669,0.4105000407435,1,3,1,2,2,11796480,2825128
FCWD1:0004,FCWD1,H8_reference,7.964540958404541,"[6.169144630432129, 7.964540958404541, 10.18128490447998]",8,8,0,8,False,"[5956234, 6006234, 6056234, 6106234, 6156234, 6206234, 6256234, 6306234]",0,1.0,92.00210002018139,1580.9203999815509,12.375699996482581,1685.2981999982148,0.03999995533376932,13.58780002919957,18.863400036934763,56.111799960490316,3.2722000032663345,8,12,12,0,0,16515072,14234287
FCWD1:0004,FCWD1,H8_warp,6.228489398956299,"[5.114565372467041, 6.228489398956299, 7.448846817016602]",8,8,7,1,False,"[5956034, 6006034, 6056034, 6106034, 6156086, 6206138, 6256190, 6306234]",200,0.9457602375978456,34.80690001742914,141.09990000724792,13.842999993357807,189.74980001803488,6.926800007931888,10.746499989181757,7.08370003849268,8.451400033663958,0.6819999543949962,1,3,1,2,2,12582912,2649093
FCWD1:0004,FCWD1,H8_warp_student,8.598273277282715,"[6.650444507598877, 8.598273277282715, 12.122138977050781]",8,8,7,1,False,"[5956034, 6006034, 6056034, 6106034, 6156086, 6206138, 6256190, 6306234]",200,0.9457602375978456,33.87869999278337,85.41199995670468,19.261300039943308,138.55199998943135,6.994800001848489,9.584899991750717,6.932299991603941,7.804499997291714,1.5174000291153789,1,3,1,2,2,12582912,2649093
FCWD1:0005,FCWD1,H8_reference,6.199513912200928,"[4.961273670196533, 6.199513912200928, 7.442226409912109]",8,8,0,8,False,"[6006286, 6056286, 6106286, 6156286, 6206286, 6256286, 6306286, 6356286]",0,1.0,264.26960004027933,1669.746799976565,38.086700020357966,1972.1031000372022,0.06779999239370227,71.4534999569878,67.65740003902465,114.31600002106279,10.586499993223697,8,12,12,0,0,16515072,14685314
FCWD1:0005,FCWD1,H8_warp,6.218080997467041,"[5.132993221282959, 6.218080997467041, 7.58745002746582]",8,8,7,1,False,"[6006034, 6056034, 6106034, 6156086, 6206138, 6256190, 6306234, 6356286]",252,0.9457602375978456,82.41719997022301,172.77230002218857,13.443599978927523,268.6330999713391,27.493199973832816,23.721000005025417,11.563300038687885,14.876200002618134,1.8933999817818403,1,3,1,2,2,13369344,2251140
FCWD1:0005,FCWD1,H8_warp_student,8.973705291748047,"[6.923677444458008, 8.973705291748047, 13.466325759887695]",8,8,7,1,False,"[6006034, 6056034, 6106034, 6156086, 6206138, 6256190, 6306234, 6356286]",252,0.9457602375978456,37.17450000112876,62.88619997212663,15.743200026918203,115.8039000001736,7.233800017274916,12.893499981146306,5.5294000194408,8.087499998509884,2.425300015602261,1,3,1,2,2,13369344,2251140
FCWD1:0006,FCWD1,H8_reference,4.504611968994141,"[4.131591796875, 4.504611968994141, 5.5106024742126465]",8,8,0,8,False,"[6056338, 6106338, 6156338, 6206338, 6256338, 6306338, 6356338, 6406338]",0,1.0,233.22380002355203,1399.5418000267819,9.227699949406087,1641.99329999974,0.1477000187151134,60.10830000741407,56.52360001113266,106.31040000589564,9.735399973578751,8,12,12,0,0,16515072,15732548
FCWD1:0006,FCWD1,H8_warp,5.445713996887207,"[4.856875896453857, 5.445713996887207, 6.902776718139648]",8,8,7,1,False,"[6056034, 6106034, 6156086, 6206138, 6256190, 6306234, 6356286, 6406338]",304,0.9488678962363173,29.14779999991879,89.30799999507144,7.8316000290215015,126.28740002401173,8.719999983441085,9.229799965396523,4.271699988748878,5.762799992226064,0.47879997873678803,1,3,1,2,2,14155776,2761395
FCWD1:0006,FCWD1,H8_warp_student,7.396193981170654,"[6.196627140045166, 7.396193981170654, 10.400069236755371]",8,8,7,1,False,"[6056034, 6106034, 6156086, 6206138, 6256190, 6306234, 6356286, 6406338]",304,0.9488678962363173,23.85100000537932,34.32139998767525,7.372999971266836,65.5453999643214,4.186200036201626,8.778800023719668,3.9508999907411635,5.65069995354861,0.304599991068244,1,3,1,2,2,14155776,2761395
FCWD1:0007,FCWD1,H8_reference,5.60316276550293,"[5.027888774871826, 5.60316276550293, 6.789652347564697]",8,8,0,8,False,"[6106382, 6156382, 6206382, 6256382, 6306382, 6356382, 6406382, 6456382]",0,1.0,109.26019999897107,1324.3174999952316,21.26809995388612,1454.8457999480888,0.03950000973418355,23.731500026769936,21.608599985484034,59.496300003957,4.268000018782914,8,12,12,0,0,16515072,16832278
FCWD1:0007,FCWD1,H8_warp,6.053008079528809,"[5.176980972290039, 6.053008079528809, 7.20388126373291]",8,8,7,1,False,"[6106034, 6156086, 6206138, 6256190, 6306234, 6356286, 6406338, 6456382]",348,0.943724093624329,58.93380002817139,122.96680000144988,9.079799987375736,190.980400016997,7.050599961075932,20.116399973630905,8.340100001078099,22.17080001719296,0.4385999636724591,1,3,1,2,2,14942208,3394152
FCWD1:0007,FCWD1,H8_warp_student,8.474628448486328,"[6.970553398132324, 8.474628448486328, 11.68640422821045]",8,8,7,1,False,"[6106034, 6156086, 6206138, 6256190, 6306234, 6356286, 6406338, 6456382]",348,0.943724093624329,29.447300010360777,38.34870003629476,8.525999961420894,76.32200000807643,4.311299999244511,12.206800049170852,5.19160000840202,6.7143000196665525,0.35440002102404833,1,3,1,2,2,14942208,3394152
FCWD1:0008,FCWD1,H8_reference,7.679501056671143,"[7.1126790046691895, 7.679501056671143, 8.434175491333008]",8,8,0,8,False,"[6156434, 6206434, 6256434, 6306434, 6356434, 6406434, 6456434, 6506434]",0,1.0,237.40829998860136,1339.0776000451297,21.90709998831153,1598.3930000220425,0.05150004290044308,48.95999998552725,69.17209998937324,114.92160003399476,3.7365000462159514,8,12,12,0,0,16515072,17502044
FCWD1:0008,FCWD1,H8_warp,5.813973426818848,"[5.308454990386963, 5.813973426818848, 6.639130592346191]",8,8,7,1,False,"[6156086, 6206138, 6256190, 6306234, 6356286, 6406338, 6456382, 6506434]",348,0.9156510107015458,38.95419999025762,177.8309000073932,24.97089997632429,241.75599997397512,10.747399996034801,13.311499962583184,6.008199998177588,6.579499982763082,0.408399966545403,1,3,1,2,2,15728640,3379583
FCWD1:0008,FCWD1,H8_warp_student,7.070080280303955,"[6.193849086761475, 7.070080280303955, 8.45085334777832]",8,8,7,1,False,"[6156086, 6206138, 6256190, 6306234, 6356286, 6406338, 6456382, 6506434]",348,0.9156510107015458,72.07960000960156,106.11490003066137,23.821499955374748,202.01599999563769,14.002099982462823,24.413300037849694,12.754499970469624,15.72269998723641,3.5248000058345497,1,3,1,2,2,15728640,3379583
FCWD1:0009,FCWD1,H8_reference,7.925463676452637,"[7.925463676452637, 7.903152942657471, 8.80550479888916]",8,8,0,8,False,"[6206487, 6256487, 6306487, 6356487, 6406487, 6456487, 6506487, 6556487]",0,1.0,299.018099962268,1214.0868999995291,23.130299989134073,1536.2352999509312,0.10879995534196496,55.40180002572015,64.9834000505507,163.33309997571632,14.896299981046468,8,12,12,0,0,16515072,17420036
FCWD1:0009,FCWD1,H8_warp,6.873943328857422,"[6.873943328857422, 6.578100681304932, 8.16104507446289]",8,8,7,1,False,"[6206138, 6256190, 6306234, 6356286, 6406338, 6456382, 6506434, 6556487]",349,0.9000657462195923,71.96630001999438,251.98260002071038,23.108900000806898,347.05780004151165,10.933500016108155,25.1694000326097,9.130699967499822,14.310400001704693,1.8297999631613493,1,3,1,2,2,16515072,2935152
FCWD1:0009,FCWD1,H8_warp_student,8.0579252243042,"[7.916309356689453, 8.0579252243042, 9.37948226928711]",8,8,7,1,False,"[6206138, 6256190, 6306234, 6356286, 6406338, 6456382, 6506434, 6556487]",349,0.9000657462195923,68.986100028269,123.20599996019155,21.5458000311628,213.73790001962334,14.0055000083521,24.27470003021881,9.752799989655614,15.21159999538213,4.010300035588443,1,3,1,2,2,16515072,2935152
FCWD1:0010,FCWD1,H8_reference,7.165452003479004,"[6.844291687011719, 7.165452003479004, 8.151350975036621]",8,8,0,8,False,"[6256530, 6306530, 6356530, 6406530, 6456530, 6506530, 6556530, 6606530]",0,1.0,383.6796999676153,1370.42609998025,27.910900011193007,1782.0166999590583,0.15079998411238194,271.80119999684393,30.36250005243346,74.03180003166199,7.039999996777624,8,12,12,0,0,16515072,16911311
FCWD1:0010,FCWD1,H8_warp,6.446793079376221,"[6.429136753082275, 6.446793079376221, 7.913146495819092]",8,8,7,1,False,"[6256190, 6306234, 6356286, 6406338, 6456382, 6506434, 6556487, 6606530]",340,0.8823740362201901,58.41930001042783,239.00729999877512,21.19879995007068,318.62539995927364,10.96690003760159,23.939399980008602,6.491899956017733,13.695599976927042,1.6836000140756369,1,3,1,2,2,16515072,2498830
FCWD1:0010,FCWD1,H8_warp_student,8.547606468200684,"[8.51216983795166, 8.547606468200684, 9.815710067749023]",8,8,7,1,False,"[6256190, 6306234, 6356286, 6406338, 6456382, 6506434, 6556487, 6606530]",340,0.8823740362201901,62.93010001536459,97.58970001712441,16.688400006387383,177.20820003887638,14.36570001533255,23.450500040780753,6.518899986986071,13.328999979421496,3.3608999801799655,1,3,1,2,2,16515072,2498830
FCWD1:0011,FCWD1,H8_reference,6.7209296226501465,"[6.094857215881348, 6.7209296226501465, 7.154572010040283]",8,8,0,8,False,"[6306582, 6356582, 6406582, 6456582, 6506582, 6556582, 6606582, 6656582]",0,1.0,291.8597999960184,1843.2971999864094,40.244199975859374,2175.401199958287,0.10530004510655999,45.83610000554472,53.483900032006204,178.94209997029975,13.181700021959841,8,12,12,0,0,16515072,16486719
FCWD1:0011,FCWD1,H8_warp,6.215285778045654,"[5.976268768310547, 6.215285778045654, 7.4274420738220215]",8,8,7,1,False,"[6306234, 6356286, 6406338, 6456382, 6506434, 6556487, 6606530, 6656582]",348,0.8982368122723655,75.90809999965131,436.9468999793753,51.222699985373765,564.0776999644004,14.274000015575439,32.22620004089549,8.117199991829693,16.411399992648512,1.5299000078812242,1,3,1,2,2,16515072,2275093
FCWD1:0011,FCWD1,H8_warp_student,9.29969310760498,"[8.822022438049316, 9.29969310760498, 9.995284080505371]",8,8,7,1,False,"[6306234, 6356286, 6406338, 6456382, 6506434, 6556487, 6606530, 6656582]",348,0.8982368122723655,49.79720001574606,85.23899997817352,18.22840003296733,153.2646000268869,12.126600020565093,18.685400020331144,4.568200034555048,10.347400035243481,2.5377999991178513,1,3,1,2,2,16515072,2275093
FCWD1:0012,FCWD1,H8_reference,6.672967433929443,"[5.989718914031982, 6.672967433929443, 6.8586015701293945]",8,8,0,8,False,"[6356634, 6406634, 6456634, 6506634, 6556634, 6606634, 6656634, 6706634]",0,1.0,211.67370001785457,1469.7648999863304,21.06260001892224,1702.5012000231072,0.050799979362636805,20.15439997194335,24.894399975892156,148.49150000372902,17.84299995051697,8,12,12,0,0,16515072,16681216
FCWD1:0012,FCWD1,H8_warp,6.133497714996338,"[5.797621250152588, 6.133497714996338, 7.056748867034912]",8,8,7,1,False,"[6356286, 6406338, 6456382, 6506434, 6556487, 6606530, 6656582, 6706634]",348,0.9005847953216374,137.12059997487813,119.69800002407283,10.11189998826012,266.9304999872111,17.975500028114766,15.916200005449355,2.0318999886512756,5.392800027038902,1.0373000404797494,1,3,1,2,2,16515072,2311439
FCWD1:0012,FCWD1,H8_warp_student,9.705476760864258,"[8.702187538146973, 9.705476760864258, 9.883489608764648]",8,8,7,1,False,"[6356286, 6406338, 6456382, 6506434, 6556487, 6606530, 6656582, 6706634]",348,0.9005847953216374,29.314000043086708,53.56019997270778,13.251900032628328,96.12610004842281,6.683100014925003,9.592899994459003,2.051300019957125,9.379299997817725,0.800300040282309,1,3,1,2,2,16515072,2311439
FCWD1:0013,FCWD1,H8_reference,8.012441635131836,"[6.9886393547058105, 8.012441635131836, 8.53410530090332]",8,8,0,8,False,"[6406678, 6456678, 6506678, 6556678, 6606678, 6656678, 6706678, 6756678]",0,1.0,175.40249996818602,1130.6675000232644,11.299200006760657,1317.3691999982111,0.12590002734214067,70.98070002393797,26.21280000312254,72.16370000969619,5.669799982570112,8,12,12,0,0,16515072,17114835
FCWD1:0013,FCWD1,H8_warp,8.169370651245117,"[7.228384494781494, 8.169370651245117, 8.790812492370605]",8,8,7,1,False,"[6406338, 6456382, 6506434, 6556487, 6606530, 6656582, 6706634, 6756678]",340,0.9163963432615747,65.1806999812834,138.79329996416345,9.377900045365095,213.35189999081194,13.17140000173822,24.82279995456338,3.9588999934494495,11.211100034415722,1.5158999594859779,1,3,1,2,2,16515072,2473959
FCWD1:0013,FCWD1,H8_warp_student,9.605355262756348,"[8.674749374389648, 9.701122283935547, 9.605355262756348]",8,8,7,1,False,"[6406338, 6456382, 6506434, 6556487, 6606530, 6656582, 6706634, 6756678]",340,0.9163963432615747,24.225100001785904,46.19850002927706,9.300299978349358,79.72390000941232,5.428200005553663,10.658300016075373,1.7915999633260071,5.198099999688566,0.42719999328255653,1,3,1,2,2,16515072,2473959
FCWD1:0014,FCWD1,H8_reference,10.290155410766602,"[8.570476531982422, 10.389607429504395, 10.290155410766602]",8,8,0,8,False,"[6456730, 6506730, 6556730, 6606730, 6656730, 6706730, 6756730, 6806730]",0,1.0,174.88040000898764,1354.795599996578,16.973799967672676,1546.6497999732383,0.04350004019215703,21.586700051557273,20.968400000128895,125.13979995856062,6.91609998466447,8,12,12,0,0,16515072,17473076
FCWD1:0014,FCWD1,H8_warp,9.270674705505371,"[8.293587684631348, 9.270674705505371, 10.12352466583252]",8,8,7,1,False,"[6456382, 6506434, 6556487, 6606530, 6656582, 6706634, 6756678, 6806730]",348,0.9224923889431734,43.66940003819764,116.32229998940602,9.465800016187131,169.4575000437908,10.376299964264035,16.27860002918169,2.99429998267442,6.817699992097914,0.5739000043831766,1,3,1,2,2,16515072,2558840
FCWD1:0014,FCWD1,H8_warp_student,11.255437850952148,"[9.646965026855469, 11.606107711791992, 11.255437850952148]",8,8,7,1,False,"[6456382, 6506434, 6556487, 6606530, 6656582, 6706634, 6756678, 6806730]",348,0.9224923889431734,24.11779999965802,41.81520000565797,8.723999955691397,74.65699996100739,6.000399996992201,10.198100004345179,1.6142999520525336,5.243799998424947,0.360800011549145,1,3,1,2,2,16515072,2558840
FCWD1:0015,FCWD1,H8_reference,9.18925666809082,"[7.980949878692627, 9.21633243560791, 9.18925666809082]",8,8,0,8,False,"[6506783, 6556783, 6606783, 6656783, 6706783, 6756783, 6806783, 6856783]",0,1.0,359.9207000224851,1298.9956000237726,9.793000004719943,1668.7093000509776,0.05420000525191426,26.48220001719892,171.77840002113953,153.70970004005358,7.602500030770898,8,12,12,0,0,16515072,17544204
FCWD1:0015,FCWD1,H8_warp,8.150396347045898,"[7.406108856201172, 8.150396347045898, 8.8107328414917]",8,8,7,1,False,"[6506434, 6556487, 6606530, 6656582, 6706634, 6756678, 6806730, 6856783]",349,0.9233847913093196,31.074500002432615,106.80910001974553,9.614399983547628,147.49800000572577,5.58120000641793,11.979500006418675,2.131399989593774,5.4422999965026975,0.5719999899156392,1,3,1,2,2,16515072,2678197
FCWD1:0015,FCWD1,H8_warp_student,10.94785213470459,"[9.292936325073242, 11.061845779418945, 10.94785213470459]",8,8,7,1,False,"[6506434, 6556487, 6606530, 6656582, 6706634, 6756678, 6806730, 6856783]",349,0.9233847913093196,36.99240001151338,96.27239999826998,28.83510000538081,162.09990001516417,6.934499950148165,15.258100000210106,5.238099955022335,6.745400023646653,1.7863999819383025,1,3,1,2,2,16515072,2678197
FCWD1:0016,FCWD1,H8_reference,7.422835826873779,"[6.175086975097656, 7.422835826873779, 8.20358657836914]",8,8,0,8,False,"[6556826, 6606826, 6656826, 6706826, 6756826, 6806826, 6856826, 6906826]",0,1.0,276.5555999940261,1412.9597000428475,23.142299964092672,1712.6576000009663,0.10079995263367891,52.38920002011582,42.39469999447465,163.65560004487634,17.69340003374964,8,12,12,0,0,16515072,17509388
FCWD1:0016,FCWD1,H8_warp,8.648185729980469,"[7.414979457855225, 8.648185729980469, 9.58630657196045]",8,8,7,1,False,"[6556487, 6606530, 6656582, 6706634, 6756678, 6806730, 6856783, 6906826]",339,0.9449667290250775,55.60359999071807,252.25080002564937,21.916300000157207,329.77070001652464,11.981400020886213,23.12949998304248,5.749200005084276,12.050400022417307,1.062900002580136,1,3,1,2,2,16515072,2867764
FCWD1:0016,FCWD1,H8_warp_student,10.48335075378418,"[8.85444450378418, 10.555505752563477, 10.48335075378418]",8,8,7,1,False,"[6556487, 6606530, 6656582, 6706634, 6756678, 6806730, 6856783, 6906826]",339,0.9449667290250775,57.521199982147664,110.75849999906495,19.932900031562895,188.2126000127755,12.78329995693639,22.551800007931888,5.499799968674779,11.824399989563972,3.2740000169724226,1,3,1,2,2,16515072,2867764
FCWD1:0017,FCWD1,H8_reference,9.398694038391113,"[8.648696899414062, 9.398694038391113, 10.368800163269043]",8,8,0,8,False,"[6606878, 6656878, 6706878, 6756878, 6806878, 6856878, 6906878, 6956878]",0,1.0,272.2485999693163,1414.136499981396,21.334700053557754,1707.71980000427,0.11840002844110131,60.01280003692955,47.56109998561442,148.33580004051328,15.505600022152066,8,12,12,0,0,16515072,18004428
FCWD1:0017,FCWD1,H8_warp,9.353976249694824,"[8.362667083740234, 9.353976249694824, 9.835847854614258]",8,8,7,1,False,"[6606530, 6656582, 6706634, 6756678, 6806730, 6856783, 6906826, 6956878]",348,0.9497989083596667,71.87929999781772,284.0464999899268,20.61380003578961,376.53960002353415,13.07370001450181,29.26899999147281,6.867500022053719,12.891099962871522,1.1380999931134284,1,3,1,2,2,16515072,3123835
FCWD1:0017,FCWD1,H8_warp_student,10.14639949798584,"[8.940434455871582, 10.14639949798584, 10.286003112792969]",8,8,7,1,False,"[6606530, 6656582, 6706634, 6756678, 6806730, 6856783, 6906826, 6956878]",348,0.9497989083596667,68.45910003175959,115.47520000021905,20.435400016140193,204.36970004811883,13.571799965575337,28.99639995303005,6.9484999985434115,13.385900005232543,3.423099988140166,1,3,1,2,2,16515072,3123835
FCWD1:0018,FCWD1,H8_reference,9.620755195617676,"[9.185030937194824, 9.620755195617676, 10.687349319458008]",8,8,0,8,False,"[6656931, 6706931, 6756931, 6806931, 6856931, 6906931, 6956931, 7006931]",0,1.0,269.0059000160545,1492.8269000374712,22.64749997993931,1784.480300033465,0.1479999627918005,53.53189999004826,52.17650003032759,144.38269997481257,18.05469999089837,8,12,12,0,0,16515072,18329944
FCWD1:0018,FCWD1,H8_warp,10.109223365783691,"[9.22257137298584, 10.109223365783691, 10.388223648071289]",8,8,7,1,False,"[6656582, 6706634, 6756678, 6806730, 6856783, 6906826, 6956878, 7006931]",349,0.9339029729538875,71.56359998043627,254.1382000199519,20.423199981451035,346.1249999818392,20.530899986624718,23.863400041591376,7.2416000184603035,14.542700024321675,3.6730000283569098,1,3,1,2,2,16515072,3093099
FCWD1:0018,FCWD1,H8_warp_student,10.780632019042969,"[9.520330429077148, 10.780632019042969, 11.286837577819824]",8,8,7,1,False,"[6656582, 6706634, 6756678, 6806730, 6856783, 6906826, 6956878, 7006931]",349,0.9339029729538875,76.29779999842867,145.36599995335564,23.82600004784763,245.48979999963194,17.12309999857098,32.44889999041334,8.297600026708096,12.977099977433681,3.6755999899469316,1,3,1,2,2,16515072,3093099
FCWD1:0019,FCWD1,H8_reference,9.515549659729004,"[8.561014175415039, 9.515549659729004, 9.712788581848145]",8,8,0,8,False,"[6706974, 6756974, 6806974, 6856974, 6906974, 6956974, 7006974, 7056974]",0,1.0,242.2736999578774,1432.554600003641,21.535600011702627,1696.3638999732211,0.06920000305399299,62.38839996512979,116.94430001080036,55.52280001575127,7.010400004219264,8,12,12,0,0,16515072,17926976
FCWD1:0019,FCWD1,H8_warp,9.095057487487793,"[8.139328002929688, 9.095057487487793, 9.283910751342773]",8,8,7,1,False,"[6706634, 6756678, 6806730, 6856783, 6906826, 6956878, 7006931, 7056974]",340,0.9339029729538875,57.498999987728894,242.79330001445487,21.36640000389889,321.65870000608265,11.368099949322641,24.436899984721094,5.805400025565177,13.029800029471517,1.1671000393107533,1,3,1,2,2,16515072,2697798
FCWD1:0019,FCWD1,H8_warp_student,9.553471565246582,"[8.512199401855469, 9.553471565246582, 9.834360122680664]",8,8,7,1,False,"[6706634, 6756678, 6806730, 6856783, 6906826, 6956878, 7006931, 7056974]",340,0.9339029729538875,59.9874000181444,65.78990002162755,14.144099957775325,139.92139999754727,14.011999999638647,22.217400022782385,5.826300010085106,11.873000010382384,4.030200012493879,1,3,1,2,2,16515072,2697798
FCWD1:0020,FCWD1,H8_reference,8.179569244384766,"[7.4449591636657715, 8.179569244384766, 8.353538513183594]",8,8,0,8,False,"[6757026, 6807026, 6857026, 6907026, 6957026, 7007026, 7057026, 7107026]",0,1.0,137.5205999938771,1081.8767999880947,20.48150001792237,1239.8788999998942,0.05390000296756625,31.952800054568797,22.125800023786724,74.70029999967664,8.311300014611334,8,12,12,0,0,16515072,18033311
FCWD1:0020,FCWD1,H8_warp,8.583706855773926,"[7.470549583435059, 8.622655868530273, 8.583706855773926]",8,8,7,1,False,"[6756678, 6806730, 6856783, 6906826, 6956878, 7006931, 7056974, 7107026]",348,0.9184027777777778,92.17199997510761,265.05300001008436,21.98850002605468,379.21350001124665,28.084599995054305,30.75530001660809,10.739199991803616,15.923800005111843,4.394699994008988,1,3,1,2,2,16515072,3101327
FCWD1:0020,FCWD1,H8_warp_student,9.656740188598633,"[8.615381240844727, 9.656740188598633, 10.095794677734375]",8,8,7,1,False,"[6756678, 6806730, 6856783, 6906826, 6956878, 7006931, 7056974, 7107026]",348,0.9184027777777778,63.58600000385195,61.520100047346205,11.200399952940643,136.3065000041388,15.054500021506101,26.465100003406405,7.9351000022143126,10.332099976949394,1.846299972385168,1,3,1,2,2,16515072,3101327
FCWD1:0021,FCWD1,H8_reference,6.464009761810303,"[5.8112101554870605, 7.048114776611328, 6.464009761810303]",8,8,0,8,False,"[6807078, 6857078, 6907078, 6957078, 7007078, 7057078, 7107078, 7157078]",0,1.0,209.33859999058768,1369.5194000029005,23.591900011524558,1602.4499000050128,0.0654000323265791,36.42389999004081,24.47180001763627,139.71650000894442,7.928400009404868,8,12,12,0,0,16515072,18843803
FCWD1:0021,FCWD1,H8_warp,7.053287506103516,"[6.473557949066162, 7.680143356323242, 7.053287506103516]",8,8,7,1,False,"[6806730, 6856783, 6906826, 6956878, 7006931, 7056974, 7107026, 7157078]",348,0.9344444444444444,87.58350001880899,211.0044999863021,10.05709997843951,308.6450999835506,11.911199952010065,38.756699999794364,18.363600014708936,15.673700021579862,1.0723999585025012,1,3,1,2,2,16515072,4286601
FCWD1:0021,FCWD1,H8_warp_student,8.100412368774414,"[7.131321907043457, 8.127758026123047, 8.100412368774414]",8,8,7,1,False,"[6806730, 6856783, 6906826, 6956878, 7006931, 7056974, 7107026, 7157078]",348,0.9344444444444444,39.42530002677813,41.562600003089756,8.830999955534935,89.81889998540282,5.375600012484938,17.81759998993948,7.846599968615919,6.990600028075278,0.42830000165849924,1,3,1,2,2,16515072,4286601
FCWD1:0022,FCWD1,H8_reference,8.471086502075195,"[8.235411643981934, 8.636457443237305, 8.471086502075195]",8,8,0,8,False,"[6857122, 6907122, 6957122, 7007122, 7057122, 7107122, 7157122, 7207122]",0,1.0,229.73179997643456,1052.6228999951854,24.06900003552437,1306.4237000071444,0.04339998122304678,29.231499996967614,24.308199994266033,171.5525999898091,4.005499999038875,8,12,12,0,0,16515072,19160037
FCWD1:0022,FCWD1,H8_warp,8.520532608032227,"[8.11474323272705, 8.816268920898438, 8.520532608032227]",8,8,7,1,False,"[6856783, 6906826, 6956878, 7006931, 7056974, 7107026, 7157078, 7207122]",339,0.9190629055392391,82.16890000039712,171.09519999939948,11.006999993696809,264.2710999934934,13.022200029809028,24.081700015813112,19.443999975919724,22.346299956552684,1.6039999900385737,1,3,1,2,2,16515072,4052392
FCWD1:0022,FCWD1,H8_warp_student,9.476545333862305,"[8.155391693115234, 9.476545333862305, 10.024447441101074]",8,8,7,1,False,"[6856783, 6906826, 6956878, 7006931, 7056974, 7107026, 7157078, 7207122]",339,0.9190629055392391,30.83199996035546,44.40499999327585,11.787200055550784,87.0242000091821,5.00040000770241,10.878400004003197,6.349100032821298,7.1412999532185495,0.34770002821460366,1,3,1,2,2,16515072,4052392
FCWD1:0023,FCWD1,H8_reference,8.140473365783691,"[7.667827606201172, 8.140473365783691, 8.156740188598633]",8,8,0,8,False,"[6907174, 6957174, 7007174, 7057174, 7107174, 7157174, 7207174, 7257174]",0,1.0,239.859500026796,1372.4581999704242,24.90010001929477,1637.217800016515,0.06120000034570694,37.00429998571053,47.370699991006404,151.37289999984205,3.6958999698981643,8,12,12,0,0,16515072,20312297
FCWD1:0023,FCWD1,H8_warp,8.201092720031738,"[7.492640972137451, 8.201092720031738, 8.260177612304688]",8,8,7,1,False,"[6906826, 6956878, 7006931, 7056974, 7107026, 7157078, 7207122, 7257174]",348,0.9197124428916957,83.01689999643713,240.65920000430197,20.406600029673427,344.0827000304125,11.931499990168959,38.4788999799639,12.904400005936623,16.79859997238964,1.1409000144340098,1,3,1,2,2,16515072,3955798
FCWD1:0023,FCWD1,H8_warp_student,8.757238388061523,"[8.010600090026855, 8.757238388061523, 9.073110580444336]",8,8,7,1,False,"[6906826, 6956878, 7006931, 7056974, 7107026, 7157078, 7207122, 7257174]",348,0.9197124428916957,80.979100021068,67.98599998001009,13.367399980779737,162.33249998185784,15.15669998480007,34.12859997479245,13.267200032714754,13.197900028899312,3.39890003670007,1,3,1,2,2,16515072,3955798
FCWD1:0024,FCWD1,H8_reference,8.9547758102417,"[7.342618942260742, 9.218585014343262, 8.9547758102417]",8,8,0,8,False,"[6957227, 7007227, 7057227, 7107227, 7157227, 7207227, 7257227, 7307227]",0,1.0,150.56889998959377,1171.0648000007495,22.92040002066642,1344.5541000110097,0.06839999696239829,41.91189998527989,31.800099997781217,69.17909998446703,7.185299997217953,8,12,12,0,0,16515072,22846470
FCWD1:0024,FCWD1,H8_warp,8.816557884216309,"[6.860217571258545, 8.816557884216309, 8.917230606079102]",8,8,7,1,False,"[6956878, 7006931, 7056974, 7107026, 7157078, 7207122, 7257174, 7307227]",349,0.9055671175858481,108.03299996769056,264.2924000392668,24.184699985198677,396.51009999215603,12.589499994646758,48.96899999585003,25.203199998941272,18.443799985107034,1.1335000162944198,1,3,1,2,2,16515072,5949031
FCWD1:0024,FCWD1,H8_warp_student,10.977927207946777,"[8.415234565734863, 10.977927207946777, 11.557313919067383]",8,8,7,1,False,"[6956878, 7006931, 7056974, 7107026, 7157078, 7207122, 7257174, 7307227]",349,0.9055671175858481,116.31050001597032,118.02950000856072,26.352899963967502,260.69289998849854,13.569000002462417,50.27259996859357,26.19909995701164,19.9441000004299,4.470200045034289,1,3,1,2,2,16515072,5949031
FCWD1:0025,FCWD1,H8_reference,7.426614284515381,"[6.608496189117432, 7.609283447265625, 7.426614284515381]",8,8,0,8,False,"[7007270, 7057270, 7107270, 7157270, 7207270, 7257270, 7307270, 7357270]",0,1.0,361.61960003664717,1316.3684000028297,9.39759996253997,1687.3856000020169,0.11769996490329504,100.60259996680543,85.55540000088513,160.79579998040572,13.704000040888786,8,12,12,0,0,16515072,25278456
FCWD1:0025,FCWD1,H8_warp,6.515727519989014,"[5.7342963218688965, 6.634929656982422, 6.515727519989014]",8,8,7,1,False,"[7006931, 7056974, 7107026, 7157078, 7207122, 7257174, 7307227, 7357270]",339,0.8509704945616249,52.74270003428683,249.8185999575071,21.69500000309199,324.2562999948859,4.676099983043969,24.063499993644655,13.67980003124103,8.976699959021062,0.6061000167392194,1,3,1,2,2,16515072,7272532
FCWD1:0025,FCWD1,H8_warp_student,7.15744686126709,"[6.68648624420166, 7.797812461853027, 7.15744686126709]",8,8,7,1,False,"[7006931, 7056974, 7107026, 7157078, 7207122, 7257174, 7307227, 7357270]",339,0.8509704945616249,124.68820001231506,111.20200000004843,20.385999989230186,256.2762000015937,15.97480004420504,51.265699963551015,32.11390000069514,19.67429998330772,3.9317000191658735,1,3,1,2,2,16515072,7272532
FCWD1:0026,FCWD1,H8_reference,7.169323921203613,"[6.927672863006592, 7.196787357330322, 7.169323921203613]",8,8,0,8,False,"[7057322, 7107322, 7157322, 7207322, 7257322, 7307322, 7357322, 7407322]",0,1.0,240.93440000433475,1288.9349999604747,12.428100046236068,1542.2975000110455,0.10339997243136168,88.01369997672737,70.90109999990091,73.41660000383854,7.7014000271447,8,12,12,0,0,16515072,26780117
FCWD1:0026,FCWD1,H8_warp,7.132408142089844,"[6.7208428382873535, 7.234952926635742, 7.132408142089844]",8,8,7,1,False,"[7056974, 7107026, 7157078, 7207122, 7257174, 7307227, 7357270, 7407322]",348,0.8779837559675119,60.631000029388815,108.42130001401529,11.745299969334155,180.79760001273826,11.617100040894002,25.051300006452948,12.029399978928268,8.766899991314858,1.8453000229783356,1,3,1,2,2,16515072,6403509
FCWD1:0026,FCWD1,H8_warp_student,7.026721954345703,"[7.026721954345703, 7.206235885620117, 6.996989727020264]",8,8,7,1,False,"[7056974, 7107026, 7157078, 7207122, 7257174, 7307227, 7357270, 7407322]",348,0.8779837559675119,112.875199993141,100.3214999800548,22.312300046905875,235.50900002010167,14.892500010319054,48.099500010721385,25.78119997633621,18.81199999479577,2.0949000027030706,1,3,1,2,2,16515072,6403509
FCWD1:0027,FCWD1,H8_reference,7.822098255157471,"[7.822098255157471, 8.497058868408203, 7.611907005310059]",8,8,0,8,False,"[7107375, 7157375, 7207375, 7257375, 7307375, 7357375, 7407375, 7457375]",0,1.0,374.0656999871135,1373.621600039769,23.906799964606762,1771.5940999914892,0.1045000390149653,67.98520003212616,114.99709996860474,174.37359999166802,14.44280002033338,8,12,12,0,0,16515072,27321788
FCWD1:0027,FCWD1,H8_warp,7.647082805633545,"[7.587602138519287, 8.356230735778809, 7.647082805633545]",8,8,7,1,False,"[7107026, 7157078, 7207122, 7257174, 7307227, 7357270, 7407322, 7457375]",349,0.8653326122228231,105.61929998220876,298.0101000284776,21.359500009566545,424.9889000202529,29.63049995014444,31.539599993266165,18.1690999888815,21.353299962356687,2.99429998267442,1,3,1,2,2,16515072,4606269
FCWD1:0027,FCWD1,H8_warp_student,8.813494682312012,"[8.813494682312012, 9.205412864685059, 8.701525688171387]",8,8,7,1,False,"[7107026, 7157078, 7207122, 7257174, 7307227, 7357270, 7407322, 7457375]",349,0.8653326122228231,75.50040003843606,107.17759997351095,20.23419999750331,202.91220000945032,14.437199977692217,26.424999989103526,14.88709996920079,14.985799964051694,2.5104000233113766,1,3,1,2,2,16515072,4606269
FCWD1:0028,FCWD1,H8_reference,7.197625637054443,"[7.197625637054443, 7.15640926361084, 7.95219087600708]",8,8,0,8,False,"[7157418, 7207418, 7257418, 7307418, 7357418, 7407418, 7457418, 7507418]",0,1.0,354.0956000215374,1507.1320999995805,15.148399979807436,1876.3761000009254,0.14109996845945716,69.686200004071,110.15419999603182,160.18200002145022,12.751300004310906,8,12,12,0,0,16515072,27674793
FCWD1:0028,FCWD1,H8_warp,7.059520244598389,"[6.98610258102417, 7.059520244598389, 7.738489627838135]",8,8,7,1,False,"[7157078, 7207122, 7257174, 7307227, 7357270, 7407322, 7457375, 7507418]",340,0.8928017856035712,46.20109999086708,240.6302000163123,20.08159999968484,306.9129000068642,5.178500025067478,21.57679997617379,6.8866999936290085,10.659100022166967,0.5782000371254981,1,3,1,2,2,16515072,3570799
FCWD1:0028,FCWD1,H8_warp_student,7.709341049194336,"[7.661775588989258, 7.709341049194336, 7.979581832885742]",8,8,7,1,False,"[7157078, 7207122, 7257174, 7307227, 7357270, 7407322, 7457375, 7507418]",340,0.8928017856035712,65.11599995428696,99.66559999156743,19.762200012337416,184.5437999581918,16.405200003646314,25.864799972623587,5.364000040572137,12.12710002437234,3.690199984703213,1,3,1,2,2,16515072,3570799
FCWD1:0029,FCWD1,H8_reference,10.260964393615723,"[9.56836223602295, 10.260964393615723, 10.289140701293945]",8,8,0,8,False,"[7207470, 7257470, 7307470, 7357470, 7407470, 7457470, 7507470, 7557470]",0,1.0,211.33860002737492,1433.1460000248626,20.540500001516193,1665.0251000537537,0.06739998934790492,49.358799995388836,66.48420001147315,88.85830000508577,5.901099997572601,8,12,12,0,0,16515072,27991979
FCWD1:0029,FCWD1,H8_warp,10.060635566711426,"[9.139918327331543, 10.060635566711426, 10.318547248840332]",8,8,7,1,False,"[7207122, 7257174, 7307227, 7357270, 7407322, 7457375, 7507418, 7557470]",348,0.8798149149690523,61.494499968830496,218.36850000545382,17.9529000306502,297.8159000049345,12.52689998364076,26.546699984464794,7.222299987915903,11.840599996503443,0.7492000004276633,1,3,1,2,2,16515072,3533127
FCWD1:0029,FCWD1,H8_warp_student,9.952720642089844,"[9.594025611877441, 9.952720642089844, 9.976591110229492]",8,8,7,1,False,"[7207122, 7257174, 7307227, 7357270, 7407322, 7457375, 7507418, 7557470]",348,0.8798149149690523,54.500099970027804,54.7377000330016,9.257899946533144,118.49569994956255,7.445499999448657,25.047600036486983,6.820600014179945,10.715099982917309,2.941700047813356,1,3,1,2,2,16515072,3533127
FCWD1:0030,FCWD1,H8_reference,7.866242408752441,"[7.420674800872803, 7.866242408752441, 8.400589942932129]",8,8,0,8,False,"[7257522, 7307522, 7357522, 7407522, 7457522, 7507522, 7557522, 7607522]",0,1.0,261.1294999951497,1349.8404000420123,27.596699947025627,1638.5665999841876,0.049200025387108326,29.973700002301484,59.116900025401264,164.18660001363605,6.6769999684765935,8,12,12,0,0,16515072,28058279
FCWD1:0030,FCWD1,H8_warp,7.715671062469482,"[7.3010969161987305, 7.715671062469482, 8.242793083190918]",8,8,7,1,False,"[7257174, 7307227, 7357270, 7407322, 7457375, 7507418, 7557470, 7607522]",348,0.9228098456196913,66.22500001685694,241.18249997263774,22.616300033405423,330.0238000229001,10.699799982830882,33.387299976311624,7.650200044736266,11.709799990057945,1.0497000184841454,1,3,1,2,2,16515072,3509531
FCWD1:0030,FCWD1,H8_warp_student,7.811468601226807,"[7.675866603851318, 7.811468601226807, 8.062260627746582]",8,8,7,1,False,"[7257174, 7307227, 7357270, 7407322, 7457375, 7507418, 7557470, 7607522]",348,0.9228098456196913,66.16699998266995,108.45030000200495,23.2135999831371,197.830899967812,12.998600024729967,28.062299999874085,7.954200031235814,12.530600011814386,2.9401000356301665,1,3,1,2,2,16515072,3509531
FCWD1:0031,FCWD1,H8_reference,9.840596199035645,"[8.228262901306152, 9.840596199035645, 9.86990737915039]",8,8,0,8,False,"[7307566, 7357566, 7407566, 7457566, 7507566, 7557566, 7607566, 7657566]",0,1.0,355.3189000231214,1481.6000999999233,26.530399976763874,1863.4493999998085,0.1173000200651586,56.916499976068735,109.86729996511713,174.96769997524098,12.006399978417903,8,12,12,0,0,16515072,28207250
FCWD1:0031,FCWD1,H8_warp,9.359681129455566,"[8.203657150268555, 9.359681129455566, 9.654728889465332]",8,8,7,1,False,"[7307227, 7357270, 7407322, 7457375, 7507418, 7557470, 7607522, 7657566]",339,0.9244900393653823,54.771199997048825,234.7161999787204,21.77390002179891,311.26129999756813,11.201200017239898,22.946699988096952,6.343100045341998,11.461400019470602,1.0280999704264104,1,3,1,2,2,16515072,3308387
FCWD1:0031,FCWD1,H8_warp_student,9.492668151855469,"[9.084263801574707, 9.492668151855469, 9.899992942810059]",8,8,7,1,False,"[7307227, 7357270, 7407322, 7457375, 7507418, 7557470, 7607522, 7657566]",339,0.9244900393653823,55.19850004930049,115.21319998428226,20.801300008315593,191.21300004189834,12.35639996593818,22.434799990151078,5.997400032356381,10.83039998775348,2.022800035774708,1,3,1,2,2,16515072,3308387
FCWD1:0032,FCWD1,H8_reference,9.37301254272461,"[7.951330661773682, 9.37301254272461, 10.426358222961426]",8,8,0,8,False,"[7357618, 7407618, 7457618, 7507618, 7557618, 7607618, 7657618, 7707618]",0,1.0,348.740000044927,1099.4309000088833,21.44309994764626,1469.6140000014566,0.10679999832063913,64.27249999251217,106.56039998866618,162.74219995830208,13.847999973222613,8,12,12,0,0,16515072,28627371
FCWD1:0032,FCWD1,H8_warp,9.635658264160156,"[8.111069679260254, 9.635658264160156, 10.192790985107422]",8,8,7,1,False,"[7357270, 7407322, 7457375, 7507418, 7557470, 7607522, 7657566, 7707618]",348,0.8980535520205514,65.50640001660213,158.8560999953188,9.525700006633997,233.88820001855493,11.677800037432462,33.43559999484569,5.187300033867359,12.296300032176077,1.2103000190109015,1,3,1,2,2,16515072,3267213
FCWD1:0032,FCWD1,H8_warp_student,10.341773986816406,"[9.081018447875977, 10.341773986816406, 11.291216850280762]",8,8,7,1,False,"[7357270, 7407322, 7457375, 7507418, 7557470, 7607522, 7657566, 7707618]",348,0.8980535520205514,24.85079999314621,43.293200025800616,9.164399991277605,77.30840001022443,4.691999987699091,12.107999995350838,2.2616999922320247,4.676499986089766,0.3687000134959817,1,3,1,2,2,16515072,3267213
FCWD1:0033,FCWD1,H8_reference,10.496320724487305,"[6.664766311645508, 11.182463645935059, 10.496320724487305]",8,8,0,8,False,"[7407671, 7457671, 7507671, 7557671, 7607671, 7657671, 7707671, 7757671]",0,1.0,299.8076999792829,1165.908400027547,24.200199986808002,1489.916299993638,0.046600005589425564,38.70989999268204,89.11719999741763,164.87599996617064,6.405499996617436,8,12,12,0,0,16515072,28448089
FCWD1:0033,FCWD1,H8_warp,7.304404258728027,"[5.963520050048828, 7.304404258728027, 8.074142456054688]",8,8,7,1,False,"[7407322, 7457375, 7507418, 7557470, 7607522, 7657566, 7707618, 7757671]",349,0.8980535520205514,63.00989998271689,278.5719999810681,23.177800001576543,364.7596999653615,13.505799986887723,28.95799995167181,6.090299983043224,11.007099994458258,1.4224000042304397,1,3,1,2,2,16515072,3361053
FCWD1:0033,FCWD1,H8_warp_student,7.889736175537109,"[6.730990409851074, 7.889736175537109, 8.86982250213623]",8,8,7,1,False,"[7407322, 7457375, 7507418, 7557470, 7607522, 7657566, 7707618, 7757671]",349,0.8980535520205514,59.347900038119406,119.79139997856691,21.635300014168024,200.77460003085434,13.871000031940639,24.430599994957447,5.347000027541071,10.666500020306557,3.1623999821022153,1,3,1,2,2,16515072,3361053
FCWD1:0034,FCWD1,H8_reference,9.510957717895508,"[7.432081699371338, 10.4244384765625, 9.510957717895508]",8,8,0,8,False,"[7457723, 7507723, 7557723, 7607723, 7657723, 7707723, 7757723, 7807723]",0,1.0,350.3476000041701,1444.9130999855697,23.8464999711141,1819.107199960854,0.10950001887977123,81.44540002103895,88.65240000886843,163.22129999753088,14.942899986635894,8,12,12,0,0,16515072,27777558
FCWD1:0034,FCWD1,H8_warp,7.527413368225098,"[6.352281093597412, 7.527413368225098, 8.262458801269531]",8,8,7,1,False,"[7457375, 7507418, 7557470, 7607522, 7657566, 7707618, 7757671, 7807723]",348,0.8962153267512929,72.0729999593459,261.71799999428913,21.46550000179559,355.2564999554306,20.363799994811416,30.868800007738173,5.824499996379018,10.379899991676211,2.993399975821376,1,3,1,2,2,16515072,3437757
FCWD1:0034,FCWD1,H8_warp_student,10.242385864257812,"[8.307537078857422, 10.48930549621582, 10.242385864257812]",8,8,7,1,False,"[7457375, 7507418, 7557470, 7607522, 7657566, 7707618, 7757671, 7807723]",348,0.8962153267512929,62.45570001192391,101.5682999859564,20.225699990987778,184.2496999888681,14.225499995518476,28.10759999556467,5.417299980763346,10.177599964663386,2.676700009033084,1,3,1,2,2,16515072,3437757
FCWD1:0035,FCWD1,H8_reference,9.111385345458984,"[7.582143783569336, 9.240220069885254, 9.111385345458984]",8,8,0,8,False,"[7507766, 7557766, 7607766, 7657766, 7707766, 7757766, 7807766, 7857766]",0,1.0,350.7042999844998,1347.8021000046283,25.708300003316253,1724.2146999924444,0.09929999941959977,63.57110000681132,100.9852000279352,165.4460999998264,19.662899954710156,8,12,12,0,0,16515072,27802242
FCWD1:0035,FCWD1,H8_warp,8.573390007019043,"[7.145807266235352, 8.573390007019043, 8.914617538452148]",8,8,7,1,False,"[7507418, 7557470, 7607522, 7657566, 7707618, 7757671, 7807723, 7857766]",348,0.917728237791932,51.64419999346137,237.14109999127686,20.96330001950264,309.74860000424087,10.808899998664856,22.89070002734661,4.919500031974167,10.562600044067949,0.7927000406198204,1,3,1,2,2,16515072,3393761
FCWD1:0035,FCWD1,H8_warp_student,10.595908164978027,"[9.197532653808594, 11.047586441040039, 10.595908164978027]",8,8,7,1,False,"[7507418, 7557470, 7607522, 7657566, 7707618, 7757671, 7807723, 7857766]",348,0.917728237791932,60.05999998888001,132.7690000180155,21.997099975124,214.8260999820195,13.575199991464615,24.159599968697876,5.386800039559603,11.333799979183823,3.4339000121690333,1,3,1,2,2,16515072,3393761
FCWD1:0036,FCWD1,H8_reference,7.580135345458984,"[6.433212757110596, 7.580135345458984, 8.411977767944336]",8,8,0,8,False,"[7557819, 7607819, 7657819, 7707819, 7757819, 7807819, 7857819, 7907819]",0,1.0,340.9706999664195,1334.5559000154026,22.982999973464757,1698.5095999552868,0.15330000314861536,83.16079998621717,83.9465000317432,157.18849998665974,14.863800024613738,8,12,12,0,0,16515072,27164470
FCWD1:0036,FCWD1,H8_warp,7.928834915161133,"[6.482569217681885, 7.928834915161133, 8.460007667541504]",8,8,7,1,False,"[7557470, 7607522, 7657566, 7707618, 7757671, 7807723, 7857766, 7907819]",349,0.9110347955679389,64.45639999583364,263.34120001411065,20.577499992214143,348.37510000215843,11.18899998255074,31.06469998601824,6.825199990998954,12.839999981224537,0.8501000120304525,1,3,1,2,2,16515072,3359982
FCWD1:0036,FCWD1,H8_warp_student,10.970101356506348,"[9.00363540649414, 10.970101356506348, 11.024487495422363]",8,8,7,1,False,"[7557470, 7607522, 7657566, 7707618, 7757671, 7807723, 7857766, 7907819]",349,0.9110347955679389,67.62739998521283,106.35519999777898,20.409399992786348,194.39199997577816,14.419699960853904,29.211599961854517,6.573999999091029,12.010200007352978,3.515699994750321,1,3,1,2,2,16515072,3359982
FCWD1:0037,FCWD1,H8_reference,8.502257347106934,"[7.437093257904053, 8.502257347106934, 8.858315467834473]",8,8,0,8,False,"[7607871, 7657871, 7707871, 7757871, 7807871, 7857871, 7907871, 7957871]",0,1.0,289.2147999955341,1423.865900025703,21.033699973486364,1734.1143999947235,0.12320000678300858,63.58939997153357,69.35240002349019,142.8101000492461,12.422700005117804,8,12,12,0,0,16515072,25320599
FCWD1:0037,FCWD1,H8_warp,7.651881217956543,"[6.520301342010498, 7.651881217956543, 8.683262825012207]",8,8,7,1,False,"[7607522, 7657566, 7707618, 7757671, 7807723, 7857766, 7907819, 7957871]",349,0.9251340064770482,61.71049998374656,264.36870003817603,24.322799989022315,350.4020000109449,10.747699998319149,24.783800006844103,9.267100016586483,14.062300033401698,1.139500003773719,1,3,1,2,2,16515072,3501847
FCWD1:0037,FCWD1,H8_warp_student,9.250720977783203,"[7.823468208312988, 9.250720977783203, 9.4019136428833]",8,8,7,1,False,"[7607522, 7657566, 7707618, 7757671, 7807723, 7857766, 7907819, 7957871]",349,0.9251340064770482,100.8741999976337,138.8137000030838,25.10430000256747,264.79220000328496,21.04149997467175,43.327299994416535,15.203699993435293,15.031800023280084,4.002499976195395,1,3,1,2,2,16515072,3501847
FCWD1:0038,FCWD1,H8_reference,7.763820171356201,"[7.606681823730469, 7.763820171356201, 8.861891746520996]",8,8,0,8,False,"[7657914, 7707914, 7757914, 7807914, 7857914, 7907914, 7957914, 8007914]",0,1.0,305.61139999190345,1419.0178000135347,21.198300004471093,1745.8275000099093,0.10380003368481994,72.26749998517334,61.15520000457764,154.42460001213476,16.86830003745854,8,12,12,0,0,16515072,23431763
FCWD1:0038,FCWD1,H8_warp,7.32072639465332,"[6.9187092781066895, 7.32072639465332, 8.316468238830566]",8,8,7,1,False,"[7657566, 7707618, 7757671, 7807723, 7857766, 7907819, 7957871, 8007914]",348,0.9291730493960473,235.6533000129275,189.00539999594912,9.703500021714717,434.36220003059134,11.434799991548061,36.68859996832907,16.69340004445985,166.90710000693798,1.4948999742045999,1,3,1,2,2,16515072,3530067
FCWD1:0038,FCWD1,H8_warp_student,9.85629940032959,"[8.818708419799805, 9.85629940032959, 10.286725044250488]",8,8,7,1,False,"[7657566, 7707618, 7757671, 7807723, 7857766, 7907819, 7957871, 8007914]",348,0.9291730493960473,37.10090002277866,52.27949999971315,9.156699990853667,98.53710001334548,7.367900048848242,14.485099993180484,4.399900033604354,6.537300010677427,2.475899993441999,1,3,1,2,2,16515072,3530067
FCWD1:0039,FCWD1,H8_reference,6.8633341789245605,"[6.480917930603027, 6.8633341789245605, 7.6930670738220215]",8,8,0,8,False,"[7707967, 7757967, 7807967, 7857967, 7907967, 7957967, 8007967, 8057967]",0,1.0,186.4236999535933,1443.4597000363283,21.576899976935238,1651.4602999668568,0.0686999992467463,33.048100012820214,25.7401000126265,120.36290002288297,6.512899999506772,8,12,12,0,0,16515072,22620608
FCWD1:0039,FCWD1,H8_warp,6.237372875213623,"[6.237372875213623, 6.1941633224487305, 7.176455974578857]",8,8,7,1,False,"[7707618, 7757671, 7807723, 7857766, 7907819, 7957871, 8007914, 8057967]",349,0.9239829337179256,47.63899999670684,140.73499996447936,11.366599996108562,199.74059995729476,9.8036999697797,22.76779996464029,4.357900004833937,8.312999969348311,0.7930000429041684,1,3,1,2,2,16515072,3676080
FCWD1:0039,FCWD1,H8_warp_student,6.947813034057617,"[6.900843620300293, 6.947813034057617, 7.4009175300598145]",8,8,7,1,False,"[7707618, 7757671, 7807723, 7857766, 7907819, 7957871, 8007914, 8057967]",349,0.9239829337179256,50.2695000031963,118.7499999650754,20.450900017749518,189.47039998602122,10.317800042685121,15.406800026539713,6.009900011122227,13.545900001190603,3.9803999825380743,1,3,1,2,2,16515072,3676080
FCWD1:0040,FCWD1,H8_reference,7.673045635223389,"[7.4178876876831055, 7.673045635223389, 7.81238317489624]",8,8,0,8,False,"[7758019, 7808019, 7858019, 7908019, 7958019, 8008019, 8058019, 8108019]",0,1.0,195.41889999527484,1101.5662000281736,20.575299975462258,1317.5603999989107,0.10379997547715902,69.54970001243055,36.20189998764545,82.38859998527914,6.622200016863644,8,12,12,0,0,16515072,22988641
FCWD1:0040,FCWD1,H8_warp,7.084717273712158,"[7.084717273712158, 6.883869647979736, 7.576535224914551]",8,8,7,1,False,"[7757671, 7807723, 7857766, 7907819, 7957871, 8007914, 8057967, 8108019]",348,0.9239829337179256,88.84639997268096,113.51970001123846,9.786900016479194,212.1530000003986,16.508599976077676,47.517099999822676,11.728800018317997,7.757399987895042,0.7181999972090125,1,3,1,2,2,16515072,4162569
FCWD1:0040,FCWD1,H8_warp_student,8.131657600402832,"[7.936312675476074, 8.131657600402832, 8.298429489135742]",8,8,7,1,False,"[7757671, 7807723, 7857766, 7907819, 7957871, 8007914, 8057967, 8108019]",348,0.9239829337179256,118.82830003742129,45.49569997470826,9.58740001078695,173.9114000229165,34.08979997038841,72.01439997879788,5.0270999781787395,6.394400028511882,0.4379000165499747,1,3,1,2,2,16515072,4162569
FCWD1:0041,FCWD1,H8_reference,7.736074924468994,"[6.899951934814453, 7.736074924468994, 7.961627006530762]",8,8,0,8,False,"[7808062, 7858062, 7908062, 7958062, 8008062, 8058062, 8108062, 8158062]",0,1.0,164.9452000274323,1186.7683999589644,9.616099996492267,1361.329699982889,0.055500015150755644,51.93890002556145,27.448499982710928,77.01850001467392,7.320399978198111,8,12,12,0,0,16515072,23058698
FCWD1:0041,FCWD1,H8_warp,7.102783203125,"[6.723080635070801, 7.102783203125, 7.880931377410889]",8,8,7,1,False,"[7807723, 7857766, 7907819, 7957871, 8007914, 8057967, 8108019, 8158062]",339,0.9389459768042786,46.88440001336858,99.32979999575764,8.547000004909933,154.76120001403615,5.473800003528595,27.406199951656163,5.10270002996549,7.6231000130064785,0.4288000054657459,1,3,1,2,2,16515072,4007291
FCWD1:0041,FCWD1,H8_warp_student,8.81201457977295,"[7.974286079406738, 8.86717414855957, 8.81201457977295]",8,8,7,1,False,"[7807723, 7857766, 7907819, 7957871, 8007914, 8057967, 8108019, 8158062]",339,0.9389459768042786,35.27890000259504,43.09429996646941,8.761400007642806,87.13459997670725,8.927000046242028,13.275100034661591,4.454500041902065,6.26580003881827,1.629499951377511,1,3,1,2,2,16515072,4007291
FCWD1:0042,FCWD1,H8_reference,8.355653762817383,"[7.486947536468506, 8.355653762817383, 8.565485000610352]",8,8,0,8,False,"[7858115, 7908115, 7958115, 8008115, 8058115, 8108115, 8158115, 8208115]",0,1.0,305.5257999803871,1478.4014000324532,23.42139999382198,1807.3486000066623,0.5076999659650028,156.2559999874793,51.38239997904748,86.05320000788197,4.99149999814108,8,12,12,0,0,16515072,23269175
FCWD1:0042,FCWD1,H8_warp,8.55006217956543,"[7.5179362297058105, 8.55006217956543, 8.97455883026123]",8,8,7,1,False,"[7857766, 7907819, 7957871, 8007914, 8057967, 8108019, 8158062, 8208115]",349,0.9394082840236686,72.99969997256994,243.9746000454761,21.130999957676977,338.105299975723,19.28319997387007,28.49280001828447,6.816300039645284,12.624000024516135,3.349500009790063,1,3,1,2,2,16515072,3813457
FCWD1:0042,FCWD1,H8_warp_student,8.806543350219727,"[7.8611650466918945, 8.806543350219727, 8.861137390136719]",8,8,7,1,False,"[7857766, 7907819, 7957871, 8007914, 8057967, 8108019, 8158062, 8208115]",349,0.9394082840236686,66.0879000206478,99.73349998472258,22.023300000000745,187.84470000537112,13.305399974342436,28.48229999653995,7.0736000197939575,12.566699995659292,2.9417999903671443,1,3,1,2,2,16515072,3813457
FCWD1:0043,FCWD1,H8_reference,7.011227130889893,"[6.759357929229736, 7.011227130889893, 7.212955951690674]",8,8,0,8,False,"[7908167, 7958167, 8008167, 8058167, 8108167, 8158167, 8208167, 8258167]",0,1.0,317.90470000123605,1503.3235999871977,20.944399992004037,1842.1726999804378,0.10130001464858651,73.15099996048957,69.05360001837835,153.43639999628067,21.326799993403256,8,12,12,0,0,16515072,23822882
FCWD1:0043,FCWD1,H8_warp,7.307801723480225,"[6.928400993347168, 7.307801723480225, 7.643886089324951]",8,8,7,1,False,"[7907819, 7957871, 8007914, 8057967, 8108019, 8158062, 8208115, 8258167]",348,0.9543786982248521,69.8104000184685,137.03620003070682,9.52809996670112,216.37470001587644,10.717999946791679,33.50229997886345,9.206799964886159,13.870700029656291,0.867099966853857,1,3,1,2,2,16515072,4271131
FCWD1:0043,FCWD1,H8_warp_student,7.437647819519043,"[7.148127555847168, 7.437647819519043, 7.630704402923584]",8,8,7,1,False,"[7907819, 7957871, 8007914, 8057967, 8108019, 8158062, 8208115, 8258167]",348,0.9543786982248521,151.06579998973757,38.94210001453757,8.222699980251491,198.23059998452663,34.09919998375699,99.9232999747619,4.792499996256083,5.662399984430522,0.41769997915253043,1,3,1,2,2,16515072,4271131
FCWD1:0044,FCWD1,H8_reference,8.142945289611816,"[7.667909145355225, 8.142945289611816, 8.241703987121582]",8,8,0,8,False,"[7958210, 8008210, 8058210, 8108210, 8158210, 8208210, 8258210, 8308210]",0,1.0,237.00229998212308,1345.9334999788553,23.878500040154904,1606.8143000011332,0.04269997589290142,32.653800037223846,27.72260003257543,165.75430001830682,10.089399991557002,8,12,12,0,0,16515072,24318517
FCWD1:0044,FCWD1,H8_warp,7.8936567306518555,"[7.4207024574279785, 7.8936567306518555, 8.158482551574707]",8,8,7,1,False,"[7957871, 8007914, 8057967, 8108019, 8158062, 8208115, 8258167, 8308210]",339,0.9547229182448576,73.76649999059737,224.85480003524572,21.06080000521615,319.68210003105924,18.23410001816228,28.293400013353676,10.445899970363826,13.994500041007996,1.1854000040329993,1,3,1,2,2,16515072,4353938
FCWD1:0044,FCWD1,H8_warp_student,7.935278415679932,"[7.5524210929870605, 7.935278415679932, 7.952615737915039]",8,8,7,1,False,"[7957871, 8007914, 8057967, 8108019, 8158062, 8208115, 8258167, 8308210]",339,0.9547229182448576,68.87989997630939,105.2429000264965,27.51759998500347,201.64039998780936,12.998600024729967,24.906900012865663,10.559599963016808,14.291199971921742,3.84780002059415,1,3,1,2,2,16515072,4353938
FCWD1:0045,FCWD1,H8_reference,7.535455703735352,"[7.3299641609191895, 7.535455703735352, 7.7125020027160645]",8,8,0,8,False,"[8008263, 8058263, 8108263, 8158263, 8208263, 8258263, 8308263, 8358263]",0,1.0,172.72910004248843,1161.6169000044465,9.65849997010082,1344.0045000170358,0.10140001541003585,48.92969998763874,28.64979999139905,85.85209999000654,8.701300015673041,8,12,12,0,0,16515072,24755808
FCWD1:0045,FCWD1,H8_warp,7.392701148986816,"[7.1527252197265625, 7.392701148986816, 7.695683002471924]",8,8,7,1,False,"[8007914, 8057967, 8108019, 8158062, 8208115, 8258167, 8308210, 8358263]",349,0.9547229182448576,39.39340001670644,107.61040000943467,9.080099989660084,156.0839000158012,9.64810000732541,15.637799981050193,4.909599956590682,7.860100013203919,0.5122000002302229,1,3,1,2,2,16515072,4198932
FCWD1:0045,FCWD1,H8_warp_student,7.7052178382873535,"[7.424192428588867, 7.7052178382873535, 7.784919738769531]",8,8,7,1,False,"[8007914, 8057967, 8108019, 8158062, 8208115, 8258167, 8308210, 8358263]",349,0.9547229182448576,29.662800021469593,42.07440000027418,8.900799963157624,80.6379999849014,4.580100008752197,12.935600010678172,4.0077000157907605,7.042700017336756,0.39389997255057096,1,3,1,2,2,16515072,4198932
FCWD1:0046,FCWD1,H8_reference,8.066667556762695,"[7.914860248565674, 8.187110900878906, 8.066667556762695]",8,8,0,8,False,"[8058315, 8108315, 8158315, 8208315, 8258315, 8308315, 8358315, 8408315]",0,1.0,132.96750001609325,1092.9510000278242,12.132200004998595,1238.050700048916,0.04610000178217888,33.02739997161552,27.32959995046258,68.52229998912662,3.638499998487532,8,12,12,0,0,16515072,25257903
FCWD1:0046,FCWD1,H8_warp,8.17302417755127,"[7.811213970184326, 8.223575592041016, 8.17302417755127]",8,8,7,1,False,"[8057967, 8108019, 8158062, 8208115, 8258167, 8308210, 8358263, 8408315]",348,0.9647756335735875,33.347300020977855,96.3241999852471,8.219000010285527,137.8905000165105,5.86570001905784,15.028199995867908,4.501399991568178,6.65550003759563,0.49669999862089753,1,3,1,2,2,16515072,4302207
FCWD1:0046,FCWD1,H8_warp_student,8.279949188232422,"[7.953733444213867, 8.4413480758667, 8.279949188232422]",8,8,7,1,False,"[8057967, 8108019, 8158062, 8208115, 8258167, 8308210, 8358263, 8408315]",348,0.9647756335735875,27.28400001069531,38.54079998563975,7.831500028260052,73.65630002459511,4.10710001597181,12.63199996901676,3.814099996816367,5.69659995380789,0.36370003363117576,1,3,1,2,2,16515072,4302207
FCWD1:0047,FCWD1,H8_reference,8.271547317504883,"[8.124119758605957, 8.708715438842773, 8.271547317504883]",8,8,0,8,False,"[8108358, 8158358, 8208358, 8258358, 8308358, 8358358, 8408358, 8458358]",0,1.0,162.1373000089079,1010.0447000004351,30.05450003547594,1202.236500044819,0.08179998258128762,41.04969999752939,36.11519996775314,80.59319999301806,3.887799975927919,8,12,12,0,0,16515072,25915055
FCWD1:0047,FCWD1,H8_warp,8.276433944702148,"[7.967013359069824, 8.6714448928833, 8.276433944702148]",8,8,7,1,False,"[8108019, 8158062, 8208115, 8258167, 8308210, 8358263, 8408315, 8458358]",339,0.9407541409915767,85.5781999998726,224.16880005039275,23.093099996913224,332.84010004717857,12.988800008315593,41.352400032337755,12.248700018972158,16.082099988125265,1.0551999439485371,1,3,1,2,2,16515072,4602036
FCWD1:0047,FCWD1,H8_warp_student,8.799552917480469,"[8.153657913208008, 8.896855354309082, 8.799552917480469]",8,8,7,1,False,"[8108019, 8158062, 8208115, 8258167, 8308210, 8358263, 8408315, 8458358]",339,0.9407541409915767,105.87159998249263,133.64710001042113,22.789200011175126,262.3079000040889,16.637800028547645,49.990099971182644,16.08150004176423,16.3200999959372,4.307499970309436,1,3,1,2,2,16515072,4602036
FCWD1:0048,FCWD1,H8_reference,7.446633338928223,"[7.417647361755371, 7.7237653732299805, 7.446633338928223]",8,8,0,8,False,"[8158411, 8208411, 8258411, 8308411, 8358411, 8408411, 8458411, 8508411]",0,1.0,302.9219000018202,917.6771999918856,11.586000036913902,1232.1851000306197,0.22909999825060368,100.59439996257424,84.89480003481731,108.2219000090845,8.329099975526333,8,12,12,0,0,16515072,26945323
FCWD1:0048,FCWD1,H8_warp,7.750256061553955,"[7.547091960906982, 7.829350471496582, 7.750256061553955]",8,8,7,1,False,"[8158062, 8208115, 8258167, 8308210, 8358263, 8408315, 8458358, 8508411]",349,0.9130864197530865,83.26050004689023,134.65849997010082,9.426600008737296,227.34560002572834,7.283200044184923,41.49580001831055,16.6313000372611,15.384400030598044,0.4640000406652689,1,3,1,2,2,16515072,5081130
FCWD1:0048,FCWD1,H8_warp_student,7.767767429351807,"[7.569827079772949, 7.767767429351807, 7.911411285400391]",8,8,7,1,False,"[8158062, 8208115, 8258167, 8308210, 8358263, 8408315, 8458358, 8508411]",349,0.9130864197530865,48.83839999092743,97.56189998006448,29.502200020942837,175.90249999193475,4.8955000238493085,22.954999993089586,9.149899997282773,10.296499996911734,0.7878000033088028,1,3,1,2,2,16515072,5081130
FCWD1:0049,FCWD1,H8_reference,7.9456610679626465,"[7.684855937957764, 8.213427543640137, 7.9456610679626465]",8,8,0,8,False,"[8208463, 8258463, 8308463, 8358463, 8408463, 8458463, 8508463, 8558463]",0,1.0,334.9002000177279,1125.6899999571033,24.208299990277737,1484.798499965109,0.10539998766034842,91.22820000629872,78.22580001084134,154.1399999987334,10.114500008057803,8,12,12,0,0,16515072,27550047
FCWD1:0049,FCWD1,H8_warp,8.278365135192871,"[8.105034828186035, 8.586657524108887, 8.278365135192871]",8,8,7,1,False,"[8208115, 8258167, 8308210, 8358263, 8408315, 8458358, 8508411, 8558463]",348,0.9272976680384087,95.77259997604415,176.09850002918392,15.32720000250265,287.1983000077307,15.245200018398464,44.10270001972094,15.135099994949996,17.525300034321845,1.2277000350877643,1,3,1,2,2,16515072,4999853
FCWD1:0049,FCWD1,H8_warp_student,8.601029396057129,"[8.336366653442383, 8.879241943359375, 8.601029396057129]",8,8,7,1,False,"[8208115, 8258167, 8308210, 8358263, 8408315, 8458358, 8508411, 8558463]",348,0.9272976680384087,54.700200038496405,54.32569998083636,19.24310001777485,128.26900003710762,12.526400038041174,22.277100011706352,8.110800001304597,8.813399996142834,1.2385000009089708,1,3,1,2,2,16515072,4999853
FCWD1:0050,FCWD1,H8_reference,7.924130916595459,"[7.922173023223877, 8.277990341186523, 7.924130916595459]",8,8,0,8,False,"[8258506, 8308506, 8358506, 8408506, 8458506, 8508506, 8558506, 8608506]",0,1.0,367.54690000088885,1217.6189000019804,17.94210000662133,1603.1079000094905,0.10380003368481994,82.97580003272742,91.01059997919947,172.7688999962993,19.743399985600263,8,12,12,0,0,16515072,27751786
FCWD1:0050,FCWD1,H8_warp,8.483546257019043,"[8.162786483764648, 8.532821655273438, 8.483546257019043]",8,8,7,1,False,"[8258167, 8308210, 8358263, 8408315, 8458358, 8508411, 8558463, 8608506]",339,0.9004209068144281,73.77029996132478,250.5284000071697,21.754999994300306,346.0536999627948,5.873499962035567,30.85719997761771,11.546999972779304,15.06919995881617,1.7179999849759042,1,3,1,2,2,16515072,4307749
FCWD1:0050,FCWD1,H8_warp_student,8.477380752563477,"[8.080896377563477, 8.477380752563477, 8.488394737243652]",8,8,7,1,False,"[8258167, 8308210, 8358263, 8408315, 8458358, 8508411, 8558463, 8608506]",339,0.9004209068144281,66.00609997985885,89.77550000417978,21.83290000539273,177.61449998943135,11.915300041437149,29.251699976157397,9.160500019788742,11.151400045491755,2.115700044669211,1,3,1,2,2,16515072,4307749
FCWD1:0051,FCWD1,H8_reference,7.888000011444092,"[7.653306007385254, 7.962039947509766, 7.888000011444092]",8,8,0,8,False,"[8308559, 8358559, 8408559, 8458559, 8508559, 8558559, 8608559, 8658559]",0,1.0,258.8176000281237,1514.9571999791078,25.258100009523332,1799.0329000167549,0.16240001423284411,82.78060000156984,52.8755999985151,104.43780000787228,17.612099996767938,8,12,12,0,0,16515072,27927719
FCWD1:0051,FCWD1,H8_warp,7.7162275314331055,"[7.518187046051025, 7.7162275314331055, 7.838447093963623]",8,8,7,1,False,"[8308210, 8358263, 8408315, 8458358, 8508411, 8558463, 8608506, 8658559]",349,0.9143268154936331,83.56780000030994,254.88000002223998,21.27420000033453,359.72200002288446,13.641899975482374,34.43439997499809,9.60079999640584,16.892099985852838,1.255700015462935,1,3,1,2,2,16515072,3901772
FCWD1:0051,FCWD1,H8_warp_student,7.771881103515625,"[7.566106796264648, 7.771881103515625, 7.935329914093018]",8,8,7,1,False,"[8308210, 8358263, 8408315, 8458358, 8508411, 8558463, 8608506, 8658559]",349,0.9143268154936331,72.65919999917969,102.85450000083074,22.137499996460974,197.6511999964714,13.83370003895834,30.799900006968528,9.123199968598783,14.034099993295968,3.1799999997019768,1,3,1,2,2,16515072,3901772
FCWD1:0052,FCWD1,H8_reference,8.006935119628906,"[7.853384971618652, 8.006935119628906, 8.108485221862793]",8,8,0,8,False,"[8358611, 8408611, 8458611, 8508611, 8558611, 8608611, 8658611, 8708611]",0,1.0,290.0710999965668,1383.5126999765635,20.501299994066358,1694.0850999671966,0.10529998689889908,74.8600999941118,42.28490003151819,150.71260003605857,20.944399992004037,8,12,12,0,0,16515072,27942356
FCWD1:0052,FCWD1,H8_warp,7.811652183532715,"[7.710132598876953, 7.811652183532715, 8.009000778198242]",8,8,7,1,False,"[8358263, 8408315, 8458358, 8508411, 8558463, 8608506, 8658559, 8708611]",348,0.9011237135055661,37.70139999687672,118.31890000030398,9.709900012239814,165.7302000094205,6.339399958960712,17.03860005363822,5.6458000326529145,7.179299951530993,0.6835000240243971,1,3,1,2,2,16515072,3865987
FCWD1:0052,FCWD1,H8_warp_student,7.865962982177734,"[7.76149845123291, 7.865962982177734, 7.967236042022705]",8,8,7,1,False,"[8358263, 8408315, 8458358, 8508411, 8558463, 8608506, 8658559, 8708611]",348,0.9011237135055661,36.00019996520132,45.19680002704263,8.789899991825223,89.98689998406917,5.362699972465634,15.253700024913996,6.495800043921918,6.7137000150978565,1.4562999713234603,1,3,1,2,2,16515072,3865987
FCWD1:0053,FCWD1,H8_reference,7.806940078735352,"[7.806940078735352, 8.036636352539062, 7.7245097160339355]",8,8,0,8,False,"[8408663, 8458663, 8508663, 8558663, 8608663, 8658663, 8708663, 8758663]",0,1.0,166.84410005109385,1420.0849999906495,26.260599959641695,1613.189700001385,0.04870002157986164,34.31269997963682,37.93649998260662,85.2415999979712,8.863099967129529,8,12,12,0,0,16515072,27911365
FCWD1:0053,FCWD1,H8_warp,7.487668991088867,"[7.438394069671631, 7.649285316467285, 7.487668991088867]",8,8,7,1,False,"[8408315, 8458358, 8508411, 8558463, 8608506, 8658559, 8708611, 8758663]",348,0.9143268154936331,103.38490002322942,262.3704999568872,25.27899999404326,391.0343999741599,13.22920003440231,34.53619999345392,15.805199975147843,16.13010000437498,1.1447000433690846,1,3,1,2,2,16515072,4145416
FCWD1:0053,FCWD1,H8_warp_student,7.738053321838379,"[7.554432392120361, 7.881627082824707, 7.738053321838379]",8,8,7,1,False,"[8408315, 8458358, 8508411, 8558463, 8608506, 8658559, 8708611, 8758663]",348,0.9143268154936331,76.55320002231747,107.1150999632664,22.322200005874038,205.9904999914579,13.47080001141876,35.027500009164214,16.161000006832182,8.251700026448816,1.8375000217929482,1,3,1,2,2,16515072,4145416
FCWD1:0054,FCWD1,H8_reference,8.58937931060791,"[8.58937931060791, 8.891332626342773, 8.513568878173828]",8,8,0,8,False,"[8458707, 8508707, 8558707, 8608707, 8658707, 8708707, 8758707, 8808707]",0,1.0,314.1019000322558,1320.413599954918,23.65710004232824,1658.172600029502,0.10810000821948051,75.7865000050515,87.6989999669604,139.11409996217117,10.448999993968755,8,12,12,0,0,16515072,28598131
FCWD1:0054,FCWD1,H8_warp,8.426278114318848,"[8.310478210449219, 8.672410011291504, 8.426278114318848]",8,8,7,1,False,"[8458358, 8508411, 8558463, 8608506, 8658559, 8708611, 8758663, 8808707]",349,0.915532322343564,108.18989999825135,247.37070000264794,21.593899989966303,377.1544999908656,18.224600004032254,38.37089997250587,19.306600035633892,15.429200022481382,3.2796000014059246,1,3,1,2,2,16515072,4666092
FCWD1:0054,FCWD1,H8_warp_student,8.329026222229004,"[8.04957103729248, 8.64011287689209, 8.329026222229004]",8,8,7,1,False,"[8458358, 8508411, 8558463, 8608506, 8658559, 8708611, 8758663, 8808707]",349,0.915532322343564,106.36119998525828,121.3335000211373,25.760299991816282,253.45499999821186,15.369999979157,50.51240004831925,19.24759999383241,15.79680002760142,2.9798000468872488,1,3,1,2,2,16515072,4666092
FCWD1:0055,FCWD1,H8_reference,7.719488620758057,"[7.719488620758057, 7.624339580535889, 7.730790138244629]",8,8,0,8,False,"[8508759, 8558759, 8608759, 8658759, 8708759, 8758759, 8808759, 8858759]",0,1.0,340.38650000002235,1501.259199983906,21.57949999673292,1863.2251999806613,0.11059996904805303,64.92949998937547,98.8210000214167,164.03540002647787,11.827500013168901,8,12,12,0,0,16515072,28667066
FCWD1:0055,FCWD1,H8_warp,7.555355072021484,"[7.555355072021484, 7.412850856781006, 7.572218894958496]",8,8,7,1,False,"[8508411, 8558463, 8608506, 8658559, 8708611, 8758663, 8808707, 8858759]",348,0.9298469387755102,90.96569998655468,243.67360002361238,36.47719998843968,371.11649999860674,22.65499997884035,30.86350002558902,17.744000011589378,15.917300013825297,1.9046000088565052,1,3,1,2,2,16515072,4568835
FCWD1:0055,FCWD1,H8_warp_student,7.523976802825928,"[7.365260124206543, 7.523976802825928, 7.5824503898620605]",8,8,7,1,False,"[8508411, 8558463, 8608506, 8658559, 8708611, 8758663, 8808707, 8858759]",348,0.9298469387755102,90.05920001072809,104.21119997045025,21.13230002578348,215.40270000696182,15.4634999926202,35.519400029443204,18.226899963337928,15.587700007017702,3.4441000316292048,1,3,1,2,2,16515072,4568835
FCWD1:0056,FCWD1,H8_reference,8.004151344299316,"[7.792395114898682, 8.509841918945312, 8.004151344299316]",8,8,0,8,False,"[8558811, 8608811, 8658811, 8708811, 8758811, 8808811, 8858811, 8908811]",0,1.0,373.1897000106983,1110.8035999932326,10.750100016593933,1494.7434000205249,0.145800004247576,74.31709999218583,103.46969997044653,179.26030000671744,15.014900011010468,8,12,12,0,0,16515072,28176310
FCWD1:0056,FCWD1,H8_warp,8.119029998779297,"[7.991162300109863, 8.526150703430176, 8.119029998779297]",8,8,7,1,False,"[8558463, 8608506, 8658559, 8708611, 8758663, 8808707, 8858759, 8908811]",348,0.9167043911272069,33.4961999906227,119.41019998630509,15.898599987849593,168.80499996477738,5.585999984759837,15.06039995001629,5.419599998276681,6.160799995996058,0.47669996274635196,1,3,1,2,2,16515072,3847848
FCWD1:0056,FCWD1,H8_warp_student,8.61916446685791,"[8.321941375732422, 8.949573516845703, 8.61916446685791]",8,8,7,1,False,"[8558463, 8608506, 8658559, 8708611, 8758663, 8808707, 8858759, 8908811]",348,0.9167043911272069,47.76360001415014,88.75559997977689,25.0878999941051,161.60709998803213,11.593699979130179,20.725200010929257,5.872400011867285,6.597700004931539,1.3115000328980386,1,3,1,2,2,16515072,3847848
FCWD1:0057,FCWD1,H8_reference,7.172037601470947,"[6.9550862312316895, 7.172037601470947, 7.189071178436279]",8,8,0,8,False,"[8608855, 8658855, 8708855, 8758855, 8808855, 8858855, 8908855, 8958855]",0,1.0,387.3160000075586,1419.2081000073813,23.1958000222221,1829.719900037162,0.10810000821948051,78.7762000109069,96.4374000323005,192.60200002463534,18.428599985782057,8,12,12,0,0,16515072,28378746
FCWD1:0057,FCWD1,H8_warp,7.2179179191589355,"[7.000809669494629, 7.2179179191589355, 7.370274066925049]",8,8,7,1,False,"[8608506, 8658559, 8708611, 8758663, 8808707, 8858759, 8908811, 8958855]",349,0.9440671998390423,71.90999999875203,241.4377999957651,20.77800000552088,334.125800000038,10.795800015330315,35.485300002619624,8.992900024168193,13.908700027968735,0.9550999966450036,1,3,1,2,2,16515072,4066366
FCWD1:0057,FCWD1,H8_warp_student,7.208190441131592,"[7.062026023864746, 7.208190441131592, 7.342597007751465]",8,8,7,1,False,"[8608506, 8658559, 8708611, 8758663, 8808707, 8858759, 8908811, 8958855]",349,0.9440671998390423,78.89970001997426,273.8340999931097,21.745999983977526,374.4797999970615,13.974800007417798,36.53629997279495,8.535000029951334,14.550600026268512,3.458099963609129,1,3,1,2,2,16515072,4066366
FCWD1:0058,FCWD1,H8_reference,6.893505573272705,"[6.858877658843994, 7.010186195373535, 6.893505573272705]",8,8,0,8,False,"[8658907, 8708907, 8758907, 8808907, 8858907, 8908907, 8958907, 9008907]",0,1.0,395.19389998167753,1533.5832000127994,25.558799970895052,1954.335899965372,0.292200013063848,95.15229996759444,106.14290001103655,178.20989998290315,14.495200011879206,8,12,12,0,0,16515072,28930906
FCWD1:0058,FCWD1,H8_warp,7.09060525894165,"[6.898168087005615, 7.09060525894165, 7.101831436157227]",8,8,7,1,False,"[8658559, 8708611, 8758663, 8808707, 8858759, 8908811, 8958855, 9008907]",348,0.9308172981551279,87.2899999958463,254.91720001446083,21.26819995464757,363.4753999649547,10.754700051620603,41.26369999721646,15.239000029396266,17.011500021908432,1.3108000275678933,1,3,1,2,2,16515072,4952219
FCWD1:0058,FCWD1,H8_warp_student,7.094984531402588,"[7.061920166015625, 7.094984531402588, 7.204550266265869]",8,8,7,1,False,"[8658559, 8708611, 8758663, 8808707, 8858759, 8908811, 8958855, 9008907]",348,0.9308172981551279,92.68659999361262,170.40860000997782,23.454399954061955,286.5495999576524,15.645700041204691,41.590899985749274,13.895900046918541,15.618700010236353,3.672999970149249,1,3,1,2,2,16515072,4952219
FCWD1:0059,FCWD1,H8_reference,7.197356224060059,"[7.197356224060059, 7.312070846557617, 7.0984272956848145]",8,8,0,8,False,"[8708959, 8758959, 8808959, 8858959, 8908959, 8958959, 9008959, 9058959]",0,1.0,275.4445999744348,1362.7783000119962,20.93240001704544,1659.1553000034764,0.10429997928440571,68.58000002102926,58.192100026644766,133.61170003190637,14.001000032294542,8,12,12,0,0,16515072,29063404
FCWD1:0059,FCWD1,H8_warp,7.87843132019043,"[7.775002956390381, 8.000605583190918, 7.87843132019043]",8,8,7,1,False,"[8708611, 8758663, 8808707, 8858759, 8908811, 8958855, 9008907, 9058959]",348,0.9178443933688689,91.72570001101121,261.09919999726117,24.222200037911534,377.0471000461839,12.487999978475273,44.715599971823394,15.83969994680956,15.958999982103705,1.0121000232174993,1,3,1,2,2,16515072,4984723
FCWD1:0059,FCWD1,H8_warp_student,7.797142028808594,"[7.723087310791016, 7.873611927032471, 7.797142028808594]",8,8,7,1,False,"[8708611, 8758663, 8808707, 8858759, 8908811, 8958855, 9008907, 9058959]",348,0.9178443933688689,111.9128999998793,142.7417999948375,23.116900003515184,277.771599998232,13.817000028211623,58.3926000399515,16.000299947336316,18.002500000875443,3.7575000314973295,1,3,1,2,2,16515072,4984723
FCWD1:0060,FCWD1,H8_reference,6.482239246368408,"[6.326529502868652, 6.576598644256592, 6.482239246368408]",8,8,0,8,False,"[8759003, 8809003, 8859003, 8909003, 8959003, 9009003, 9059003, 9109003]",0,1.0,387.3025000211783,1479.2835999978706,32.51069999532774,1899.0968000143766,0.10440003825351596,86.03320003021508,102.8713000123389,183.46949998522177,13.882400002330542,8,12,12,0,0,16515072,28577629
FCWD1:0060,FCWD1,H8_warp,7.3470354080200195,"[7.047096252441406, 7.4349212646484375, 7.3470354080200195]",8,8,7,1,False,"[8758663, 8808707, 8858759, 8908811, 8958855, 9008907, 9058959, 9109003]",340,0.8926991676575505,74.81139997253194,469.35269999084994,21.34690003003925,565.5109999934211,10.933800018392503,31.29920002538711,12.87530001718551,15.617800003383309,1.0452000424265862,1,3,1,2,2,16515072,4251360
FCWD1:0060,FCWD1,H8_warp_student,7.284072399139404,"[7.124224662780762, 7.284072399139404, 7.333779335021973]",8,8,7,1,False,"[8758663, 8808707, 8858759, 8908811, 8958855, 9008907, 9058959, 9109003]",340,0.8926991676575505,75.26830001734197,118.05559997446835,21.978600008878857,215.30250000068918,14.079799992032349,28.914400027133524,11.314700008369982,14.522799989208579,4.438700038008392,1,3,1,2,2,16515072,4251360
FCWD1:0061,FCWD1,H8_reference,6.967597007751465,"[6.788032531738281, 7.081243991851807, 6.967597007751465]",8,8,0,8,False,"[8809055, 8859055, 8909055, 8959055, 9009055, 9059055, 9109055, 9159055]",0,1.0,367.3015999956988,1395.6776999984868,20.769900002051145,1783.7491999962367,0.10790000669658184,80.14839998213574,94.85300001688302,173.37939998833463,17.89899996947497,8,12,12,0,0,16515072,27895980
FCWD1:0061,FCWD1,H8_warp,7.0482048988342285,"[6.763125419616699, 7.07492733001709, 7.0482048988342285]",8,8,7,1,False,"[8808707, 8858759, 8908811, 8958855, 9008907, 9058959, 9109003, 9159055]",348,0.9064083317695628,93.65449997130781,299.9622000497766,22.984599985647947,416.60130000673234,21.556899999268353,36.70489997602999,13.432100007776171,18.43579998239875,1.7295999568887055,1,3,1,2,2,16515072,3911513
FCWD1:0061,FCWD1,H8_warp_student,6.964361190795898,"[6.7965006828308105, 6.964361190795898, 7.002349376678467]",8,8,7,1,False,"[8808707, 8858759, 8908811, 8958855, 9008907, 9058959, 9109003, 9159055]",348,0.9064083317695628,114.03689999133348,114.03709999285638,24.499000050127506,252.57300003431737,14.176199969369918,29.82919994974509,11.358199990354478,13.752900005783886,43.1580999866128,1,3,1,2,2,16515072,3911513
FCWD1:0062,FCWD1,H8_reference,6.542348861694336,"[6.533778667449951, 6.589105129241943, 6.542348861694336]",8,8,0,8,False,"[8859107, 8909107, 8959107, 9009107, 9059107, 9109107, 9159107, 9209107]",0,1.0,368.7503000255674,1590.6390000018291,21.532399987336248,1980.9217000147328,0.10339997243136168,77.59449997683987,88.64640002138913,186.07049999991432,15.446399978827685,8,12,12,0,0,16515072,27848975
FCWD1:0062,FCWD1,H8_warp,6.813912868499756,"[6.779543399810791, 6.966813564300537, 6.813912868499756]",8,8,7,1,False,"[8858759, 8908811, 8958855, 9008907, 9058959, 9109003, 9159055, 9209107]",348,0.9070294784580499,76.84370002243668,245.2940999646671,22.530400019604713,344.6682000067085,10.95209998311475,33.697000006213784,14.177000033669174,15.348500048276037,0.9985000360757113,1,3,1,2,2,16515072,4262920
FCWD1:0062,FCWD1,H8_warp_student,6.920145511627197,"[6.875642776489258, 7.011777877807617, 6.920145511627197]",8,8,7,1,False,"[8858759, 8908811, 8958855, 9008907, 9058959, 9109003, 9159055, 9209107]",348,0.9070294784580499,84.0825000195764,117.0931999804452,25.96790000097826,227.14360000099987,12.949899944942445,35.67549999570474,14.204000006429851,15.842499968130141,3.7361999857239425,1,3,1,2,2,16515072,4262920
FCWD1:0063,FCWD1,H8_reference,6.814897537231445,"[6.722693920135498, 6.84055757522583, 6.814897537231445]",8,8,0,8,False,"[8909151, 8959151, 9009151, 9059151, 9109151, 9159151, 9209151, 9259151]",0,1.0,374.6189000084996,1819.1398999770172,20.022900018375367,2213.781700003892,0.10559998918324709,79.13900003768504,96.18269995553419,176.57740000868216,20.84340003784746,8,12,12,0,0,16515072,27885848
FCWD1:0063,FCWD1,H8_warp,6.778962135314941,"[6.654011249542236, 6.853931427001953, 6.778962135314941]",8,8,7,1,False,"[8908811, 8958855, 9008907, 9058959, 9109003, 9159055, 9209107, 9259151]",340,0.8955002026935723,83.8462000247091,246.63670000154525,22.257599979639053,352.7405000058934,19.266100018285215,28.258400037884712,14.788499975111336,15.858000027947128,3.8078000070527196,1,3,1,2,2,16515072,4295900
FCWD1:0063,FCWD1,H8_warp_student,6.677278518676758,"[6.651358604431152, 6.677278518676758, 6.703537464141846]",8,8,7,1,False,"[8908811, 8958855, 9008907, 9058959, 9109003, 9159055, 9209107, 9259151]",340,0.8955002026935723,94.5202000439167,99.13739998592064,10.266400000546128,203.92400003038347,17.56889995886013,36.39839997049421,18.759800004772842,16.272999986540526,3.7755999946966767,1,3,1,2,2,16515072,4295900
FCWD1:0064,FCWD1,H8_reference,6.564413547515869,"[6.400554656982422, 6.564413547515869, 6.590188503265381]",8,8,0,8,False,"[8959203, 9009203, 9059203, 9109203, 9159203, 9209203, 9259203, 9309203]",0,1.0,161.3449999713339,1459.5083000021987,24.161099980119616,1645.0143999536522,0.04800001624971628,37.31809998862445,41.67589999269694,77.7387999696657,3.982700000051409,8,12,12,0,0,16515072,28008095
FCWD1:0064,FCWD1,H8_warp,6.530665397644043,"[6.3435468673706055, 6.530665397644043, 6.533128261566162]",8,8,7,1,False,"[8958855, 9008907, 9058959, 9109003, 9159055, 9209107, 9259151, 9309203]",348,0.8836,78.74389999778941,250.83400000585243,20.917899964842945,350.4957999684848,12.392800010275096,30.982500000391155,12.16529996600002,14.836599992122501,6.309100019279867,1,3,1,2,2,16515072,4062303
FCWD1:0064,FCWD1,H8_warp_student,6.489278316497803,"[6.422689437866211, 6.489278316497803, 6.49484395980835]",8,8,7,1,False,"[8958855, 9008907, 9058959, 9109003, 9159055, 9209107, 9259151, 9309203]",348,0.8836,77.90670002577826,124.08519996097311,23.508000012952834,225.4998999997042,17.10940001066774,29.554000007919967,10.947900009341538,14.405500027351081,3.4934000577777624,1,3,1,2,2,16515072,4062303
FCWD1:0065,FCWD1,H8_reference,6.6927361488342285,"[6.603359222412109, 6.6927361488342285, 6.829739093780518]",8,8,0,8,False,"[9009255, 9059255, 9109255, 9159255, 9209255, 9259255, 9309255, 9359255]",0,1.0,395.14520001830533,1454.593299946282,26.605900027789176,1876.3443999923766,0.1412000274285674,87.68420002888888,118.03389998385683,173.50179998902604,14.687499962747097,8,12,12,0,0,16515072,28528142
FCWD1:0065,FCWD1,H8_warp,6.6031293869018555,"[6.4079203605651855, 6.6031293869018555, 6.651941776275635]",8,8,7,1,False,"[9008907, 9058959, 9109003, 9159055, 9209107, 9259151, 9309203, 9359255]",348,0.8843471777553616,87.2355000465177,251.03879999369383,23.573099984787405,361.84740002499893,13.532400014810264,43.83020004024729,12.24549999460578,14.723600004799664,1.139500003773719,1,3,1,2,2,16515072,4524108
FCWD1:0065,FCWD1,H8_warp_student,6.531421184539795,"[6.4898681640625, 6.531421184539795, 6.548842906951904]",8,8,7,1,False,"[9008907, 9058959, 9109003, 9159055, 9209107, 9259151, 9309203, 9359255]",348,0.8843471777553616,86.0734999878332,104.13049999624491,9.664400015026331,199.86839999910444,13.862100022379309,39.59330002544448,12.671499978750944,14.955100021325052,3.387700009625405,1,3,1,2,2,16515072,4524108
FCWD1:0066,FCWD1,H8_reference,6.874580383300781,"[6.874580383300781, 6.866281509399414, 6.926549911499023]",8,8,0,8,False,"[9059299, 9109299, 9159299, 9209299, 9259299, 9309299, 9359299, 9409299]",0,1.0,162.17929997947067,1481.7789000226185,21.85959997586906,1665.8177999779582,0.04529999569058418,40.09979998227209,40.26889998931438,73.76609998755157,7.494100020267069,8,12,12,0,0,16515072,28674699
FCWD1:0066,FCWD1,H8_warp,6.504668712615967,"[6.457771301269531, 6.504668712615967, 6.564591884613037]",8,8,7,1,False,"[9058959, 9109003, 9159055, 9209107, 9259151, 9309203, 9359255, 9409299]",340,0.8850848337950139,110.25760002667084,312.48819996835664,24.86000000499189,447.60580000001937,30.188300006557256,43.09089999878779,15.38639998761937,15.745400043670088,3.5450999857857823,1,3,1,2,2,16515072,4825042
FCWD1:0066,FCWD1,H8_warp_student,6.517233848571777,"[6.517233848571777, 6.495544910430908, 6.535531520843506]",8,8,7,1,False,"[9058959, 9109003, 9159055, 9209107, 9259151, 9309203, 9359255, 9409299]",340,0.8850848337950139,138.64409999223426,142.4350999877788,30.12670000316575,311.2058999831788,21.143699996173382,71.62760000210255,18.901999981608242,17.595899989828467,3.6419000243768096,1,3,1,2,2,16515072,4825042
FCWD1:0067,FCWD1,H8_reference,6.643346309661865,"[6.507782459259033, 6.685065269470215, 6.643346309661865]",8,8,0,8,False,"[9109351, 9159351, 9209351, 9259351, 9309351, 9359351, 9409351, 9459351]",0,1.0,386.36240002233535,1433.3418000023812,21.61799999885261,1841.3222000235692,0.10329997166991234,101.10009997151792,89.41020001657307,174.29650004487485,20.548700005747378,8,12,12,0,0,16515072,28459309
FCWD1:0067,FCWD1,H8_warp,6.486147880554199,"[6.386572360992432, 6.520768642425537, 6.486147880554199]",8,8,7,1,False,"[9109003, 9159055, 9209107, 9259151, 9309203, 9359255, 9409299, 9459351]",348,0.8865322988699612,85.534900019411,253.0632999842055,20.138599968049675,358.7367999716662,12.271399958990514,40.097399963997304,13.134700013324618,15.935399977024645,1.5640000347048044,1,3,1,2,2,16515072,4587926
FCWD1:0067,FCWD1,H8_warp_student,6.4917120933532715,"[6.482490062713623, 6.5169196128845215, 6.4917120933532715]",8,8,7,1,False,"[9109003, 9159055, 9209107, 9259151, 9309203, 9359255, 9409299, 9459351]",348,0.8865322988699612,78.08180002029985,100.2905999775976,10.399300022982061,188.7717000208795,10.307699965778738,36.35290003148839,9.949999977834523,16.735300014261156,3.751200041733682,1,3,1,2,2,16515072,4587926
FCWD1:0068,FCWD1,H8_reference,6.0420026779174805,"[6.017250061035156, 6.088515758514404, 6.0420026779174805]",8,8,0,8,False,"[9159403, 9209403, 9259403, 9309403, 9359403, 9409403, 9459403, 9509403]",0,1.0,251.02049997076392,1367.1283000148833,21.799099980853498,1639.9478999665007,0.05470000905916095,58.59890003921464,84.1066999710165,103.03790000034496,4.766900034155697,8,12,12,0,0,16515072,28865337
FCWD1:0068,FCWD1,H8_warp,6.101462364196777,"[6.020632743835449, 6.107332229614258, 6.101462364196777]",8,8,7,1,False,"[9159055, 9209107, 9259151, 9309203, 9359255, 9409299, 9459351, 9509403]",348,0.8872424557752341,82.79080002103001,231.35020001791418,21.601499989628792,335.742500028573,10.656600003130734,34.82970001641661,18.30380002502352,15.960899996571243,1.3271999778226018,1,3,1,2,2,16515072,4746876
FCWD1:0068,FCWD1,H8_warp_student,6.235132217407227,"[6.23517370223999, 6.235132217407227, 6.213625907897949]",8,8,7,1,False,"[9159055, 9209107, 9259151, 9309203, 9359255, 9409299, 9459351, 9509403]",348,0.8872424557752341,83.14800000516698,110.48030003439635,20.602400007192045,214.23070004675537,14.152999967336655,34.72159994998947,13.79519997863099,15.96119999885559,2.8365000034682453,1,3,1,2,2,16515072,4746876
FCWD1:0069,FCWD1,H8_reference,6.5510640144348145,"[6.5510640144348145, 6.589650630950928, 6.506580829620361]",8,8,0,8,False,"[9209447, 9259447, 9309447, 9359447, 9409447, 9459447, 9509447, 9559447]",0,1.0,381.43910001963377,1715.3645000071265,20.768499991390854,2117.572100018151,0.09960000170394778,82.06079999217764,92.78110001469031,192.77779996627942,12.705300003290176,8,12,12,0,0,16515072,29273082
FCWD1:0069,FCWD1,H8_warp,6.564525604248047,"[6.561337947845459, 6.564762592315674, 6.564525604248047]",8,8,7,1,False,"[9209107, 9259151, 9309203, 9359255, 9409299, 9459351, 9509403, 9559447]",340,0.8766684246825429,91.14249999402091,236.79819999961182,20.375999971292913,348.31669996492565,20.099699962884188,37.63310000067577,14.030400023330003,16.200900019612163,1.0294000385329127,1,3,1,2,2,16515072,4659802
FCWD1:0069,FCWD1,H8_warp_student,6.655663013458252,"[6.655663013458252, 6.722668647766113, 6.636782169342041]",8,8,7,1,False,"[9209107, 9259151, 9309203, 9359255, 9409299, 9459351, 9509403, 9559447]",340,0.8766684246825429,85.64980002120137,109.25799998221919,21.577200037427247,216.4850000408478,13.547100010327995,36.93910001311451,13.876000011805445,16.17149997036904,3.3867000020109117,1,3,1,2,2,16515072,4659802
FCWD1:0070,FCWD1,H8_reference,6.007568836212158,"[6.007568836212158, 6.031978130340576, 5.977520942687988]",8,8,0,8,False,"[9259499, 9309499, 9359499, 9409499, 9459499, 9509499, 9559499, 9609499]",0,1.0,310.2280999883078,1661.9565999717452,26.459600019734353,1998.6442999797873,0.10229996405541897,80.42979997117072,89.10199999809265,125.29019999783486,14.423300046473742,8,12,12,0,0,16515072,29421543
FCWD1:0070,FCWD1,H8_warp,6.3077898025512695,"[6.3077898025512695, 6.348633289337158, 6.2791924476623535]",8,8,7,1,False,"[9259151, 9309203, 9359255, 9409299, 9459351, 9509403, 9559447, 9609499]",348,0.8893206216952412,89.29710002848879,255.06359996506944,24.05370003543794,368.41440002899617,10.97409997601062,40.14199995435774,15.887999965343624,19.325800007209182,1.3505000388249755,1,3,1,2,2,16515072,4625598
FCWD1:0070,FCWD1,H8_warp_student,6.477505207061768,"[6.477505207061768, 6.484897613525391, 6.369616985321045]",8,8,7,1,False,"[9259151, 9309203, 9359255, 9409299, 9459351, 9509403, 9559447, 9609499]",348,0.8893206216952412,88.48660002695397,297.34170000301674,22.263099963311106,408.0913999932818,14.932799967937171,35.37820000201464,15.434200002346188,18.097300024237484,2.9294000123627484,1,3,1,2,2,16515072,4625598
FCWD1:0071,FCWD1,H8_reference,6.322366237640381,"[6.356873989105225, 6.322366237640381, 6.217537879943848]",8,8,0,8,False,"[9309551, 9359551, 9409551, 9459551, 9509551, 9559551, 9609551, 9659551]",0,1.0,372.04629997722805,1737.1266999980435,21.79760002763942,2130.970600002911,0.10339997243136168,74.13600001018494,92.88189996732399,187.23609996959567,16.8277999619022,8,12,12,0,0,16515072,28624243
FCWD1:0071,FCWD1,H8_warp,6.547938346862793,"[6.547938346862793, 6.486132621765137, 6.549591064453125]",8,8,7,1,False,"[9309203, 9359255, 9409299, 9459351, 9509403, 9559447, 9609499, 9659551]",348,0.87890625,98.73890003655106,318.0432000081055,19.516200001817197,436.29830004647374,21.40319999307394,34.968000021763146,17.245299997739494,22.664499992970377,0.8806000114418566,1,3,1,2,2,16515072,4334218
FCWD1:0071,FCWD1,H8_warp_student,6.659237861633301,"[6.659237861633301, 6.666632175445557, 6.567972660064697]",8,8,7,1,False,"[9309203, 9359255, 9409299, 9459351, 9509403, 9559447, 9609499, 9659551]",348,0.87890625,40.28309998102486,50.253599998541176,11.332500027492642,101.86920000705868,7.201599946711212,15.138200018554926,8.30590003170073,7.719699991866946,0.9246999979950488,1,3,1,2,2,16515072,4334218
FCWD1:0072,FCWD1,H8_reference,6.876768589019775,"[6.867305278778076, 6.939180374145508, 6.876768589019775]",8,8,0,8,False,"[9359595, 9409595, 9459595, 9509595, 9559595, 9609595, 9659595, 9709595]",0,1.0,198.11400002799928,1425.0256999512203,22.410500037949532,1645.5502000171691,0.04630000330507755,36.021600011736155,46.241500007454306,102.59989998303354,11.604200000874698,8,12,12,0,0,16515072,28254799
FCWD1:0072,FCWD1,H8_warp,6.6438822746276855,"[6.640110015869141, 6.6438822746276855, 6.671093940734863]",8,8,7,1,False,"[9359255, 9409299, 9459351, 9509403, 9559447, 9609499, 9659551, 9709595]",340,0.8906640625,74.58780001616105,259.10189998103306,30.893300019670278,364.5830000168644,10.9888999722898,30.123399978037924,14.089500007685274,16.47979998961091,1.1386999976821244,1,3,1,2,2,16515072,3814766
FCWD1:0072,FCWD1,H8_warp_student,6.765951633453369,"[6.765951633453369, 6.9257121086120605, 6.705232620239258]",8,8,7,1,False,"[9359255, 9409299, 9459351, 9509403, 9559447, 9609499, 9659551, 9709595]",340,0.8906640625,78.5598999937065,113.15829999512061,20.787799963727593,212.5059999525547,12.579199974425137,29.843600001186132,14.150100003462285,16.037499997764826,4.232799983583391,1,3,1,2,2,16515072,3814766
FCWD1:0073,FCWD1,H8_reference,6.715768814086914,"[6.786015510559082, 6.701393127441406, 6.715768814086914]",8,8,0,8,False,"[9409647, 9459647, 9509647, 9559647, 9609647, 9659647, 9709647, 9759647]",0,1.0,423.2625000295229,1444.4435000186786,23.147500003688037,1890.8535000518896,0.10359997395426035,92.73879998363554,123.07650002185255,187.0647000032477,18.483799998648465,8,12,12,0,0,16515072,29184665
FCWD1:0073,FCWD1,H8_warp,6.538847923278809,"[6.5700554847717285, 6.538847923278809, 6.520345687866211]",8,8,7,1,False,"[9409299, 9459351, 9509403, 9559447, 9609499, 9659551, 9709595, 9759647]",348,0.9025,102.0713000325486,257.07509997300804,25.520400027744472,384.6668000333011,13.903499988373369,41.822099999990314,23.949800000991672,18.58380000339821,1.2389000039547682,1,3,1,2,2,16515072,4786044
FCWD1:0073,FCWD1,H8_warp_student,6.579187393188477,"[6.579187393188477, 6.630115032196045, 6.536280155181885]",8,8,7,1,False,"[9409299, 9459351, 9509403, 9559447, 9609499, 9659551, 9709595, 9759647]",348,0.9025,103.4360000048764,115.07940001320094,37.10939997108653,255.62479998916388,14.441499952226877,40.5011999537237,23.629600007552654,19.059800019022077,3.830700006801635,1,3,1,2,2,16515072,4786044
FCWD1:0074,FCWD1,H8_reference,5.908988952636719,"[5.985810279846191, 5.908988952636719, 5.745501518249512]",8,8,0,8,False,"[9459699, 9509699, 9559699, 9609699, 9659699, 9709699, 9759699, 9809699]",0,1.0,372.8686000104062,1373.8242999534123,12.85290002124384,1759.5457999850623,0.05319999763742089,64.05859999358654,73.79449997097254,207.8540000366047,25.744899990968406,8,12,12,0,0,16515072,30595342
FCWD1:0074,FCWD1,H8_warp,5.7270355224609375,"[5.645198822021484, 5.7847208976745605, 5.7270355224609375]",8,8,7,1,False,"[9459351, 9509403, 9559447, 9609499, 9659551, 9709595, 9759647, 9809699]",348,0.9283071837120218,63.038600026629865,104.11289997864515,9.460199973545969,176.61169997882098,7.35920004080981,26.593900052830577,17.013699980452657,10.437200020533055,0.5253999843262136,1,3,1,2,2,16515072,6255864
FCWD1:0074,FCWD1,H8_warp_student,5.835812091827393,"[5.9131340980529785, 5.8100762367248535, 5.835812091827393]",8,8,7,1,False,"[9459351, 9509403, 9559447, 9609499, 9659551, 9709595, 9759647, 9809699]",348,0.9283071837120218,68.6936000129208,204.83649999368936,14.529399981256574,288.05949998786673,5.288399988785386,29.253300046548247,22.15430000796914,10.759499971754849,0.43730001198127866,1,3,1,2,2,16515072,6255864
FCWD1:0075,FCWD1,H8_reference,5.32520055770874,"[5.119044780731201, 5.490524768829346, 5.32520055770874]",8,8,0,8,False,"[9509743, 9559743, 9609743, 9659743, 9709743, 9759743, 9809743, 9859743]",0,1.0,504.4285000185482,1463.2593999849632,9.82760003535077,1977.5155000388622,0.10799994925037026,89.21679999912158,157.35860000131652,236.44140001852065,18.905900011304766,8,12,12,0,0,16515072,31133528
FCWD1:0075,FCWD1,H8_warp,5.626885414123535,"[5.153481483459473, 5.721583366394043, 5.626885414123535]",8,8,7,1,False,"[9509403, 9559447, 9609499, 9659551, 9709595, 9759647, 9809699, 9859743]",340,0.9268546738165966,60.294699971564114,116.65620002895594,122.4561000126414,299.40700001316145,5.6833999697119,23.27449998119846,16.824099991936237,11.637700023129582,0.8478000527247787,1,3,1,2,2,16515072,6209029
FCWD1:0075,FCWD1,H8_warp_student,5.345596790313721,"[5.434935092926025, 5.216058254241943, 5.345596790313721]",8,8,7,1,False,"[9509403, 9559447, 9609499, 9659551, 9709595, 9759647, 9809699, 9859743]",340,0.9268546738165966,56.28620000788942,43.24790003011003,8.133399998769164,107.66750003676862,8.990200003609061,20.217499986756593,15.068900014739484,9.615899994969368,1.6582999960519373,1,3,1,2,2,16515072,6209029
FCWD1:0076,FCWD1,H8_reference,5.6152753829956055,"[5.6152753829956055, 5.672882080078125, 5.611615180969238]",8,8,0,8,False,"[9559795, 9609795, 9659795, 9709795, 9759795, 9809795, 9859795, 9909795]",0,1.0,378.3510999637656,1162.5551000470296,28.7121000001207,1569.6183000109158,0.04469999112188816,44.951000018045306,137.45180005207658,186.99329998344183,6.40640000347048,8,12,12,0,0,16515072,32177090
FCWD1:0076,FCWD1,H8_warp,5.818244457244873,"[5.595560073852539, 5.818244457244873, 5.875895023345947]",8,8,7,1,False,"[9559447, 9609499, 9659551, 9709595, 9759647, 9809699, 9859743, 9909795]",348,0.94308182947603,127.10790004348382,132.7006999636069,10.420500009786338,270.22910001687706,11.316099960822612,48.10189997078851,35.346200049389154,28.76369998557493,1.546400017105043,1,3,1,2,2,16515072,5867193
FCWD1:0076,FCWD1,H8_warp_student,5.993898868560791,"[6.078501224517822, 5.8590168952941895, 5.993898868560791]",8,8,7,1,False,"[9559447, 9609499, 9659551, 9709595, 9759647, 9809699, 9859743, 9909795]",348,0.94308182947603,54.89610001677647,54.67019998468459,11.576500022783875,121.14280002424493,6.029199983458966,21.383499959483743,15.972400025930256,9.447100048419088,1.2796999653801322,1,3,1,2,2,16515072,5867193
FCWD1:0077,FCWD1,H8_reference,5.430807113647461,"[5.430807113647461, 5.283425807952881, 5.499288558959961]",8,8,0,8,False,"[9609847, 9659847, 9709847, 9759847, 9809847, 9859847, 9909847, 9959847]",0,1.0,382.228699978441,1040.8461000188254,8.96209996426478,1432.0368999615312,0.046900007873773575,40.713099995628,128.09379998361692,199.53690003603697,12.312799983192235,8,12,12,0,0,16515072,33131334
FCWD1:0077,FCWD1,H8_warp,5.259644508361816,"[5.259644508361816, 5.190072059631348, 5.424271583557129]",8,8,7,1,False,"[9609499, 9659551, 9709595, 9759647, 9809699, 9859743, 9909795, 9959847]",348,0.9281677572873289,50.47479999484494,202.31910003349185,11.471099976915866,264.26500000525266,4.640099999960512,19.38100002007559,15.198999957647175,9.943599987309426,0.5329000414349139,1,3,1,2,2,16515072,6054193
FCWD1:0077,FCWD1,H8_warp_student,5.520575523376465,"[5.528608798980713, 5.348117828369141, 5.520575523376465]",8,8,7,1,False,"[9609499, 9659551, 9709595, 9759647, 9809699, 9859743, 9909795, 9959847]",348,0.9281677572873289,70.9692999953404,71.83119998080656,10.256700043100864,153.05720001924783,8.891499950550497,22.489900002256036,16.36589999543503,20.823099999688566,0.9766999864950776,1,3,1,2,2,16515072,6054193
FCWD1:0078,FCWD1,H8_reference,5.307243824005127,"[5.272558212280273, 5.307243824005127, 5.353883266448975]",8,8,0,8,False,"[9659891, 9709891, 9759891, 9809891, 9859891, 9909891, 9959891, 10009891]",0,1.0,324.96649998938665,1236.0852000419982,9.094299981370568,1570.1460000127554,0.049600028432905674,39.337399997748435,139.22650000313297,135.86360000772402,8.99329996900633,8,12,12,0,0,16515072,32971007
FCWD1:0078,FCWD1,H8_warp,5.45831298828125,"[5.45831298828125, 5.311133861541748, 5.475449562072754]",8,8,7,1,False,"[9659551, 9709595, 9759647, 9809699, 9859743, 9909795, 9959847, 10009891]",340,0.9174408477282624,43.82399999303743,103.6098999902606,10.690600029192865,158.1245000124909,4.903100023511797,17.443999997340143,11.65130001027137,8.208999992348254,0.5273999995552003,1,3,1,2,2,16515072,5322037
FCWD1:0078,FCWD1,H8_warp_student,5.553059101104736,"[5.553059101104736, 5.3591437339782715, 5.573938846588135]",8,8,7,1,False,"[9659551, 9709595, 9759647, 9809699, 9859743, 9909795, 9959847, 10009891]",340,0.9174408477282624,51.058500015642494,51.2674999772571,23.18540000123903,125.51139999413863,6.510399980470538,20.90699999826029,12.477399955969304,9.544100030325353,0.5390000296756625,1,3,1,2,2,16515072,5322037
FCWD1:0079,FCWD1,H8_reference,5.913417816162109,"[5.790989875793457, 5.913417816162109, 5.992456436157227]",8,8,0,8,False,"[9709943, 9759943, 9809943, 9859943, 9909943, 9959943, 10009943, 10059943]",0,1.0,374.47049998445436,1196.7764999717474,13.16700002644211,1584.4139999826439,0.10289996862411499,49.92670001229271,157.0635000243783,157.93579997261986,7.22730002598837,8,12,12,0,0,16515072,32774776
FCWD1:0079,FCWD1,H8_warp,6.051300525665283,"[5.9003071784973145, 6.051300525665283, 6.065071105957031]",8,8,7,1,False,"[9709595, 9759647, 9809699, 9859743, 9909795, 9959847, 10009891, 10059943]",348,0.8957270408163265,87.85589999752119,156.77770000183955,10.852500039618462,255.4861000389792,5.553800030611455,20.086999982595444,31.925099960062653,18.108799995388836,1.372800034005195,1,3,1,2,2,16515072,4469453
FCWD1:0079,FCWD1,H8_warp_student,6.027167320251465,"[6.027167320251465, 5.961940288543701, 6.121758460998535]",8,8,7,1,False,"[9709595, 9759647, 9809699, 9859743, 9909795, 9959847, 10009891, 10059943]",348,0.8957270408163265,37.302899989299476,46.29180004121736,9.508099989034235,93.10280001955107,5.676899978425354,15.905299980659038,7.104100019205362,7.173199963290244,0.505700008943677,1,3,1,2,2,16515072,4469453
FCWD1:0080,FCWD1,H8_reference,5.232213020324707,"[5.212409496307373, 5.232213020324707, 5.334599018096924]",8,8,0,8,False,"[9759995, 9809995, 9859995, 9909995, 9959995, 10009995, 10059995, 10109995]",0,1.0,271.76680002594367,1452.0436999737285,23.354100005235523,1747.1646000049077,0.1058999914675951,62.886099971365184,111.10549996374175,92.28550002444535,3.7975000450387597,8,12,12,0,0,16515072,33059934
FCWD1:0080,FCWD1,H8_warp,5.3304033279418945,"[5.3304033279418945, 5.327022552490234, 5.489935874938965]",8,8,7,1,False,"[9759647, 9809699, 9859743, 9909795, 9959847, 10009891, 10059943, 10109995]",348,0.8851580827001856,83.8594000088051,285.7211999944411,22.826400003395975,392.4070000066422,12.03350001014769,38.72080001747236,13.889499998185784,16.07809995766729,1.4857000205665827,1,3,1,2,2,16515072,4674133
FCWD1:0080,FCWD1,H8_warp_student,5.431304931640625,"[5.431304931640625, 5.361789703369141, 5.51821756362915]",8,8,7,1,False,"[9759647, 9809699, 9859743, 9909795, 9959847, 10009891, 10059943, 10109995]",348,0.8851580827001856,92.84749999642372,117.97209997894242,12.634900049306452,223.4545000246726,15.389200008939952,39.14649999933317,13.670400017872453,18.100199988111854,4.353899974375963,1,3,1,2,2,16515072,4674133
FCWD1:0081,FCWD1,H8_reference,5.490510940551758,"[5.490510940551758, 5.285788059234619, 5.510486602783203]",8,8,0,8,False,"[9810039, 9860039, 9910039, 9960039, 10010039, 10060039, 10110039, 10160039]",0,1.0,299.75910001667216,1587.657099997159,35.08329996839166,1922.499499982223,0.10659999679774046,74.48929996462539,107.11230000015348,107.20989998662844,9.019399993121624,8,12,12,0,0,16515072,34033150
FCWD1:0081,FCWD1,H8_warp,5.6295647621154785,"[5.6295647621154785, 5.2687296867370605, 5.661040782928467]",8,8,7,1,False,"[9809699, 9859743, 9909795, 9959847, 10009891, 10059943, 10109995, 10160039]",340,0.8545497566252028,141.21690002502874,319.6690999902785,31.206000014208257,492.0920000295155,12.453800009097904,70.99370000651106,32.07630000542849,21.47430001059547,1.4267999795265496,1,3,1,2,2,16515072,6005811
FCWD1:0081,FCWD1,H8_warp_student,5.639025688171387,"[5.6478962898254395, 5.5109171867370605, 5.639025688171387]",8,8,7,1,False,"[9809699, 9859743, 9909795, 9959847, 10009891, 10059943, 10109995, 10160039]",340,0.8545497566252028,119.67640003422275,116.15750001510605,32.73159998934716,268.56550003867596,12.68549996893853,52.96479997923598,26.766200026031584,22.22980000078678,3.3258000039495528,1,3,1,2,2,16515072,6005811
FCWD1:0082,FCWD1,H8_reference,5.9814581871032715,"[6.051424980163574, 5.775660514831543, 5.9814581871032715]",8,8,0,8,False,"[9860091, 9910091, 9960091, 10010091, 10060091, 10110091, 10160091, 10210091]",0,1.0,602.0845999591984,1559.2122999951243,28.50180002860725,2189.79869998293,0.11179997818544507,109.60260004503652,220.81259998958558,247.16389999957755,20.46999998856336,8,12,12,0,0,16515072,34753049
FCWD1:0082,FCWD1,H8_warp,6.465587615966797,"[6.513122081756592, 6.059653282165527, 6.465587615966797]",8,8,7,1,False,"[9859743, 9909795, 9959847, 10009891, 10059943, 10109995, 10160039, 10210091]",348,0.8864607913546049,130.97140000900254,289.10389996599406,30.502100009471178,450.5773999844678,15.912100032437593,52.26829997263849,35.362399998120964,24.364400014746934,1.1974999797530472,1,3,1,2,2,16515072,6349772
FCWD1:0082,FCWD1,H8_warp_student,6.301671028137207,"[6.388576984405518, 6.2534894943237305, 6.301671028137207]",8,8,7,1,False,"[9859743, 9909795, 9959847, 10009891, 10059943, 10109995, 10160039, 10210091]",348,0.8864607913546049,126.71310000587255,126.74520001746714,21.694499999284744,275.15280002262443,15.760599984787405,49.98380003962666,33.41340000042692,22.787499998230487,2.9476999770849943,1,3,1,2,2,16515072,6349772
FCWD1:0083,FCWD1,H8_reference,6.6724724769592285,"[6.6724724769592285, 6.541852951049805, 6.709165573120117]",8,8,0,8,False,"[9910144, 9960144, 10010144, 10060144, 10110144, 10160144, 10210144, 10260144]",0,1.0,563.4679999784566,1486.8466000189073,21.848300006240606,2072.1629000036046,0.10380003368481994,87.60730002541095,216.23099996941164,237.27020004298538,17.914900032337755,8,12,12,0,0,16515072,34380817
FCWD1:0083,FCWD1,H8_warp,6.965981483459473,"[6.965981483459473, 6.946171283721924, 7.03823709487915]",8,8,7,1,False,"[9909795, 9959847, 10009891, 10059943, 10109995, 10160039, 10210091, 10260144]",349,0.856156691769058,105.41589994681999,313.5185000137426,29.75799998966977,448.69239995023236,11.246599955484271,32.94179996009916,26.26149996649474,22.139799955766648,1.7051000031642616,1,3,1,2,2,16515072,4981442
FCWD1:0083,FCWD1,H8_warp_student,6.976792812347412,"[6.956720352172852, 6.976792812347412, 6.992001056671143]",8,8,7,1,False,"[9909795, 9959847, 10009891, 10059943, 10109995, 10160039, 10210091, 10260144]",349,0.856156691769058,106.8123999866657,122.69629997899756,28.236000041943043,257.7447000076063,15.424399985931814,32.80110005289316,29.94350000517443,22.228899993933737,3.7382000009529293,1,3,1,2,2,16515072,4981442
FCWD1:0084,FCWD1,H8_reference,6.6916279792785645,"[6.6916279792785645, 6.742012977600098, 6.551699638366699]",8,8,0,8,False,"[9960196, 10010196, 10060196, 10110196, 10160196, 10210196, 10260196, 10310196]",0,1.0,553.5050999606028,1572.476600005757,28.35929999127984,2154.3409999576397,0.11160003487020731,83.82659999188036,219.90790002746508,230.2590999752283,14.197700016666204,8,12,12,0,0,16515072,34651100
FCWD1:0084,FCWD1,H8_warp,6.239643096923828,"[6.239643096923828, 6.221751689910889, 6.240983486175537]",8,8,7,1,False,"[9959847, 10009891, 10059943, 10109995, 10160039, 10210091, 10260144, 10310196]",349,0.8782367346938775,110.41879997355863,298.46650001127273,23.926699999719858,432.8119999845512,22.517000033985823,39.80030003003776,21.89679996808991,19.7825999930501,4.629100032616407,1,3,1,2,2,16515072,4228835
FCWD1:0084,FCWD1,H8_warp_student,6.340014934539795,"[6.314458847045898, 6.340014934539795, 6.392498970031738]",8,8,7,1,False,"[9959847, 10009891, 10059943, 10109995, 10160039, 10210091, 10260144, 10310196]",349,0.8782367346938775,93.91200001118705,133.8479000260122,31.199999968521297,258.95990000572056,17.005500034429133,32.28410001611337,19.937700009904802,19.490300037432462,3.2808000105433166,1,3,1,2,2,16515072,4228835
FCWD1:0085,FCWD1,H8_reference,5.831238269805908,"[5.831238269805908, 5.764591693878174, 5.965003490447998]",8,8,0,8,False,"[10010239, 10060239, 10110239, 10160239, 10210239, 10260239, 10310239, 10360239]",0,1.0,616.2128999712877,1420.925000042189,26.759599975775927,2063.8974999892525,0.146100006531924,113.36860002484173,227.4681000271812,255.25699998252094,14.586600009351969,8,12,12,0,0,16515072,35031271
FCWD1:0085,FCWD1,H8_warp,5.825655460357666,"[5.825655460357666, 5.816886901855469, 6.00593376159668]",8,8,7,1,False,"[10009891, 10059943, 10109995, 10160039, 10210091, 10260144, 10310196, 10360239]",348,0.8795684509559832,95.38740001153201,248.88989998726174,22.34079997288063,366.6180999716744,11.031800007913262,40.80469999462366,21.045600005891174,19.821299996692687,0.9844000451266766,1,3,1,2,2,16515072,4466189
FCWD1:0085,FCWD1,H8_warp_student,6.128439426422119,"[6.105374336242676, 6.128439426422119, 6.190814971923828]",8,8,7,1,False,"[10009891, 10059943, 10109995, 10160039, 10210091, 10260144, 10310196, 10360239]",348,0.8795684509559832,96.3000999763608,106.5517999813892,22.972000006120652,225.82389996387064,13.549899973440915,37.62859996641055,22.867799969390035,18.318999966140836,2.2324000019580126,1,3,1,2,2,16515072,4466189
FCWD1:0086,FCWD1,H8_reference,6.4956440925598145,"[6.45554256439209, 6.5271453857421875, 6.4956440925598145]",8,8,0,8,False,"[10060291, 10110291, 10160291, 10210291, 10260291, 10310291, 10360291, 10410291]",0,1.0,610.5462000123225,1363.0660999915563,23.863600043114275,1997.475900046993,0.22390001686289907,108.02949999924749,235.59880000539124,245.0723999645561,16.578199982177466,8,12,12,0,0,16515072,35309289
FCWD1:0086,FCWD1,H8_warp,6.622015476226807,"[6.51889705657959, 6.6510796546936035, 6.622015476226807]",8,8,7,1,False,"[10059943, 10109995, 10160039, 10210091, 10260144, 10310196, 10360239, 10410291]",348,0.8808713835398396,81.06240001507103,170.41869997046888,23.73960003023967,275.2207000157796,9.709599951747805,43.075599998701364,16.20419998653233,10.301299975253642,0.9413000079803169,1,3,1,2,2,16515072,5441309
FCWD1:0086,FCWD1,H8_warp_student,6.6755452156066895,"[6.628743648529053, 6.7110514640808105, 6.6755452156066895]",8,8,7,1,False,"[10059943, 10109995, 10160039, 10210091, 10260144, 10310196, 10360239, 10410291]",348,0.8808713835398396,116.32349999854341,136.33380003739148,28.481399989686906,281.1387000256218,14.410900010261685,49.72280003130436,24.752800003625453,20.798199984710664,4.298799962271005,1,3,1,2,2,16515072,5441309
FCWD1:0087,FCWD1,H8_reference,5.766505718231201,"[5.766505718231201, 5.825019359588623, 5.73577356338501]",8,8,0,8,False,"[10110344, 10160344, 10210344, 10260344, 10310344, 10360344, 10410344, 10460344]",0,1.0,624.8108999570832,1539.107100048568,25.508099992293864,2189.426099997945,0.10750000365078449,123.40190005488694,219.32299999753013,249.27689996547997,26.84649999719113,8,12,12,0,0,16515072,36288166
FCWD1:0087,FCWD1,H8_warp,5.8852219581604,"[5.876842498779297, 6.075823783874512, 5.8852219581604]",8,8,7,1,False,"[10109995, 10160039, 10210091, 10260144, 10310196, 10360239, 10410291, 10460344]",349,0.8622448979591837,135.6497000087984,270.12409997405484,34.16400001151487,439.9377999943681,11.293299961835146,58.19019995396957,37.135599995963275,25.97110002534464,1.455900026485324,1,3,1,2,2,16515072,7534451
FCWD1:0087,FCWD1,H8_warp_student,5.788727283477783,"[5.788727283477783, 5.769475936889648, 5.795909404754639]",8,8,7,1,False,"[10109995, 10160039, 10210091, 10260144, 10310196, 10360239, 10410291, 10460344]",349,0.8622448979591837,142.31899997685105,107.64140001265332,20.8684999961406,270.82889998564497,15.040400030557066,60.99269998958334,37.11009997641668,23.80179997999221,3.5664999741129577,1,3,1,2,2,16515072,7534451
FCWD1:0088,FCWD1,H8_reference,5.245644569396973,"[5.164131164550781, 5.245644569396973, 5.386458873748779]",8,8,0,8,False,"[10160387, 10210387, 10260387, 10310387, 10360387, 10410387, 10460387, 10510387]",0,1.0,669.0763999940827,1437.6753000542521,25.865499977953732,2132.6172000262886,0.10090001160278916,136.70550001552328,239.46909996448085,271.0649000364356,16.93179999710992,8,12,12,0,0,16515072,38139262
FCWD1:0088,FCWD1,H8_warp,5.019266128540039,"[4.823408603668213, 5.019266128540039, 5.054571151733398]",8,8,7,1,False,"[10160039, 10210091, 10260144, 10310196, 10360239, 10410291, 10460344, 10510387]",348,0.863687381852552,162.36000001663342,304.26110001280904,24.691300000995398,491.31240003043786,12.102400010917336,70.87390002561733,45.98549997899681,29.305200034286827,1.5518000000156462,1,3,1,2,2,16515072,9081281
FCWD1:0088,FCWD1,H8_warp_student,5.558722019195557,"[5.558722019195557, 5.535571575164795, 5.688052177429199]",8,8,7,1,False,"[10160039, 10210091, 10260144, 10310196, 10360239, 10410291, 10460344, 10510387]",348,0.863687381852552,176.66499997721985,141.0349999787286,26.542100007645786,344.2420999635942,14.242500008549541,70.12990000657737,48.36879996582866,35.711599979549646,5.800000042654574,1,3,1,2,2,16515072,9081281
FCWD1:0089,FCWD1,H8_reference,5.122279644012451,"[5.122279644012451, 5.088741302490234, 5.321878433227539]",8,8,0,8,False,"[10210439, 10260439, 10310439, 10360439, 10410439, 10460439, 10510439, 10560439]",0,1.0,713.8450999627821,1565.580399997998,31.057800049893558,2310.4833000106737,0.10460003977641463,161.63779998896644,261.8612000369467,267.8492999984883,17.1958000282757,8,12,12,0,0,16515072,39685123
FCWD1:0089,FCWD1,H8_warp,4.922149181365967,"[4.9035186767578125, 4.922149181365967, 5.062671661376953]",8,8,7,1,False,"[10210091, 10260144, 10310196, 10360239, 10410291, 10460344, 10510387, 10560439]",348,0.8361977751722954,175.0393999973312,262.76979997055605,24.2139000329189,462.02310000080615,12.431500013917685,75.16529998974875,52.702800021506846,30.42800002731383,1.0835000430233777,1,3,1,2,2,16515072,9250091
FCWD1:0089,FCWD1,H8_warp_student,5.579756259918213,"[5.572309494018555, 5.579756259918213, 5.865476608276367]",8,8,7,1,False,"[10210091, 10260144, 10310196, 10360239, 10410291, 10460344, 10510387, 10560439]",348,0.8361977751722954,183.7404000107199,122.59690003702417,29.795999987982213,336.1333000357263,16.322199953719974,78.22970004053786,52.06810001982376,30.4129000287503,4.5220000320114195,1,3,1,2,2,16515072,9250091
FCWD1:0090,FCWD1,H8_reference,4.774664402008057,"[4.774664402008057, 4.6906890869140625, 4.944624423980713]",8,8,0,8,False,"[10260492, 10310492, 10360492, 10410492, 10460492, 10510492, 10560492, 10610492]",0,1.0,715.8245000173338,2015.4798000003211,40.69659998640418,2772.000900004059,0.10570004815235734,139.91939998231828,262.551500054542,283.9671999681741,21.903100016061217,8,12,12,0,0,16515072,40526640
FCWD1:0090,FCWD1,H8_warp,4.8023762702941895,"[4.8023762702941895, 4.743566036224365, 5.002129554748535]",8,8,7,1,False,"[10260144, 10310196, 10360239, 10410291, 10460344, 10510387, 10560439, 10610492]",348,0.8475686570924666,194.15669998852536,421.22389998985454,37.04650001600385,652.4270999943838,16.197699995245785,80.90780000202358,60.171699966304004,31.64560004370287,1.3568999711424112,1,3,1,2,2,16515072,8408438
FCWD1:0090,FCWD1,H8_warp_student,4.719596862792969,"[4.719596862792969, 4.683921813964844, 4.987878322601318]",8,8,7,1,False,"[10260144, 10310196, 10360239, 10410291, 10460344, 10510387, 10560439, 10610492]",348,0.8475686570924666,204.72869998775423,187.62929999502376,38.02850004285574,430.3865000256337,23.174899979494512,80.08270000573248,60.22029998712242,33.3913000067696,4.772500018589199,1,3,1,2,2,16515072,8408438
FCWD1:0091,FCWD1,H8_reference,5.2404351234436035,"[5.2404351234436035, 5.153998851776123, 5.375241756439209]",8,8,0,8,False,"[10310535, 10360535, 10410535, 10460535, 10510535, 10560535, 10610535, 10660535]",0,1.0,857.6699999975972,2033.6894000065513,50.07219995604828,2941.4315999601968,0.15080004232004285,129.40929998876527,356.61800001980737,345.2912999782711,19.88019997952506,8,12,12,0,0,16515072,40807395
FCWD1:0091,FCWD1,H8_warp,5.0357208251953125,"[5.0357208251953125, 4.999591827392578, 5.1876630783081055]",8,8,7,1,False,"[10310196, 10360239, 10410291, 10460344, 10510387, 10560439, 10610492, 10660535]",339,0.8394780844823333,153.2915999996476,466.13140002591535,33.37439999449998,652.7974000200629,17.98539998708293,56.575900001917034,42.820399976335466,31.441899947822094,1.6513000009581447,1,3,1,2,2,16515072,6452112
FCWD1:0091,FCWD1,H8_warp_student,5.5885491371154785,"[5.5885491371154785, 5.46408748626709, 5.737353801727295]",8,8,7,1,False,"[10310196, 10360239, 10410291, 10460344, 10510387, 10560439, 10610492, 10660535]",339,0.8394780844823333,144.74249997874722,161.01820004405454,30.139299982693046,335.9000000054948,17.338200006633997,54.79870003182441,40.64079996896908,26.152200007345527,3.3679999760352075,1,3,1,2,2,16515072,6452112
FCWD1:0092,FCWD1,H8_reference,4.439444065093994,"[4.307558536529541, 4.439444065093994, 4.544695854187012]",8,8,0,8,False,"[10360588, 10410588, 10460588, 10510588, 10560588, 10610588, 10660588, 10710588]",0,1.0,769.4961000233889,2031.0548999696039,29.12100002868101,2829.6720000216737,0.16000005416572094,98.29749999335036,323.4082999988459,328.9237000280991,14.183000021148473,8,12,12,0,0,16515072,41316613
FCWD1:0092,FCWD1,H8_warp,4.38377571105957,"[4.2529401779174805, 4.38377571105957, 4.522490978240967]",8,8,7,1,False,"[10360239, 10410291, 10460344, 10510387, 10560439, 10610492, 10660535, 10710588]",349,0.8587758011019435,130.95510000130162,372.1358999609947,57.27400002069771,560.364999982994,27.857900015078485,46.938200015574694,28.920100012328476,21.583800029475242,3.180600004270673,1,3,1,2,2,16515072,5263268
FCWD1:0092,FCWD1,H8_warp_student,4.946071147918701,"[4.946071147918701, 4.893218517303467, 5.04899787902832]",8,8,7,1,False,"[10360239, 10410291, 10460344, 10510387, 10560439, 10610492, 10660535, 10710588]",349,0.8587758011019435,140.77860000543296,178.45429998124018,37.38650004379451,356.61940003046766,28.155900014098734,55.56170002091676,26.99939999729395,20.377400040160865,3.0049000051803887,1,3,1,2,2,16515072,5263268
FCWD1:0093,FCWD1,H8_reference,4.2050604820251465,"[4.198054790496826, 4.2050604820251465, 4.378469467163086]",8,8,0,8,False,"[10410640, 10460640, 10510640, 10560640, 10610640, 10660640, 10710640, 10760640]",0,1.0,806.5773000125773,1913.5008999728598,39.692800026386976,2759.771000011824,0.1604999997653067,115.45079998904839,323.3932000002824,345.82980000413954,16.97029999922961,8,12,12,0,0,16515072,42436216
FCWD1:0093,FCWD1,H8_warp,4.322700500488281,"[4.232150077819824, 4.322700500488281, 4.495231628417969]",8,8,7,1,False,"[10410291, 10460344, 10510387, 10560439, 10610492, 10660535, 10710588, 10760640]",349,0.8630571516612591,170.92180001782253,375.47549995360896,27.316700026858598,573.7139999982901,41.87630000524223,64.30320005165413,36.00739996181801,23.005399969406426,3.1561999931000173,1,3,1,2,2,16515072,6285206
FCWD1:0093,FCWD1,H8_warp_student,4.973228454589844,"[4.973228454589844, 4.887388706207275, 5.050093173980713]",8,8,7,1,False,"[10410291, 10460344, 10510387, 10560439, 10610492, 10660535, 10710588, 10760640]",349,0.8630571516612591,138.66830000188202,161.82760003721341,27.332999976351857,327.8289000154473,15.354900038801134,58.19459998747334,37.52280003391206,22.43130002170801,2.853899961337447,1,3,1,2,2,16515072,6285206
FCWD1:0094,FCWD1,H8_reference,3.886197566986084,"[3.8843610286712646, 3.886197566986084, 4.022938251495361]",8,8,0,8,False,"[10460683, 10510683, 10560683, 10610683, 10660683, 10710683, 10760683, 10810683]",0,1.0,846.5759999817237,1911.5651000174694,47.287699999287724,2805.428799998481,0.14179997378960252,121.67540000518784,346.148099983111,359.85120001714677,14.179599995259196,8,12,12,0,0,16515072,43234740
FCWD1:0094,FCWD1,H8_warp,4.105278491973877,"[4.0840559005737305, 4.105278491973877, 4.290580749511719]",8,8,7,1,False,"[10460344, 10510387, 10560439, 10610492, 10660535, 10710588, 10760640, 10810683]",339,0.8617791019365822,161.13620001124218,391.0195999778807,30.67090001422912,582.826700003352,15.677899995353073,62.96650000149384,52.39990004338324,26.327500003390014,1.297400041949004,1,3,1,2,2,16515072,7919263
FCWD1:0094,FCWD1,H8_warp_student,4.664943695068359,"[4.664943695068359, 4.576879501342773, 4.710517406463623]",8,8,7,1,False,"[10460344, 10510387, 10560439, 10610492, 10660535, 10710588, 10760640, 10810683]",339,0.8617791019365822,169.85340003157035,163.93239999888465,27.122800005599856,360.90860003605485,16.930899990256876,66.45789998583496,55.05949998041615,26.187799987383187,2.9861999792046845,1,3,1,2,2,16515072,7919263
FCWD1:0095,FCWD1,H8_reference,3.6142139434814453,"[3.5851693153381348, 3.6142139434814453, 3.765098810195923]",8,8,0,8,False,"[10510736, 10560736, 10610736, 10660736, 10710736, 10760736, 10810736, 10860736]",0,1.0,788.0000000004657,1874.434500001371,28.281499980948865,2690.7159999827854,0.16170000890269876,108.40489994734526,337.550199998077,323.62499996088445,13.700600014999509,8,12,12,0,0,16515072,43623003
FCWD1:0095,FCWD1,H8_warp,3.430372714996338,"[3.361708164215088, 3.430372714996338, 3.5731942653656006]",8,8,7,1,False,"[10510387, 10560439, 10610492, 10660535, 10710588, 10760640, 10810683, 10860736]",349,0.8677666623359751,182.49689997173846,386.3378000096418,35.54989997064695,604.3845999520272,34.66359997401014,54.95530000189319,56.9586000056006,29.784200014546514,3.188599948771298,1,3,1,2,2,16515072,7532241
FCWD1:0095,FCWD1,H8_warp_student,4.1765055656433105,"[4.1765055656433105, 4.133132457733154, 4.2846879959106445]",8,8,7,1,False,"[10510387, 10560439, 10610492, 10660535, 10710588, 10760640, 10810683, 10860736]",349,0.8677666623359751,196.79850002285093,171.6710000182502,32.2681000106968,400.7376000517979,18.329999991692603,72.59930000873283,62.55820003570989,34.31859996635467,3.2839999767020345,1,3,1,2,2,16515072,7532241
FCWD1:0096,FCWD1,H8_reference,4.678092002868652,"[4.678092002868652, 4.617913246154785, 4.8805341720581055]",8,8,0,8,False,"[10560788, 10610788, 10660788, 10710788, 10760788, 10810788, 10860788, 10910788]",0,1.0,831.5015999833122,2054.5887000043876,36.59720002906397,2922.687500016764,0.14650000957772136,109.93860004236922,353.3047999953851,347.3873999901116,15.118999988771975,8,12,12,0,0,16515072,45144911
FCWD1:0096,FCWD1,H8_warp,4.695034980773926,"[4.695034980773926, 4.617162704467773, 5.109487056732178]",8,8,7,1,False,"[10560439, 10610492, 10660535, 10710588, 10760640, 10810683, 10860736, 10910788]",349,0.8815049062921453,175.06560002220795,423.6869000014849,27.39780000410974,626.1503000278026,17.077600001357496,61.1409000121057,58.72000003000721,33.24590000556782,1.241800026036799,1,3,1,2,2,16515072,6888128
FCWD1:0096,FCWD1,H8_warp_student,5.30164098739624,"[5.30164098739624, 5.203556060791016, 5.421543598175049]",8,8,7,1,False,"[10560439, 10610492, 10660535, 10710588, 10760640, 10810683, 10860736, 10910788]",349,0.8815049062921453,190.90380001580343,183.98979998892173,42.87649999605492,417.7701000007801,17.58079999126494,63.44399997033179,65.91389997629449,36.77910001715645,3.4606000408530235,1,3,1,2,2,16515072,6888128
FCWD1:0097,FCWD1,H8_reference,4.3294291496276855,"[4.3294291496276855, 4.307807922363281, 4.505788803100586]",8,8,0,8,False,"[10610831, 10660831, 10710831, 10760831, 10810831, 10860831, 10910831, 10960831]",0,1.0,876.6727999900468,1744.495100050699,32.51489996910095,2653.6828000098467,0.22710004122927785,125.84140000399202,396.12360001774505,334.9008999648504,14.365200011525303,8,12,12,0,0,16515072,47043369
FCWD1:0097,FCWD1,H8_warp,4.167628288269043,"[4.105502128601074, 4.167628288269043, 4.319432735443115]",8,8,7,1,False,"[10610492, 10660535, 10710588, 10760640, 10810683, 10860736, 10910788, 10960831]",339,0.8841612831365561,185.3160999598913,384.8225999972783,48.50580001948401,618.6444999766536,15.584699984174222,67.3157999990508,65.37590001244098,31.612200022209436,1.1534999939613044,1,3,1,2,2,16515072,7663379
FCWD1:0097,FCWD1,H8_warp_student,4.798494815826416,"[4.798494815826416, 4.711465358734131, 4.845705509185791]",8,8,7,1,False,"[10610492, 10660535, 10710588, 10760640, 10810683, 10860736, 10910788, 10960831]",339,0.8841612831365561,191.99710001703352,159.91940000094473,39.30649999529123,391.2230000132695,18.325700017157942,67.93870002729818,61.882800015155226,36.523799994029105,4.14400000590831,1,3,1,2,2,16515072,7663379
FCWD1:0098,FCWD1,H8_reference,5.054064750671387,"[5.054064750671387, 5.120881080627441, 5.035923480987549]",8,8,0,8,False,"[10660883, 10710883, 10760883, 10810883, 10860883, 10910883, 10960883, 11010883]",0,1.0,993.4819999616593,1884.4282000209205,49.74879999645054,2927.6589999790303,0.16549997963011265,131.6103000426665,442.45390000287443,397.594099980779,14.046800031792372,8,12,12,0,0,16515072,49236828
FCWD1:0098,FCWD1,H8_warp,5.147608757019043,"[4.988495826721191, 5.25562047958374, 5.147608757019043]",8,8,7,1,False,"[10660535, 10710588, 10760640, 10810683, 10860736, 10910788, 10960831, 11010883]",348,0.8680785246876859,254.7888999688439,412.1949999826029,44.90350000560284,711.8873999570496,16.746099980082363,84.54890002030879,93.43559999251738,55.10840000351891,1.2957000290043652,1,3,1,2,2,16515072,8557239
FCWD1:0098,FCWD1,H8_warp_student,5.569766044616699,"[5.554915904998779, 5.761695861816406, 5.569766044616699]",8,8,7,1,False,"[10660535, 10710588, 10760640, 10810683, 10860736, 10910788, 10960831, 11010883]",348,0.8680785246876859,263.68299999739975,198.60409997636452,35.59230000246316,497.87939997622743,18.26939999591559,69.7842999943532,99.81509996578097,66.92430004477501,5.045600002631545,1,3,1,2,2,16515072,8557239
FCWD1:0099,FCWD1,H8_reference,5.9482550621032715,"[5.9482550621032715, 6.182287216186523, 5.781277179718018]",8,8,0,8,False,"[10710936, 10760936, 10810936, 10860936, 10910936, 10960936, 11010936, 11060936]",0,1.0,1039.725000038743,1966.352299961727,30.45910003129393,3036.536400031764,0.14670001110062003,170.19660002551973,439.4018999882974,408.2508999854326,16.477199969813228,8,12,12,0,0,16515072,50313217
FCWD1:0099,FCWD1,H8_warp,5.34331750869751,"[5.168611526489258, 5.6266093254089355, 5.34331750869751]",8,8,7,1,False,"[10710588, 10760640, 10810683, 10860736, 10910788, 10960831, 11010883, 11060936]",348,0.8513850965016686,237.52210004022345,409.06299999915063,38.6890999507159,685.27419999009,16.18229999439791,67.06199998734519,92.13340003043413,55.963999999221414,2.3809000267647207,1,3,1,2,2,16515072,8693154
FCWD1:0099,FCWD1,H8_warp_student,5.96408748626709,"[5.96408748626709, 6.233562469482422, 5.910006999969482]",8,8,7,1,False,"[10710588, 10760640, 10810683, 10860736, 10910788, 10960831, 11010883, 11060936]",348,0.8513850965016686,220.24059999966994,175.4499999806285,29.19959998689592,424.89019996719435,17.516200023237616,64.03660000069067,84.84590001171455,46.16500000702217,3.486400004476309,1,3,1,2,2,16515072,8693154
FCWD1:0100,FCWD1,H8_reference,5.312338352203369,"[4.883396625518799, 5.312338352203369, 5.4442548751831055]",8,8,0,8,False,"[10760979, 10810979, 10860979, 10910979, 10960979, 11010979, 11060979, 11110979]",0,1.0,1025.1500000013039,1892.9103999980725,46.23680002987385,2964.2972000292502,0.1599000534042716,146.86159999109805,459.7387000103481,393.2234999956563,16.945700044743717,8,12,12,0,0,16515072,50266195
FCWD1:0100,FCWD1,H8_warp,4.994633197784424,"[4.479084014892578, 4.994633197784424, 4.9952921867370605]",8,8,7,1,False,"[10760640, 10810683, 10860736, 10910788, 10960831, 11010883, 11060936, 11110979]",339,0.8351686087772716,226.06930002802983,380.6169999879785,30.24839999852702,636.9347000145353,26.235900004394352,72.708000021521,68.5626000049524,42.95049997745082,3.722699999343604,1,3,1,2,2,16515072,8553329
FCWD1:0100,FCWD1,H8_warp_student,5.34527063369751,"[5.322662353515625, 5.34527063369751, 5.3605499267578125]",8,8,7,1,False,"[10760640, 10810683, 10860736, 10910788, 10960831, 11010883, 11060936, 11110979]",339,0.8351686087772716,233.39980002492666,172.7126999758184,27.64960000058636,433.7621000013314,17.06939999712631,85.8009000075981,71.73570001032203,44.098999991547316,4.551700025331229,1,3,1,2,2,16515072,8553329
FCWD1:0101,FCWD1,H8_reference,5.6189961433410645,"[5.122105598449707, 5.6189961433410645, 5.671702861785889]",8,8,0,8,False,"[10811032, 10861032, 10911032, 10961032, 11011032, 11061032, 11111032, 11161032]",0,1.0,1160.0484999944456,1882.425100018736,40.35640001529828,3082.83000002848,0.13860000763088465,142.20890001161024,567.6762999501079,422.1766000264324,18.183100037276745,8,12,12,0,0,16515072,49215493
FCWD1:0101,FCWD1,H8_warp,5.1503729820251465,"[4.511220455169678, 5.229126930236816, 5.1503729820251465]",8,8,7,1,False,"[10810683, 10860736, 10910788, 10960831, 11010883, 11060936, 11110979, 11161032]",349,0.8280137463219605,196.8396999873221,363.22260001907125,27.54149999236688,587.6037999987602,16.11520000733435,72.30040000285953,67.43970001116395,36.65790002560243,0.8690999820828438,1,3,1,2,2,16515072,7976910
FCWD1:0101,FCWD1,H8_warp_student,5.906667232513428,"[5.906667232513428, 5.822022438049316, 5.939200401306152]",8,8,7,1,False,"[10810683, 10860736, 10910788, 10960831, 11010883, 11060936, 11110979, 11161032]",349,0.8280137463219605,207.9290000256151,164.05540000414476,37.11509995628148,409.09949998604134,20.34530002856627,73.19510000525042,64.80289995670319,40.664599975571036,5.323799967300147,1,3,1,2,2,16515072,7976910
FCWD1:0102,FCWD1,H8_reference,4.414120197296143,"[4.124979019165039, 4.414120197296143, 4.605777740478516]",8,8,0,8,False,"[10861084, 10911084, 10961084, 11011084, 11061084, 11111084, 11161084, 11211084]",0,1.0,1065.456099982839,2055.454000015743,29.241700016427785,3150.15180001501,0.1849000109359622,152.54869998898357,472.9603999876417,414.58899999270216,17.340200021862984,8,12,12,0,0,16515072,47801093
FCWD1:0102,FCWD1,H8_warp,4.195365905761719,"[3.677205801010132, 4.195365905761719, 4.2497663497924805]",8,8,7,1,False,"[10860736, 10910788, 10960831, 11010883, 11060936, 11110979, 11161032, 11211084]",348,0.8303126910647218,158.82489999057725,353.3066000090912,35.67300003487617,547.8045000345446,13.450099970214069,54.54849998932332,56.913600012194365,30.3878000122495,1.3066999963484704,1,3,1,2,2,16515072,6788321
FCWD1:0102,FCWD1,H8_warp_student,4.4630866050720215,"[4.4482502937316895, 4.4630866050720215, 4.541005611419678]",8,8,7,1,False,"[10860736, 10910788, 10960831, 11010883, 11060936, 11110979, 11161032, 11211084]",348,0.8303126910647218,203.56490003177896,159.95719999773428,29.862299968954176,393.3843999984674,18.73469998827204,72.05909996991977,65.00470003811643,40.724299964495,4.593099991325289,1,3,1,2,2,16515072,6788321
FCWD1:0103,FCWD1,H8_reference,5.637073993682861,"[5.637073993682861, 5.534354209899902, 5.902163505554199]",8,8,0,8,False,"[10911136, 10961136, 11011136, 11061136, 11111136, 11161136, 11211136, 11261136]",0,1.0,1255.4520000121556,2004.408999986481,33.04080001544207,3292.9018000140786,0.13379997108131647,171.62149999057874,574.7769000008702,487.13490000227466,12.723799969535321,8,12,12,0,0,16515072,49021200
FCWD1:0103,FCWD1,H8_warp,5.403940677642822,"[5.233491897583008, 5.403940677642822, 5.628385066986084]",8,8,7,1,False,"[10910788, 10960831, 11010883, 11060936, 11110979, 11161032, 11211084, 11261136]",348,0.8287064507925744,261.08889997703955,527.2172000259161,34.98699999181554,823.2930999947712,25.383200030773878,81.89349999884143,95.04509996622801,52.332299994304776,2.8019999735988677,1,3,1,2,2,16515072,8223835
FCWD1:0103,FCWD1,H8_warp_student,5.521543025970459,"[5.521543025970459, 5.395297050476074, 5.657580375671387]",8,8,7,1,False,"[10910788, 10960831, 11010883, 11060936, 11110979, 11161032, 11211084, 11261136]",348,0.8287064507925744,275.204399949871,174.95640000561252,49.46960002416745,499.630399979651,32.015200005844235,87.56309997988865,93.73999998206273,53.54940000688657,4.837899992708117,1,3,1,2,2,16515072,8223835
FCWD1:0104,FCWD1,H8_reference,5.262607097625732,"[5.262607097625732, 5.055061340332031, 5.557425498962402]",8,8,0,8,False,"[10961180, 11011180, 11061180, 11111180, 11161180, 11211180, 11261180, 11311180]",0,1.0,1338.4680000017397,2024.851399997715,41.44040000392124,3404.759800003376,0.1981999957934022,163.74689998338,626.9464999786578,520.4365000245161,16.89800003077835,8,12,12,0,0,16515072,50329928
FCWD1:0104,FCWD1,H8_warp,5.025944232940674,"[5.025944232940674, 4.97763729095459, 5.218662261962891]",8,8,7,1,False,"[10960831, 11010883, 11060936, 11110979, 11161032, 11211084, 11261136, 11311180]",349,0.814489301408682,275.3301999764517,445.09090000065044,53.38510003639385,773.806200013496,15.880400023888797,88.57080002781004,101.38899995945394,63.35909996414557,1.1003000545315444,1,3,1,2,2,16515072,8996621
FCWD1:0104,FCWD1,H8_warp_student,5.185919761657715,"[5.185919761657715, 5.020157814025879, 5.284465789794922]",8,8,7,1,False,"[10960831, 11010883, 11060936, 11110979, 11161032, 11211084, 11261136, 11311180]",349,0.814489301408682,279.69409996876493,167.09619999164715,40.469100000336766,487.25939996074885,20.39140003034845,78.97199998842552,109.19809999177232,62.568800000008196,4.926999972667545,1,3,1,2,2,16515072,8996621
FCWD1:0105,FCWD1,H8_reference,4.469791412353516,"[4.361462116241455, 4.469791412353516, 4.661649703979492]",8,8,0,8,False,"[11011232, 11061232, 11111232, 11161232, 11211232, 11261232, 11311232, 11361232]",0,1.0,1264.5379999885336,2142.866900016088,54.58100000396371,3461.9859000085853,0.14480005484074354,150.22110001882538,585.847299953457,497.22489999840036,20.618999958969653,8,12,12,0,0,16515072,50308610
FCWD1:0105,FCWD1,H8_warp,4.476084232330322,"[4.262598514556885, 4.476084232330322, 4.701930046081543]",8,8,7,1,False,"[11010883, 11060936, 11110979, 11161032, 11211084, 11261136, 11311180, 11361232]",349,0.8098032836950532,170.65009998623282,405.38090001791716,36.7351999739185,612.7661999780685,18.270300002768636,57.361099985428154,57.31689999811351,31.41739999409765,2.4677999899722636,1,3,1,2,2,16515072,6556560
FCWD1:0105,FCWD1,H8_warp_student,4.920418739318848,"[4.920418739318848, 4.854000091552734, 5.045858860015869]",8,8,7,1,False,"[11010883, 11060936, 11110979, 11161032, 11211084, 11261136, 11311180, 11361232]",349,0.8098032836950532,173.92860003747046,172.77689999900758,45.57839996414259,392.28390000062063,17.69649999914691,58.6283000302501,55.66680000629276,32.77170000365004,4.818499961402267,1,3,1,2,2,16515072,6556560
FCWD1:0106,FCWD1,H8_reference,4.3727850914001465,"[4.3302154541015625, 4.3727850914001465, 4.543426990509033]",8,8,0,8,False,"[11061284, 11111284, 11161284, 11211284, 11261284, 11311284, 11361284, 11411284]",0,1.0,1246.303599968087,1958.6053999955766,28.43200002098456,3233.340999984648,0.4067999543622136,133.56909999856725,549.1994999465533,534.0235999901779,19.89200001116842,8,12,12,0,0,16515072,50706716
FCWD1:0106,FCWD1,H8_warp,4.691285610198975,"[4.467286109924316, 4.691285610198975, 4.866723537445068]",8,8,7,1,False,"[11060936, 11110979, 11161032, 11211084, 11261136, 11311180, 11361232, 11411284]",348,0.8327682247517558,153.87119998922572,398.70479999808595,40.57700000703335,593.152999994345,13.35959997959435,62.285900057759136,45.78660003608093,29.06440000515431,1.171100011561066,1,3,1,2,2,16515072,6651862
FCWD1:0106,FCWD1,H8_warp_student,5.047003269195557,"[5.047003269195557, 4.929569244384766, 5.126931667327881]",8,8,7,1,False,"[11060936, 11110979, 11161032, 11211084, 11261136, 11311180, 11361232, 11411284]",348,0.8327682247517558,187.0638999971561,182.59839998790994,48.09390002628788,417.75620001135394,18.043900025077164,68.51020001340657,62.40819999948144,29.583600000478327,4.306000017095357,1,3,1,2,2,16515072,6651862
FCWD1:0107,FCWD1,H8_reference,4.073028087615967,"[3.9850051403045654, 4.073028087615967, 4.143983364105225]",8,8,0,8,False,"[11111328, 11161328, 11211328, 11261328, 11311328, 11361328, 11411328, 11461328]",0,1.0,1363.4812000091188,1981.6800000262447,46.90479999408126,3392.0660000294447,0.10950001887977123,174.8162999865599,658.3954999805428,505.23840001551434,15.580200008116663,8,12,12,0,0,16515072,51385458
FCWD1:0107,FCWD1,H8_warp,4.338251113891602,"[4.035560131072998, 4.338251113891602, 4.424233913421631]",8,8,7,1,False,"[11110979, 11161032, 11211084, 11261136, 11311180, 11361232, 11411284, 11461328]",349,0.8433184292186741,244.7493000072427,413.0246000131592,33.894099993631244,691.6680000140332,17.333999974653125,111.94600001908839,71.5240000281483,39.31399999419227,1.4036999782547355,1,3,1,2,2,16515072,8978499
FCWD1:0107,FCWD1,H8_warp_student,4.565405368804932,"[4.565405368804932, 4.540066719055176, 4.710630416870117]",8,8,7,1,False,"[11110979, 11161032, 11211084, 11261136, 11311180, 11361232, 11411284, 11461328]",349,0.8433184292186741,231.185499986168,170.15340004581958,49.1152000031434,450.454100035131,17.80739997047931,94.56739999586716,74.25189996138215,35.8299000072293,5.100599955767393,1,3,1,2,2,16515072,8978499
FCWD1:0108,FCWD1,H8_reference,4.338849067687988,"[4.338849067687988, 4.338621139526367, 4.533141613006592]",8,8,0,8,False,"[11161380, 11211380, 11261380, 11311380, 11361380, 11411380, 11461380, 11511380]",0,1.0,1405.4781000013463,2054.1019000229426,38.78210001857951,3498.3621000428684,0.19699998665601015,188.16730001708493,646.7640000046231,527.7788999956101,30.462099995929748,8,12,12,0,0,16515072,53827763
FCWD1:0108,FCWD1,H8_warp,4.566965103149414,"[4.439499855041504, 4.566965103149414, 4.771705150604248]",8,8,7,1,False,"[11161032, 11211084, 11261136, 11311180, 11361232, 11411284, 11461328, 11511380]",348,0.8664617798993003,304.79800002649426,423.5626999870874,43.63590001594275,771.9966000295244,25.849099969491363,96.50560002774,112.77690000133589,60.869399982038885,4.746300051920116,1,3,1,2,2,16515072,10642255
FCWD1:0108,FCWD1,H8_warp_student,5.27748441696167,"[5.27748441696167, 5.148657321929932, 5.346458911895752]",8,8,7,1,False,"[11161032, 11211084, 11261136, 11311180, 11361232, 11411284, 11461328, 11511380]",348,0.8664617798993003,319.8100999579765,180.49930001143366,44.647400034591556,544.9568000040017,20.51890001166612,110.84879998816177,117.45899997185916,61.220600036904216,5.342299991752952,1,3,1,2,2,16515072,10642255
FCWD1:0109,FCWD1,H8_reference,3.9498865604400635,"[3.9498865604400635, 3.8811118602752686, 3.9660441875457764]",8,8,0,8,False,"[11211432, 11261432, 11311432, 11361432, 11411432, 11461432, 11511432, 11561432]",0,1.0,1509.2167999828234,1934.1184999793768,40.13930005021393,3483.474600012414,0.14789996203035116,196.49559998651966,655.2395999897271,616.9450999586843,28.08989997720346,8,12,12,0,0,16515072,55118182
FCWD1:0109,FCWD1,H8_warp,4.322345733642578,"[4.287863731384277, 4.322345733642578, 4.558206558227539]",8,8,7,1,False,"[11211084, 11261136, 11311180, 11361232, 11411284, 11461328, 11511380, 11561432]",348,0.873286169218741,322.2891000332311,411.42959997523576,41.07740003382787,774.7961000422947,27.013099985197186,105.54930003127083,113.72530000517145,69.05190000543371,2.724899968598038,1,3,1,2,2,16515072,10615497
FCWD1:0109,FCWD1,H8_warp_student,4.688462257385254,"[4.688462257385254, 4.606998920440674, 4.763753414154053]",8,8,7,1,False,"[11211084, 11261136, 11311180, 11361232, 11411284, 11461328, 11511380, 11561432]",348,0.873286169218741,304.3481999775395,188.63390001934022,39.3659999826923,532.348099979572,19.30380001431331,93.60020002350211,110.38889997871593,73.47639999352396,4.5689999824389815,1,3,1,2,2,16515072,10615497
FCWD1:0110,FCWD1,H8_reference,3.230806827545166,"[3.1642932891845703, 3.230806827545166, 3.288705587387085]",8,8,0,8,False,"[11261476, 11311476, 11361476, 11411476, 11461476, 11511476, 11561476, 11611476]",0,1.0,1403.8020999869332,1963.5167000233196,40.5144999967888,3407.8333000070415,0.17879996448755264,167.36630001105368,625.3305999562144,580.2605000208132,18.03140004631132,8,12,12,0,0,16515072,54630758
FCWD1:0110,FCWD1,H8_warp,3.5450940132141113,"[3.4368934631347656, 3.5450940132141113, 3.729315757751465]",8,8,7,1,False,"[11261136, 11311180, 11361232, 11411284, 11461328, 11511380, 11561432, 11611476]",340,0.8748699464922711,207.0178000140004,393.6785000259988,38.61239994876087,639.30869998876,16.790299967397004,75.11540001723915,68.61070002196357,42.224999982863665,1.4239999582059681,1,3,1,2,2,16515072,8518411
FCWD1:0110,FCWD1,H8_warp_student,3.8270881175994873,"[3.8270881175994873, 3.7605175971984863, 3.9731640815734863]",8,8,7,1,False,"[11261136, 11311180, 11361232, 11411284, 11461328, 11511380, 11561432, 11611476]",340,0.8748699464922711,218.23930001119152,152.59839995997027,37.63420000905171,408.4718999802135,19.271900004241616,83.2073999918066,68.81889997748658,39.1245000064373,3.1428999500349164,1,3,1,2,2,16515072,8518411
FCWD1:0111,FCWD1,H8_reference,3.1033575534820557,"[3.1033575534820557, 3.0988881587982178, 3.182298421859741]",8,8,0,8,False,"[11311528, 11361528, 11411528, 11461528, 11511528, 11561528, 11611528, 11661528]",0,1.0,1334.48680001311,1925.392200006172,29.427999979816377,3289.3069999990985,0.15630002599209547,142.99309998750687,617.7121000364423,542.8611999959685,19.154999987222254,8,12,12,0,0,16515072,52794435
FCWD1:0111,FCWD1,H8_warp,3.2795023918151855,"[3.258166790008545, 3.2795023918151855, 3.458582639694214]",8,8,7,1,False,"[11311180, 11361232, 11411284, 11461328, 11511380, 11561432, 11611476, 11661528]",348,0.8611210858948578,161.72829997958615,362.44679999072105,27.601199981290847,551.776299951598,16.562100034207106,61.183599987998605,49.496599996928126,29.881900001782924,0.9728000150062144,1,3,1,2,2,16515072,6312933
FCWD1:0111,FCWD1,H8_warp_student,3.399425983428955,"[3.399425983428955, 3.3992292881011963, 3.5358989238739014]",8,8,7,1,False,"[11311180, 11361232, 11411284, 11461328, 11511380, 11561432, 11611476, 11661528]",348,0.8611210858948578,150.43689997401088,179.63500000769272,47.33169998507947,377.4035999667831,18.040800001472235,51.68469995260239,44.63970003416762,28.989500016905367,3.7103999638929963,1,3,1,2,2,16515072,6312933
FCWD1:0112,FCWD1,H8_reference,3.668977975845337,"[3.7864294052124023, 3.6249122619628906, 3.668977975845337]",8,8,0,8,False,"[11361580, 11411580, 11461580, 11511580, 11561580, 11611580, 11661580, 11711580]",0,1.0,1238.4898000163957,1900.6579000269994,34.545700007583946,3173.693400050979,0.14790002023801208,142.16129999840632,558.265500003472,504.38040000153705,22.78440003283322,8,12,12,0,0,16515072,51043877
FCWD1:0112,FCWD1,H8_warp,3.9197418689727783,"[3.9200832843780518, 3.7428741455078125, 3.9197418689727783]",8,8,7,1,False,"[11361232, 11411284, 11461328, 11511380, 11561432, 11611476, 11661528, 11711580]",348,0.83265625,139.64380003744736,384.9177999654785,27.663799992296845,552.2253999952227,26.692999992519617,49.33190002338961,33.99399999761954,24.702200025785714,1.5659999917261302,1,3,1,2,2,16515072,5123630
FCWD1:0112,FCWD1,H8_warp_student,4.153998374938965,"[4.153998374938965, 4.10921573638916, 4.177152633666992]",8,8,7,1,False,"[11361232, 11411284, 11461328, 11511380, 11561432, 11611476, 11661528, 11711580]",348,0.83265625,139.98440001159906,187.99299997044727,33.191700000315905,361.16909998236224,18.531200010329485,51.164800010155886,35.47419997630641,27.009000012185425,4.552200029138476,1,3,1,2,2,16515072,5123630
FCWD1:0113,FCWD1,H8_reference,3.5447909832000732,"[3.546602964401245, 3.4616246223449707, 3.5447909832000732]",8,8,0,8,False,"[11411623, 11461623, 11511623, 11561623, 11611623, 11661623, 11711623, 11761623]",0,1.0,1225.24290002184,1929.1165000176989,35.806500003673136,3190.165900043212,0.13780000153928995,148.27240002341568,546.1838999763131,490.937800030224,28.126199962571263,8,12,12,0,0,16515072,49716959
FCWD1:0113,FCWD1,H8_warp,3.5836424827575684,"[3.5836424827575684, 3.510270595550537, 3.590460777282715]",8,8,7,1,False,"[11411284, 11461328, 11511380, 11561432, 11611476, 11661528, 11711580, 11761623]",339,0.8055798172534265,154.98330001719296,393.3479000115767,44.44680002052337,592.778000049293,16.395100043155253,63.94939997699112,41.924400022253394,28.789600008167326,1.3135999906808138,1,3,1,2,2,16515072,5421334
FCWD1:0113,FCWD1,H8_warp_student,3.778231143951416,"[3.778231143951416, 3.7409965991973877, 3.8006632328033447]",8,8,7,1,False,"[11411284, 11461328, 11511380, 11561432, 11611476, 11661528, 11711580, 11761623]",339,0.8055798172534265,162.7137999748811,174.16170000797138,40.08140001678839,376.9568999996409,18.917899986263365,65.25609997333959,42.74020000593737,29.26640002988279,4.016600025352091,1,3,1,2,2,16515072,5421334
FCWD1:0114,FCWD1,H8_reference,3.5131874084472656,"[3.5131874084472656, 3.5087554454803467, 3.542038917541504]",8,8,0,8,False,"[11461676, 11511676, 11561676, 11611676, 11661676, 11711676, 11761676, 11811676]",0,1.0,1227.5976999662817,1904.3049000320025,39.3597999936901,3171.2623999919742,0.15759997768327594,140.7039999612607,554.1282000485808,501.8333999905735,20.257600001059473,8,12,12,0,0,16515072,49030125
FCWD1:0114,FCWD1,H8_warp,3.577131748199463,"[3.544248104095459, 3.577131748199463, 3.5857107639312744]",8,8,7,1,False,"[11461328, 11511380, 11561432, 11611476, 11661528, 11711580, 11761623, 11811676]",348,0.807815240374371,156.21710004052147,391.04289998067543,30.578100006096065,577.838100027293,15.306199959013611,54.28589996881783,48.80430002231151,32.65860001556575,2.1684999810531735,1,3,1,2,2,16515072,5905154
FCWD1:0114,FCWD1,H8_warp_student,3.926905393600464,"[3.926905393600464, 3.868668556213379, 3.955214738845825]",8,8,7,1,False,"[11461328, 11511380, 11561432, 11611476, 11661528, 11711580, 11761623, 11811676]",348,0.807815240374371,165.80279998015612,159.13949999958277,45.26470002019778,370.20699999993667,19.964199978858232,58.84939996758476,47.14760003844276,29.892000020481646,5.683400027919561,1,3,1,2,2,16515072,5905154
FCWD1:0115,FCWD1,H8_reference,3.3637335300445557,"[3.3637335300445557, 3.2992610931396484, 3.377476930618286]",8,8,0,8,False,"[11511728, 11561728, 11611728, 11661728, 11711728, 11761728, 11811728, 11861728]",0,1.0,1148.2179000158794,2028.1672999844886,39.39629998058081,3215.781499980949,0.15090004308149219,123.1446000165306,533.4518000017852,459.8087999620475,20.117899985052645,8,12,12,0,0,16515072,48474888
FCWD1:0115,FCWD1,H8_warp,3.444340944290161,"[3.444340944290161, 3.42980694770813, 3.5700795650482178]",8,8,7,1,False,"[11511380, 11561432, 11611476, 11661528, 11711580, 11761623, 11811676, 11861728]",348,0.81,162.93240000959486,422.78130003251135,44.05819997191429,629.7719000140205,14.573500026017427,54.534199996851385,50.2754999906756,38.73190004378557,1.353600004222244,1,3,1,2,2,16515072,5540283
FCWD1:0115,FCWD1,H8_warp_student,3.7300760746002197,"[3.7300760746002197, 3.7062644958496094, 3.8159241676330566]",8,8,7,1,False,"[11511380, 11561432, 11611476, 11661528, 11711580, 11761623, 11811676, 11861728]",348,0.81,165.99010000936687,197.86519999615848,48.743799969088286,412.59909997461364,19.2743000225164,55.23709999397397,50.19969999557361,33.229399996344,4.674999974668026,1,3,1,2,2,16515072,5540283
FCWD1:0116,FCWD1,H8_reference,3.8510825634002686,"[3.853811502456665, 3.696215867996216, 3.8510825634002686]",8,8,0,8,False,"[11561772, 11611772, 11661772, 11711772, 11761772, 11811772, 11861772, 11911772]",0,1.0,1050.1288000377826,1572.3337999661453,24.438000051304698,2646.9006000552326,0.1598999951966107,127.22559995017946,476.89260001061484,423.2864999794401,16.758799960371107,8,12,12,0,0,16515072,46439427
FCWD1:0116,FCWD1,H8_warp,3.9448907375335693,"[3.9448907375335693, 3.8403806686401367, 4.029980182647705]",8,8,7,1,False,"[11561432, 11611476, 11661528, 11711580, 11761623, 11811676, 11861728, 11911772]",340,0.8192754143948507,150.30090004438534,305.59820000780746,31.1818000045605,487.0809000567533,12.563100026454777,48.36580000119284,44.700599974021316,28.910499997437,1.6471000271849334,1,3,1,2,2,16515072,5662377
FCWD1:0116,FCWD1,H8_warp_student,4.241335391998291,"[4.241335391998291, 4.165919780731201, 4.28618049621582]",8,8,7,1,False,"[11561432, 11611476, 11661528, 11711580, 11761623, 11811676, 11861728, 11911772]",340,0.8192754143948507,146.71060000546277,135.12059999629855,27.302199974656105,309.1333999764174,16.882499970961362,47.47930000303313,46.71600001165643,29.021100024692714,3.722399997059256,1,3,1,2,2,16515072,5662377
FCWD1:0117,FCWD1,H8_reference,4.111708164215088,"[4.133711814880371, 3.9698314666748047, 4.111708164215088]",8,8,0,8,False,"[11611824, 11661824, 11711824, 11761824, 11811824, 11861824, 11911824, 11961824]",0,1.0,858.7737000198103,1538.2048999890685,29.86899996176362,2426.8475999706425,0.29990001348778605,106.41720000421628,369.780000008177,363.566699961666,13.689799990970641,8,12,12,0,0,16515072,45535656
FCWD1:0117,FCWD1,H8_warp,4.027472496032715,"[4.0318989753723145, 3.929417610168457, 4.027472496032715]",8,8,7,1,False,"[11611476, 11661528, 11711580, 11761623, 11811676, 11861728, 11911772, 11961824]",348,0.8212890625,161.86749999178573,265.43740002671257,25.50160000100732,452.8065000195056,12.99369998741895,49.87569997319952,46.99199995957315,28.45869999146089,1.8096000421792269,1,3,1,2,2,16515072,6084096
FCWD1:0117,FCWD1,H8_warp_student,4.422083854675293,"[4.449577808380127, 4.332988262176514, 4.422083854675293]",8,8,7,1,False,"[11611476, 11661528, 11711580, 11761623, 11811676, 11861728, 11911772, 11961824]",348,0.8212890625,146.51049999520183,121.89020001096651,31.160399958025664,299.561099964194,15.438100032042712,48.17730002105236,49.08460000297055,28.72509998269379,2.8180000372231007,1,3,1,2,2,16515072,6084096
FCWD1:0118,FCWD1,H8_reference,3.318030834197998,"[3.318030834197998, 3.2933313846588135, 3.318845272064209]",8,8,0,8,False,"[11661876, 11711876, 11761876, 11811876, 11861876, 11911876, 11961876, 12011876]",0,1.0,851.1691000312567,1782.3883999953978,25.733399961609393,2659.290899988264,0.16579998191446066,97.88449999177828,382.34570005442947,354.60339998826385,11.213999998290092,8,12,12,0,0,16515072,45918972
FCWD1:0118,FCWD1,H8_warp,3.3886892795562744,"[3.3867948055267334, 3.3886892795562744, 3.423753261566162]",8,8,7,1,False,"[11661528, 11711580, 11761623, 11811676, 11861728, 11911772, 11961824, 12011876]",348,0.823905325443787,140.47980000032112,304.1578000411391,32.348399981856346,476.9860000233166,11.32700004382059,45.34110001986846,47.773699974641204,31.619799963664263,1.1661999742500484,1,3,1,2,2,16515072,6013291
FCWD1:0118,FCWD1,H8_warp_student,3.825117588043213,"[3.825117588043213, 3.8066163063049316, 3.8547232151031494]",8,8,7,1,False,"[11661528, 11711580, 11761623, 11811676, 11861728, 11911772, 11961824, 12011876]",348,0.823905325443787,134.8553000134416,134.40879998961464,27.683399966917932,296.94749996997416,15.239499974995852,40.08629999589175,46.3591999723576,28.064999962225556,2.8451999532990158,1,3,1,2,2,16515072,6013291
FCWD1:0119,FCWD1,H8_reference,3.218329429626465,"[3.218329429626465, 3.1661946773529053, 3.241689920425415]",8,8,0,8,False,"[11711920, 11761920, 11811920, 11861920, 11911920, 11961920, 12011920, 12061920]",0,1.0,859.1493999701925,1435.1165000116453,22.234900039620697,2316.5008000214584,0.10880001354962587,96.84250003192574,383.50629998603836,358.28420001780614,14.517500007059425,8,12,12,0,0,16515072,44658796
FCWD1:0119,FCWD1,H8_warp,3.320808172225952,"[3.320808172225952, 3.3134799003601074, 3.38510799407959]",8,8,7,1,False,"[11711580, 11761623, 11811676, 11861728, 11911772, 11961824, 12011876, 12061920]",340,0.8202207191171236,145.0188000453636,302.7301999973133,217.95159997418523,665.7006000168622,12.324099952820688,55.724100035149604,39.537200005725026,24.721599998883903,1.102500013075769,1,3,1,2,2,16515072,5759991
FCWD1:0119,FCWD1,H8_warp_student,3.6184566020965576,"[3.6083879470825195, 3.6184566020965576, 3.6535768508911133]",8,8,7,1,False,"[11711580, 11761623, 11811676, 11861728, 11911772, 11961824, 12011876, 12061920]",340,0.8202207191171236,133.2346000126563,121.82040000334382,24.55449994886294,279.60949996486306,14.118799997959286,45.01259996322915,41.64339997805655,26.95510000921786,3.3718000049702823,1,3,1,2,2,16515072,5759991
FCWD1:0120,FCWD1,H8_reference,2.979785680770874,"[3.003679037094116, 2.9117517471313477, 2.979785680770874]",8,8,0,8,False,"[11761972, 11811972, 11861972, 11911972, 11961972, 12011972, 12061972, 12111972]",0,1.0,798.4386999742128,1470.3944000066258,23.72350002406165,2292.5566000049002,0.15269999857991934,107.28009999729693,355.5575999780558,315.9528999822214,12.632299971301109,8,12,12,0,0,16515072,42857153
FCWD1:0120,FCWD1,H8_warp,3.1235945224761963,"[3.1235945224761963, 3.068927049636841, 3.125579833984375]",8,8,7,1,False,"[11761623, 11811676, 11861728, 11911772, 11961824, 12011876, 12061920, 12111972]",349,0.8227636433990686,163.1574999773875,257.19869998283684,23.278100008610636,443.63429996883497,21.478000038769096,47.53869998967275,46.699300000909716,27.04499999526888,3.014400019310415,1,3,1,2,2,16515072,5922324
FCWD1:0120,FCWD1,H8_warp_student,3.238616943359375,"[3.238616943359375, 3.2361419200897217, 3.2764272689819336]",8,8,7,1,False,"[11761623, 11811676, 11861728, 11911772, 11961824, 12011876, 12061920, 12111972]",349,0.8227636433990686,131.32040004711598,122.84119997639209,24.036400020122528,278.1980000436306,14.163799991365522,47.76999994646758,38.89249998610467,25.281599955633283,2.5508999824523926,1,3,1,2,2,16515072,5922324
FCWD1:0121,FCWD1,H8_reference,2.821007013320923,"[2.824079751968384, 2.798994779586792, 2.821007013320923]",8,8,0,8,False,"[11812024, 11862024, 11912024, 11962024, 12012024, 12062024, 12112024, 12162024]",0,1.0,801.1129000224173,1436.240600014571,31.10159997595474,2268.455100012943,0.229199999012053,95.58399999514222,341.0625999676995,346.62850003223866,11.598600016441196,8,12,12,0,0,16515072,40976052
FCWD1:0121,FCWD1,H8_warp,2.902667284011841,"[2.883794069290161, 2.902667284011841, 2.9127678871154785]",8,8,7,1,False,"[11811676, 11861728, 11911772, 11961824, 12011876, 12061920, 12111972, 12162024]",348,0.81859410430839,165.58389994315803,291.7046000366099,25.930600007995963,483.2190999877639,29.67059996444732,48.37920004501939,53.31559997284785,29.898199951276183,1.7177999834530056,1,3,1,2,2,16515072,6944109
FCWD1:0121,FCWD1,H8_warp_student,3.1349096298217773,"[3.1349096298217773, 3.126085042953491, 3.163428783416748]",8,8,7,1,False,"[11811676, 11861728, 11911772, 11961824, 12011876, 12061920, 12111972, 12162024]",348,0.81859410430839,152.93510002084076,137.65310001326725,29.003400006331503,319.5916000404395,13.82350001949817,49.93789998115972,52.824300015345216,31.633099948521703,3.0510000069625676,1,3,1,2,2,16515072,6944109
FCWD1:0122,FCWD1,H8_reference,2.836923360824585,"[2.836923360824585, 2.799591541290283, 2.8411576747894287]",8,8,0,8,False,"[11862067, 11912067, 11962067, 12012067, 12062067, 12112067, 12162067, 12212067]",0,1.0,841.1263999878429,1627.1408000029624,21.512300008907914,2489.779499999713,0.10330002987757325,107.83799999626353,364.4837999599986,350.8580999914557,11.738199973478913,8,12,12,0,0,16515072,40072689
FCWD1:0122,FCWD1,H8_warp,2.9763283729553223,"[2.9763283729553223, 2.9408767223358154, 2.9960391521453857]",8,8,7,1,False,"[11861728, 11911772, 11961824, 12011876, 12061920, 12111972, 12162024, 12212067]",339,0.8087055535427773,195.21619996521622,290.14510003617033,23.330399999395013,508.69170000078157,11.440900037996471,55.44730002293363,76.58140000421554,48.37289999704808,0.999300042167306,1,3,1,2,2,16515072,7823995
FCWD1:0122,FCWD1,H8_warp_student,3.0826785564422607,"[3.0826785564422607, 3.0484976768493652, 3.0860958099365234]",8,8,7,1,False,"[11861728, 11911772, 11961824, 12011876, 12061920, 12111972, 12162024, 12212067]",339,0.8087055535427773,243.34390001604334,271.29609999246895,31.973999983165413,546.6139999916777,14.725000015459955,61.55919999582693,94.56429997226223,58.359700022265315,9.692300052847713,1,3,1,2,2,16515072,7823995
FCWD1:0123,FCWD1,H8_reference,2.7080020904541016,"[2.7080020904541016, 2.6616063117980957, 2.717363119125366]",8,8,0,8,False,"[11912120, 11962120, 12012120, 12062120, 12112120, 12162120, 12212120, 12262120]",0,1.0,955.939200008288,1564.0066000050865,34.91659997962415,2554.8623999929987,0.13459997717291117,167.18779999064282,390.9191999700852,376.11160002416,13.575299992226064,8,12,12,0,0,16515072,39735086
FCWD1:0123,FCWD1,H8_warp,2.8496813774108887,"[2.8496813774108887, 2.8032000064849854, 2.8615756034851074]",8,8,7,1,False,"[11911772, 11961824, 12011876, 12061920, 12111972, 12162024, 12212067, 12262120]",348,0.8049016649061919,229.12740003084764,282.66919997986406,40.57820001617074,552.3748000268824,13.767199998255819,56.46709998836741,102.1397999720648,52.701600012369454,1.094200008083135,1,3,1,2,2,16515072,7281559
FCWD1:0123,FCWD1,H8_warp_student,2.942368268966675,"[2.9426162242889404, 2.9143528938293457, 2.942368268966675]",8,8,7,1,False,"[11911772, 11961824, 12011876, 12061920, 12111972, 12162024, 12212067, 12262120]",348,0.8049016649061919,201.29150000866503,142.7224999642931,23.515500011853874,367.529499984812,14.621699985582381,49.71370002022013,81.66580001125112,47.7062999852933,3.599399991799146,1,3,1,2,2,16515072,7281559
FCWD1:0124,FCWD1,H8_reference,2.9887173175811768,"[3.0450117588043213, 2.921025276184082, 2.9887173175811768]",8,8,0,8,False,"[11962172, 12012172, 12062172, 12112172, 12162172, 12212172, 12262172, 12312172]",0,1.0,924.9439999694005,1581.7909000325017,29.344899987336248,2536.0797999892384,0.1162000116892159,116.22379999607801,403.2139000482857,380.8009999920614,16.77940000081435,8,12,12,0,0,16515072,39883496
FCWD1:0124,FCWD1,H8_warp,3.0745537281036377,"[3.101315975189209, 3.035891056060791, 3.0745537281036377]",8,8,7,1,False,"[11961824, 12011876, 12061920, 12111972, 12162024, 12212067, 12262120, 12312172]",348,0.7956391360827496,139.5063999807462,328.3075999934226,42.37570002442226,510.1896999985911,13.902999984566122,46.72250000294298,43.88810001546517,31.217999989166856,1.1951999622397125,1,3,1,2,2,16515072,6127446
FCWD1:0124,FCWD1,H8_warp_student,3.1276190280914307,"[3.193958282470703, 3.1272549629211426, 3.1276190280914307]",8,8,7,1,False,"[11961824, 12011876, 12061920, 12111972, 12162024, 12212067, 12262120, 12312172]",348,0.7956391360827496,202.80420000199229,141.1019999650307,27.760100027080625,371.6662999941036,17.597600002773106,81.96749998023733,59.282900008838624,37.41180000361055,4.276200023014098,1,3,1,2,2,16515072,6127446
FCWD1:0125,FCWD1,H8_reference,2.870373010635376,"[2.9009363651275635, 2.8086585998535156, 2.870373010635376]",8,8,0,8,False,"[12012216, 12062216, 12112216, 12162216, 12212216, 12262216, 12312216, 12362216]",0,1.0,945.7006999873556,1495.3941000276245,27.875699975993484,2468.9704999909736,0.20160002168267965,116.26660003094003,406.56179998768494,388.6517999926582,26.205899950582534,8,12,12,0,0,16515072,40558396
FCWD1:0125,FCWD1,H8_warp,2.8961877822875977,"[2.9211525917053223, 2.881042242050171, 2.8961877822875977]",8,8,7,1,False,"[12011876, 12061920, 12111972, 12162024, 12212067, 12262120, 12312172, 12362216]",340,0.7982900532587003,153.4533000085503,282.0534000056796,25.504700024612248,461.0114000388421,12.643399997614324,56.313800043426454,40.326999966055155,39.22269999748096,2.5289999903179705,1,3,1,2,2,16515072,5945852
FCWD1:0125,FCWD1,H8_warp_student,2.963423252105713,"[3.028465747833252, 2.963423252105713, 2.9562103748321533]",8,8,7,1,False,"[12011876, 12061920, 12111972, 12162024, 12212067, 12262120, 12312172, 12362216]",340,0.7982900532587003,150.580000015907,135.18039998598397,29.07950000371784,314.8399000056088,16.61190000595525,52.5467999977991,42.29890002170578,32.03070000745356,4.70399996265769,1,3,1,2,2,16515072,5945852
FCWD1:0126,FCWD1,H8_reference,2.8740928173065186,"[2.922329902648926, 2.8169918060302734, 2.8740928173065186]",8,8,0,8,False,"[12062268, 12112268, 12162268, 12212268, 12262268, 12312268, 12362268, 12412268]",0,1.0,965.6982999877073,1509.612800029572,23.39919999940321,2498.7103000166826,0.109699962195009,126.83919997652993,423.51110000163317,386.59589999588206,19.27859999705106,8,12,12,0,0,16515072,40877095
FCWD1:0126,FCWD1,H8_warp,2.856668472290039,"[2.8695571422576904, 2.823280096054077, 2.856668472290039]",8,8,7,1,False,"[12061920, 12111972, 12162024, 12212067, 12262120, 12312172, 12362216, 12412268]",348,0.8069520252800919,144.11809999728575,260.01889997860417,23.121500038541853,427.2585000144318,12.037300039082766,51.0688999784179,47.37120005302131,30.477299995254725,1.5113000408746302,1,3,1,2,2,16515072,6438699
FCWD1:0126,FCWD1,H8_warp_student,2.877483367919922,"[2.930065870285034, 2.8669631481170654, 2.877483367919922]",8,8,7,1,False,"[12061920, 12111972, 12162024, 12212067, 12262120, 12312172, 12362216, 12412268]",348,0.8069520252800919,151.65360004175454,141.59039995865896,35.023100033868104,328.2671000342816,13.869499962311238,51.313100033439696,46.726300031878054,31.925999966915697,3.8514999905601144,1,3,1,2,2,16515072,6438699
FCWD1:0127,FCWD1,H8_reference,3.0408687591552734,"[3.1189701557159424, 2.9811739921569824, 3.0408687591552734]",8,8,0,8,False,"[12112320, 12162320, 12212320, 12262320, 12312320, 12362320, 12412320, 12462320]",0,1.0,1188.5112000163645,1592.5335999927483,26.21550002368167,2807.2603000327945,0.11929997708648443,119.74280001595616,603.7412000005133,422.7814999758266,30.797299987170845,8,12,12,0,0,16515072,41264236
FCWD1:0127,FCWD1,H8_warp,3.0906968116760254,"[3.1525347232818604, 3.0393052101135254, 3.0906968116760254]",8,8,7,1,False,"[12111972, 12162024, 12212067, 12262120, 12312172, 12362216, 12412268, 12462320]",348,0.8040111111111111,173.05800004396588,293.26740000396967,23.804500000551343,490.1299000484869,19.42949998192489,56.68909999076277,57.65420000534505,34.22460000729188,3.383799979928881,1,3,1,2,2,16515072,6623659
FCWD1:0127,FCWD1,H8_warp_student,3.0787479877471924,"[3.1673169136047363, 3.065314292907715, 3.0787479877471924]",8,8,7,1,False,"[12111972, 12162024, 12212067, 12262120, 12312172, 12362216, 12412268, 12462320]",348,0.8040111111111111,163.25020004296675,137.82899995567277,32.049300032667816,333.12850003130734,17.754399974364787,52.705699985381216,52.82679997617379,34.513099992182106,3.7729000323452055,1,3,1,2,2,16515072,6623659
FCWD1:0128,FCWD1,H8_reference,3.0128173828125,"[3.0841152667999268, 2.9340691566467285, 3.0128173828125]",8,8,0,8,False,"[12162364, 12212364, 12262364, 12312364, 12362364, 12412364, 12462364, 12512364]",0,1.0,1033.2211999921128,1715.1658000075258,33.92850002273917,2782.315500022378,0.10699999984353781,127.03829997917637,439.8662999738008,429.9708000035025,26.752799982205033,8,12,12,0,0,16515072,42359359
FCWD1:0128,FCWD1,H8_warp,3.0848731994628906,"[3.1771039962768555, 3.0801093578338623, 3.0848731994628906]",8,8,7,1,False,"[12162024, 12212067, 12262120, 12312172, 12362216, 12412268, 12462320, 12512364]",340,0.8064512638504155,188.81710001733154,315.2091999654658,33.83080003550276,537.8571000183001,13.884400017559528,53.96859999746084,69.85169998370111,47.0735999988392,1.580699987243861,1,3,1,2,2,16515072,7003201
FCWD1:0128,FCWD1,H8_warp_student,3.2340354919433594,"[3.3567001819610596, 3.224534511566162, 3.2340354919433594]",8,8,7,1,False,"[12162024, 12212067, 12262120, 12312172, 12362216, 12412268, 12462320, 12512364]",340,0.8064512638504155,199.1307000280358,138.08200001949444,25.142099999357015,362.35480004688725,14.72119998652488,55.49230001633987,76.77500002318993,45.59299995889887,3.234200004953891,1,3,1,2,2,16515072,7003201
FCWD1:0129,FCWD1,H8_reference,2.8254032135009766,"[2.863126039505005, 2.6975953578948975, 2.8254032135009766]",8,8,0,8,False,"[12212416, 12262416, 12312416, 12362416, 12412416, 12462416, 12512416, 12562416]",0,1.0,1062.205099966377,1536.1353000043891,38.8389999861829,2637.179399956949,0.1107999705709517,120.33639999572188,471.4982999721542,438.66859999252483,19.408599997404963,8,12,12,0,0,16515072,43403737
FCWD1:0129,FCWD1,H8_warp,2.8969712257385254,"[2.947293996810913, 2.8402342796325684, 2.8969712257385254]",8,8,7,1,False,"[12212067, 12262120, 12312172, 12362216, 12412268, 12462320, 12512364, 12562416]",349,0.8094175804610342,233.06580004282296,257.12089997250587,25.337300030514598,515.5240000458434,19.531500001903623,62.9143999540247,87.1025999658741,56.48170004133135,3.944500000216067,1,3,1,2,2,16515072,7787071
FCWD1:0129,FCWD1,H8_warp_student,2.9748802185058594,"[3.0298681259155273, 2.944218158721924, 2.9748802185058594]",8,8,7,1,False,"[12212067, 12262120, 12312172, 12362216, 12412268, 12462320, 12512364, 12562416]",349,0.8094175804610342,237.19170002732426,142.77409994974732,26.371700048912317,406.3375000259839,22.020199976395816,68.15939996158704,84.57100001396611,54.86179998842999,4.033599980175495,1,3,1,2,2,16515072,7787071
FCWD1:0130,FCWD1,H8_reference,2.8268892765045166,"[2.874117851257324, 2.6910688877105713, 2.8268892765045166]",8,8,0,8,False,"[12262468, 12312468, 12362468, 12412468, 12462468, 12512468, 12562468, 12612468]",0,1.0,1049.4771000230685,1465.8527999999933,24.16779997292906,2539.497699995991,0.10539998766034842,130.40190003812313,438.4783999994397,459.43559997249395,12.322199996560812,8,12,12,0,0,16515072,44470147
FCWD1:0130,FCWD1,H8_warp,2.984225273132324,"[3.061246395111084, 2.9152369499206543, 2.984225273132324]",8,8,7,1,False,"[12262120, 12312172, 12362216, 12412268, 12462320, 12512364, 12562416, 12612468]",348,0.8117261582745562,209.02959996601567,259.4554999959655,25.65690001938492,494.1419999813661,11.488599993754178,57.24059999920428,87.10369997425005,47.640400007367134,1.0142999817617238,1,3,1,2,2,16515072,8187642
FCWD1:0130,FCWD1,H8_warp_student,3.0525941848754883,"[3.1121091842651367, 3.02194881439209, 3.0525941848754883]",8,8,7,1,False,"[12262120, 12312172, 12362216, 12412268, 12462320, 12512364, 12562416, 12612468]",348,0.8117261582745562,206.3617999665439,124.08090004464611,23.814899963326752,354.2575999745168,13.155499997083098,55.495599983260036,85.03499999642372,47.550100018270314,2.768100006505847,1,3,1,2,2,16515072,8187642
FCWD1:0131,FCWD1,H8_reference,3.068422555923462,"[3.1563942432403564, 2.9511537551879883, 3.068422555923462]",8,8,0,8,False,"[12312520, 12362520, 12412520, 12462520, 12512520, 12562520, 12612520, 12662520]",0,1.0,1024.405000032857,1628.9766000118107,33.71809999225661,2687.0997000369243,0.11590000940486789,99.2532999953255,445.8975000306964,457.407699956093,13.508100004401058,8,12,12,0,0,16515072,44933074
FCWD1:0131,FCWD1,H8_warp,3.142139434814453,"[3.2273263931274414, 3.090848445892334, 3.142139434814453]",8,8,7,1,False,"[12312172, 12362216, 12412268, 12462320, 12512364, 12562416, 12612468, 12662520]",348,0.8094358349465905,208.40760000282899,264.7171000135131,24.820099992211908,497.944800008554,16.327899997122586,51.17660004179925,87.28839998366311,48.43339999206364,1.4028999721631408,1,3,1,2,2,16515072,7547337
FCWD1:0131,FCWD1,H8_warp_student,3.1654269695281982,"[3.2414777278900146, 3.1540279388427734, 3.1654269695281982]",8,8,7,1,False,"[12312172, 12362216, 12412268, 12462320, 12512364, 12562416, 12612468, 12662520]",348,0.8094358349465905,300.93639995902777,119.594199990388,23.586300027091056,444.11689997650683,14.989999996032566,47.05819999799132,81.88940002582967,151.76640002755448,2.9323999769985676,1,3,1,2,2,16515072,7547337
FCWD1:0132,FCWD1,H8_reference,2.865377902984619,"[2.927154064178467, 2.7904045581817627, 2.865377902984619]",8,8,0,8,False,"[12362564, 12412564, 12462564, 12512564, 12562564, 12612564, 12662564, 12712564]",0,1.0,1040.6282999902032,1400.9865000261925,25.043100002221763,2466.6579000186175,0.11660001473501325,107.67469997517765,470.14270001091063,443.71849996969104,12.081299966666847,8,12,12,0,0,16515072,45655948
FCWD1:0132,FCWD1,H8_warp,2.9115548133850098,"[2.968994379043579, 2.883237838745117, 2.9115548133850098]",8,8,7,1,False,"[12362216, 12412268, 12462320, 12512364, 12562416, 12612468, 12662520, 12712564]",348,0.8017136094674556,205.33000002615154,249.19090000912547,22.26709999376908,476.7880000290461,13.674199988599867,57.87389999022707,68.59189999522641,40.587699972093105,1.4727999805472791,1,3,1,2,2,16515072,6959409
FCWD1:0132,FCWD1,H8_warp_student,3.0048763751983643,"[3.0538442134857178, 2.987874984741211, 3.0048763751983643]",8,8,7,1,False,"[12362216, 12412268, 12462320, 12512364, 12562416, 12612468, 12662520, 12712564]",348,0.8017136094674556,174.50690001714975,120.4141000052914,24.678300018422306,319.59930004086345,12.925799994263798,49.53889996977523,68.23559995973483,38.63330004969612,2.8215000056661665,1,3,1,2,2,16515072,6959409
FCWD1:0133,FCWD1,H8_reference,2.707603931427002,"[2.7563846111297607, 2.693250894546509, 2.707603931427002]",8,8,0,8,False,"[12412616, 12462616, 12512616, 12562616, 12612616, 12662616, 12712616, 12762616]",0,1.0,1012.4811999849044,1518.5429999837652,23.83930003270507,2554.8635000013746,0.10379997547715902,102.76239999802783,440.15089998720214,450.24109998485073,12.560200004372746,8,12,12,0,0,16515072,46222286
FCWD1:0133,FCWD1,H8_warp,2.8242413997650146,"[2.8624956607818604, 2.8227529525756836, 2.8242413997650146]",8,8,7,1,False,"[12412268, 12462320, 12512364, 12562416, 12612468, 12662520, 12712564, 12762616]",348,0.7895285963129627,179.1244000196457,245.8300000289455,21.95149997714907,446.90590002574027,11.602599988691509,55.92020001495257,66.92010001279414,40.16909998608753,1.046899997163564,1,3,1,2,2,16515072,7210380
FCWD1:0133,FCWD1,H8_warp_student,2.8233237266540527,"[2.847825288772583, 2.8021302223205566, 2.8233237266540527]",8,8,7,1,False,"[12412268, 12462320, 12512364, 12562416, 12612468, 12662520, 12712564, 12762616]",348,0.7895285963129627,186.09360000118613,118.12030000146478,20.93040000181645,325.14430000446737,13.267600035760552,50.25339999701828,73.62400001147762,43.29649999272078,3.1378999701701105,1,3,1,2,2,16515072,7210380
FCWD1:0134,FCWD1,H8_reference,2.7949841022491455,"[2.840289354324341, 2.7841994762420654, 2.7949841022491455]",8,8,0,8,False,"[12462669, 12512669, 12562669, 12612669, 12662669, 12712669, 12762669, 12812669]",0,1.0,1002.1655000164174,1378.3048000186682,24.107599980197847,2404.5779000152834,0.15579996397718787,96.83339996263385,443.2060000253841,444.8018999537453,10.618200001772493,8,12,12,0,0,16515072,46098356
FCWD1:0134,FCWD1,H8_warp,2.92199969291687,"[2.951321601867676, 2.92199969291687, 2.901628255844116]",8,8,7,1,False,"[12462320, 12512364, 12562416, 12612468, 12662520, 12712564, 12762616, 12812669]",349,0.7877875424529953,173.70889999438077,239.35790004907176,22.91879995027557,435.9855999937281,11.619099997915328,47.32370004057884,70.25389996124431,41.1902999621816,1.1009000008925796,1,3,1,2,2,16515072,7372322
FCWD1:0134,FCWD1,H8_warp_student,2.9791228771209717,"[3.0279529094696045, 2.978118896484375, 2.9791228771209717]",8,8,7,1,False,"[12462320, 12512364, 12562416, 12612468, 12662520, 12712564, 12762616, 12812669]",349,0.7877875424529953,175.21580000175163,129.18460002401844,24.47169995866716,328.8720999844372,13.387099956162274,46.14309995668009,70.60989999445155,40.03299999749288,2.7358000515960157,1,3,1,2,2,16515072,7372322
FCWD1:0135,FCWD1,H8_reference,2.7506630420684814,"[2.7892913818359375, 2.721970796585083, 2.7506630420684814]",8,8,0,8,False,"[12512712, 12562712, 12612712, 12662712, 12712712, 12762712, 12812712, 12862712]",0,1.0,1019.9120999895968,1321.862799988594,22.32350001577288,2364.0983999939635,0.10070001007989049,103.64379995735362,438.5013999999501,460.1566000492312,11.15779997780919,8,12,12,0,0,16515072,45724424
FCWD1:0135,FCWD1,H8_warp,2.8129429817199707,"[2.835360527038574, 2.8089399337768555, 2.8129429817199707]",8,8,7,1,False,"[12512364, 12562416, 12612468, 12662520, 12712564, 12762616, 12812669, 12862712]",348,0.7809626825310979,177.76220000814646,247.37350002396852,20.526599953882396,445.6622999859974,10.849299957044423,47.93719999724999,74.65789996786043,40.58409994468093,0.8861999958753586,1,3,1,2,2,16515072,7313315
FCWD1:0135,FCWD1,H8_warp_student,2.876002788543701,"[2.91764760017395, 2.8717098236083984, 2.876002788543701]",8,8,7,1,False,"[12512364, 12562416, 12612468, 12662520, 12712564, 12762616, 12812669, 12862712]",348,0.7809626825310979,179.57980005303398,122.84799996996298,20.435200014617294,322.86300003761426,13.319299963768572,48.435899952892214,72.49329995829612,40.430900000501424,2.6564000290818512,1,3,1,2,2,16515072,7313315
FCWD1:0136,FCWD1,H8_reference,2.7044150829315186,"[2.76190447807312, 2.702744245529175, 2.7044150829315186]",8,8,0,8,False,"[12562764, 12612764, 12662764, 12712764, 12762764, 12812764, 12862764, 12912764]",0,1.0,1061.7989000165835,1434.2880999902263,26.555799995549023,2522.642800002359,0.10110001312568784,98.14570000162348,458.7331999791786,487.19830001937225,11.04100001975894,8,12,12,0,0,16515072,45943061
FCWD1:0136,FCWD1,H8_warp,2.8214335441589355,"[2.850618600845337, 2.8009002208709717, 2.8214335441589355]",8,8,7,1,False,"[12562416, 12612468, 12662520, 12712564, 12762616, 12812669, 12862712, 12912764]",348,0.7794367346938775,179.5762000256218,256.27329997951165,33.06039999006316,468.9098999951966,11.678699986077845,45.31299998052418,74.70180001109838,44.0214000409469,1.0861000046133995,1,3,1,2,2,16515072,7118750
FCWD1:0136,FCWD1,H8_warp_student,2.790945291519165,"[2.8262197971343994, 2.773862361907959, 2.790945291519165]",8,8,7,1,False,"[12562416, 12612468, 12662520, 12712564, 12762616, 12812669, 12862712, 12912764]",348,0.7794367346938775,204.39339999575168,113.42949996469542,102.44770004646853,420.27060000691563,15.847600006964058,56.31730001186952,79.7197999781929,47.49249998712912,2.6252000243403018,1,3,1,2,2,16515072,7118750
FCWD1:0137,FCWD1,H8_reference,2.735964775085449,"[2.7716546058654785, 2.656752586364746, 2.735964775085449]",8,8,0,8,False,"[12612817, 12662817, 12712817, 12762817, 12812817, 12862817, 12912817, 12962817]",0,1.0,1092.5847999751568,1516.6127000120468,35.09920003125444,2644.296700018458,0.14479999663308263,100.7681000046432,476.06650000670925,497.52299999818206,11.158999986946583,8,12,12,0,0,16515072,46657197
FCWD1:0137,FCWD1,H8_warp,2.843195676803589,"[2.8725366592407227, 2.8055789470672607, 2.843195676803589]",8,8,7,1,False,"[12612468, 12662520, 12712564, 12762616, 12812669, 12862712, 12912764, 12962817]",349,0.7730163489458401,215.19829996395856,298.81980002392083,33.02530001383275,547.0434000017121,25.716600008308887,48.225700040347874,83.74400000320747,50.115999998524785,3.223000036086887,1,3,1,2,2,16515072,7067427
FCWD1:0137,FCWD1,H8_warp_student,2.7978005409240723,"[2.837324380874634, 2.774617910385132, 2.7978005409240723]",8,8,7,1,False,"[12612468, 12662520, 12712564, 12762616, 12812669, 12862712, 12912764, 12962817]",349,0.7730163489458401,220.501100004185,116.17130000377074,30.846700014080852,367.5191000220366,15.017800033092499,52.947299962397665,94.20219995081425,50.98070000531152,3.5914999898523092,1,3,1,2,2,16515072,7067427
FCWD1:0138,FCWD1,H8_reference,2.656027317047119,"[2.6888861656188965, 2.559537887573242, 2.656027317047119]",8,8,0,8,False,"[12662860, 12712860, 12762860, 12812860, 12862860, 12912860, 12962860, 13012860]",0,1.0,1153.3873000298627,1398.1320000020787,21.798099973239005,2573.3174000051804,0.10240002302452922,97.22980001242831,493.9453999977559,545.1010999968275,9.220600011758506,8,12,12,0,0,16515072,47178621
FCWD1:0138,FCWD1,H8_warp,2.7206618785858154,"[2.7462480068206787, 2.694451093673706, 2.7206618785858154]",8,8,7,1,False,"[12662520, 12712564, 12762616, 12812669, 12862712, 12912764, 12962817, 13012860]",340,0.7808488271268637,204.7772000078112,251.91590003669262,23.58689997345209,480.2800000179559,10.980400023981929,45.77269998844713,83.35049997549504,60.183699999470264,1.630100014153868,1,3,1,2,2,16515072,7191561
FCWD1:0138,FCWD1,H8_warp_student,2.6373534202575684,"[2.657642126083374, 2.6000497341156006, 2.6373534202575684]",8,8,7,1,False,"[12662520, 12712564, 12762616, 12812669, 12862712, 12912764, 12962817, 13012860]",340,0.7808488271268637,206.10940002370626,105.89669999899343,21.409699984360486,333.41580000706017,13.668200001120567,50.951800018083304,80.8798000216484,55.58399995788932,2.584100002422929,1,3,1,2,2,16515072,7191561
FCWD1:0139,FCWD1,H8_reference,2.5816988945007324,"[2.616271734237671, 2.5090043544769287, 2.5816988945007324]",8,8,0,8,False,"[12712912, 12762912, 12812912, 12862912, 12912912, 12962912, 13012912, 13062912]",0,1.0,1231.099600030575,1355.6483999709599,21.112099988386035,2607.860099989921,0.10730000212788582,104.3296999996528,568.0910999653861,539.9223000276834,10.492200031876564,8,12,12,0,0,16515072,47868685
FCWD1:0139,FCWD1,H8_warp,2.614839792251587,"[2.6294217109680176, 2.598626136779785, 2.614839792251587]",8,8,7,1,False,"[12712564, 12762616, 12812669, 12862712, 12912764, 12962817, 13012860, 13062912]",348,0.7842140041131792,222.99760003807023,261.7138999630697,25.478299998212606,510.18979999935254,22.2405000240542,49.92140003014356,86.59929997520521,59.34560002060607,0.9391000494360924,1,3,1,2,2,16515072,7666082
FCWD1:0139,FCWD1,H8_warp_student,2.5319783687591553,"[2.5434603691101074, 2.485098361968994, 2.5319783687591553]",8,8,7,1,False,"[12712564, 12762616, 12812669, 12862712, 12912764, 12962817, 13012860, 13062912]",348,0.7842140041131792,223.0866000172682,108.53219998534769,23.787999991327524,355.4067999939434,12.524900026619434,54.088099976070225,89.84020003117621,60.38919999264181,2.6638999697752297,1,3,1,2,2,16515072,7666082
FCWD1:0140,FCWD1,H8_reference,2.501528739929199,"[2.534069299697876, 2.430652618408203, 2.501528739929199]",8,8,0,8,False,"[12762965, 12812965, 12862965, 12912965, 12962965, 13012965, 13062965, 13112965]",0,1.0,1447.0846999902278,1921.09989997698,48.608000040985644,3416.7926000081934,0.1843999489210546,104.29149999981746,555.6875999900512,759.3253999948502,13.915599964093417,8,12,12,0,0,16515072,48456987
FCWD1:0140,FCWD1,H8_warp,2.5064263343811035,"[2.509453296661377, 2.500978469848633, 2.5064263343811035]",8,8,7,1,False,"[12762616, 12812669, 12862712, 12912764, 12962817, 13012860, 13062912, 13112965]",349,0.7922431700076907,317.5929000135511,438.63629997940734,56.3259000191465,812.555100012105,15.30500000808388,77.66650000121444,118.49229998188093,81.20630000485107,1.5453000087291002,1,3,1,2,2,16515072,7907482
FCWD1:0140,FCWD1,H8_warp_student,2.457489013671875,"[2.4661152362823486, 2.408097505569458, 2.457489013671875]",8,8,7,1,False,"[12762616, 12812669, 12862712, 12912764, 12962817, 13012860, 13062912, 13112965]",349,0.7922431700076907,372.1598000265658,169.44749996764585,42.81660000560805,584.4238999998197,24.668199999723583,107.69509995589033,122.17439996311441,98.2310000108555,4.129000008106232,1,3,1,2,2,16515072,7907482
FCWD1:0141,FCWD1,H8_reference,2.443840503692627,"[2.4873409271240234, 2.403445243835449, 2.443840503692627]",8,8,0,8,False,"[12813008, 12863008, 12913008, 12963008, 13013008, 13063008, 13113008, 13163008]",0,1.0,1935.296699986793,2019.0372000215575,56.27069994807243,4010.604599956423,0.15839998377487063,128.6355999764055,857.9031000263058,897.9773999890313,34.67160003492609,8,12,12,0,0,16515072,48351400
FCWD1:0141,FCWD1,H8_warp,2.3999505043029785,"[2.3999505043029785, 2.4009618759155273, 2.3941938877105713]",8,8,7,1,False,"[12812669, 12862712, 12912764, 12962817, 13012860, 13062912, 13112965, 13163008]",339,0.7911634349030471,331.3699999707751,457.3202999890782,57.93970002559945,846.6299999854527,43.32070000236854,79.91209998726845,114.26450003637001,83.3810999756679,4.596599959768355,1,3,1,2,2,16515072,7468338
FCWD1:0141,FCWD1,H8_warp_student,2.367513656616211,"[2.3732924461364746, 2.321704864501953, 2.367513656616211]",8,8,7,1,False,"[12812669, 12862712, 12912764, 12962817, 13012860, 13062912, 13112965, 13163008]",339,0.7911634349030471,287.97560004750267,164.30709999985993,27.287699980661273,479.57040002802387,17.376900010276586,66.9808000093326,115.90390000492334,79.72249999875203,3.0133999534882605,1,3,1,2,2,16515072,7468338
FCWD1:0142,FCWD1,H8_reference,2.3758559226989746,"[2.4159605503082275, 2.355574131011963, 2.3758559226989746]",8,8,0,8,False,"[12863061, 12913061, 12963061, 13013061, 13063061, 13113061, 13163061, 13213061]",0,1.0,1611.9214000063948,1405.9660999919288,25.41679999558255,3043.304299993906,0.16760005382820964,155.14330001315102,767.3374000005424,663.7801000033505,12.129499984439462,8,12,12,0,0,16515072,48261691
FCWD1:0142,FCWD1,H8_warp,2.34391713142395,"[2.34391713142395, 2.3483242988586426, 2.336151123046875]",8,8,7,1,False,"[12862712, 12912764, 12962817, 13012860, 13062912, 13112965, 13163008, 13213061]",349,0.7901234567901234,225.0656000105664,246.07469997135922,57.296100014355034,528.4363999962807,11.344900005497038,50.87050003930926,95.38859996246174,62.07380001433194,1.4678000006824732,1,3,1,2,2,16515072,7583462
FCWD1:0142,FCWD1,H8_warp_student,2.3330516815185547,"[2.342886209487915, 2.2882862091064453, 2.3330516815185547]",8,8,7,1,False,"[12862712, 12912764, 12962817, 13012860, 13062912, 13112965, 13163008, 13213061]",349,0.7901234567901234,240.5700000235811,102.5184000027366,21.561099973041564,364.64949999935925,13.88570002745837,56.34970002574846,96.21479996712878,64.96109999716282,3.2401999924331903,1,3,1,2,2,16515072,7583462
FCWD1:0143,FCWD1,H8_reference,2.192106246948242,"[2.1985816955566406, 2.187412977218628, 2.192106246948242]",8,8,0,8,False,"[12913113, 12963113, 13013113, 13063113, 13113113, 13163113, 13213113, 13263113]",0,1.0,1330.439799989108,1483.0322000198066,22.648199985269457,2836.120199994184,0.10389997623860836,105.17260001506656,592.8405000013299,608.0220000003465,11.82910002535209,8,12,12,0,0,16515072,48022178
FCWD1:0143,FCWD1,H8_warp,2.1872940063476562,"[2.180619478225708, 2.1917247772216797, 2.1872940063476562]",8,8,7,1,False,"[12912764, 12962817, 13012860, 13062912, 13112965, 13163008, 13213061, 13263113]",349,0.7851305880467874,252.10069998865947,246.78230000426993,22.495899989735335,521.3788999826647,32.848100003320724,51.246800052467734,92.54859999055043,59.878300002310425,3.537599986884743,1,3,1,2,2,16515072,7890244
FCWD1:0143,FCWD1,H8_warp_student,2.2229864597320557,"[2.231525182723999, 2.1833858489990234, 2.2229864597320557]",8,8,7,1,False,"[12912764, 12962817, 13012860, 13062912, 13112965, 13163008, 13213061, 13263113]",349,0.7851305880467874,275.2872999990359,137.87380000576377,45.31340004177764,458.4745000465773,31.360600027255714,59.65340003604069,101.30350000690669,68.7853999552317,2.6971999905072153,1,3,1,2,2,16515072,7890244
FCWD1:0144,FCWD1,H8_reference,2.16878080368042,"[2.180011034011841, 2.16878080368042, 2.1588969230651855]",8,8,0,8,False,"[12963156, 13013156, 13063156, 13113156, 13163156, 13213156, 13263156, 13313156]",0,1.0,1705.5156000424176,1896.619999955874,41.31300002336502,3643.4486000216566,0.10379997547715902,131.02199998684227,698.082200018689,845.2802000101656,13.96259997272864,8,12,12,0,0,16515072,48839402
FCWD1:0144,FCWD1,H8_warp,2.1609268188476562,"[2.159729242324829, 2.1686453819274902, 2.1609268188476562]",8,8,7,1,False,"[12962817, 13012860, 13062912, 13112965, 13163008, 13213061, 13263113, 13313156]",339,0.7842380139105468,330.9218999929726,428.7934000021778,36.05510003399104,795.7704000291415,38.861699984408915,67.66689999494702,117.0140000176616,87.4646000447683,3.862000012304634,1,3,1,2,2,16515072,8135010
FCWD1:0144,FCWD1,H8_warp_student,2.1884841918945312,"[2.1992452144622803, 2.151967763900757, 2.1884841918945312]",8,8,7,1,False,"[12962817, 13012860, 13062912, 13112965, 13163008, 13213061, 13263113, 13313156]",339,0.7842380139105468,340.17590002622455,191.36739999521524,40.983299957588315,572.5265999790281,16.99420000659302,74.75750002777204,133.0426000058651,101.19129996746778,3.906400001142174,1,3,1,2,2,16515072,8135010
FCWD1:0145,FCWD1,H8_reference,2.227854013442993,"[2.253661870956421, 2.2253613471984863, 2.227854013442993]",8,8,0,8,False,"[13013208, 13063208, 13113208, 13163208, 13213208, 13263208, 13313208, 13363208]",0,1.0,2003.2065999694169,1949.289400014095,28.023399994708598,3980.5193999782205,0.14650000957772136,133.97540000732988,843.7725000549108,985.1696000550874,20.721099979709834,8,12,12,0,0,16515072,49569858
FCWD1:0145,FCWD1,H8_warp,2.2291858196258545,"[2.230574607849121, 2.2291858196258545, 2.2225356101989746]",8,8,7,1,False,"[13012860, 13062912, 13112965, 13163008, 13213061, 13263113, 13313156, 13363208]",348,0.779054405461469,404.4539000024088,404.00550002232194,47.151099948678166,855.6104999734089,27.708399982657284,72.61949998792261,178.03160002222285,115.4744999948889,4.506099969148636,1,3,1,2,2,16515072,8480739
FCWD1:0145,FCWD1,H8_warp_student,2.2447409629821777,"[2.2626757621765137, 2.2022104263305664, 2.2447409629821777]",8,8,7,1,False,"[13012860, 13062912, 13112965, 13163008, 13213061, 13263113, 13313156, 13363208]",348,0.779054405461469,397.67390000633895,180.1520999870263,35.151699965354055,612.9776999587193,17.35239999834448,78.06850003544241,142.28769997134805,149.1226000362076,5.829200032167137,1,3,1,2,2,16515072,8480739
FCWD1:0146,FCWD1,H8_reference,2.245478630065918,"[2.2710931301116943, 2.245478630065918, 2.233548164367676]",8,8,0,8,False,"[13063261, 13113261, 13163261, 13213261, 13263261, 13313261, 13363261, 13413261]",0,1.0,2079.7987999976613,2022.0288000418805,37.107399955857545,4138.934999995399,0.16039999900385737,147.4997000186704,951.3794999802485,943.9521000022069,13.510600023437291,8,12,12,0,0,16515072,50155576
FCWD1:0146,FCWD1,H8_warp,2.2620229721069336,"[2.275034189224243, 2.2620229721069336, 2.2526917457580566]",8,8,7,1,False,"[13062912, 13112965, 13163008, 13213061, 13263113, 13313156, 13363208, 13413261]",349,0.7671920301205849,376.8391999765299,395.82050003809854,34.35959998751059,807.0193000021391,15.657199954148382,81.40919997822493,146.73470001434907,124.67320001451299,1.5466000186279416,1,3,1,2,2,16515072,8527693
FCWD1:0146,FCWD1,H8_warp_student,2.230746030807495,"[2.2512784004211426, 2.1805922985076904, 2.230746030807495]",8,8,7,1,False,"[13062912, 13112965, 13163008, 13213061, 13263113, 13313156, 13363208, 13413261]",349,0.7671920301205849,386.96819997858256,177.38240002654493,51.08459998155013,615.4351999866776,17.968499974813312,86.89699997194111,151.02649998152629,119.29860000964254,5.400000023655593,1,3,1,2,2,16515072,8527693
FCWD1:0147,FCWD1,H8_reference,2.319978952407837,"[2.373960256576538, 2.312861919403076, 2.319978952407837]",8,8,0,8,False,"[13113304, 13163304, 13213304, 13263304, 13313304, 13363304, 13413304, 13463304]",0,1.0,1997.791400004644,1497.2256999462843,25.950900046154857,3520.967999997083,0.15510001685470343,163.66760001983494,849.8319999780506,949.4384999852628,13.9239999698475,8,12,12,0,0,16515072,51187170
FCWD1:0147,FCWD1,H8_warp,2.3236610889434814,"[2.347233533859253, 2.3195760250091553, 2.3236610889434814]",8,8,7,1,False,"[13112965, 13163008, 13213061, 13263113, 13313156, 13363208, 13413261, 13463304]",339,0.7559674203030846,328.49570002872497,323.81959998747334,26.597500022035092,678.9128000382334,11.019000026863068,65.70070004090667,133.53249995270744,110.85990001447499,1.2721999664790928,1,3,1,2,2,16515072,9000123
FCWD1:0147,FCWD1,H8_warp_student,2.2893989086151123,"[2.317688465118408, 2.2267043590545654, 2.2893989086151123]",8,8,7,1,False,"[13112965, 13163008, 13213061, 13263113, 13313156, 13363208, 13413261, 13463304]",339,0.7559674203030846,343.47219998016953,142.01970002613962,27.02009998029098,512.5119999866001,14.097000006586313,71.65080000413582,132.27880001068115,115.16899999696761,5.05659996997565,1,3,1,2,2,16515072,9000123
FCWD1:0148,FCWD1,H8_reference,2.2081480026245117,"[2.2350881099700928, 2.18064546585083, 2.2081480026245117]",8,8,0,8,False,"[13163356, 13213356, 13263356, 13313356, 13363356, 13413356, 13463356, 13513356]",0,1.0,2367.4481000052765,1647.2115999786183,38.21490000700578,4052.8745999909006,0.1115999766625464,167.54709999077022,942.9068000172265,1218.63909997046,15.703899960499257,8,12,12,0,0,16515072,52448298
FCWD1:0148,FCWD1,H8_warp,2.1776106357574463,"[2.185567855834961, 2.1628007888793945, 2.1776106357574463]",8,8,7,1,False,"[13163008, 13213061, 13263113, 13313156, 13363208, 13413261, 13463304, 13513356]",348,0.7458677685950413,352.8017000062391,265.330099966377,23.107999993953854,641.23979996657,14.588900026865304,67.54000001819804,143.27060000505298,120.22309994790703,1.4130999916233122,1,3,1,2,2,16515072,9595888
FCWD1:0148,FCWD1,H8_warp_student,2.1586899757385254,"[2.1749415397644043, 2.0934901237487793, 2.1586899757385254]",8,8,7,1,False,"[13163008, 13213061, 13263113, 13313156, 13363208, 13413261, 13463304, 13513356]",348,0.7458677685950413,360.0188000127673,137.1688999934122,38.68649998912588,535.8741999953054,14.514699985738844,63.49099997896701,138.80369998514652,133.0057000159286,4.497600020840764,1,3,1,2,2,16515072,9595888
FCWD1:0149,FCWD1,H8_reference,2.0998218059539795,"[2.108992576599121, 2.075286865234375, 2.0998218059539795]",8,8,0,8,False,"[13213409, 13263409, 13313409, 13363409, 13413409, 13463409, 13513409, 13563409]",0,1.0,2139.5858000032604,1672.7410000166856,32.90809999452904,3845.234900014475,0.10249996557831764,159.6570999827236,847.457800002303,1093.5895000002347,15.919700032100081,8,12,12,0,0,16515072,53846276
FCWD1:0149,FCWD1,H8_warp,2.1135826110839844,"[2.1135826110839844, 2.0934345722198486, 2.1154420375823975]",8,8,7,1,False,"[13213061, 13263113, 13313156, 13363208, 13413261, 13463304, 13513356, 13563409]",348,0.7396,322.32370000565425,262.01029994990677,37.26710000773892,621.6010999632999,13.684500008821487,76.17960002971813,125.5640999879688,99.855899985414,1.05640001129359,1,3,1,2,2,16515072,9770716
FCWD1:0149,FCWD1,H8_warp_student,2.112562417984009,"[2.1256349086761475, 2.0498175621032715, 2.112562417984009]",8,8,7,1,False,"[13213061, 13263113, 13313156, 13363208, 13413261, 13463304, 13513356, 13563409]",348,0.7396,339.6072000032291,147.4428999936208,33.92539999913424,520.9754999959841,15.997299982700497,61.14020000677556,139.83909995295107,114.84179995022714,2.670799964107573,1,3,1,2,2,16515072,9770716
FCWD1:0150,FCWD1,H8_reference,2.0592539310455322,"[2.068969249725342, 2.031791925430298, 2.0592539310455322]",8,8,0,8,False,"[13263452, 13313452, 13363452, 13413452, 13463452, 13513452, 13563452, 13613452]",0,1.0,1938.1484999903478,1399.3845999939367,23.434200033079833,3360.9673000173643,0.11510000331327319,164.4497000379488,769.298599974718,976.3846999849193,12.304399977438152,8,12,12,0,0,16515072,55411483
FCWD1:0150,FCWD1,H8_warp,2.0712156295776367,"[2.071294069290161, 2.0475564002990723, 2.0712156295776367]",8,8,7,1,False,"[13263113, 13313156, 13363208, 13413261, 13463304, 13513356, 13563409, 13613452]",339,0.7373582230623819,313.55750001966953,319.16010001441464,28.265199973247945,660.9828000073321,22.409899975173175,67.96359998406842,122.21070000668988,93.23130000848323,3.4428000217303634,1,3,1,2,2,16515072,10026362
FCWD1:0150,FCWD1,H8_warp_student,2.0749878883361816,"[2.0877926349639893, 2.0176072120666504, 2.0749878883361816]",8,8,7,1,False,"[13263113, 13313156, 13363208, 13413261, 13463304, 13513356, 13563409, 13613452]",339,0.7373582230623819,323.7582999863662,138.6278999852948,30.324599996674806,492.7107999683358,18.276699993293732,75.264299986884,129.3940000468865,90.39209998445585,3.5180000122636557,1,3,1,2,2,16515072,10026362
FCWD1:0151,FCWD1,H8_reference,2.0111563205718994,"[2.040531873703003, 1.9956419467926025, 2.0111563205718994]",8,8,0,8,False,"[13313504, 13363504, 13413504, 13463504, 13513504, 13563504, 13613504, 13663504]",0,1.0,1893.0880000116304,1589.8523000068963,25.02449997700751,3507.964799995534,0.10360003216192126,131.6173000377603,729.5051999972202,1007.0279999636114,9.822599997278303,8,12,12,0,0,16515072,57134960
FCWD1:0151,FCWD1,H8_warp,2.009446144104004,"[2.0218567848205566, 2.002033233642578, 2.009446144104004]",8,8,7,1,False,"[13313156, 13363208, 13413261, 13463304, 13513356, 13563409, 13613452, 13663504]",348,0.7253842286699225,313.3737999596633,286.9096000213176,27.977799996733665,628.2611999777146,12.439400015864521,66.04760000482202,132.99499999266118,96.3363999617286,1.2459999998100102,1,3,1,2,2,16515072,10488966
FCWD1:0151,FCWD1,H8_warp_student,1.9947201013565063,"[2.0057477951049805, 1.946137547492981, 1.9947201013565063]",8,8,7,1,False,"[13313156, 13363208, 13413261, 13463304, 13513356, 13563409, 13613452, 13663504]",348,0.7253842286699225,314.8401000071317,119.07110002357513,31.970500014722347,465.88170004542917,13.66769999731332,64.25689999014139,132.73469998966902,96.55780001776293,2.062999992631376,1,3,1,2,2,16515072,10488966
FCWD1:0152,FCWD1,H8_reference,2.0279593467712402,"[2.066324472427368, 2.016463279724121, 2.0279593467712402]",8,8,0,8,False,"[13363557, 13413557, 13463557, 13513557, 13563557, 13613557, 13663557, 13713557]",0,1.0,1895.4805000103079,1386.605400010012,25.13969998108223,3307.225600001402,0.14630000805482268,139.79109999490902,712.9345000139438,1014.915400010068,12.681500054895878,8,12,12,0,0,16515072,58868093
FCWD1:0152,FCWD1,H8_warp,2.0264546871185303,"[2.0320661067962646, 2.020843505859375, 2.0264546871185303]",8,8,7,1,False,"[13363208, 13413261, 13463304, 13513356, 13563409, 13613452, 13663504, 13713557]",349,0.7140948364182774,332.54550001583993,265.2593999519013,23.186100006569177,620.9909999743104,11.907400039490312,72.4599999957718,139.48020001407713,102.53669996745884,1.1351999710313976,1,3,1,2,2,16515072,11112101
FCWD1:0152,FCWD1,H8_warp_student,2.0108721256256104,"[2.0267317295074463, 1.9662754535675049, 2.0108721256256104]",8,8,7,1,False,"[13363208, 13413261, 13463304, 13513356, 13563409, 13613452, 13663504, 13713557]",349,0.7140948364182774,328.0226999777369,105.9368000132963,20.976200001314282,454.9356999923475,13.65740003529936,74.17370000621304,129.07170003745705,103.06289995787665,3.3058999688364565,1,3,1,2,2,16515072,11112101
FCWD1:0153,FCWD1,H8_reference,2.0842418670654297,"[2.1327619552612305, 2.0743093490600586, 2.0842418670654297]",8,8,0,8,False,"[13413609, 13463609, 13513609, 13563609, 13613609, 13663609, 13713609, 13763609]",0,1.0,1960.8773000072688,1608.877399994526,43.39669999899343,3613.1514000007883,0.10639999527484179,151.2794000445865,728.1560999690555,1052.9481999692507,11.587199987843633,8,12,12,0,0,16515072,61097949
FCWD1:0153,FCWD1,H8_warp,2.0706565380096436,"[2.0971639156341553, 2.0706565380096436, 2.069908618927002]",8,8,7,1,False,"[13413261, 13463304, 13513356, 13563409, 13613452, 13663504, 13713557, 13763609]",348,0.7107473816743519,470.8636000286788,387.2735999757424,39.132800011429936,897.2700000158511,16.49619999807328,97.99189999466762,172.0107999863103,175.81879999488592,1.7303000204265118,1,3,1,2,2,16515072,11853080
FCWD1:0153,FCWD1,H8_warp_student,2.0370748043060303,"[2.0589280128479004, 1.991368055343628, 2.0370748043060303]",8,8,7,1,False,"[13413261, 13463304, 13513356, 13563409, 13613452, 13663504, 13713557, 13763609]",348,0.7107473816743519,531.1107999878004,193.64140002289787,40.070599992759526,764.8228000034578,18.937299959361553,102.27930004475638,210.88719996623695,182.21290002111346,3.5517000360414386,1,3,1,2,2,16515072,11853080
FCWD1:0154,FCWD1,H8_reference,2.0199339389801025,"[2.0604567527770996, 1.999835729598999, 2.0199339389801025]",8,8,0,8,False,"[13463652, 13513652, 13563652, 13613652, 13663652, 13713652, 13763652, 13813652]",0,1.0,3151.6443000291474,1799.7860999894328,37.6531999791041,4989.083599997684,0.1550000160932541,253.7777999532409,1272.5374000146985,1572.7326999767683,19.57359997322783,8,12,12,0,0,16515072,63946299
FCWD1:0154,FCWD1,H8_warp,2.0161871910095215,"[2.050483465194702, 2.0158426761627197, 2.0161871910095215]",8,8,7,1,False,"[13463304, 13513356, 13563409, 13613452, 13663504, 13713557, 13763609, 13813652]",348,0.7103608523975128,500.6994999712333,280.66170000238344,29.170900001190603,810.5320999748074,18.064300005789846,98.51179999532178,198.2037999550812,177.74610000196844,1.1677999864332378,1,3,1,2,2,16515072,12544606
FCWD1:0154,FCWD1,H8_warp_student,2.004437208175659,"[2.027308702468872, 1.957022786140442, 2.004437208175659]",8,8,7,1,False,"[13463304, 13513356, 13563409, 13613452, 13663504, 13713557, 13763609, 13813652]",348,0.7103608523975128,448.2314999913797,149.94740003021434,33.30700000515208,631.4859000267461,13.75220000045374,78.5102000227198,169.2683000001125,174.2591999936849,4.185099969618022,1,3,1,2,2,16515072,12544606
FCWD1:0155,FCWD1,H8_reference,1.9493415355682373,"[1.9963560104370117, 1.9366345405578613, 1.9493415355682373]",8,8,0,8,False,"[13513705, 13563705, 13613705, 13663705, 13713705, 13763705, 13813705, 13863705]",0,1.0,2675.04140001256,1684.9774000002071,37.22669999115169,4397.245500003919,0.10360003216192126,183.50220000138506,1048.6455000354908,1397.2447999985889,11.751700018066913,8,12,12,0,0,16515072,66453595
FCWD1:0155,FCWD1,H8_warp,1.93485426902771,"[1.976706624031067, 1.93485426902771, 1.9343485832214355]",8,8,7,1,False,"[13513356, 13563409, 13613452, 13663504, 13713557, 13763609, 13813652, 13863705]",349,0.7132304994455517,552.0473999786191,399.8109999811277,40.556800027843565,992.4151999875903,18.559599993750453,130.70239999797195,211.30729996366426,181.74279999220744,1.2815000372938812,1,3,1,2,2,16515072,12935045
FCWD1:0155,FCWD1,H8_warp_student,1.9542700052261353,"[1.9753985404968262, 1.9054901599884033, 1.9542700052261353]",8,8,7,1,False,"[13513356, 13563409, 13613452, 13663504, 13713557, 13763609, 13813652, 13863705]",349,0.7132304994455517,574.6046000276692,182.02070001279935,41.08969995286316,797.7149999933317,21.203899988904595,105.12630001176149,208.3134999847971,226.23930004192516,4.467000020667911,1,3,1,2,2,16515072,12935045
FCWD1:0156,FCWD1,H8_reference,1.9152392148971558,"[1.968809962272644, 1.9094984531402588, 1.9152392148971558]",8,8,0,8,False,"[13563757, 13613757, 13663757, 13713757, 13763757, 13813757, 13863757, 13913757]",0,1.0,3569.7855000034906,1910.0823000189848,38.98800001479685,5518.855800037272,0.1800000318326056,268.6265000374988,1269.519500026945,1984.910300001502,16.09930000267923,8,12,12,0,0,16515072,69109913
FCWD1:0156,FCWD1,H8_warp,1.9277644157409668,"[1.967296838760376, 1.9277644157409668, 1.915004849433899]",8,8,7,1,False,"[13563409, 13613452, 13663504, 13713557, 13763609, 13813652, 13863705, 13913757]",348,0.7048479616841167,580.4997999803163,441.04970002081245,29.040299996268004,1050.5897999973968,17.26829999824986,107.0095999748446,233.5008999798447,190.71359996451065,1.1153000523336232,1,3,1,2,2,16515072,13065894
FCWD1:0156,FCWD1,H8_warp_student,1.914936900138855,"[1.9353801012039185, 1.8678760528564453, 1.914936900138855]",8,8,7,1,False,"[13563409, 13613452, 13663504, 13713557, 13763609, 13813652, 13863705, 13913757]",348,0.7048479616841167,513.025899999775,187.1785999974236,37.53180004423484,737.7363000414334,18.64750002278015,109.08800002653152,204.63600003859028,168.78130001714453,3.9420000393874943,1,3,1,2,2,16515072,13065894
FCWD1:0157,FCWD1,H8_reference,1.8501536846160889,"[1.8942933082580566, 1.8455235958099365, 1.8501536846160889]",8,8,0,8,False,"[13613800, 13663800, 13713800, 13763800, 13813800, 13863800, 13913800, 13963800]",0,1.0,3343.3019000221975,1887.8614999703132,32.87950000958517,5264.042900002096,0.15050004003569484,207.84490002552047,1230.8741000015289,1858.0474000191316,13.527900038752705,8,12,12,0,0,16515072,71771314
FCWD1:0157,FCWD1,H8_warp,1.8583834171295166,"[1.8788256645202637, 1.8583834171295166, 1.8406938314437866]",8,8,7,1,False,"[13613452, 13663504, 13713557, 13763609, 13813652, 13863705, 13913757, 13963800]",348,0.6969674012931446,537.0551000232808,393.37519998662174,31.29140002420172,961.7217000341043,64.47109999135137,117.17569996835664,180.3510999889113,164.00829999474809,1.284700003452599,1,3,1,2,2,16515072,13449142
FCWD1:0157,FCWD1,H8_warp_student,1.8601818084716797,"[1.8795381784439087, 1.8177868127822876, 1.8601818084716797]",8,8,7,1,False,"[13613452, 13663504, 13713557, 13763609, 13813652, 13863705, 13913757, 13963800]",348,0.6969674012931446,483.0803000368178,166.9467999599874,38.3193000452593,688.3464000420645,17.89940003072843,103.26050000730902,183.5082999896258,167.15699998894706,3.521599981468171,1,3,1,2,2,16515072,13449142
FCWD1:0158,FCWD1,H8_reference,1.8290600776672363,"[1.8716374635696411, 1.8232978582382202, 1.8290600776672363]",8,8,0,8,False,"[13663853, 13713853, 13763853, 13813853, 13863853, 13913853, 13963853, 14013853]",0,1.0,3677.3369000293314,1886.064400023315,29.765699990093708,5593.16700004274,0.172699976246804,184.05219999840483,1258.951600000728,2188.080199994147,14.749600028153509,8,12,12,0,0,16515072,74454067
FCWD1:0158,FCWD1,H8_warp,1.8321328163146973,"[1.8506706953048706, 1.8321328163146973, 1.807868242263794]",8,8,7,1,False,"[13663504, 13713557, 13763609, 13813652, 13863705, 13913757, 13963800, 14013853]",349,0.6929754983840816,601.6775000025518,396.840900008101,42.93950001010671,1041.4579000207596,28.91220001038164,100.54610000224784,201.9713000045158,255.5904000182636,5.22709998767823,1,3,1,2,2,16515072,13810817
FCWD1:0158,FCWD1,H8_warp_student,1.871004343032837,"[1.8934835195541382, 1.8319519758224487, 1.871004343032837]",8,8,7,1,False,"[13663504, 13713557, 13763609, 13813652, 13863705, 13913757, 13963800, 14013853]",349,0.6929754983840816,561.4652999793179,178.45389997819439,34.68869999051094,774.6078999480233,19.426399958319962,119.94100001174957,209.2386000440456,201.30649994825944,3.9761000080034137,1,3,1,2,2,16515072,13810817
FCWD1:0159,FCWD1,H8_reference,1.7803679704666138,"[1.8388934135437012, 1.779754400253296, 1.7803679704666138]",8,8,0,8,False,"[13713905, 13763905, 13813905, 13863905, 13913905, 13963905, 14013905, 14063905]",0,1.0,3490.9630000474863,1555.9875999460928,33.39390002656728,5080.344500020146,0.10989996371790767,228.07299997657537,1187.3195000225678,2021.2974000023678,13.347600004635751,8,12,12,0,0,16515072,77501929
FCWD1:0159,FCWD1,H8_warp,1.7860537767410278,"[1.8139252662658691, 1.7860537767410278, 1.7549405097961426]",8,8,7,1,False,"[13713557, 13763609, 13813652, 13863705, 13913757, 13963800, 14013853, 14063905]",348,0.6915837082698598,450.72399999480695,320.3454000176862,34.38839997397736,805.4577999864705,12.856599991209805,92.2547000227496,169.68799999449402,168.29230001894757,1.1591000366024673,1,3,1,2,2,16515072,14255197
FCWD1:0159,FCWD1,H8_warp_student,1.8652671575546265,"[1.8903775215148926, 1.8288668394088745, 1.8652671575546265]",8,8,7,1,False,"[13713557, 13763609, 13813652, 13863705, 13913757, 13963800, 14013853, 14063905]",348,0.6915837082698598,434.69379999442026,126.51029997505248,26.769299991428852,587.9733999609016,19.354699994437397,97.06629998981953,163.2697000168264,144.0561999916099,3.079499991144985,1,3,1,2,2,16515072,14255197
FCWD1:0160,FCWD1,H8_reference,1.7095273733139038,"[1.7760461568832397, 1.7095273733139038, 1.7015974521636963]",8,8,0,8,False,"[13763948, 13813948, 13863948, 13913948, 13963948, 14013948, 14063948, 14113948]",0,1.0,2552.732600015588,1581.7644000053406,31.166200002189726,4165.663200023118,0.12400001287460327,193.71560000581667,858.7396999937482,1465.393899998162,9.924999962095171,8,12,12,0,0,16515072,80572282
FCWD1:0160,FCWD1,H8_warp,1.6976618766784668,"[1.7324717044830322, 1.6976618766784668, 1.66468346118927]",8,8,7,1,False,"[13763609, 13813652, 13863705, 13913757, 13963800, 14013853, 14063905, 14113948]",339,0.693049277655727,444.2160000326112,294.9650999507867,26.363000040873885,765.5441000242718,24.497400037944317,96.52059996733442,163.59840001678094,150.2248999895528,1.117600011639297,1,3,1,2,2,16515072,15130663
FCWD1:0160,FCWD1,H8_warp_student,1.8528478145599365,"[1.8801243305206299, 1.8171567916870117, 1.8528478145599365]",8,8,7,1,False,"[13763609, 13813652, 13863705, 13913757, 13963800, 14013853, 14063905, 14113948]",339,0.693049277655727,423.3766000252217,111.00939998868853,22.515700024086982,556.9017000379972,13.140800001565367,93.794800050091,154.42409995011985,152.30880002491176,2.9156000236980617,1,3,1,2,2,16515072,15130663
FCWD1:0161,FCWD1,H8_reference,1.6853615045547485,"[1.7594701051712036, 1.6853615045547485, 1.6773974895477295]",8,8,0,8,False,"[13814001, 13864001, 13914001, 13964001, 14014001, 14064001, 14114001, 14164001]",0,1.0,2802.0289999549277,1476.8567000282928,23.446900013368577,4302.332599996589,0.10539998766034842,198.5687999986112,890.0729000451975,1675.1222999882884,11.658600007649511,8,12,12,0,0,16515072,84180651
FCWD1:0161,FCWD1,H8_warp,1.651163101196289,"[1.6889220476150513, 1.651163101196289, 1.614798903465271]",8,8,7,1,False,"[13813652, 13863705, 13913757, 13963800, 14013853, 14063905, 14113948, 14164001]",349,0.6761674596318519,478.9042999618687,282.66600001370534,36.13490000134334,797.7051999769174,11.548399983439595,100.0991000328213,175.34720001276582,182.82230000477284,1.6253999783657491,1,3,1,2,2,16515072,16288312
FCWD1:0161,FCWD1,H8_warp_student,1.8462791442871094,"[1.87533438205719, 1.8101656436920166, 1.8462791442871094]",8,8,7,1,False,"[13813652, 13863705, 13913757, 13963800, 14013853, 14063905, 14113948, 14164001]",349,0.6761674596318519,450.54310001432896,140.36890002898872,21.9175000092946,612.8295000526123,15.163599979132414,95.76599998399615,160.4397000046447,168.20369998458773,3.5575999645516276,1,3,1,2,2,16515072,16288312
FCWD1:0162,FCWD1,H8_reference,1.7315270900726318,"[1.8044456243515015, 1.7315270900726318, 1.7239347696304321]",8,8,0,8,False,"[13864053, 13914053, 13964053, 14014053, 14064053, 14114053, 14164053, 14214053]",0,1.0,2826.86690002447,1472.6882000104524,22.032700013369322,4321.587800048292,0.13770000077784061,203.09839997207746,907.5353000080213,1676.007199974265,10.868799989111722,8,12,12,0,0,16515072,88434085
FCWD1:0162,FCWD1,H8_warp,1.6727157831192017,"[1.6997737884521484, 1.6727157831192017, 1.6291999816894531]",8,8,7,1,False,"[13863705, 13913757, 13963800, 14013853, 14063905, 14113948, 14164001, 14214053]",348,0.6606316670763555,513.1716000032611,273.17719999700785,23.012600024230778,809.3614000244997,11.69430004665628,103.35619997931644,186.6996000171639,202.70590001018718,1.046599994879216,1,3,1,2,2,16515072,17635562
FCWD1:0162,FCWD1,H8_warp_student,1.8221863508224487,"[1.8517240285873413, 1.7855530977249146, 1.8221863508224487]",8,8,7,1,False,"[13863705, 13913757, 13963800, 14013853, 14063905, 14113948, 14164001, 14214053]",348,0.6606316670763555,491.83650000486523,139.84860002528876,28.31369999330491,659.9988000234589,13.854300021193922,104.9938999931328,184.89219999173656,175.5568000371568,2.1015999955125153,1,3,1,2,2,16515072,17635562
FCWD1:0163,FCWD1,H8_reference,1.7239980697631836,"[1.7964659929275513, 1.7239980697631836, 1.7103780508041382]",8,8,0,8,False,"[13914096, 13964096, 14014096, 14064096, 14114096, 14164096, 14214096, 14264096]",0,1.0,3055.421800003387,1461.5105999982916,60.144999995827675,4577.077399997506,0.10839995229616761,219.65139999520034,1006.1424999730662,1786.5057000308298,10.983900050632656,8,12,12,0,0,16515072,93061740
FCWD1:0163,FCWD1,H8_warp,1.6799744367599487,"[1.7063246965408325, 1.6799744367599487, 1.6359795331954956]",8,8,7,1,False,"[13913757, 13963800, 14013853, 14063905, 14113948, 14164001, 14214053, 14264096]",339,0.6535856714190491,536.9483000249602,262.73570000194013,24.043000012170523,823.7270000390708,11.018999968655407,119.115499954205,193.30069998977706,202.6480000349693,2.0564000005833805,1,3,1,2,2,16515072,18896741
FCWD1:0163,FCWD1,H8_warp_student,1.8048651218414307,"[1.8356260061264038, 1.768267273902893, 1.8048651218414307]",8,8,7,1,False,"[13913757, 13963800, 14013853, 14063905, 14113948, 14164001, 14214053, 14264096]",339,0.6535856714190491,564.1062000067905,165.89389997534454,34.76320003392175,764.7633000160567,13.525400019716471,127.59200000436977,214.7209999966435,195.19200001377612,3.8376000011339784,1,3,1,2,2,16515072,18896741
FCWD1:0164,FCWD1,H8_reference,1.6395297050476074,"[1.715710997581482, 1.6395297050476074, 1.6189848184585571]",8,8,0,8,False,"[13964149, 14014149, 14064149, 14114149, 14164149, 14214149, 14264149, 14314149]",0,1.0,3215.9510999917984,1453.1352000194602,22.880799951963127,4691.967099963222,0.14230003580451012,247.71440000040457,1040.0413000024855,1883.6698000086471,11.112600041087717,8,12,12,0,0,16515072,98230964
FCWD1:0164,FCWD1,H8_warp,1.5517454147338867,"[1.5879930257797241, 1.5517454147338867, 1.52741277217865]",8,8,7,1,False,"[13963800, 14013853, 14063905, 14113948, 14164001, 14214053, 14264096, 14314149]",349,0.6683183791351514,584.1866999980994,252.23479996202514,25.60500003164634,862.0264999917708,25.079399987589568,135.23499999428168,206.30580000579357,207.27190002799034,1.3633000198751688,1,3,1,2,2,16515072,20278280
FCWD1:0164,FCWD1,H8_warp_student,1.7715541124343872,"[1.8023812770843506, 1.7367045879364014, 1.7715541124343872]",8,8,7,1,False,"[13963800, 14013853, 14063905, 14113948, 14164001, 14214053, 14264096, 14314149]",349,0.6683183791351514,577.6811999967322,125.25909999385476,21.600100037176162,724.5404000277631,13.241400010883808,133.34719999693334,216.55740001006052,202.49529997818172,3.3602999756112695,1,3,1,2,2,16515072,20278280
FCWD1:0165,FCWD1,H8_reference,1.636088490486145,"[1.7100754976272583, 1.636088490486145, 1.6204478740692139]",8,8,0,8,False,"[14014201, 14064201, 14114201, 14164201, 14214201, 14264201, 14314201, 14364201]",0,1.0,3298.0932000209577,1491.5778000140563,21.58689999487251,4811.2579000298865,0.11060002725571394,268.5946000274271,1018.2177999522537,1963.8945999904536,11.521200009156018,8,12,12,0,0,16515072,103390821
FCWD1:0165,FCWD1,H8_warp,1.5305590629577637,"[1.571423888206482, 1.5305590629577637, 1.516402006149292]",8,8,7,1,False,"[14013853, 14063905, 14113948, 14164001, 14214053, 14264096, 14314149, 14364201]",348,0.6523668639053254,707.4328000308014,245.68409996572882,24.771300028078258,977.8882000246085,11.973700020462275,247.72400001529604,217.68569998675957,219.93750002002344,0.952300033532083,1,3,1,2,2,16515072,21452402
FCWD1:0165,FCWD1,H8_warp_student,1.8041104078292847,"[1.8397331237792969, 1.7716071605682373, 1.8041104078292847]",8,8,7,1,False,"[14013853, 14063905, 14113948, 14164001, 14214053, 14264096, 14314149, 14364201]",348,0.6523668639053254,575.5784999928437,112.7525000483729,20.85039997473359,709.1814000159502,16.68419997440651,126.19840004481375,207.9166999901645,211.07580000534654,3.5037000197917223,1,3,1,2,2,16515072,21452402
FCWD1:0166,FCWD1,H8_reference,1.6252620220184326,"[1.6868808269500732, 1.6252620220184326, 1.6044871807098389]",8,8,0,8,False,"[14064245, 14114245, 14164245, 14214245, 14264245, 14314245, 14364245, 14414245]",0,1.0,3541.87339998316,1434.0096999658272,21.6389000415802,4997.521999990568,0.16950001008808613,264.5498999627307,1127.4451999925077,2097.0188000355847,15.350200003013015,8,12,12,0,0,16515072,108559739
FCWD1:0166,FCWD1,H8_warp,1.5402793884277344,"[1.5676777362823486, 1.5402793884277344, 1.511740803718567]",8,8,6,2,False,"[14064245, 14113948, 14164001, 14214053, 14264096, 14314149, 14364201, 14414245]",297,0.6706464123016478,644.2358999629505,411.83310002088547,21.437699964735657,1077.5066999485716,44.038399995770305,144.76230001309887,220.41579999495298,222.2334000398405,2.4676999892108142,2,6,1,5,5,16515072,22186989
FCWD1:0166,FCWD1,H8_warp_student,1.774223804473877,"[1.8100521564483643, 1.7437703609466553, 1.774223804473877]",8,8,6,2,False,"[14064245, 14113948, 14164001, 14214053, 14264096, 14314149, 14364201, 14414245]",297,0.6706464123016478,613.7072999845259,171.872999984771,28.285000007599592,813.8652999768965,31.182700011413544,141.8470999924466,210.86839999770746,215.1762000285089,3.562199999578297,2,6,1,5,5,16515072,22186989
FCWD1:0167,FCWD1,H8_reference,1.6281660795211792,"[1.6999361515045166, 1.6281660795211792, 1.6133393049240112]",8,8,0,8,False,"[14114297, 14164297, 14214297, 14264297, 14314297, 14364297, 14414297, 14464297]",0,1.0,3551.4116999693215,1413.4068000130355,24.275100033264607,4989.093600015622,0.10529998689889908,267.18660001643,1112.8963999799453,2121.0452999803238,11.069499945733696,8,12,12,0,0,16515072,114119963
FCWD1:0167,FCWD1,H8_warp,1.5517606735229492,"[1.5880497694015503, 1.5517606735229492, 1.5354629755020142]",8,8,6,2,False,"[14114297, 14164001, 14214053, 14264096, 14314149, 14364201, 14414245, 14464297]",296,0.6686356664089808,645.8580999751575,404.66790000209585,20.97520005190745,1071.5012000291608,31.148900045081973,138.19730002433062,233.19989995798096,230.3298999904655,2.25800002226606,2,6,1,5,5,16515072,23272762
FCWD1:0167,FCWD1,H8_warp_student,1.7489372491836548,"[1.7856007814407349, 1.723580241203308, 1.7489372491836548]",8,8,6,2,False,"[14114297, 14164001, 14214053, 14264096, 14314149, 14364201, 14414245, 14464297]",296,0.6686356664089808,723.3187999809161,177.71070002345368,24.73529998678714,925.7647999911569,42.18530002981424,182.38339998060837,249.71649999497458,229.95770000852644,4.828000033739954,2,6,1,5,5,16515072,23272762
FCWD1:0168,FCWD1,H8_reference,1.6628731489181519,"[1.7389940023422241, 1.6628731489181519, 1.6571340560913086]",8,8,0,8,False,"[14164349, 14214349, 14264349, 14314349, 14364349, 14414349, 14464349, 14514349]",0,1.0,3827.994099992793,1369.2054999992251,21.028799994383007,5218.228399986401,0.10609999299049377,295.16929999226704,1196.133799967356,2281.4704999909736,11.891899979673326,8,12,12,0,0,16515072,120074621
FCWD1:0168,FCWD1,H8_warp,1.5884037017822266,"[1.6297839879989624, 1.5884037017822266, 1.5696473121643066]",8,8,6,2,False,"[14164349, 14214053, 14264096, 14314149, 14364201, 14414245, 14464297, 14514349]",296,0.6684730971470221,3067.261799995322,431.69850000413135,23.88950000749901,3522.849800006952,21.070600021630526,1118.2066000183113,1397.7879000012763,465.9137999988161,1.9133000168949366,2,6,2,4,4,16515072,120074621
FCWD1:0168,FCWD1,H8_warp_student,1.762979507446289,"[1.8037365674972534, 1.739105224609375, 1.762979507446289]",8,8,6,2,False,"[14164349, 14214053, 14264096, 14314149, 14364201, 14414245, 14464297, 14514349]",296,0.6684730971470221,3000.989500025753,181.55610002577305,23.73839996289462,3206.2840000144206,28.664400044362992,1115.9140999661759,1404.385200003162,394.0320999827236,4.615500045474619,2,6,2,4,4,16515072,120074621
FCWD1:0169,FCWD1,H8_reference,1.7287027835845947,"[1.815955400466919, 1.7287027835845947, 1.7240484952926636]",8,8,0,8,False,"[14214393, 14264393, 14314393, 14364393, 14414393, 14464393, 14514393, 14564393]",0,1.0,5284.445299999788,1888.0661000148393,41.3031000061892,7213.814500020817,0.10679999832063913,305.2062999922782,1804.9210000317544,3094.1850999952294,12.093700002878904,8,12,12,0,0,16515072,126529929
FCWD1:0169,FCWD1,H8_warp,1.6268575191497803,"[1.680898666381836, 1.6268575191497803, 1.606113314628601]",8,8,6,2,False,"[14214393, 14264096, 14314149, 14364201, 14414245, 14464297, 14514349, 14564393]",297,0.6650372407783118,2926.4883999712765,591.7986999847926,40.76610004995018,3559.0532000060193,33.3342999801971,331.90540003124624,1902.6015999843366,589.6938999649137,1.9631999894045293,2,6,2,4,4,16515072,126529929
FCWD1:0169,FCWD1,H8_warp_student,1.7788397073745728,"[1.824309229850769, 1.756015658378601, 1.7788397073745728]",8,8,6,2,False,"[14214393, 14264096, 14314149, 14364201, 14414245, 14464297, 14514349, 14564393]",297,0.6650372407783118,2485.384100000374,253.23730002855882,35.02399998251349,2773.6454000114463,37.787299952469766,313.7434999807738,1572.0721000107005,494.2939000320621,5.278499971609563,2,6,2,4,4,16515072,126529929
FCWD1:0170,FCWD1,H8_reference,1.7227907180786133,"[1.807046890258789, 1.7227907180786133, 1.7150992155075073]",8,8,0,8,False,"[14264445, 14314445, 14364445, 14414445, 14464445, 14514445, 14564445, 14614445]",0,1.0,5354.947199986782,1944.367800024338,43.50570001406595,7342.820700025186,0.17319998005405068,357.4300999753177,1631.9973000208847,3288.7039000052027,13.349100016057491,8,12,12,0,0,16515072,133110408
FCWD1:0170,FCWD1,H8_warp,1.648883581161499,"[1.71405827999115, 1.648883581161499, 1.632814884185791]",8,8,5,3,False,"[14264445, 14314445, 14364201, 14414245, 14464297, 14514349, 14564393, 14614445]",244,0.696758431231717,3570.4664000077173,905.0031999940984,41.35920002590865,4516.828800027724,51.00829998264089,311.3293999922462,2393.2774999993853,696.8356000143103,4.397900018375367,3,9,2,7,7,16515072,133110408
FCWD1:0170,FCWD1,H8_warp_student,1.7823219299316406,"[1.8318865299224854, 1.7621785402297974, 1.7823219299316406]",8,8,5,3,False,"[14264445, 14314445, 14364201, 14414245, 14464297, 14514349, 14564393, 14614445]",244,0.696758431231717,3068.109599989839,421.9059000024572,47.84700000891462,3537.8625000012107,57.77660000603646,297.90330003015697,2067.8555000340566,560.9577000141144,4.836800042539835,3,9,2,7,7,16515072,133110408
FCWD1:0171,FCWD1,H8_reference,1.775780200958252,"[1.8489350080490112, 1.775780200958252, 1.7697014808654785]",8,8,0,8,False,"[14314497, 14364497, 14414497, 14464497, 14514497, 14564497, 14614497, 14664497]",0,1.0,5048.232499975711,1495.584600022994,23.896200000308454,6567.7132999990135,0.1539999502710998,386.6429000045173,1796.0719999973662,2770.245400024578,11.038199998438358,8,12,12,0,0,16515072,0
FCWD1:0171,FCWD1,H8_warp,1.7007702589035034,"[1.7655397653579712, 1.7007702589035034, 1.6905765533447266]",8,8,7,1,False,"[14314445, 14364201, 14414245, 14464297, 14514349, 14564393, 14614445, 14664497]",296,0.6510820451843043,764.4015999976546,293.57130004791543,24.330099986400455,1082.3030000319704,24.453399993944913,185.64740003785118,268.1006999919191,272.2496999776922,1.420699991285801,1,3,1,2,2,16515072,27505626
FCWD1:0171,FCWD1,H8_warp_student,1.7654560804367065,"[1.8117914199829102, 1.7417815923690796, 1.7654560804367065]",8,8,7,1,False,"[14314445, 14364201, 14414245, 14464297, 14514349, 14564393, 14614445, 14664497]",296,0.6510820451843043,762.521700002253,126.84089998947456,24.571400019340217,913.9340000110678,14.258700015489012,186.2027000170201,266.36449998477474,280.67659999942407,2.9264999902807176,1,3,1,2,2,16515072,27505626
FCWD1:0172,FCWD1,H8_reference,1.8638497591018677,"[1.9251925945281982, 1.8638497591018677, 1.860829472541809]",8,8,0,8,False,"[14364540, 14414540, 14464540, 14514540, 14564540, 14614540, 14664540, 14714540]",0,1.0,5869.130100007169,1389.388199953828,22.64650003053248,7281.164799991529,0.13329996727406979,1565.3009000234306,1419.8125000111759,2791.7543000075966,11.767099960707128,8,12,12,0,0,16515072,0
FCWD1:0172,FCWD1,H8_warp,1.7962075471878052,"[1.8581395149230957, 1.7962075471878052, 1.787854552268982]",8,8,6,2,False,"[14364540, 14414245, 14464297, 14514349, 14564393, 14614445, 14664497, 14714540]",295,0.6590257488802139,3343.642199994065,501.75779999699444,34.94330000830814,3880.3432999993674,21.372599992901087,1359.5086999703199,1377.9789000400342,463.0186000140384,2.6824999949894845,2,6,2,4,4,16515072,0
FCWD1:0172,FCWD1,H8_warp_student,1.7866700887680054,"[1.8386672735214233, 1.7640200853347778, 1.7866700887680054]",8,8,6,2,False,"[14364540, 14414245, 14464297, 14514349, 14564393, 14614445, 14664497, 14714540]",295,0.6590257488802139,3338.9508000109345,202.93470000615343,27.180399978533387,3569.0658999956213,26.2852999730967,1354.825200047344,1381.1725999694318,486.15409998456016,4.925599962007254,2,6,2,4,4,16515072,0
FCWD1:0173,FCWD1,H8_reference,1.8782539367675781,"[1.9311420917510986, 1.8768807649612427, 1.8782539367675781]",8,8,0,8,False,"[14414593, 14464593, 14514593, 14564593, 14614593, 14664593, 14714593, 14764593]",0,1.0,6098.397699999623,1511.2700999598019,26.735900028143078,7636.403699987568,0.1218999968841672,1582.2804000345059,1426.976199960336,2979.573300050106,11.887900007423013,8,12,12,0,0,16515072,0
FCWD1:0173,FCWD1,H8_warp,1.8190544843673706,"[1.87913978099823, 1.8190544843673706, 1.81609046459198]",8,8,6,2,False,"[14414593, 14464297, 14514349, 14564393, 14614445, 14664497, 14714540, 14764593]",296,0.6654199334869203,3644.0147000248544,411.66729998076335,20.916700013913214,4076.598700019531,23.495900037232786,1444.2776000360027,1588.7695999699645,489.72449998836964,1.8580000032670796,2,6,2,4,4,16515072,0
FCWD1:0173,FCWD1,H8_warp_student,1.7592626810073853,"[1.8113348484039307, 1.7365273237228394, 1.7592626810073853]",8,8,6,2,False,"[14414593, 14464297, 14514349, 14564393, 14614445, 14664497, 14714540, 14764593]",296,0.6654199334869203,4287.6012999913655,234.58920000120997,30.514300044160336,4552.704800036736,25.775000045541674,1470.299899985548,2093.558299995493,575.5618000403047,5.848300002980977,2,6,2,4,4,16515072,0
FCWD1:0174,FCWD1,H8_reference,1.8527675867080688,"[1.9386587142944336, 1.8527675867080688, 1.8508211374282837]",8,8,0,8,False,"[14464645, 14514645, 14564645, 14614645, 14664645, 14714645, 14764645, 14814645]",0,1.0,7126.937000022735,1574.8625999549404,22.388200042769313,8724.187800020445,0.12149999383836985,1606.6666999831796,1923.9849000005051,3492.5098000094295,12.00829999288544,8,12,12,0,0,16515072,0
FCWD1:0174,FCWD1,H8_warp,1.7843348979949951,"[1.864988088607788, 1.7775299549102783, 1.7843348979949951]",8,8,6,2,False,"[14464645, 14514349, 14564393, 14614445, 14664497, 14714540, 14764593, 14814645]",296,0.6697320879877615,4448.276100039948,394.9327999725938,28.641499986406416,4871.850399998948,23.296500032301992,1560.7551999855787,2169.062499946449,564.1452000127174,2.1448999759741127,2,6,2,4,4,16515072,0
FCWD1:0174,FCWD1,H8_warp_student,1.793565273284912,"[1.8530595302581787, 1.768164873123169, 1.793565273284912]",8,8,6,2,False,"[14464645, 14514349, 14564393, 14614445, 14664497, 14714540, 14764593, 14814645]",296,0.6697320879877615,4073.287100007292,178.569299983792,27.123000007122755,4278.979399998207,27.546700031962246,1514.7119000321254,1848.551300005056,567.3619999433868,5.109099962282926,2,6,2,4,4,16515072,0
FCWD1:0175,FCWD1,H8_reference,1.926681399345398,"[2.0383338928222656, 1.926681399345398, 1.9179328680038452]",8,8,0,8,False,"[14514698, 14564698, 14614698, 14664698, 14714698, 14764698, 14814698, 14864698]",0,1.0,6746.864100045059,1555.8686999720521,21.938899997621775,8324.671700014733,0.10089995339512825,1722.5065000238828,1686.627299990505,3235.2157999994233,10.548799997195601,8,12,12,0,0,16515072,0
FCWD1:0175,FCWD1,H8_warp,1.8637733459472656,"[1.98185396194458, 1.8637733459472656, 1.8486475944519043]",8,8,6,2,False,"[14514698, 14564393, 14614445, 14664497, 14714540, 14764593, 14814645, 14864698]",305,0.677122432755823,3972.908199997619,413.51009998470545,21.51600003708154,4407.934300019406,43.9458999899216,1550.5549000226893,1653.6922000232153,615.6206000014208,5.524099979083985,2,6,2,4,4,16515072,0
FCWD1:0175,FCWD1,H8_warp_student,1.8930898904800415,"[1.9699586629867554, 1.862963318824768, 1.8930898904800415]",8,8,6,2,False,"[14514698, 14564393, 14614445, 14664497, 14714540, 14764593, 14814645, 14864698]",305,0.677122432755823,3882.7157000196166,190.342599991709,20.780299964826554,4093.838599976152,26.494600053410977,1575.581900018733,1625.8415000047535,552.3574999533594,5.179299972951412,2,6,2,4,4,16515072,0
FCWD1:0176,FCWD1,H8_reference,2.112612247467041,"[2.209624767303467, 2.112612247467041, 2.0988237857818604]",8,8,0,8,False,"[14564741, 14614741, 14664741, 14714741, 14764741, 14814741, 14864741, 14914741]",0,1.0,7247.110900003463,1543.26950001996,23.224699951242656,8813.605099974666,0.10549998842179775,1679.835200018715,1761.8579000118189,3674.5701999752782,11.699099966790527,8,12,12,0,0,16515072,0
FCWD1:0176,FCWD1,H8_warp,2.033395528793335,"[2.1272757053375244, 2.033395528793335, 2.00691294670105]",8,8,6,2,False,"[14564741, 14614445, 14664497, 14714540, 14764593, 14814645, 14864698, 14914741]",296,0.6838330485966688,4307.696800038684,406.5357999643311,21.8006000504829,4736.033200053498,35.07099999114871,1639.119200001005,1862.0064000133425,655.3414999507368,5.355599976610392,2,6,2,4,4,16515072,0
FCWD1:0176,FCWD1,H8_warp_student,1.9694877862930298,"[2.058248519897461, 1.9376553297042847, 1.9694877862930298]",8,8,6,2,False,"[14564741, 14614445, 14664497, 14714540, 14764593, 14814645, 14864698, 14914741]",296,0.6838330485966688,4023.885899980087,198.1227000360377,23.617299972102046,4245.625899988227,22.75770000414923,1667.2295000171289,1653.974900022149,573.309600003995,4.341499996371567,2,6,2,4,4,16515072,0
FCWD1:0177,FCWD1,H8_reference,2.067995309829712,"[2.1300082206726074, 2.06740140914917, 2.067995309829712]",8,8,0,8,False,"[14614793, 14664793, 14714793, 14764793, 14814793, 14864793, 14914793, 14964793]",0,1.0,7253.25690000318,1994.0666999900714,32.91810001246631,9280.241700005718,0.10499998461455107,1856.1678999685682,1669.621000008192,3607.7496000216343,13.46180000109598,8,12,12,0,0,16515072,0
FCWD1:0177,FCWD1,H8_warp,1.9749521017074585,"[2.0420050621032715, 1.9749521017074585, 1.9525927305221558]",8,8,7,1,False,"[14614445, 14664497, 14714540, 14764593, 14814645, 14864698, 14914741, 14964793]",348,0.6602543816658498,1299.9055000254884,392.97639997676015,40.81630002474412,1733.6982000269927,15.939899953082204,419.48850004700944,391.5516000124626,442.5174000207335,1.6774000250734389,1,3,1,2,2,16515072,33955885
FCWD1:0177,FCWD1,H8_warp_student,1.902518391609192,"[1.9744939804077148, 1.8661152124404907, 1.902518391609192]",8,8,7,1,False,"[14614445, 14664497, 14714540, 14764593, 14814645, 14864698, 14914741, 14964793]",348,0.6602543816658498,1306.384600000456,201.88569999299943,50.95110001275316,1559.2214000062086,18.246999999973923,384.8638000199571,392.3850000137463,485.8667000080459,3.3968999632634223,1,3,1,2,2,16515072,33955885
FCWD1:0178,FCWD1,H8_reference,2.237180709838867,"[2.2879011631011963, 2.227574110031128, 2.237180709838867]",8,8,0,8,False,"[14664846, 14714846, 14764846, 14814846, 14864846, 14914846, 14964846, 15014846]",0,1.0,10351.22859996045,1932.8612000099383,25.095899996813387,12309.185699967202,0.16419996973127127,2411.4338000072166,2877.314200042747,4909.9053999525495,13.631800014991313,8,12,12,0,0,16515072,0
FCWD1:0178,FCWD1,H8_warp,2.114630937576294,"[2.1929867267608643, 2.114630937576294, 2.0977020263671875]",8,8,7,1,False,"[14664497, 14714540, 14764593, 14814645, 14864698, 14914741, 14964793, 15014846]",349,0.6813296414850448,908.3336000330746,273.0823999736458,25.859599991235882,1207.2755999979563,12.211000022944063,265.61850000871345,288.5035999934189,316.99060002574697,1.3192000333219767,1,3,1,2,2,16515072,32788461
FCWD1:0178,FCWD1,H8_warp_student,2.0159900188446045,"[2.104224681854248, 1.98018217086792, 2.0159900188446045]",8,8,7,1,False,"[14664497, 14714540, 14764593, 14814645, 14864698, 14914741, 14964793, 15014846]",349,0.6813296414850448,831.536200013943,114.34079997707158,21.919700026046485,967.7967000170611,15.246100025251508,174.60129997925833,292.8310999996029,330.4084000410512,2.139599993824959,1,3,1,2,2,16515072,32788461
FCWD1:0179,FCWD1,H8_reference,2.4505276679992676,"[2.504446029663086, 2.38922381401062, 2.4505276679992676]",8,8,0,8,False,"[14714889, 14764889, 14814889, 14864889, 14914889, 14964889, 15014889, 15064889]",0,1.0,9034.549799980596,1437.7080000122078,25.509400002192706,10497.767199994996,0.10990002192556858,1884.1851000324823,2404.686000023503,4608.146199956536,14.769600005820394,8,12,12,0,0,16515072,0
FCWD1:0179,FCWD1,H8_warp,2.265094757080078,"[2.3658032417297363, 2.265094757080078, 2.262605667114258]",8,8,7,1,False,"[14714540, 14764593, 14814645, 14864698, 14914741, 14964793, 15014846, 15064889]",349,0.7017187848073068,797.3160999827087,270.8408000180498,24.48810002533719,1092.6450000260957,11.29140000557527,169.07419997733086,285.4423000244424,308.9810999808833,1.0804000194184482,1,3,1,2,2,16515072,31320732
FCWD1:0179,FCWD1,H8_warp_student,2.179891586303711,"[2.2992844581604004, 2.1484217643737793, 2.179891586303711]",8,8,7,1,False,"[14714540, 14764593, 14814645, 14864698, 14914741, 14964793, 15014846, 15064889]",349,0.7017187848073068,794.8997999774292,114.31799997808412,24.040999996941537,933.2587999524549,13.172000006306916,169.16330001549795,293.8575000152923,300.4018999636173,2.955599979031831,1,3,1,2,2,16515072,31320732
FCWD1:0180,FCWD1,H8_reference,2.4098315238952637,"[2.5112667083740234, 2.406852960586548, 2.4098315238952637]",8,8,0,8,False,"[14764941, 14814941, 14864941, 14914941, 14964941, 15014941, 15064941, 15114941]",0,1.0,7777.582800015807,1561.9795999955386,21.698599972296506,9361.260999983642,0.10340003063902259,1829.552400042303,2069.991900003515,3747.335399966687,10.552899970207363,8,12,12,0,0,16515072,0
FCWD1:0180,FCWD1,H8_warp,2.316948652267456,"[2.414821147918701, 2.316948652267456, 2.300365447998047]",8,8,7,1,False,"[14764593, 14814645, 14864698, 14914741, 14964793, 15014846, 15064889, 15114941]",348,0.723513187222177,802.3280999623239,292.7495000185445,23.74259999487549,1118.820199975744,12.584000010974705,186.13220000406727,278.4596999990754,305.35759998019785,2.10379995405674,1,3,1,2,2,16515072,30178196
FCWD1:0180,FCWD1,H8_warp_student,2.1708366870880127,"[2.279726028442383, 2.1418299674987793, 2.1708366870880127]",8,8,7,1,False,"[14764593, 14814645, 14864698, 14914741, 14964793, 15014846, 15064889, 15114941]",348,0.723513187222177,774.8596000019461,132.7249000314623,27.168800006620586,934.753300040029,13.609299960080534,170.7643999834545,274.97139998013154,296.4771999977529,2.9948000446893275,1,3,1,2,2,16515072,30178196
FCWD1:0181,FCWD1,H8_reference,2.5227766036987305,"[2.6000444889068604, 2.5227766036987305, 2.4843780994415283]",8,8,0,8,False,"[14814993, 14864993, 14914993, 14964993, 15014993, 15064993, 15114993, 15164993]",0,1.0,9526.54580003582,2033.1525999936275,35.54259997326881,11595.241000002716,0.13270002091303468,2416.5670000365935,2312.414499989245,4646.249099983834,16.632300044875592,8,12,12,0,0,16515072,0
FCWD1:0181,FCWD1,H8_warp,2.375150442123413,"[2.4798583984375, 2.375150442123413, 2.3517632484436035]",8,8,7,1,False,"[14814645, 14864698, 14914741, 14964793, 15014846, 15064889, 15114941, 15164993]",348,0.7435375400726392,993.362600042019,374.85339998966083,36.76260000793263,1404.9786000396125,18.25780002400279,217.77400001883507,351.78389999782667,382.6748999999836,3.934799984563142,1,3,1,2,2,16515072,30644880
FCWD1:0181,FCWD1,H8_warp_student,2.181448459625244,"[2.2862119674682617, 2.150578498840332, 2.181448459625244]",8,8,7,1,False,"[14814645, 14864698, 14914741, 14964793, 15014846, 15064889, 15114941, 15164993]",348,0.7435375400726392,964.5973999868147,149.30350001668558,33.48679997725412,1147.3876999807544,17.573599994648248,194.2694999743253,356.67349997675046,373.6602000426501,3.419000015128404,1,3,1,2,2,16515072,30644880
FCWD1:0182,FCWD1,H8_reference,2.4480416774749756,"[2.495882987976074, 2.422280788421631, 2.4480416774749756]",8,8,0,8,False,"[14865037, 14915037, 14965037, 15015037, 15065037, 15115037, 15165037, 15215037]",0,1.0,9819.574900029693,1885.7677999767475,41.85830004280433,11747.201000049245,0.1737999846227467,2367.9673000006005,2467.5451000221074,4814.4879000028595,13.219600019510835,8,12,12,0,0,16515072,0
FCWD1:0182,FCWD1,H8_warp,2.288228988647461,"[2.360999345779419, 2.265967845916748, 2.288228988647461]",8,8,7,1,False,"[14864698, 14914741, 14964793, 15014846, 15064889, 15114941, 15164993, 15215037]",339,0.7631126965253006,997.8052999940701,381.18739996571094,39.50090002035722,1418.4935999801382,16.8903999729082,203.54809996206313,359.9308999837376,390.2232999680564,1.1066000442951918,1,3,1,2,2,16515072,31699033
FCWD1:0182,FCWD1,H8_warp_student,2.1433475017547607,"[2.2378928661346436, 2.108485460281372, 2.1433475017547607]",8,8,7,1,False,"[14864698, 14914741, 14964793, 15014846, 15064889, 15114941, 15164993, 15215037]",339,0.7631126965253006,985.5152000091039,153.8351999479346,36.707600054796785,1176.0580000118352,17.168099991977215,202.16099999379367,362.65779996756464,380.1880000391975,3.3981999731622636,1,3,1,2,2,16515072,31699033
FCWD1:0183,FCWD1,H8_reference,2.2016854286193848,"[2.2420430183410645, 2.190540313720703, 2.2016854286193848]",8,8,0,8,False,"[14915089, 14965089, 15015089, 15065089, 15115089, 15165089, 15215089, 15265089]",0,1.0,10139.313600026071,1802.1933999843895,29.418100020848215,11970.925100031309,0.12849998893216252,2449.820500041824,2746.8876999919303,4788.083299994469,12.461400008760393,8,12,12,0,0,16515072,0
FCWD1:0183,FCWD1,H8_warp,2.1149702072143555,"[2.1736297607421875, 2.1087520122528076, 2.1149702072143555]",8,8,7,1,False,"[14914741, 14964793, 15014846, 15064889, 15114941, 15164993, 15215037, 15265089]",348,0.77935791015625,1003.7096999585629,380.1561000291258,27.13100000983104,1410.9967999975197,13.543000037316233,203.12860002741218,367.60419997153804,391.34810003452003,1.7584000015631318,1,3,1,2,2,16515072,32202845
FCWD1:0183,FCWD1,H8_warp_student,1.9467077255249023,"[2.0077242851257324, 1.90312659740448, 1.9467077255249023]",8,8,7,1,False,"[14914741, 14964793, 15014846, 15064889, 15114941, 15164993, 15215037, 15265089]",348,0.77935791015625,1021.327399997972,180.30569999245927,43.84180001216009,1245.4749000025913,16.762199986260384,207.46969996253029,371.5500000398606,402.6726000010967,3.5104999551549554,1,3,1,2,2,16515072,32202845
FCWD1:0184,FCWD1,H8_reference,2.5874264240264893,"[2.6477928161621094, 2.5874264240264893, 2.5772135257720947]",8,8,0,8,False,"[14965142, 15015142, 15065142, 15115142, 15165142, 15215142, 15265142, 15315142]",0,1.0,10246.250900032464,1883.3925999933854,39.90879998309538,12169.552300008945,0.1493000308983028,2499.2149000172503,2683.71329997899,4904.347500007134,12.764699989929795,8,12,12,0,0,16515072,0
FCWD1:0184,FCWD1,H8_warp,2.4326095581054688,"[2.498993158340454, 2.4326095581054688, 2.4032998085021973]",8,8,7,1,False,"[14964793, 15014846, 15064889, 15114941, 15164993, 15215037, 15265089, 15315142]",349,0.7798758576104555,1086.3446000148542,409.89100001752377,27.409299975261092,1523.644900007639,28.93440000480041,233.9090000023134,380.6287999614142,419.5684000151232,3.3016999950632453,1,3,1,2,2,16515072,32941138
FCWD1:0184,FCWD1,H8_warp_student,2.0713181495666504,"[2.1611828804016113, 2.0210821628570557, 2.0713181495666504]",8,8,7,1,False,"[14964793, 15014846, 15064889, 15114941, 15164993, 15215037, 15265089, 15315142]",349,0.7798758576104555,1078.814100008458,165.65979999722913,33.148600021377206,1277.6225000270642,16.05899998685345,210.66329994937405,385.27050003176555,444.5263999514282,3.1706999870948493,1,3,1,2,2,16515072,32941138
FCWD1:0185,FCWD1,H8_reference,2.504049777984619,"[2.5443153381347656, 2.504049777984619, 2.4597346782684326]",8,8,0,8,False,"[15015185, 15065185, 15115185, 15165185, 15215185, 15265185, 15315185, 15365185]",0,1.0,9551.562000007834,1356.520899978932,22.45799999218434,10930.54089997895,0.16489997506141663,2525.740599958226,2820.7753999740817,4071.779099991545,10.707699984777719,8,12,12,0,0,16515072,0
FCWD1:0185,FCWD1,H8_warp,2.362499237060547,"[2.4312074184417725, 2.362499237060547, 2.3356716632843018]",8,8,7,1,False,"[15014846, 15064889, 15114941, 15164993, 15215037, 15265089, 15315142, 15365185]",339,0.7818594883113373,858.5314999800175,245.128599985037,25.253600033465773,1128.9136999985203,11.013199982699007,187.88010004209355,310.7711999909952,325.7136999745853,1.1262999614700675,1,3,1,2,2,16515072,33798635
FCWD1:0185,FCWD1,H8_warp_student,2.010223150253296,"[2.095940113067627, 1.966644525527954, 2.010223150253296]",8,8,7,1,False,"[15014846, 15064889, 15114941, 15164993, 15215037, 15265089, 15315142, 15365185]",339,0.7818594883113373,849.2898999829777,106.7577000358142,21.592099976260215,977.6396999950521,14.689699979498982,187.6262000296265,301.3203000300564,327.16839999193326,2.1661000209860504,1,3,1,2,2,16515072,33798635
FCWD1:0186,FCWD1,H8_reference,2.1252799034118652,"[2.174422025680542, 2.1252799034118652, 2.124493360519409]",8,8,0,8,False,"[15065237, 15115237, 15165237, 15215237, 15265237, 15315237, 15365237, 15415237]",0,1.0,8096.332399989478,1654.9913000199012,21.64350001839921,9772.967200027779,0.1050999853760004,1942.9847999708727,2004.8256000154652,4020.205100008752,13.720299990382046,8,12,12,0,0,16515072,0
FCWD1:0186,FCWD1,H8_warp,2.0653326511383057,"[2.116158962249756, 2.052471399307251, 2.0653326511383057]",8,8,7,1,False,"[15064889, 15114941, 15164993, 15215037, 15265089, 15315142, 15365185, 15415237]",348,0.7836123724106235,843.4359999955632,239.46440004510805,21.7424999573268,1104.642899997998,10.757000010926276,185.26250001741573,300.13440002221614,324.59259999450296,1.4079000102356076,1,3,1,2,2,16515072,33419025
FCWD1:0186,FCWD1,H8_warp_student,1.9190939664840698,"[1.9923503398895264, 1.8793989419937134, 1.9190939664840698]",8,8,7,1,False,"[15064889, 15114941, 15164993, 15215037, 15265089, 15315142, 15365185, 15415237]",348,0.7836123724106235,835.9132999903522,122.69420002121478,20.72019997285679,979.3276999844238,16.613900021184236,180.08239998016506,299.4619999662973,320.6070000305772,2.6002000086009502,1,3,1,2,2,16515072,33419025
FCWD1:0187,FCWD1,H8_reference,2.5415141582489014,"[2.6030707359313965, 2.530904531478882, 2.5415141582489014]",8,8,0,8,False,"[15115290, 15165290, 15215290, 15265290, 15315290, 15365290, 15415290, 15465290]",0,1.0,8345.677000004798,1415.083100029733,21.3899000082165,9782.150000042748,0.1311999512836337,1973.9777999930084,2111.0802000039257,4139.884100004565,10.959300037939101,8,12,12,0,0,16515072,0
FCWD1:0187,FCWD1,H8_warp,2.4109270572662354,"[2.495649814605713, 2.4109270572662354, 2.4002256393432617]",8,8,7,1,False,"[15114941, 15164993, 15215037, 15265089, 15315142, 15365185, 15415237, 15465290]",349,0.7854768599693407,764.8903999943286,352.57869999622926,20.774199976585805,1138.2432999671437,14.984200010076165,151.13740001106635,268.81540002068505,294.2449999973178,2.142300014384091,1,3,1,2,2,16515072,29609495
FCWD1:0187,FCWD1,H8_warp_student,2.199002742767334,"[2.3288662433624268, 2.1713998317718506, 2.199002742767334]",8,8,7,1,False,"[15114941, 15164993, 15215037, 15265089, 15315142, 15365185, 15415237, 15465290]",349,0.7854768599693407,728.3515999442898,114.6565000526607,24.638699949719012,867.6467999466695,13.79070000257343,141.00489998236299,269.73420003196225,286.7895999806933,3.0074999667704105,1,3,1,2,2,16515072,29609495
FCWD1:0188,FCWD1,H8_reference,2.8265113830566406,"[2.9204416275024414, 2.7820804119110107, 2.8265113830566406]",8,8,0,8,False,"[15165333, 15215333, 15265333, 15315333, 15365333, 15415333, 15465333, 15515333]",0,1.0,7575.000200013164,1755.4083000286482,22.70400000270456,9353.112500044517,0.10070001007989049,1997.3488999530673,1771.5398999862373,3686.8642000481486,10.932600009255111,8,12,12,0,0,16515072,0
FCWD1:0188,FCWD1,H8_warp,2.6587345600128174,"[2.766087532043457, 2.6587345600128174, 2.632075786590576]",8,8,7,1,False,"[15164993, 15215037, 15265089, 15315142, 15365185, 15415237, 15465290, 15515333]",340,0.7887030104134118,649.3192000198178,239.03129994869232,21.69520000461489,910.045699973125,12.102900014724582,147.84819999476895,231.01170000154525,246.04939995333552,1.2300999951548874,1,3,1,2,2,16515072,25263938
FCWD1:0188,FCWD1,H8_warp_student,2.4540212154388428,"[2.640834331512451, 2.4540212154388428, 2.448848009109497]",8,8,7,1,False,"[15164993, 15215037, 15265089, 15315142, 15365185, 15415237, 15465290, 15515333]",340,0.7887030104134118,636.6999000310898,111.01220001000911,20.485099987126887,768.1972000282258,13.634399976581335,130.6044000084512,229.56750000594184,249.00230002822354,3.145200025755912,1,3,1,2,2,16515072,25263938
FCWD1:0189,FCWD1,H8_reference,2.7676260471343994,"[2.8894588947296143, 2.7676260471343994, 2.7618350982666016]",8,8,0,8,False,"[15215385, 15265385, 15315385, 15365385, 15415385, 15465385, 15515385, 15565385]",0,1.0,7255.482699954882,1373.52840002859,23.022099980153143,8652.033199963626,0.10800000745803118,1762.3849000083283,1714.4148999941535,3663.4866999811493,11.07649999903515,8,12,12,0,0,16515072,0
FCWD1:0189,FCWD1,H8_warp,2.6539266109466553,"[2.758941888809204, 2.6539266109466553, 2.6215343475341797]",8,8,7,1,False,"[15215037, 15265089, 15315142, 15365185, 15415237, 15465290, 15515333, 15565385]",348,0.8082838987870317,611.6784000187181,253.94999998388812,22.41650002542883,888.044900028035,12.370400014333427,140.25579998269677,213.32919999258593,233.60480001429096,1.3738999841734767,1,3,1,2,2,16515072,23962809
FCWD1:0189,FCWD1,H8_warp_student,2.584578514099121,"[2.752791404724121, 2.584578514099121, 2.556387186050415]",8,8,7,1,False,"[15215037, 15265089, 15315142, 15365185, 15415237, 15465290, 15515333, 15565385]",348,0.8082838987870317,601.3915999792516,105.64219998195767,21.386600041296333,728.4204000025056,12.27649999782443,127.73559999186546,214.09049996873364,233.75749995466322,2.8793999808840454,1,3,1,2,2,16515072,23962809
FCWD1:0190,FCWD1,H8_reference,2.847804307937622,"[2.9252209663391113, 2.8439600467681885, 2.847804307937622]",8,8,0,8,False,"[15265437, 15315437, 15365437, 15415437, 15465437, 15515437, 15565437, 15615437]",0,1.0,7040.068899979815,1342.6659000106156,23.247400007676333,8405.982199998107,0.15199999324977398,1744.9560999521054,1679.909200000111,3501.112399972044,11.034399969503284,8,12,12,0,0,16515072,0
FCWD1:0190,FCWD1,H8_warp,2.7574782371520996,"[2.8439836502075195, 2.7574782371520996, 2.7444121837615967]",8,8,7,1,False,"[15265089, 15315142, 15365185, 15415237, 15465290, 15515333, 15565385, 15615437]",348,0.8293233764001937,609.0730000287294,254.87349997274578,20.63020004425198,884.5767000457272,14.430500043090433,130.48629998229444,205.4914000327699,225.3952999599278,1.1898999800905585,1,3,1,2,2,16515072,22991208
FCWD1:0190,FCWD1,H8_warp_student,2.4955027103424072,"[2.615459442138672, 2.4955027103424072, 2.479360580444336]",8,8,7,1,False,"[15265089, 15315142, 15365185, 15415237, 15465290, 15515333, 15565385, 15615437]",348,0.8293233764001937,593.8516000169329,125.26890001026914,22.948199999518692,742.0687000267208,12.982800020836294,124.99150005169213,212.47699996456504,228.29810000257567,2.6981999981217086,1,3,1,2,2,16515072,22991208
FCWD1:0191,FCWD1,H8_reference,3.195085048675537,"[3.2942728996276855, 3.195085048675537, 3.1721456050872803]",8,8,0,8,False,"[15315481, 15365481, 15415481, 15465481, 15515481, 15565481, 15615481, 15665481]",0,1.0,6827.2719999658875,1488.4108999976888,27.370800031349063,8343.053699994925,0.13100000796839595,1689.8010000004433,1619.646399980411,3412.0630999677815,10.136700002476573,8,12,12,0,0,16515072,0
FCWD1:0191,FCWD1,H8_warp,3.072467088699341,"[3.1725292205810547, 3.072467088699341, 3.026170492172241]",8,8,7,1,False,"[15315142, 15365185, 15415237, 15465290, 15515333, 15565385, 15615437, 15665481]",339,0.8489478264309165,575.8674000389874,240.36029999842867,20.39449999574572,836.6222000331618,36.24049999052659,123.47759999101982,193.46649997169152,210.22110001649708,3.1938000465743244,1,3,1,2,2,16515072,20801081
FCWD1:0191,FCWD1,H8_warp_student,2.8536605834960938,"[3.014406204223633, 2.8536605834960938, 2.8015663623809814]",8,8,7,1,False,"[15315142, 15365185, 15415237, 15465290, 15515333, 15565385, 15615437, 15665481]",339,0.8489478264309165,544.1406000172719,107.7618999988772,22.952200029976666,674.8547000461258,18.726499984040856,110.12140003731474,191.35409995215014,211.58800000557676,2.7904000016860664,1,3,1,2,2,16515072,20801081
FCWD1:0192,FCWD1,H8_reference,4.230452060699463,"[4.481097221374512, 4.202531337738037, 4.230452060699463]",8,8,0,8,False,"[15365533, 15415533, 15465533, 15515533, 15565533, 15615533, 15665533, 15715533]",0,1.0,6582.413399999496,1545.7254000357352,21.390299953054637,8149.529099988285,0.10179996024817228,1612.9466000129469,1576.7436000169255,3284.165800025221,12.488199979998171,8,12,12,0,0,16515072,0
FCWD1:0192,FCWD1,H8_warp,3.8731229305267334,"[4.132014751434326, 3.8731229305267334, 3.7413809299468994]",8,8,7,1,False,"[15365185, 15415237, 15465290, 15515333, 15565385, 15615437, 15665481, 15715533]",348,0.8685831935988889,516.4066000143066,230.90829997090623,20.436200022231787,767.7511000074446,22.689800010994077,112.09150002105162,174.77069998858497,194.37799998559058,2.9630999779328704,1,3,1,2,2,16515072,19370769
FCWD1:0192,FCWD1,H8_warp_student,3.466719627380371,"[3.702265977859497, 3.466719627380371, 3.345409870147705]",8,8,7,1,False,"[15365185, 15415237, 15465290, 15515333, 15565385, 15615437, 15665481, 15715533]",348,0.8685831935988889,510.84760000230744,132.03269999939948,22.63469999888912,665.515000000596,12.129099981393665,113.39389998465776,178.01809997763485,194.19960002414882,3.162100038025528,1,3,1,2,2,16515072,19370769
FCWD1:0193,FCWD1,H8_reference,4.856813907623291,"[5.1257853507995605, 4.745412826538086, 4.856813907623291]",8,8,0,8,False,"[15415586, 15465586, 15515586, 15565586, 15615586, 15665586, 15715586, 15765586]",0,1.0,6600.556699966546,1454.4075999874622,23.80770002491772,8078.771999978926,0.10539998766034842,1697.1045000245795,1551.2353999656625,3251.0251000057906,10.15489996643737,8,12,12,0,0,16515072,0
FCWD1:0193,FCWD1,H8_warp,4.3587646484375,"[4.7261199951171875, 4.3587646484375, 4.324374198913574]",8,8,7,1,False,"[15415237, 15465290, 15515333, 15565385, 15615437, 15665481, 15715533, 15765586]",349,0.896493607875093,518.486600019969,261.8913999758661,20.454399986192584,800.8323999820277,11.154299951158464,118.00109996693209,179.9548999988474,199.74000001093373,0.9593999711796641,1,3,1,2,2,16515072,19335766
FCWD1:0193,FCWD1,H8_warp_student,4.180452823638916,"[4.548863410949707, 4.180452823638916, 4.067099571228027]",8,8,7,1,False,"[15415237, 15465290, 15515333, 15565385, 15615437, 15665481, 15715533, 15765586]",349,0.896493607875093,534.6076999558136,192.8048999980092,36.59010003320873,764.0026999870315,13.573899981565773,103.8966000196524,186.06959999306127,215.97050002310425,3.90549999428913,1,3,1,2,2,16515072,19335766
FCWD1:0194,FCWD1,H8_reference,5.181063175201416,"[5.367173671722412, 5.05131196975708, 5.181063175201416]",8,8,0,8,False,"[15465629, 15515629, 15565629, 15615629, 15665629, 15715629, 15765629, 15815629]",0,1.0,7996.460800000932,2004.344500019215,44.47359999176115,10045.278900011908,0.15780003741383553,1994.7273000143468,1920.3070999938063,3947.9768000310287,13.999400020111352,8,12,12,0,0,16515072,0
FCWD1:0194,FCWD1,H8_warp,4.7632670402526855,"[5.098519802093506, 4.7632670402526855, 4.7137250900268555]",8,8,7,1,False,"[15465290, 15515333, 15565385, 15615437, 15665481, 15715533, 15765586, 15815629]",339,0.9263498102810725,606.0442000161856,404.00849998695776,46.19449999881908,1056.2472000019625,10.457800002768636,134.10730002215132,211.09890000661835,236.2425000173971,3.396200016140938,1,3,1,2,2,16515072,18333429
FCWD1:0194,FCWD1,H8_warp_student,4.495924472808838,"[4.802541255950928, 4.495924472808838, 4.39768123626709]",8,8,7,1,False,"[15465290, 15515333, 15565385, 15615437, 15665481, 15715533, 15765586, 15815629]",339,0.9263498102810725,607.5228999834508,174.64149999432266,39.31760002160445,821.4819999993779,10.878200002480298,110.80490000313148,229.5400999719277,240.6539000221528,3.5727000213228166,1,3,1,2,2,16515072,18333429
FCWD1:0195,FCWD1,H8_reference,6.030194282531738,"[6.272517681121826, 5.838961601257324, 6.030194282531738]",8,8,0,8,False,"[15515681, 15565681, 15615681, 15665681, 15715681, 15765681, 15815681, 15865681]",0,1.0,7599.207599996589,1633.2459000404924,23.922299966216087,9256.375800003298,0.172399973962456,1954.4071000418626,1797.9620000114664,3728.8468000479043,12.103599961847067,8,12,12,0,0,16515072,0
FCWD1:0195,FCWD1,H8_warp,5.535717964172363,"[6.0765604972839355, 5.498249530792236, 5.535717964172363]",8,8,7,1,False,"[15515333, 15565385, 15615437, 15665481, 15715533, 15765586, 15815629, 15865681]",348,0.9566950577715071,402.66479999991134,259.98760003130883,21.99139998992905,684.6438000211492,6.216700014192611,88.11760001117364,137.99489999655634,162.06850000889972,1.132400007918477,1,3,1,2,2,16515072,15725085
FCWD1:0195,FCWD1,H8_warp_student,5.123673915863037,"[5.55757474899292, 5.123673915863037, 5.119199275970459]",8,8,7,1,False,"[15515333, 15565385, 15615437, 15665481, 15715533, 15765586, 15815629, 15865681]",348,0.9566950577715071,431.7000999581069,129.42080001812428,22.38260000012815,583.5034999763593,7.801799976732582,84.63110000593588,139.49450000654906,189.770299999509,2.679399971384555,1,3,1,2,2,16515072,15725085
FCWD1:0196,FCWD1,H8_reference,6.127107620239258,"[6.188460350036621, 5.8899993896484375, 6.127107620239258]",8,8,0,8,False,"[15565734, 15615734, 15665734, 15715734, 15765734, 15815734, 15865734, 15915734]",0,1.0,5610.603999986779,1409.7012000274844,24.18989996658638,7044.49509998085,0.10870001278817654,1380.1125999889337,1322.6817000540905,2820.562500040978,9.534500015433878,8,12,12,0,0,16515072,0
FCWD1:0196,FCWD1,H8_warp,5.789835453033447,"[6.106757640838623, 5.648682117462158, 5.789835453033447]",8,8,7,1,False,"[15565385, 15615437, 15665481, 15715533, 15765586, 15815629, 15865681, 15915734]",349,0.9674314312943617,355.66850000759587,269.5384999969974,21.402099984697998,646.6090999892913,0.38600002881139517,101.81459999876097,111.19800002779812,134.3057999620214,1.2019999558106065,1,3,1,2,2,16515072,12711427
FCWD1:0196,FCWD1,H8_warp_student,5.2273688316345215,"[5.547520160675049, 5.2056193351745605, 5.2273688316345215]",8,8,7,1,False,"[15565385, 15615437, 15665481, 15715533, 15765586, 15815629, 15865681, 15915734]",349,0.9674314312943617,335.8793000224978,101.46579996217042,22.173300036229193,459.5184000208974,0.3923000185750425,78.33930000197142,110.8214000123553,137.05249998020008,2.638899954035878,1,3,1,2,2,16515072,12711427
FCWD1:0197,FCWD1,H8_reference,6.728409290313721,"[6.864450931549072, 6.488130569458008, 6.728409290313721]",8,8,0,8,False,"[15615777, 15665777, 15715777, 15765777, 15815777, 15865777, 15915777, 15965777]",0,1.0,5102.710400009528,1389.5697999978438,44.037099985871464,6536.317299993243,0.10230002226307988,1237.6562000135891,1202.5020000291988,2578.722400008701,10.544800024945289,8,12,12,0,0,16515072,0
FCWD1:0197,FCWD1,H8_warp,6.348702907562256,"[6.791627883911133, 6.165435791015625, 6.348702907562256]",8,8,7,1,False,"[15615437, 15665481, 15715533, 15765586, 15815629, 15865681, 15915734, 15965777]",340,0.978227712840062,399.5074999984354,253.672800026834,20.749200019054115,673.9295000443235,0.38650003261864185,65.50530000822619,206.32410002872348,119.75490004988387,2.200299990363419,1,3,1,2,2,16515072,10543128
FCWD1:0197,FCWD1,H8_warp_student,6.073009967803955,"[6.44158935546875, 5.922703742980957, 6.073009967803955]",8,8,7,1,False,"[15615437, 15665481, 15715533, 15765586, 15815629, 15865681, 15915734, 15965777]",340,0.978227712840062,277.7410999988206,125.26410003192723,24.504899978637695,427.5101000093855,0.4072000156156719,60.164199967402965,91.23860002728179,116.45690002478659,3.2208000193350017,1,3,1,2,2,16515072,10543128
FCWD1:0198,FCWD1,H8_reference,8.274547576904297,"[8.722905158996582, 7.68299674987793, 8.274547576904297]",8,8,0,8,False,"[15665829, 15715829, 15765829, 15815829, 15865829, 15915829, 15965829, 16015829]",0,1.0,4614.5943000447005,1444.3443999625742,22.571400040760636,6081.510100048035,0.10300002759322524,1146.3628000346944,1104.105399979744,2308.0310000223108,11.57720002811402,8,12,12,0,0,16515072,124704707
FCWD1:0198,FCWD1,H8_warp,8.127747535705566,"[8.751740455627441, 7.569206237792969, 8.127747535705566]",8,8,7,1,False,"[15665481, 15715533, 15765586, 15815629, 15865681, 15915734, 15965777, 16015829]",348,0.9890839024086082,265.37729997653514,312.23069998668507,21.51000004960224,599.1180000128224,0.382099999114871,66.70219998341054,85.21029999246821,106.8055999930948,1.2756999931298196,1,3,1,2,2,16515072,9691462
FCWD1:0198,FCWD1,H8_warp_student,7.884725570678711,"[8.213712692260742, 7.425238132476807, 7.884725570678711]",8,8,7,1,False,"[15665481, 15715533, 15765586, 15815629, 15865681, 15915734, 15965777, 16015829]",348,0.9890839024086082,255.50050003221259,106.66019999189302,21.889999974519014,384.0506999986246,0.38600002881139517,60.07000000681728,81.6181999980472,105.94159999163821,2.302000008057803,1,3,1,2,2,16515072,9691462
FCWD1:0199,FCWD1,H8_reference,9.289052963256836,"[9.951200485229492, 8.739011764526367, 9.289052963256836]",8,8,0,8,False,"[15715882, 15765882, 15815882, 15865882, 15915882, 15965882, 16015882, 16065882]",0,1.0,3337.8287000232376,1398.6640999792144,28.4084000159055,4764.9012000183575,0.10380003368481994,153.80310005275533,1006.7551000392996,2123.817500018049,11.434000043664128,8,12,12,0,0,16515072,112287261
FCWD1:0199,FCWD1,H8_warp,9.562148094177246,"[10.146574974060059, 8.849063873291016, 9.562148094177246]",8,8,7,1,False,"[15715533, 15765586, 15815629, 15865681, 15915734, 15965777, 16015829, 16065882]",349,1.0,247.14930000482127,249.8127999715507,23.02550000604242,519.9875999824144,0.41360000614076853,56.58560001756996,77.46080000652,99.85860000597313,1.4576000394299626,1,3,1,2,2,16515072,8828491
FCWD1:0199,FCWD1,H8_warp_student,9.4483060836792,"[9.4483060836792, 8.722579002380371, 9.538986206054688]",8,8,7,1,False,"[15715533, 15765586, 15815629, 15865681, 15915734, 15965777, 16015829, 16065882]",349,1.0,244.06890000682324,115.04689999856055,24.07450001919642,383.1903000245802,0.3918000147677958,57.4979999801144,80.66279999911785,97.8692999924533,2.426000020932406,1,3,1,2,2,16515072,8828491
FCWD1:0200,FCWD1,H8_reference,9.997602462768555,"[10.419252395629883, 9.685004234313965, 9.997602462768555]",8,8,0,8,False,"[15765925, 15815925, 15865925, 15915925, 15965925, 16015925, 16065925, 16115925]",0,1.0,2998.6617999966256,1401.4115000027232,28.80549995461479,4428.878799953964,0.098800053820014,126.10629998380318,892.2584999818355,1931.9768999703228,11.483600013889372,8,12,12,0,0,16515072,101707311
FCWD1:0200,FCWD1,H8_warp,10.244149208068848,"[10.564863204956055, 9.68865966796875, 10.244149208068848]",8,8,7,1,False,"[15765586, 15815629, 15865681, 15915734, 15965777, 16015829, 16065882, 16115925]",339,1.0,182.49209999339655,251.63060001796111,23.51909998105839,457.64179999241605,0.3902000025846064,40.278000000398606,58.60950000351295,78.09269998688251,0.9473999962210655,1,3,1,2,2,16515072,6574716
FCWD1:0200,FCWD1,H8_warp_student,9.865440368652344,"[9.865440368652344, 9.518174171447754, 10.976666450500488]",8,8,7,1,False,"[15765586, 15815629, 15865681, 15915734, 15965777, 16015829, 16065882, 16115925]",339,1.0,189.46610001148656,113.97240002406761,20.811499969568104,324.2500000051223,0.3868999774567783,44.250299979466945,57.338699989486486,80.74669999768957,2.559299988206476,1,3,1,2,2,16515072,6574716
FCWD1:0201,FCWD1,H8_reference,8.1116361618042,"[8.222122192382812, 8.041781425476074, 8.1116361618042]",8,8,0,8,False,"[15815977, 15865977, 15915977, 15965977, 16015977, 16065977, 16115977, 16165977]",0,1.0,2729.5023999758996,1420.7696000230499,25.634000019636005,4175.9060000185855,0.10330002987757325,105.50020000664517,805.2199999801815,1775.0517000094987,10.861799994017929,8,12,12,0,0,16515072,90971505
FCWD1:0201,FCWD1,H8_warp,8.202691078186035,"[8.248991966247559, 8.032158851623535, 8.202691078186035]",8,8,7,1,False,"[15815629, 15865681, 15915734, 15965777, 16015829, 16065882, 16115925, 16165977]",348,1.0,105.049500009045,243.9487999654375,21.144400001503527,370.14269997598603,0.381499994546175,22.656999994069338,33.00980001222342,45.328900043386966,1.1682999902404845,1,3,1,2,2,16515072,3910204
FCWD1:0201,FCWD1,H8_warp_student,7.829428195953369,"[7.625679016113281, 7.829428195953369, 8.258480072021484]",8,8,7,1,False,"[15815629, 15865681, 15915734, 15965777, 16015829, 16065882, 16115925, 16165977]",348,1.0,116.14659999031574,108.14880003454164,20.72159998351708,245.01700000837445,0.4664000007323921,25.362699991092086,34.452599997166544,48.767800035420805,2.085599990095943,1,3,1,2,2,16515072,3910204
FCWD1:0202,FCWD1,H8_reference,7.253045082092285,"[7.386162757873535, 7.153038024902344, 7.253045082092285]",8,8,0,8,False,"[15866030, 15916030, 15966030, 16016030, 16066030, 16116030, 16166030, 16216030]",0,1.0,2414.1786000109278,1408.273100038059,21.467299957294017,3843.919000006281,0.11580000864341855,88.84530002251267,716.810500016436,1568.6550000100397,10.317399981431663,8,12,12,0,0,16515072,80453860
FCWD1:0202,FCWD1,H8_warp,7.32908821105957,"[7.395290374755859, 7.156207084655762, 7.32908821105957]",8,8,7,1,False,"[15865681, 15915734, 15965777, 16015829, 16065882, 16115925, 16165977, 16216030]",349,1.0,87.955100054387,282.17849996872246,29.923200025223196,400.05680004833266,0.3994000144302845,25.742600031662732,24.178599996957928,33.53780001634732,0.8220999734476209,1,3,1,2,2,16515072,2712197
FCWD1:0202,FCWD1,H8_warp_student,7.3287200927734375,"[7.3287200927734375, 7.2295026779174805, 7.678414344787598]",8,8,7,1,False,"[15865681, 15915734, 15965777, 16015829, 16065882, 16115925, 16165977, 16216030]",349,1.0,94.80340004665777,128.81909997668117,26.46429999731481,250.08680002065375,0.4133000038564205,25.40050004608929,27.69859996624291,36.288100003730506,2.5138999917544425,1,3,1,2,2,16515072,2712197
FCWD1:0203,FCWD1,H8_reference,7.532322406768799,"[7.532322406768799, 7.524576663970947, 7.551751136779785]",8,8,0,8,False,"[15916082, 15966082, 16016082, 16066082, 16116082, 16166082, 16216082, 16266082]",0,1.0,2303.0071000102907,1383.4368999814615,24.288300017360598,3710.732300009113,0.11369999265298247,153.91160000581294,683.6692999931984,1428.2105999882333,10.014700004830956,8,12,12,0,0,16515072,75170124
FCWD1:0203,FCWD1,H8_warp,7.505414009094238,"[7.503005027770996, 7.505414009094238, 7.629575729370117]",8,8,7,1,False,"[15915734, 15965777, 16015829, 16065882, 16115925, 16165977, 16216030, 16266082]",348,1.0,227.26680000778288,258.3042000187561,21.05519996257499,506.62619998911396,0.39549998473376036,69.77770000230521,65.42529998114333,86.31020004395396,0.8743000216782093,1,3,1,2,2,16515072,7177451
FCWD1:0203,FCWD1,H8_warp_student,7.786779403686523,"[7.733936309814453, 7.786779403686523, 8.247597694396973]",8,8,7,1,False,"[15915734, 15965777, 16015829, 16065882, 16115925, 16165977, 16216030, 16266082]",348,1.0,226.3033000053838,111.47270002402365,21.72349998727441,359.49950001668185,0.6797999958507717,64.8287000367418,65.14019996393472,88.28819997143,2.3642999585717916,1,3,1,2,2,16515072,7177451
FCWD1:0204,FCWD1,H8_reference,7.249857425689697,"[7.105747699737549, 7.342362403869629, 7.249857425689697]",8,8,0,8,False,"[15966125, 16016125, 16066125, 16116125, 16166125, 16216125, 16266125, 16316125]",0,1.0,2354.523300018627,1583.5662999888882,27.274199994280934,3965.3638000017963,0.10529998689889908,238.0915000103414,678.4354000119492,1396.577800041996,12.759800010826439,8,12,12,0,0,16515072,77261226
FCWD1:0204,FCWD1,H8_warp,7.306958198547363,"[7.0748820304870605, 7.306958198547363, 7.333847522735596]",8,8,7,1,False,"[15965777, 16015829, 16065882, 16115925, 16165977, 16216030, 16266082, 16316125]",348,1.0,473.392799962312,283.73460000148043,23.45360000617802,780.5809999699704,0.39840000681579113,123.54679999407381,151.60130005097017,188.24829999357462,0.9642000077292323,1,3,1,2,2,16515072,17607393
FCWD1:0204,FCWD1,H8_warp_student,8.946830749511719,"[8.527704238891602, 8.946830749511719, 9.760374069213867]",8,8,7,1,False,"[15965777, 16015829, 16065882, 16115925, 16165977, 16216030, 16266082, 16316125]",348,1.0,480.4928000085056,134.02419997146353,28.79230002872646,643.3093000086956,0.39190001552924514,125.65229996107519,155.01919999951497,188.1815000087954,2.931599970906973,1,3,1,2,2,16515072,17607393
FCWD1:0205,FCWD1,H8_reference,7.8165364265441895,"[7.229017734527588, 7.8165364265441895, 8.18640422821045]",8,8,0,8,False,"[16016178, 16066178, 16116178, 16166178, 16216178, 16266178, 16316178, 16366178]",0,1.0,2676.677000010386,1552.6696000015363,24.591299996245652,4253.937900008168,0.10569998994469643,347.16730000218377,753.4842999884859,1530.0753000192344,12.134099961258471,8,12,12,0,0,16515072,84538739
FCWD1:0205,FCWD1,H8_warp,7.830108165740967,"[7.230679035186768, 7.830108165740967, 8.256180763244629]",8,8,7,1,False,"[16015829, 16065882, 16115925, 16165977, 16216030, 16266082, 16316125, 16366178]",349,1.0,733.6520999670029,305.654100026004,25.967499997932464,1065.2736999909393,0.3842000151053071,169.1189000266604,262.0055999723263,287.8313999972306,1.3916000025346875,1,3,1,2,2,16515072,28771548
FCWD1:0205,FCWD1,H8_warp_student,8.36410140991211,"[7.486344337463379, 8.36410140991211, 8.833024978637695]",8,8,7,1,False,"[16015829, 16065882, 16115925, 16165977, 16216030, 16266082, 16316125, 16366178]",349,1.0,758.0508000100963,112.41169995628297,24.374400032684207,894.8368999990635,1.1875000200234354,184.7519000293687,271.68970002094284,285.79589998116717,2.2361999726854265,1,3,1,2,2,16515072,28771548
FCWD1:0206,FCWD1,H8_reference,3.2019288539886475,"[3.062136173248291, 3.2019288539886475, 3.2531046867370605]",8,8,0,8,False,"[16066230, 16116230, 16166230, 16216230, 16266230, 16316230, 16366230, 16416230]",0,1.0,2899.1206000209786,1563.0087000317872,25.18989995587617,4487.319200008642,0.10850001126527786,338.78739998908713,835.5232999892905,1679.3066000100225,11.807700037024915,8,12,12,0,0,16515072,93563274
FCWD1:0206,FCWD1,H8_warp,3.197874069213867,"[3.0518839359283447, 3.197874069213867, 3.254047155380249]",8,8,7,1,False,"[16065882, 16115925, 16165977, 16216030, 16266082, 16316125, 16366178, 16416230]",348,1.0,887.0228999876417,286.27820004476234,24.671999970450997,1197.973100002855,0.4007000243291259,191.87320000492036,324.59819997893646,351.8705999595113,2.0256999996490777,1,3,1,2,2,16515072,35626186
FCWD1:0206,FCWD1,H8_warp_student,3.3940978050231934,"[3.189255475997925, 3.3940978050231934, 3.4927029609680176]",8,8,7,1,False,"[16065882, 16115925, 16165977, 16216030, 16266082, 16316125, 16366178, 16416230]",348,1.0,872.8310000151396,129.7894999734126,21.313500008545816,1023.933999997098,0.38380001205950975,185.3914000093937,316.69599999440834,351.5770999947563,3.3168999943882227,1,3,1,2,2,16515072,35626186
FCWD1:0207,FCWD1,H8_reference,2.7083895206451416,"[2.6958322525024414, 2.7083895206451416, 2.8216934204101562]",8,8,0,8,False,"[16116273, 16166273, 16216273, 16266273, 16316273, 16366273, 16416273, 16466273]",0,1.0,3088.3563000243157,1505.555399984587,22.556899988558143,4616.468599997461,0.15249999705702066,288.2609000080265,911.4209999679588,1839.3339000176638,13.529400050174445,8,12,12,0,0,16515072,99840932
FCWD1:0207,FCWD1,H8_warp,2.706271171569824,"[2.686333417892456, 2.706271171569824, 2.8217833042144775]",8,8,7,1,False,"[16115925, 16165977, 16216030, 16266082, 16316125, 16366178, 16416230, 16466273]",348,1.0,837.199600005988,275.0180000439286,24.304499966092408,1136.522100016009,0.8497000089846551,165.1368999737315,322.20170000800863,329.0005000308156,1.1389999999664724,1,3,1,2,2,16515072,33589416
FCWD1:0207,FCWD1,H8_warp_student,2.704209089279175,"[2.637298107147217, 2.704209089279175, 2.8218986988067627]",8,8,7,1,False,"[16115925, 16165977, 16216030, 16266082, 16316125, 16366178, 16416230, 16466273]",348,1.0,811.340999964159,117.95909999636933,23.3070999966003,952.6071999571286,0.771000050008297,164.12440000567585,302.0736000034958,326.8442999687977,2.4016000097617507,1,3,1,2,2,16515072,33589416
FCWD1:0208,FCWD1,H8_reference,2.503072738647461,"[2.503072738647461, 2.444031238555908, 2.549201011657715]",8,8,0,8,False,"[16166326, 16216326, 16266326, 16316326, 16366326, 16416326, 16466326, 16516326]",0,1.0,3111.5816999808885,1808.368000027258,24.197199963964522,4944.146899972111,0.1058999914675951,205.9663999825716,911.3673999672756,1947.6584999938495,10.3388000279665,8,12,12,0,0,16515072,101655869
FCWD1:0208,FCWD1,H8_warp,2.4903059005737305,"[2.4903059005737305, 2.44022536277771, 2.5478827953338623]",8,8,7,1,False,"[16165977, 16216030, 16266082, 16316125, 16366178, 16416230, 16466273, 16516326]",349,1.0,567.9544000304304,238.66439994890243,20.48030000878498,827.0990999881178,0.45779999345541,106.26440000487491,215.51179996458814,234.2685000039637,1.0793000110425055,1,3,1,2,2,16515072,23762838
FCWD1:0208,FCWD1,H8_warp_student,2.467808961868286,"[2.467808961868286, 2.460153579711914, 2.5855751037597656]",8,8,7,1,False,"[16165977, 16216030, 16266082, 16316125, 16366178, 16416230, 16466273, 16516326]",349,1.0,604.7776999766938,135.15490002464503,27.223300014156848,767.1559000154957,0.38919999497011304,124.2538999649696,226.67240002192557,240.05369999213144,2.62379995547235,1,3,1,2,2,16515072,23762838
FCWD1:0209,FCWD1,H8_reference,3.1011154651641846,"[3.1817336082458496, 3.0644519329071045, 3.1011154651641846]",8,8,0,8,False,"[16216378, 16266378, 16316378, 16366378, 16416378, 16466378, 16516378, 16566378]",0,1.0,2977.6551999966614,1420.787300041411,24.655699962750077,4423.0982000008225,0.10689999908208847,115.90100004104897,876.005299971439,1939.3083000322804,9.795900026801974,8,12,12,0,0,16515072,98321574
FCWD1:0209,FCWD1,H8_warp,3.098275661468506,"[3.156189203262329, 3.0524630546569824, 3.098275661468506]",8,8,7,1,False,"[16216030, 16266082, 16316125, 16366178, 16416230, 16466273, 16516326, 16566378]",348,1.0,283.03350001806393,250.89109997497872,21.028899995144457,554.9534999881871,0.3939000307582319,44.308300013653934,105.4106000228785,126.05169997550547,1.2521999888122082,1,3,1,2,2,16515072,11134354
FCWD1:0209,FCWD1,H8_warp_student,3.133533477783203,"[3.133533477783203, 3.050276279449463, 3.1440465450286865]",8,8,7,1,False,"[16216030, 16266082, 16316125, 16366178, 16416230, 16466273, 16516326, 16566378]",348,1.0,266.35930000338703,113.73240000102669,21.504600008483976,401.5963000128977,0.4526000120677054,42.37360000843182,93.40020001400262,120.03230000846088,2.9141000122763216,1,3,1,2,2,16515072,11134354
FCWD1:0210,FCWD1,H8_reference,7.034627914428711,"[11.004219055175781, 7.034627914428711, 6.866881847381592]",8,8,0,8,False,"[16266421, 16316421, 16366421, 16416421, 16466421, 16516421, 16566421, 16616421]",0,1.0,3016.423500026576,1460.557499958668,22.438100015278906,4499.419100000523,0.10549998842179775,168.5991000267677,875.5077999667265,1925.5499999853782,10.764100006781518,8,12,12,0,0,16515072,99293073
FCWD1:0210,FCWD1,H8_warp,7.003430366516113,"[10.958637237548828, 7.003430366516113, 6.956092834472656]",8,8,7,1,False,"[16266082, 16316125, 16366178, 16416230, 16466273, 16516326, 16566378, 16616421]",339,1.0,237.04380000708625,279.83499999390915,20.264299993868917,537.1430999948643,0.519900000654161,68.57619999209419,69.92099998751655,90.65720002399758,1.4417000347748399,1,3,1,2,2,16515072,8159065
FCWD1:0210,FCWD1,H8_warp_student,6.180881977081299,"[7.397449493408203, 5.728724956512451, 6.180881977081299]",8,8,7,1,False,"[16266082, 16316125, 16366178, 16416230, 16466273, 16516326, 16566378, 16616421]",339,1.0,240.30469998251647,106.00670002168044,20.154499972704798,366.4658999769017,0.38810004480183125,70.1757000060752,72.473100037314,90.3554999968037,2.281900029629469,1,3,1,2,2,16515072,8159065
FCWD1:0211,FCWD1,H8_reference,7.47376823425293,"[11.957576751708984, 7.276455402374268, 7.47376823425293]",8,8,0,8,False,"[16316474, 16366474, 16416474, 16466474, 16516474, 16566474, 16616474, 16666474]",0,1.0,3106.9986000075005,1587.9393999930471,28.450600046198815,4723.388600046746,0.10559998918324709,178.74960001790896,899.8913000104949,1981.159100017976,10.454299976117909,8,12,12,0,0,16515072,101355275
FCWD1:0211,FCWD1,H8_warp,7.629683494567871,"[12.012797355651855, 7.188763618469238, 7.629683494567871]",8,8,7,1,False,"[16316125, 16366178, 16416230, 16466273, 16516326, 16566378, 16616421, 16666474]",349,1.0,343.25919998809695,259.46059997659177,22.265100036747754,624.9849000014365,0.9599999757483602,81.63570001488551,112.79599997214973,140.50510001834482,1.0743000311776996,1,3,1,2,2,16515072,12726710
FCWD1:0211,FCWD1,H8_warp_student,6.872400283813477,"[7.863493919372559, 6.111082553863525, 6.872400283813477]",8,8,7,1,False,"[16316125, 16366178, 16416230, 16466273, 16516326, 16566378, 16616421, 16666474]",349,1.0,331.52680000057444,121.57299998216331,22.26679999148473,475.3665999742225,0.686999992467463,76.4624000294134,108.10170002514496,137.04810000490397,2.674100047443062,1,3,1,2,2,16515072,12726710
FCWD1:0212,FCWD1,H8_reference,10.058660507202148,"[12.460949897766113, 8.037861824035645, 10.058660507202148]",8,8,0,8,False,"[16366526, 16416526, 16466526, 16516526, 16566526, 16616526, 16666526, 16716526]",0,1.0,3112.4049000209197,1390.6895000254735,25.537199981044978,4528.631600027438,0.10919995838776231,152.78379997471347,899.5706000132486,2012.8151000244543,10.490400018170476,8,12,12,0,0,16515072,102247146
FCWD1:0212,FCWD1,H8_warp,10.41970443725586,"[12.52768611907959, 7.941678047180176, 10.41970443725586]",8,8,7,1,False,"[16366178, 16416230, 16466273, 16516326, 16566378, 16616421, 16666474, 16716526]",348,1.0,305.9054000186734,240.26109999977052,20.44759999262169,566.6141000110656,0.7181999972090125,70.67350001307204,104.2998000048101,122.99379997421056,1.2861000141128898,1,3,1,2,2,16515072,11770851
FCWD1:0212,FCWD1,H8_warp_student,8.460415840148926,"[8.460415840148926, 6.906456470489502, 8.524466514587402]",8,8,7,1,False,"[16366178, 16416230, 16466273, 16516326, 16566378, 16616421, 16666474, 16716526]",348,1.0,293.1291999993846,102.24070004187524,21.288799995090812,416.65870003635064,0.43020001612603664,62.45140003738925,98.91760000027716,123.29820002196357,2.3277000291273,1,3,1,2,2,16515072,11770851
FCWD1:0213,FCWD1,H8_reference,16.782012939453125,"[18.122819900512695, 9.028739929199219, 16.782012939453125]",8,8,0,8,False,"[16416569, 16466569, 16516569, 16566569, 16616569, 16666569, 16716569, 16766569]",0,1.0,3151.874899980612,1449.6811000281014,23.81240000249818,4625.368400011212,0.11590000940486789,127.96869996236637,907.0030000293627,2070.029800001066,10.164500039536506,8,12,12,0,0,16515072,102299404
FCWD1:0213,FCWD1,H8_warp,18.045278549194336,"[18.423765182495117, 9.031519889831543, 18.045278549194336]",8,8,7,1,False,"[16416230, 16466273, 16516326, 16566378, 16616421, 16666474, 16716526, 16766569]",339,1.0,201.48280001012608,284.30100000696257,25.261599977966398,511.04539999505505,0.3837000112980604,40.2728000190109,65.30420004855841,88.85100000770763,1.3387000071816146,1,3,1,2,2,16515072,7466570
FCWD1:0213,FCWD1,H8_warp_student,15.924765586853027,"[15.924765586853027, 11.865336418151855, 19.549541473388672]",8,8,7,1,False,"[16416230, 16466273, 16516326, 16566378, 16616421, 16666474, 16716526, 16766569]",339,1.0,208.92949996050447,115.52920000394806,21.705100021790713,346.16379998624325,0.806200027000159,41.80299997096881,66.27079995814711,92.47650002362207,2.287500014062971,1,3,1,2,2,16515072,7466570
FCWD2:0000,FCWD2,H8_reference,7.799632549285889,"[6.556795597076416, 7.799632549285889, 7.927038192749023]",8,8,0,8,True,"[3954250, 4004250, 4054250, 4104250, 4154250, 4204250, 4254250, 4304250]",0,1.0,576.4721999876201,1374.0540000144392,23.595399979967624,1974.121599982027,0.11769996490329504,320.0123999849893,66.4715000311844,178.33159997826442,11.041600024327636,8,12,12,0,0,9437184,16532517
FCWD2:0000,FCWD2,H8_warp,7.799632549285889,"[6.556795597076416, 7.799632549285889, 7.927038192749023]",8,8,0,8,True,"[3954250, 4004250, 4054250, 4104250, 4154250, 4204250, 4254250, 4304250]",0,1.0,462.8040000097826,1604.555599973537,21.065200038719922,2088.4248000220396,0.1631999621167779,174.35450002085418,61.945099965669215,177.03129997244105,48.84060000767931,8,12,12,0,0,9437184,16532517
FCWD2:0000,FCWD2,H8_warp_student,9.716675758361816,"[8.409547805786133, 9.716675758361816, 9.824098587036133]",8,8,0,8,True,"[3954250, 4004250, 4054250, 4104250, 4154250, 4204250, 4254250, 4304250]",0,1.0,623.9698000135832,664.0845999936573,25.193599984049797,1313.2479999912903,0.34170004073530436,369.99660002766177,62.92120000580326,171.92749999230728,5.6235999800264835,8,12,12,0,0,9437184,16532517
FCWD2:0001,FCWD2,H8_reference,7.61406946182251,"[7.006567001342773, 7.61406946182251, 8.558725357055664]",8,8,0,8,False,"[4004302, 4054302, 4104302, 4154302, 4204302, 4254302, 4304302, 4354302]",0,1.0,304.3508999980986,1552.3398999939673,22.892899985890836,1879.5836999779567,0.109999964479357,47.91379999369383,66.34100002702326,180.94429996563122,8.741199970245361,8,12,12,0,0,16515072,16603033
FCWD2:0001,FCWD2,H8_warp,7.640589714050293,"[6.783642292022705, 7.640589714050293, 8.196999549865723]",8,8,7,1,False,"[4004250, 4054250, 4104250, 4154250, 4204250, 4254250, 4304250, 4354302]",52,0.9829790342610856,64.20719996094704,283.7975000147708,25.77090001432225,373.77559999004006,12.293500010855496,26.595800009090453,7.773399993311614,14.627599972300231,1.2088999501429498,1,3,1,2,2,10223616,2307733
FCWD2:0001,FCWD2,H8_warp_student,8.913252830505371,"[8.27308464050293, 8.913252830505371, 9.159418106079102]",8,8,7,1,False,"[4004250, 4054250, 4104250, 4154250, 4204250, 4254250, 4304250, 4354302]",52,0.9829790342610856,67.3778000054881,119.02929999632761,25.25230002356693,211.65940002538264,13.179100002162158,30.446200049482286,6.982899969443679,13.168799981940538,1.9973000162281096,1,3,1,2,2,10223616,2307733
FCWD2:0002,FCWD2,H8_reference,8.710855484008789,"[6.8889384269714355, 8.710855484008789, 8.922989845275879]",8,8,0,8,False,"[4054355, 4104355, 4154355, 4204355, 4254355, 4304355, 4354355, 4404355]",0,1.0,303.41749999206513,1606.8605000036769,21.082499995827675,1931.3604999915697,0.10409997776150703,49.06729998765513,65.63769996864721,175.44420005287975,12.837300018873066,8,12,12,0,0,16515072,16606484
FCWD2:0002,FCWD2,H8_warp,7.414370059967041,"[6.153110504150391, 7.414370059967041, 7.912800312042236]",8,8,7,1,False,"[4054250, 4104250, 4154250, 4204250, 4254250, 4304250, 4354302, 4404355]",105,0.97461264275842,67.81650002812967,246.7962999944575,22.01230003265664,336.6251000552438,20.445699978154153,22.579000040423125,7.835900003556162,13.722100004088134,0.894600001629442,1,3,1,2,2,11010048,2593180
FCWD2:0002,FCWD2,H8_warp_student,9.825855255126953,"[8.471713066101074, 9.825855255126953, 10.18718433380127]",8,8,7,1,False,"[4054250, 4104250, 4154250, 4204250, 4254250, 4304250, 4354302, 4404355]",105,0.97461264275842,62.03929998446256,114.96959999203682,23.007399984635413,200.0162999611348,12.580499984323978,22.850300010759383,7.861100020818412,13.691800006199628,1.9283000146970153,1,3,1,2,2,11010048,2593180
FCWD2:0003,FCWD2,H8_reference,8.369196891784668,"[7.225396633148193, 8.369196891784668, 9.02983283996582]",8,8,0,8,False,"[4104398, 4154398, 4204398, 4254398, 4304398, 4354398, 4404398, 4454398]",0,1.0,283.6593000101857,1711.203499988187,22.266599989961833,2017.1293999883346,0.11550000635907054,44.508099963422865,59.3900999519974,168.74140000436455,10.558800015132874,8,12,12,0,0,16515072,16370694
FCWD2:0003,FCWD2,H8_warp,9.03281021118164,"[7.308072090148926, 9.03281021118164, 9.528030395507812]",8,8,7,1,False,"[4104250, 4154250, 4204250, 4254250, 4304250, 4354302, 4404355, 4454398]",148,0.9609434682964094,66.74440001370385,259.856199962087,23.345299996435642,349.94589997222647,16.984699992462993,22.640899987891316,8.552699990104884,14.133299991954118,2.346099994610995,1,3,1,2,2,11796480,2710497
FCWD2:0003,FCWD2,H8_warp_student,9.267170906066895,"[8.120278358459473, 9.267170906066895, 9.505054473876953]",8,8,7,1,False,"[4104250, 4154250, 4204250, 4254250, 4304250, 4354302, 4404355, 4454398]",148,0.9609434682964094,67.41209997562692,110.23689998546615,21.500200033187866,199.14919999428093,13.902699982281774,24.050200008787215,8.54010001057759,15.628600027412176,2.902100037317723,1,3,1,2,2,11796480,2710497
FCWD2:0004,FCWD2,H8_reference,9.83177661895752,"[8.431879043579102, 9.83177661895752, 10.061327934265137]",8,8,0,8,False,"[4154450, 4204450, 4254450, 4304450, 4354450, 4404450, 4454450, 4504450]",0,1.0,282.41099999286234,1450.9197000297718,24.7028999729082,1758.0335999955423,0.12620002962648869,43.49080001702532,60.71290001273155,168.6498000053689,9.093299973756075,8,12,12,0,0,16515072,16408468
FCWD2:0004,FCWD2,H8_warp,9.500999450683594,"[8.247567176818848, 9.500999450683594, 10.0313138961792]",8,8,7,1,False,"[4154250, 4204250, 4254250, 4304250, 4354302, 4404355, 4454398, 4504450]",200,0.9501424501424501,61.82780000381172,270.12760000070557,26.108099962584674,358.06349996710196,11.460000008810312,23.71450001373887,9.20949998544529,14.530999993439764,1.2070999946445227,1,3,1,2,2,12582912,2706995
FCWD2:0004,FCWD2,H8_warp_student,9.903952598571777,"[8.709546089172363, 9.903952598571777, 9.976082801818848]",8,8,7,1,False,"[4154250, 4204250, 4254250, 4304250, 4354302, 4404355, 4454398, 4504450]",200,0.9501424501424501,70.06080000428483,117.92099999729544,25.624000001698732,213.605800003279,15.104299993254244,25.822199997492135,9.216800041031092,15.1229000184685,2.582099987193942,1,3,1,2,2,12582912,2706995
FCWD2:0005,FCWD2,H8_reference,8.92628002166748,"[8.440384864807129, 9.064884185791016, 8.92628002166748]",8,8,0,8,False,"[4204503, 4254503, 4304503, 4354503, 4404503, 4454503, 4504503, 4554503]",0,1.0,300.7249000365846,1426.3441999792121,22.855499992147088,1749.9246000079438,0.10599999222904444,44.78719999315217,63.19980003172532,181.52540002483875,10.72979997843504,8,12,12,0,0,16515072,16653370
FCWD2:0005,FCWD2,H8_warp,8.720809936523438,"[8.051385879516602, 8.720809936523438, 8.899378776550293]",8,8,7,1,False,"[4204250, 4254250, 4304250, 4354302, 4404355, 4454398, 4504450, 4554503]",253,0.9241112543746546,85.84780001547188,260.22050000028685,23.4006000100635,369.4689000258222,12.189000030048192,26.1799999861978,8.62300000153482,14.291300030890852,1.879999996162951,1,3,1,2,2,13369344,2682617
FCWD2:0005,FCWD2,H8_warp_student,9.628120422363281,"[8.66385555267334, 9.628120422363281, 9.797097206115723]",8,8,7,1,False,"[4204250, 4254250, 4304250, 4354302, 4404355, 4454398, 4504450, 4554503]",253,0.9241112543746546,68.42550000874326,112.58979997364804,21.337700018193573,202.35300000058487,13.720899994950742,25.16240003751591,9.35489998664707,15.200099966023117,2.694199967663735,1,3,1,2,2,13369344,2682617
FCWD2:0006,FCWD2,H8_reference,9.047887802124023,"[8.482766151428223, 9.390790939331055, 9.047887802124023]",8,8,0,8,False,"[4254546, 4304546, 4354546, 4404546, 4454546, 4504546, 4554546, 4604546]",0,1.0,292.495500005316,1473.9650000119582,25.681399973109365,1792.1418999903835,0.23399997735396028,44.38989999471232,66.04950001928955,171.03500000666827,10.455300041940063,8,12,12,0,0,16515072,17234549
FCWD2:0006,FCWD2,H8_warp,8.479486465454102,"[8.171319961547852, 8.479486465454102, 8.894291877746582]",8,8,7,1,False,"[4254250, 4304250, 4354302, 4404355, 4454398, 4504450, 4554503, 4604546]",296,0.9114905775903123,62.22580000758171,456.76349999848753,22.550599998794496,541.5399000048637,10.85419999435544,24.72059999126941,9.17269999627024,14.723600004799664,1.1085000005550683,1,3,1,2,2,14155776,2829497
FCWD2:0006,FCWD2,H8_warp_student,10.087486267089844,"[8.793895721435547, 10.087486267089844, 10.279848098754883]",8,8,7,1,False,"[4254250, 4304250, 4354302, 4404355, 4454398, 4504450, 4554503, 4604546]",296,0.9114905775903123,65.96120004542172,118.35010000504553,24.050099949818105,208.36140000028536,13.061199977528304,23.965800006408244,9.423899988178164,15.05909999832511,2.736700000241399,1,3,1,2,2,14155776,2829497
FCWD2:0007,FCWD2,H8_reference,9.104056358337402,"[7.737584114074707, 9.104056358337402, 9.608084678649902]",8,8,0,8,False,"[4304599, 4354599, 4404599, 4454599, 4504599, 4554599, 4604599, 4654599]",0,1.0,311.7281000013463,1419.2461000056937,24.79749999474734,1755.7717000017874,0.10659999679774046,54.765400011092424,68.17879999289289,176.95829999865964,11.04069995926693,8,12,12,0,0,16515072,17774129
FCWD2:0007,FCWD2,H8_warp,8.299753189086914,"[7.634828090667725, 8.299753189086914, 9.318631172180176]",8,8,7,1,False,"[4304250, 4354302, 4404355, 4454398, 4504450, 4554503, 4604546, 4654599]",349,0.9138878710150238,67.26509996224195,249.39430004451424,24.0450999699533,340.7044999767095,10.534600005485117,28.725100040901452,10.654799989424646,14.478099998086691,1.1757000465877354,1,3,1,2,2,14942208,3219358
FCWD2:0007,FCWD2,H8_warp_student,9.613500595092773,"[8.078888893127441, 9.613500595092773, 9.812857627868652]",8,8,7,1,False,"[4304250, 4354302, 4404355, 4454398, 4504450, 4554503, 4604546, 4654599]",349,0.9138878710150238,73.37590004317462,106.51339998003095,21.915499994065613,201.8048000172712,13.912700000219047,29.287399956956506,10.829199978616089,14.78789997054264,2.685900020878762,1,3,1,2,2,14942208,3219358
FCWD2:0008,FCWD2,H8_reference,8.419097900390625,"[7.084023952484131, 8.419097900390625, 9.354033470153809]",8,8,0,8,False,"[4354651, 4404651, 4454651, 4504651, 4554651, 4604651, 4654651, 4704651]",0,1.0,292.596000013873,1549.1243000142276,37.689799966756254,1879.4100999948569,0.10410003596916795,46.246300044003874,65.89269998949021,168.9885000232607,10.676700039766729,8,12,12,0,0,16515072,18005295
FCWD2:0008,FCWD2,H8_warp,7.6254425048828125,"[6.54913330078125, 7.6254425048828125, 8.923822402954102]",8,8,7,1,False,"[4354302, 4404355, 4454398, 4504450, 4554503, 4604546, 4654599, 4704651]",349,0.9121967542245274,64.89340000553057,239.78860001079738,21.389499946963042,326.071499963291,11.725799995474517,24.090000020805746,11.220499989576638,15.087899984791875,1.1328000109642744,1,3,1,2,2,15728640,3379430
FCWD2:0008,FCWD2,H8_warp_student,8.94195556640625,"[7.340048313140869, 8.94195556640625, 9.534306526184082]",8,8,7,1,False,"[4354302, 4404355, 4454398, 4504450, 4554503, 4604546, 4654599, 4704651]",349,0.9121967542245274,77.97379995463416,113.46910003339872,20.639299997128546,212.08219998516142,13.388499966822565,28.72840000782162,15.282999956980348,15.646199986804277,3.235400014091283,1,3,1,2,2,15728640,3379430
FCWD2:0009,FCWD2,H8_reference,7.778748512268066,"[7.277859210968018, 7.778748512268066, 8.469913482666016]",8,8,0,8,False,"[4404694, 4454694, 4504694, 4554694, 4604694, 4654694, 4704694, 4754694]",0,1.0,306.33320001652464,1424.546999973245,22.212700045201927,1753.0929000349715,0.10730000212788582,48.874600033741444,64.20319998869672,179.51750004431233,12.838000024203211,8,12,12,0,0,16515072,17855066
FCWD2:0009,FCWD2,H8_warp,7.32662296295166,"[6.761302947998047, 7.32662296295166, 8.321959495544434]",8,8,7,1,False,"[4404355, 4454398, 4504450, 4554503, 4604546, 4654599, 4704651, 4754694]",339,0.924723146952918,62.15070001780987,257.0339000085369,22.429300006479025,341.61390003282577,11.66899997042492,23.096100019756705,10.672099946532398,14.205500017851591,0.8932999917306006,1,3,1,2,2,16515072,3102296
FCWD2:0009,FCWD2,H8_warp_student,7.4439215660095215,"[7.200333595275879, 7.4439215660095215, 7.935678005218506]",8,8,7,1,False,"[4404355, 4454398, 4504450, 4554503, 4604546, 4654599, 4704651, 4754694]",339,0.924723146952918,69.34990000445396,104.88239995902404,23.50579999620095,197.73809995967895,14.21299995854497,24.216299992986023,10.934000019915402,15.465500007849187,2.8229000163264573,1,3,1,2,2,16515072,3102296
FCWD2:0010,FCWD2,H8_reference,9.067584991455078,"[8.389236450195312, 9.092928886413574, 9.067584991455078]",8,8,0,8,False,"[4454747, 4504747, 4554747, 4604747, 4654747, 4704747, 4754747, 4804747]",0,1.0,296.8783000251278,1405.4801000165753,26.39919996727258,1728.7576000089757,0.10579999070614576,50.44439999619499,61.66020000819117,172.92069998802617,11.0201999777928,8,12,12,0,0,16515072,17868870
FCWD2:0010,FCWD2,H8_warp,8.6621675491333,"[8.02479076385498, 8.6621675491333, 9.058703422546387]",8,8,7,1,False,"[4454398, 4504450, 4554503, 4604546, 4654599, 4704651, 4754694, 4804747]",349,0.9203516425408157,76.90260000526905,268.61169998301193,23.87610002188012,369.3904000101611,21.245300013106316,25.05709999240935,10.19780000206083,15.90940001187846,2.813900006003678,1,3,1,2,2,16515072,2924238
FCWD2:0010,FCWD2,H8_warp_student,8.86744213104248,"[8.451781272888184, 8.86744213104248, 9.03921127319336]",8,8,7,1,False,"[4454398, 4504450, 4554503, 4604546, 4654599, 4704651, 4754694, 4804747]",349,0.9203516425408157,63.340599997900426,115.208100003656,22.697599953971803,201.24629995552823,12.51219998812303,22.06580003257841,10.057599982246757,14.33600002201274,2.519100031349808,1,3,1,2,2,16515072,2924238
FCWD2:0011,FCWD2,H8_reference,7.882749080657959,"[7.558854579925537, 7.882749080657959, 8.043020248413086]",8,8,0,8,False,"[4504799, 4554799, 4604799, 4654799, 4704799, 4754799, 4804799, 4854799]",0,1.0,300.9361000149511,1431.4362999866717,24.700900015886873,1757.0733000175096,0.09849999332800508,54.828799969982356,74.03700001304969,160.33339995192364,10.965899971779436,8,12,12,0,0,16515072,18349273
FCWD2:0011,FCWD2,H8_warp,7.762934684753418,"[7.293715476989746, 7.762934684753418, 7.858621597290039]",8,8,7,1,False,"[4504450, 4554503, 4604546, 4654599, 4704651, 4754694, 4804747, 4854799]",349,0.9355012093523246,68.6676999903284,253.50069999694824,23.42250000219792,345.59089998947456,11.299500009045005,28.998300025705248,10.84529998479411,14.719899976626039,1.1928000021725893,1,3,1,2,2,16515072,3198839
FCWD2:0011,FCWD2,H8_warp_student,8.145515441894531,"[7.78289794921875, 8.15733528137207, 8.145515441894531]",8,8,7,1,False,"[4504450, 4554503, 4604546, 4654599, 4704651, 4754694, 4804747, 4854799]",349,0.9355012093523246,73.73920001555234,111.89010000089183,20.469399983994663,206.09870000043884,13.827599992509931,28.8989000255242,11.27339998492971,15.189800004009157,2.6381000061519444,1,3,1,2,2,16515072,3198839
FCWD2:0012,FCWD2,H8_reference,8.575575828552246,"[8.261955261230469, 8.786564826965332, 8.575575828552246]",8,8,0,8,False,"[4554842, 4604842, 4654842, 4704842, 4754842, 4804842, 4854842, 4904842]",0,1.0,299.33989996789023,1420.4640000243671,22.088899975642562,1741.8927999679,0.10459998156875372,46.84650001581758,64.18410001788288,176.51660001138225,10.846700053662062,8,12,12,0,0,16515072,18997296
FCWD2:0012,FCWD2,H8_warp,8.276920318603516,"[7.907285690307617, 8.455318450927734, 8.276920318603516]",8,8,7,1,False,"[4554503, 4604546, 4654599, 4704651, 4754694, 4804747, 4854799, 4904842]",339,0.9515890275431441,63.495100010186434,236.81349999969825,24.34890001313761,324.6575000230223,10.605000017676502,23.113499977625906,12.154299998655915,15.217299980577081,0.8098999969661236,1,3,1,2,2,16515072,3478914
FCWD2:0012,FCWD2,H8_warp_student,8.936888694763184,"[8.579394340515137, 9.159071922302246, 8.936888694763184]",8,8,7,1,False,"[4554503, 4604546, 4654599, 4704651, 4754694, 4804747, 4854799, 4904842]",339,0.9515890275431441,70.58880000840873,102.57799999089912,25.4599999752827,198.62679997459054,12.937800027430058,25.454500049818307,12.047600001096725,15.44440002180636,2.392199996393174,1,3,1,2,2,16515072,3478914
FCWD2:0013,FCWD2,H8_reference,8.63619327545166,"[8.490395545959473, 9.1470365524292, 8.63619327545166]",8,8,0,8,False,"[4604895, 4654895, 4704895, 4754895, 4804895, 4854895, 4904895, 4954895]",0,1.0,505.7612999808043,1469.0002999850549,25.213300017639995,1999.9748999834992,0.1412000274285674,57.31249996460974,119.93220000294968,316.37379998574033,11.186299961991608,8,12,12,0,0,16515072,19600269
FCWD2:0013,FCWD2,H8_warp,8.243146896362305,"[7.97313117980957, 8.666783332824707, 8.243146896362305]",8,8,7,1,False,"[4604546, 4654599, 4704651, 4754694, 4804747, 4854799, 4904842, 4954895]",349,0.9515890275431441,73.23650002945215,263.5313000064343,22.70829997723922,359.4761000131257,10.896299965679646,30.547299946192652,11.80089998524636,16.768100031185895,0.9503999608568847,1,3,1,2,2,16515072,3459891
FCWD2:0013,FCWD2,H8_warp_student,8.761714935302734,"[8.356253623962402, 9.07608413696289, 8.761714935302734]",8,8,7,1,False,"[4604546, 4654599, 4704651, 4754694, 4804747, 4854799, 4904842, 4954895]",349,0.9515890275431441,78.34050001110882,113.71629999484867,20.002099976409227,212.0588999823667,13.879299978725612,31.723599997349083,10.935099970083684,16.077300009783357,3.1423000036738813,1,3,1,2,2,16515072,3459891
FCWD2:0014,FCWD2,H8_reference,8.9393949508667,"[8.9393949508667, 9.678985595703125, 8.69935417175293]",8,8,0,8,False,"[4654947, 4704947, 4754947, 4804947, 4854947, 4904947, 4954947, 5004947]",0,1.0,328.8293000077829,1484.5235999673605,21.866100025363266,1835.2190000005066,0.10230002226307988,49.271599971689284,78.87389999814332,189.51420002849773,10.15360001474619,8,12,12,0,0,16515072,20065644
FCWD2:0014,FCWD2,H8_warp,8.389155387878418,"[8.389155387878418, 9.019563674926758, 8.212238311767578]",8,8,7,1,False,"[4654599, 4704651, 4754694, 4804747, 4854799, 4904842, 4954895, 5004947]",348,0.9311527301503562,64.0766000142321,250.2847999567166,25.195599999278784,339.5569999702275,11.9641000055708,24.776300007943064,10.060600005090237,14.347299991641194,0.9182000067085028,1,3,1,2,2,16515072,3373412
FCWD2:0014,FCWD2,H8_warp_student,9.284720420837402,"[8.51310920715332, 9.672778129577637, 9.284720420837402]",8,8,7,1,False,"[4654599, 4704651, 4754694, 4804747, 4854799, 4904842, 4954895, 5004947]",348,0.9311527301503562,70.20929997088388,121.12399999750778,21.688900014851242,213.0221999832429,14.338400040287524,25.69859998766333,10.612199956085533,15.120700001716614,2.7603000053204596,1,3,1,2,2,16515072,3373412
FCWD2:0015,FCWD2,H8_reference,8.579154014587402,"[8.579154014587402, 9.284594535827637, 8.551314353942871]",8,8,0,8,False,"[4704999, 4754999, 4804999, 4854999, 4904999, 4954999, 5004999, 5054999]",0,1.0,321.66309998137876,1375.2402000245638,22.204099979717284,1719.1073999856599,0.10229996405541897,59.100400016177446,71.54029997764155,177.3232000414282,12.810200045350939,8,12,12,0,0,16515072,20671184
FCWD2:0015,FCWD2,H8_warp,8.365495681762695,"[8.2343168258667, 8.779934883117676, 8.365495681762695]",8,8,7,1,False,"[4704651, 4754694, 4804747, 4854799, 4904842, 4954895, 5004947, 5054999]",348,0.926956224020885,98.39549998287112,253.10510001145303,26.700699992943555,378.2012999872677,33.64719997625798,31.01570002036169,12.284900003578514,15.971400018315762,3.3190000103786588,1,3,1,2,2,16515072,3668617
FCWD2:0015,FCWD2,H8_warp_student,8.786588668823242,"[8.254998207092285, 9.087804794311523, 8.786588668823242]",8,8,7,1,False,"[4704651, 4754694, 4804747, 4854799, 4904842, 4954895, 5004947, 5054999]",348,0.926956224020885,81.57340000616387,102.82069997629151,21.49529999587685,205.88939997833222,13.911599991843104,33.67990005062893,13.566299981903285,16.50940004037693,2.0073000341653824,1,3,1,2,2,16515072,3668617
FCWD2:0016,FCWD2,H8_reference,9.013592720031738,"[8.83652114868164, 9.491625785827637, 9.013592720031738]",8,8,0,8,False,"[4755043, 4805043, 4855043, 4905043, 4955043, 5005043, 5055043, 5105043]",0,1.0,319.88570000976324,1523.1993999914266,21.66720002423972,1864.7523000254296,0.10740000288933516,58.15290001919493,72.87850003922358,177.9647000366822,10.103899985551834,8,12,12,0,0,16515072,20936588
FCWD2:0016,FCWD2,H8_warp,8.632794380187988,"[8.489962577819824, 8.931571006774902, 8.632794380187988]",8,8,7,1,False,"[4754694, 4804747, 4854799, 4904842, 4954895, 5004947, 5054999, 5105043]",349,0.9316952891811221,71.10930001363158,256.55799999367446,19.6828999905847,347.35019999789074,11.567600013222545,29.921600013040006,11.512700002640486,14.711299969349056,0.9031000081449747,1,3,1,2,2,16515072,3586507
FCWD2:0016,FCWD2,H8_warp_student,9.060011863708496,"[8.62182331085205, 9.351898193359375, 9.060011863708496]",8,8,7,1,False,"[4754694, 4804747, 4854799, 4904842, 4954895, 5004947, 5054999, 5105043]",349,0.9316952891811221,73.42309999512509,109.14459999185055,21.4640999911353,204.03179997811094,13.106499973218888,29.575199994724244,11.755999992601573,14.582099975086749,2.6928999577648938,1,3,1,2,2,16515072,3586507
FCWD2:0017,FCWD2,H8_reference,8.278361320495605,"[8.032440185546875, 8.278361320495605, 8.451355934143066]",8,8,0,8,False,"[4805095, 4855095, 4905095, 4955095, 5005095, 5055095, 5105095, 5155095]",0,1.0,309.86450001364574,1430.2113999729045,22.393700026441365,1762.4696000129916,0.2779999631457031,47.24290000740439,71.29859999986365,179.20429998775944,11.14750001579523,8,12,12,0,0,16515072,21290732
FCWD2:0017,FCWD2,H8_warp,8.4267578125,"[8.183781623840332, 8.4267578125, 8.639581680297852]",8,8,7,1,False,"[4804747, 4854799, 4904842, 4954895, 5004947, 5054999, 5105043, 5155095]",348,0.934408971769862,63.20830003824085,286.1238999757916,27.729100023861974,377.0613000378944,11.512299999594688,24.184499983675778,9.91919997613877,14.471100002992898,0.9168999968096614,1,3,1,2,2,16515072,3329790
FCWD2:0017,FCWD2,H8_warp_student,8.501887321472168,"[8.258790016174316, 8.501887321472168, 8.798605918884277]",8,8,7,1,False,"[4804747, 4854799, 4904842, 4954895, 5004947, 5054999, 5105043, 5155095]",348,0.934408971769862,70.5727000022307,113.77100000390783,22.91310002328828,207.2568000294268,13.687799975741655,24.967599951196462,11.450199992395937,15.70200000423938,3.0408999882638454,1,3,1,2,2,16515072,3329790
FCWD2:0018,FCWD2,H8_reference,8.804254531860352,"[8.684114456176758, 9.150049209594727, 8.804254531860352]",8,8,0,8,False,"[4855148, 4905148, 4955148, 5005148, 5055148, 5105148, 5155148, 5205148]",0,1.0,317.34060001326725,1625.188399979379,24.14860000135377,1966.677599994,0.10649999603629112,61.19709997437894,73.91780003672466,171.11320002004504,10.284300020430237,8,12,12,0,0,16515072,21751619
FCWD2:0018,FCWD2,H8_warp,9.043968200683594,"[8.781126976013184, 9.106411933898926, 9.043968200683594]",8,8,7,1,False,"[4854799, 4904842, 4954895, 5004947, 5054999, 5105043, 5155095, 5205148]",349,0.9210181054841249,69.96400002390146,290.0006999843754,27.6764000300318,387.64110003830865,11.554800032172352,28.71479996247217,11.114699998870492,15.824300004169345,1.1270999675616622,1,3,1,2,2,16515072,3492259
FCWD2:0018,FCWD2,H8_warp_student,9.266322135925293,"[8.77243709564209, 9.266322135925293, 9.312151908874512]",8,8,7,1,False,"[4854799, 4904842, 4954895, 5004947, 5054999, 5105043, 5155095, 5205148]",349,0.9210181054841249,76.10579999163747,118.83679998572916,21.16310002747923,216.10570000484586,15.20140003412962,30.275500030256808,11.444800009485334,14.493000053334981,2.9386000242084265,1,3,1,2,2,16515072,3492259
FCWD2:0019,FCWD2,H8_reference,8.319586753845215,"[8.127135276794434, 8.63024616241455, 8.319586753845215]",8,8,0,8,False,"[4905191, 4955191, 5005191, 5055191, 5105191, 5155191, 5205191, 5255191]",0,1.0,334.86420003464445,1485.2280999766663,23.548000026494265,1843.640300037805,0.11279998579993844,61.170100001618266,77.27099995827302,183.54609998641536,11.937699979171157,8,12,12,0,0,16515072,22263795
FCWD2:0019,FCWD2,H8_warp,7.791830539703369,"[7.5346598625183105, 7.798390865325928, 7.791830539703369]",8,8,7,1,False,"[4904842, 4954895, 5004947, 5054999, 5105043, 5155095, 5205148, 5255191]",349,0.9211389581419761,73.9367000060156,260.7791000045836,21.85680001275614,356.57260002335533,11.469500022940338,30.293699994217604,13.08990002144128,15.996000031009316,1.2543000048026443,1,3,1,2,2,16515072,3795318
FCWD2:0019,FCWD2,H8_warp_student,8.151878356933594,"[8.047944068908691, 8.151878356933594, 8.37997055053711]",8,8,7,1,False,"[4904842, 4954895, 5004947, 5054999, 5105043, 5155095, 5205148, 5255191]",349,0.9211389581419761,75.37029997911304,306.8425999954343,31.120200001168996,413.3330999757163,12.622599955648184,28.599699959158897,13.233000005129725,15.58220002334565,3.0566000496037304,1,3,1,2,2,16515072,3795318
FCWD2:0020,FCWD2,H8_reference,8.237192153930664,"[8.186776161193848, 8.565078735351562, 8.237192153930664]",8,8,0,8,False,"[4955243, 5005243, 5055243, 5105243, 5155243, 5205243, 5255243, 5305243]",0,1.0,340.1128000114113,1445.794900006149,22.177700011525303,1808.0854000290856,0.13589998707175255,65.58279995806515,80.806800047867,183.00540000200272,9.822300053201616,8,12,12,0,0,16515072,22883360
FCWD2:0020,FCWD2,H8_warp,8.111954689025879,"[7.82170295715332, 8.111954689025879, 8.33381462097168]",8,8,7,1,False,"[4954895, 5004947, 5054999, 5105043, 5155095, 5205148, 5255191, 5305243]",348,0.9024691684052077,94.2841999931261,310.97510003019124,30.203000002074987,435.4623000253923,13.684600009582937,34.11250002682209,16.92409999668598,25.515699991956353,2.266500028781593,1,3,1,2,2,16515072,4350249
FCWD2:0020,FCWD2,H8_warp_student,8.31262493133545,"[8.061567306518555, 8.31262493133545, 8.417197227478027]",8,8,7,1,False,"[4954895, 5004947, 5054999, 5105043, 5155095, 5205148, 5255191, 5305243]",348,0.9024691684052077,95.72330000810325,129.89139999262989,30.529099982231855,256.143799982965,13.000500039197505,38.440899981651455,18.85650004260242,20.499999984167516,2.0659000147134066,1,3,1,2,2,16515072,4350249
FCWD2:0021,FCWD2,H8_reference,7.5288567543029785,"[7.205963611602783, 7.6511430740356445, 7.5288567543029785]",8,8,0,8,False,"[5005295, 5055295, 5105295, 5155295, 5205295, 5255295, 5305295, 5355295]",0,1.0,348.719900008291,1368.6303999857046,24.800200015306473,1742.150500009302,0.13209995813667774,74.30039998143911,83.4496000315994,180.18730002222583,9.888700034935027,8,12,12,0,0,16515072,23576620
FCWD2:0021,FCWD2,H8_warp,7.732203006744385,"[7.346240043640137, 7.732203006744385, 7.825723171234131]",8,8,7,1,False,"[5004947, 5054999, 5105043, 5155095, 5205148, 5255191, 5305243, 5355295]",348,0.8810303533897063,103.60529995523393,247.79610004043207,23.10689998557791,374.5082999812439,13.478499953635037,45.785299967974424,21.33090002462268,19.272100005764514,1.4820000506006181,1,3,1,2,2,16515072,4693615
FCWD2:0021,FCWD2,H8_warp_student,8.280082702636719,"[7.95597505569458, 8.280082702636719, 8.386581420898438]",8,8,7,1,False,"[5004947, 5054999, 5105043, 5155095, 5205148, 5255191, 5305243, 5355295]",348,0.8810303533897063,102.0962999900803,111.19120003422722,21.322399959899485,234.609899984207,15.070500026922673,44.5847999653779,19.397600030060858,18.27709999633953,2.7743999962694943,1,3,1,2,2,16515072,4693615
FCWD2:0022,FCWD2,H8_reference,7.549293518066406,"[7.184735298156738, 7.585910797119141, 7.549293518066406]",8,8,0,8,False,"[5055339, 5105339, 5155339, 5205339, 5255339, 5305339, 5355339, 5405339]",0,1.0,350.8161000208929,1424.042000027839,25.369899987708777,1800.2280000364408,0.1598999951966107,59.11720002768561,89.76699999766424,190.16180001199245,10.848800011444837,8,12,12,0,0,16515072,24313910
FCWD2:0022,FCWD2,H8_warp,7.409909725189209,"[7.0765533447265625, 7.409909725189209, 7.410684108734131]",8,8,7,1,False,"[5054999, 5105043, 5155095, 5205148, 5255191, 5305243, 5355295, 5405339]",340,0.8678230379982202,86.77270001498982,265.5663999612443,23.725400038529187,376.0645000147633,11.46149996202439,35.481599974446,18.220500031020492,18.38850002968684,0.9878000128082931,1,3,1,2,2,16515072,4541295
FCWD2:0022,FCWD2,H8_warp_student,7.6941819190979,"[7.465774059295654, 7.6941819190979, 7.781022071838379]",8,8,7,1,False,"[5054999, 5105043, 5155095, 5205148, 5255191, 5305243, 5355295, 5405339]",340,0.8678230379982202,91.48760000243783,112.16280004009604,26.97859995532781,230.62899999786168,14.44260001881048,36.58710001036525,18.601799965836108,17.870500043500215,1.895099994726479,1,3,1,2,2,16515072,4541295
FCWD2:0023,FCWD2,H8_reference,7.869479179382324,"[7.678747177124023, 8.091924667358398, 7.869479179382324]",8,8,0,8,False,"[5105391, 5155391, 5205391, 5255391, 5305391, 5355391, 5405391, 5455391]",0,1.0,370.89190003462136,1386.1943999654613,21.744700032286346,1778.831000032369,0.13499998021870852,60.341799980960786,101.49239999009296,195.5172000452876,11.786799994297326,8,12,12,0,0,16515072,24748345
FCWD2:0023,FCWD2,H8_warp,8.19206428527832,"[7.821494102478027, 8.273695945739746, 8.19206428527832]",8,8,7,1,False,"[5105043, 5155095, 5205148, 5255191, 5305243, 5355295, 5405339, 5455391]",348,0.8585793187283635,85.03299998119473,277.01199997682124,22.75880001252517,384.80379997054115,20.61980002326891,29.930500022601336,14.870100014377385,16.86059997882694,1.0589000303298235,1,3,1,2,2,16515072,4105432
FCWD2:0023,FCWD2,H8_warp_student,8.519601821899414,"[8.269452095031738, 8.550700187683105, 8.519601821899414]",8,8,7,1,False,"[5105043, 5155095, 5205148, 5255191, 5305243, 5355295, 5405339, 5455391]",348,0.8585793187283635,81.23110001906753,103.52519998559728,21.878200001083314,206.63450000574812,12.505099992267787,31.238399969879538,14.869700011331588,17.221499991137534,2.8848000220023096,1,3,1,2,2,16515072,4105432
FCWD2:0024,FCWD2,H8_reference,7.984769344329834,"[7.83674430847168, 8.068893432617188, 7.984769344329834]",8,8,0,8,False,"[5155443, 5205443, 5255443, 5305443, 5355443, 5405443, 5455443, 5505443]",0,1.0,382.3456999962218,1403.15270004794,22.817099990788847,1808.3155000349507,0.11019996600225568,66.6192999924533,112.4028000049293,190.6139000202529,11.24690001597628,8,12,12,0,0,16515072,25093615
FCWD2:0024,FCWD2,H8_warp,7.8753886222839355,"[7.6096086502075195, 7.929111957550049, 7.8753886222839355]",8,8,7,1,False,"[5155095, 5205148, 5255191, 5305243, 5355295, 5405339, 5455391, 5505443]",348,0.8442721240706691,73.78879998577759,238.07620001025498,21.058699989225715,332.9236999852583,10.96839999081567,30.613799986895174,12.840800045523793,16.456899989861995,1.1224999907426536,1,3,1,2,2,16515072,3976946
FCWD2:0024,FCWD2,H8_warp_student,8.286308288574219,"[8.20937442779541, 8.323561668395996, 8.286308288574219]",8,8,7,1,False,"[5155095, 5205148, 5255191, 5305243, 5355295, 5405339, 5455391, 5505443]",348,0.8442721240706691,75.65840001916513,104.26920000463724,22.019999974872917,201.9475999986753,12.079800013452768,29.01719999499619,13.235400023404509,16.424299974460155,2.5481999618932605,1,3,1,2,2,16515072,3976946
FCWD2:0025,FCWD2,H8_reference,7.755423069000244,"[7.699091911315918, 7.755423069000244, 7.908597469329834]",8,8,0,8,False,"[5205487, 5255487, 5305487, 5355487, 5405487, 5455487, 5505487, 5555487]",0,1.0,391.28889999119565,1479.1456999955699,22.305199992842972,1892.7397999796085,0.10419997852295637,63.36520001059398,106.00699996575713,209.37230001436546,11.239000014029443,8,12,12,0,0,16515072,25504182
FCWD2:0025,FCWD2,H8_warp,7.665480136871338,"[7.545865058898926, 7.665480136871338, 7.875535488128662]",8,8,7,1,False,"[5205148, 5255191, 5305243, 5355295, 5405339, 5455391, 5505443, 5555487]",339,0.8384657204272297,81.97559998370707,304.6350000076927,26.065299985930324,412.6758999773301,10.640299995429814,33.05440000258386,16.98509999550879,18.620399991050363,1.006699982099235,1,3,1,2,2,16515072,4227339
FCWD2:0025,FCWD2,H8_warp_student,7.9441986083984375,"[7.939648628234863, 7.9441986083984375, 8.046021461486816]",8,8,7,1,False,"[5205148, 5255191, 5305243, 5355295, 5405339, 5455391, 5505443, 5555487]",339,0.8384657204272297,80.40630002506077,105.29539996059611,25.867100048344582,211.56880003400147,13.34619999397546,30.135300010442734,14.490700035821646,16.980300017166883,2.932199975475669,1,3,1,2,2,16515072,4227339
FCWD2:0026,FCWD2,H8_reference,7.320042133331299,"[7.320042133331299, 7.241415023803711, 7.737980365753174]",8,8,0,8,False,"[5255539, 5305539, 5355539, 5405539, 5455539, 5505539, 5555539, 5605539]",0,1.0,369.29460003739223,1624.9907999881543,23.28169997781515,2017.5671000033617,0.1047999830916524,57.42829997325316,105.61869997764006,193.4268000186421,11.367300001438707,8,12,12,0,0,16515072,25819379
FCWD2:0026,FCWD2,H8_warp,7.2115559577941895,"[7.181550979614258, 7.2115559577941895, 7.771874904632568]",8,8,7,1,False,"[5255191, 5305243, 5355295, 5405339, 5455391, 5505443, 5555487, 5605539]",348,0.8353553628561147,74.50950000202283,374.79929998517036,29.408100002910942,478.71689999010414,10.692299983929843,30.02629999537021,14.651199977379292,16.520600009243935,0.949900015257299,1,3,1,2,2,16515072,4178039
FCWD2:0026,FCWD2,H8_warp_student,7.443019866943359,"[7.443019866943359, 7.383148670196533, 7.736033916473389]",8,8,7,1,False,"[5255191, 5305243, 5355295, 5405339, 5455391, 5505443, 5555487, 5605539]",348,0.8353553628561147,86.20090002659708,129.19189996318892,23.190700041595846,238.58350003138185,15.608999994583428,32.72540000034496,15.172699990216643,17.637400014791638,2.785600023344159,1,3,1,2,2,16515072,4178039
FCWD2:0027,FCWD2,H8_reference,7.619715690612793,"[7.619715690612793, 7.583642482757568, 8.1168794631958]",8,8,0,8,False,"[5305592, 5355592, 5405592, 5455592, 5505592, 5555592, 5605592, 5655592]",0,1.0,377.6896999916062,1398.27529998729,22.358500049449503,1798.3235000283457,0.10840001050382853,59.82369999401271,107.7874000184238,196.87240000348538,11.81890000589192,8,12,12,0,0,16515072,26052602
FCWD2:0027,FCWD2,H8_warp,7.063429832458496,"[7.055459499359131, 7.063429832458496, 7.476855278015137]",8,8,7,1,False,"[5305243, 5355295, 5405339, 5455391, 5505443, 5555487, 5605539, 5655592]",349,0.8425253492465163,84.5098000136204,247.88089998764917,20.548100001178682,352.93880000244826,13.980799994897097,39.32769998209551,12.340100016444921,16.135599988047034,1.0010000551119447,1,3,1,2,2,16515072,3916613
FCWD2:0027,FCWD2,H8_warp_student,7.176575183868408,"[7.176575183868408, 7.079716205596924, 7.380099773406982]",8,8,7,1,False,"[5305243, 5355295, 5405339, 5455391, 5505443, 5555487, 5605539, 5655592]",349,0.8425253492465163,77.64739997219294,131.19650003500283,26.783699984662235,235.627599991858,13.917700038291514,30.171799997333437,12.440100021194667,16.344400006346405,1.9986999686807394,1,3,1,2,2,16515072,3916613
FCWD2:0028,FCWD2,H8_reference,7.118589401245117,"[7.11102819442749, 7.118589401245117, 7.562459468841553]",8,8,0,8,False,"[5355635, 5405635, 5455635, 5505635, 5555635, 5605635, 5655635, 5705635]",0,1.0,386.2582999863662,1446.693400037475,22.64469995861873,1855.5963999824598,0.10489998385310173,63.687500020023435,112.931200012099,197.60580000001937,10.259100003167987,8,12,12,0,0,16515072,26056665
FCWD2:0028,FCWD2,H8_warp,7.650355339050293,"[7.458104133605957, 7.650355339050293, 8.100322723388672]",8,8,7,1,False,"[5355295, 5405339, 5455391, 5505443, 5555487, 5605539, 5655592, 5705635]",340,0.8438667749796913,90.81970003899187,236.46039998857304,20.689799974206835,347.96990000177175,30.360699980519712,28.601800033356994,12.647500028833747,14.901800022926182,2.6508999872021377,1,3,1,2,2,16515072,3902996
FCWD2:0028,FCWD2,H8_warp_student,7.536458492279053,"[7.50188684463501, 7.536458492279053, 7.750522136688232]",8,8,7,1,False,"[5355295, 5405339, 5455391, 5505443, 5555487, 5605539, 5655592, 5705635]",340,0.8438667749796913,75.62009996036068,105.20260001067072,22.279300028458238,203.10199999948964,13.31970002502203,28.896500007249415,13.120400020852685,15.864500019233674,2.7067000046372414,1,3,1,2,2,16515072,3902996
FCWD2:0029,FCWD2,H8_reference,7.454280853271484,"[7.25707483291626, 7.454280853271484, 7.86681604385376]",8,8,0,8,False,"[5405687, 5455687, 5505687, 5555687, 5605687, 5655687, 5705687, 5755687]",0,1.0,399.28519999375567,1428.2879999955185,24.666699988301843,1852.239899977576,0.10390003444626927,61.6382000152953,112.93840000871569,212.74210000410676,10.57419995777309,8,12,12,0,0,16515072,26484810
FCWD2:0029,FCWD2,H8_warp,7.67071533203125,"[7.553411960601807, 7.67071533203125, 8.20019817352295]",8,8,7,1,False,"[5405339, 5455391, 5505443, 5555487, 5605539, 5655592, 5705635, 5755687]",348,0.8281301467628006,77.54129997920245,270.57609998155385,24.021600023843348,372.13899998459965,11.577700031921268,30.37270001368597,14.928899996448308,17.9762999759987,0.9573999559506774,1,3,1,2,2,16515072,4017202
FCWD2:0029,FCWD2,H8_warp_student,7.612736225128174,"[7.592678070068359, 7.612736225128174, 7.926074981689453]",8,8,7,1,False,"[5405339, 5455391, 5505443, 5555487, 5605539, 5655592, 5705635, 5755687]",348,0.8281301467628006,85.2988000260666,142.26209995104,29.16850004112348,256.7294000182301,14.502799953334033,31.46629995899275,15.125399979297072,19.104600010905415,3.335299959871918,1,3,1,2,2,16515072,4017202
FCWD2:0030,FCWD2,H8_reference,7.6169753074646,"[7.2748541831970215, 7.6169753074646, 7.789499282836914]",8,8,0,8,False,"[5455740, 5505740, 5555740, 5605740, 5655740, 5705740, 5755740, 5805740]",0,1.0,464.4271000288427,1416.1059000180103,22.803799947723746,1903.3367999945767,0.10459998156875372,116.84679996687919,119.26690000109375,216.42050001537427,10.220700001809746,8,12,12,0,0,16515072,26800109
FCWD2:0030,FCWD2,H8_warp,7.638452529907227,"[7.60240364074707, 7.638452529907227, 8.004791259765625]",8,8,7,1,False,"[5455391, 5505443, 5555487, 5605539, 5655592, 5705635, 5755687, 5805740]",349,0.8294859351168086,87.15969999320805,267.71139999618754,26.929999992717057,381.80109998211265,21.989199973177165,29.281699971761554,15.368200023658574,17.954900045879185,0.9231999865733087,1,3,1,2,2,16515072,4078844
FCWD2:0030,FCWD2,H8_warp_student,7.929182052612305,"[7.807097434997559, 7.929182052612305, 8.10615348815918]",8,8,7,1,False,"[5455391, 5505443, 5555487, 5605539, 5655592, 5705635, 5755687, 5805740]",349,0.8294859351168086,86.40430000377819,127.71269999211654,22.80510001583025,236.92210001172498,15.498000022489578,32.58009999990463,15.66950004780665,17.66529999440536,3.0735000036656857,1,3,1,2,2,16515072,4078844
FCWD2:0031,FCWD2,H8_reference,8.044756889343262,"[7.823971748352051, 8.044756889343262, 8.1641845703125]",8,8,0,8,False,"[5505783, 5555783, 5605783, 5655783, 5705783, 5755783, 5805783, 5855783]",0,1.0,400.9758000029251,1503.3506999607198,20.894500019494444,1925.2209999831393,0.10449998080730438,63.31969995517284,117.89389996556565,205.9673999901861,12.08089996362105,8,12,12,0,0,16515072,27086134
FCWD2:0031,FCWD2,H8_warp,8.40623950958252,"[8.264103889465332, 8.40623950958252, 8.758511543273926]",8,8,7,1,False,"[5505443, 5555487, 5605539, 5655592, 5705635, 5755687, 5805740, 5855783]",340,0.8244176013805005,88.20070000365376,250.38240000139922,21.891099982894957,360.47419998794794,21.83159999549389,30.05409997422248,14.894999971147627,16.591799969319254,3.0066000181250274,1,3,1,2,2,16515072,4101743
FCWD2:0031,FCWD2,H8_warp_student,8.654026985168457,"[8.418770790100098, 8.654026985168457, 8.71660041809082]",8,8,7,1,False,"[5505443, 5555487, 5605539, 5655592, 5705635, 5755687, 5805740, 5855783]",340,0.8244176013805005,76.06799999484792,111.765900044702,24.9265999882482,212.76050002779812,11.835800018161535,29.033200000412762,15.028800000436604,15.803800022695214,2.591900003608316,1,3,1,2,2,16515072,4101743
FCWD2:0032,FCWD2,H8_reference,7.914209365844727,"[7.7624993324279785, 7.914209365844727, 8.054153442382812]",8,8,0,8,False,"[5555835, 5605835, 5655835, 5705835, 5755835, 5805835, 5855835, 5905835]",0,1.0,411.065399996005,1454.4912000419572,22.25489995907992,1887.8114999970421,0.1047999830916524,66.22029998106882,121.18699995335191,211.62789996014908,10.513999965041876,8,12,12,0,0,16515072,27164759
FCWD2:0032,FCWD2,H8_warp,7.874314785003662,"[7.774252414703369, 7.874314785003662, 8.21110725402832]",8,8,7,1,False,"[5555487, 5605539, 5655592, 5705635, 5755687, 5805740, 5855783, 5905835]",348,0.8159171364887898,99.24120001960546,252.37489998107776,27.406000008340925,379.02210000902414,29.976200021337718,30.037599964998662,17.40459998836741,18.03400000790134,2.0818999619223177,1,3,1,2,2,16515072,4156925
FCWD2:0032,FCWD2,H8_warp_student,7.918951034545898,"[7.820204257965088, 7.918951034545898, 8.024155616760254]",8,8,7,1,False,"[5555487, 5605539, 5655592, 5705635, 5755687, 5805740, 5855783, 5905835]",348,0.8159171364887898,82.53839996177703,137.2554000117816,35.66990001127124,255.46369998482987,13.501400011591613,29.316900006961077,17.203500028699636,18.060300033539534,2.634099975693971,1,3,1,2,2,16515072,4156925
FCWD2:0033,FCWD2,H8_reference,7.384074687957764,"[7.315814018249512, 7.384074687957764, 7.57311487197876]",8,8,0,8,False,"[5605888, 5655888, 5705888, 5755888, 5805888, 5855888, 5905888, 5955888]",0,1.0,399.2366000311449,1451.161599950865,24.20510002411902,1874.6033000061288,0.13150001177564263,67.25910003297031,118.89789998531342,199.55970003502443,12.037700042128563,8,12,12,0,0,16515072,27013561
FCWD2:0033,FCWD2,H8_warp,7.604410648345947,"[7.533451080322266, 7.604410648345947, 7.895794868469238]",8,8,7,1,False,"[5605539, 5655592, 5705635, 5755687, 5805740, 5855783, 5905835, 5955888]",349,0.8171620573791677,88.82539998739958,261.1326000187546,23.144899983890355,373.10289999004453,11.25859998865053,32.87229995476082,21.148699976038188,20.69960004882887,1.0621999972499907,1,3,1,2,2,16515072,4276316
FCWD2:0033,FCWD2,H8_warp_student,7.723607540130615,"[7.651139736175537, 7.723607540130615, 7.838663101196289]",8,8,7,1,False,"[5605539, 5655592, 5705635, 5755687, 5805740, 5855783, 5905835, 5955888]",349,0.8171620573791677,95.27109999908134,142.05610001226887,36.55379998963326,273.8810000009835,14.401899999938905,37.325399986002594,19.217399996705353,18.157499958761036,4.160500015132129,1,3,1,2,2,16515072,4276316
FCWD2:0034,FCWD2,H8_reference,7.710361480712891,"[7.710361480712891, 7.611486434936523, 7.730902671813965]",8,8,0,8,False,"[5655940, 5705940, 5755940, 5805940, 5855940, 5905940, 5955940, 6005940]",0,1.0,419.81059999670833,1534.1717000119388,27.253299951553345,1981.2355999602005,0.1362999901175499,63.480100012384355,125.06930000381544,219.44179997080937,10.173699993174523,8,12,12,0,0,16515072,26678168
FCWD2:0034,FCWD2,H8_warp,7.573624610900879,"[7.549324035644531, 7.573624610900879, 7.874549388885498]",8,8,7,1,False,"[5655592, 5705635, 5755687, 5805740, 5855783, 5905835, 5955888, 6005940]",348,0.8183902774592984,86.88590000383556,263.8196999905631,23.054099990986288,373.75969998538494,12.860899965744466,32.37129998160526,19.365400017704815,19.458300026599318,0.9815000230446458,1,3,1,2,2,16515072,4207908
FCWD2:0034,FCWD2,H8_warp_student,7.774344444274902,"[7.675445079803467, 7.774344444274902, 7.986757278442383]",8,8,7,1,False,"[5655592, 5705635, 5755687, 5805740, 5855783, 5905835, 5955888, 6005940]",348,0.8183902774592984,85.97989997360855,118.75640001380816,22.122499998658895,226.8587999860756,13.209299999289215,31.021200004033744,17.948900000192225,19.037700025364757,2.9944999841973186,1,3,1,2,2,16515072,4207908
FCWD2:0035,FCWD2,H8_reference,7.722333908081055,"[7.722333908081055, 7.687276840209961, 7.750987529754639]",8,8,0,8,False,"[5705984, 5755984, 5805984, 5855984, 5905984, 5955984, 6005984, 6055984]",0,1.0,402.89849997498095,1410.853200010024,22.23170001525432,1835.9834000002593,0.10249996557831764,61.448799970094115,124.39110002014786,204.7568000270985,10.77430002624169,8,12,12,0,0,16515072,26449399
FCWD2:0035,FCWD2,H8_warp,7.934093475341797,"[7.723107814788818, 7.934093475341797, 8.27675724029541]",8,8,7,1,False,"[5705635, 5755687, 5805740, 5855783, 5905835, 5955888, 6005940, 6055984]",349,0.8318196766930608,100.52819998236373,269.3700999952853,27.271200029645115,397.1695000072941,16.68150001205504,44.17549999197945,17.994900001212955,17.224200011696666,0.8070000330917537,1,3,1,2,2,16515072,3973325
FCWD2:0035,FCWD2,H8_warp_student,8.079399108886719,"[7.937384605407715, 8.079399108886719, 8.368824005126953]",8,8,7,1,False,"[5705635, 5755687, 5805740, 5855783, 5905835, 5955888, 6005940, 6055984]",349,0.8318196766930608,80.75170003576204,118.86869999580085,20.34260000800714,219.96300003957003,12.683000008109957,29.59779999218881,14.99539997894317,18.456599966157228,2.6853999588638544,1,3,1,2,2,16515072,3973325
FCWD2:0036,FCWD2,H8_reference,7.623449802398682,"[7.623449802398682, 7.5861592292785645, 7.8462443351745605]",8,8,0,8,False,"[5756036, 5806036, 5856036, 5906036, 5956036, 6006036, 6056036, 6106036]",0,1.0,406.2645999947563,1672.9495999752544,24.137300031725317,2103.351500001736,0.13369997031986713,61.872599995695055,133.12300003599375,200.14789997367188,9.628199972212315,8,12,12,0,0,16515072,26675346
FCWD2:0036,FCWD2,H8_warp,7.847850799560547,"[7.573394775390625, 7.847850799560547, 8.092923164367676]",8,8,7,1,False,"[5755687, 5805740, 5855783, 5905835, 5955888, 6005940, 6055984, 6106036]",349,0.8425626515763945,77.471999975387,266.8386999866925,22.89800002472475,367.2086999868043,12.842399999499321,32.03519998351112,13.271599949803203,16.383100009988993,0.8906000293791294,1,3,1,2,2,16515072,4102525
FCWD2:0036,FCWD2,H8_warp_student,7.9650654792785645,"[7.858270168304443, 7.9650654792785645, 8.220830917358398]",8,8,7,1,False,"[5755687, 5805740, 5855783, 5905835, 5955888, 6005940, 6055984, 6106036]",349,0.8425626515763945,93.30840001348406,115.34980003489181,22.460499953012913,231.1187000013888,14.953200006857514,44.72960002021864,12.710499984677881,16.898399975616485,2.1861999994143844,1,3,1,2,2,16515072,4102525
FCWD2:0037,FCWD2,H8_reference,7.2444682121276855,"[7.2444682121276855, 7.2080864906311035, 7.367549419403076]",8,8,0,8,False,"[5806088, 5856088, 5906088, 5956088, 6006088, 6056088, 6106088, 6156088]",0,1.0,388.7848000158556,1441.901099984534,21.77370002027601,1852.4596000206657,0.10519998613744974,66.30110001424327,111.788299982436,198.22560000466183,10.924400005023926,8,12,12,0,0,16515072,26780627
FCWD2:0037,FCWD2,H8_warp,7.395629405975342,"[7.254405975341797, 7.395629405975342, 7.603131294250488]",8,8,7,1,False,"[5805740, 5855783, 5905835, 5955888, 6005940, 6055984, 6106036, 6156088]",348,0.8517092000016807,73.78379994770512,245.58440002147108,20.441400003619492,339.8095999727957,12.382599990814924,30.109600047580898,12.488899985328317,15.603100007865578,0.8309000404551625,1,3,1,2,2,16515072,4305454
FCWD2:0037,FCWD2,H8_warp_student,7.532083988189697,"[7.463131904602051, 7.532083988189697, 7.89714241027832]",8,8,7,1,False,"[5805740, 5855783, 5905835, 5955888, 6005940, 6055984, 6106036, 6156088]",348,0.8517092000016807,77.45240000076592,113.16299997270107,25.014700018800795,215.6300999922678,13.526599970646203,28.857600002083927,13.851199997588992,16.836400027386844,2.662200015038252,1,3,1,2,2,16515072,4305454
FCWD2:0038,FCWD2,H8_reference,7.703362941741943,"[7.599917888641357, 7.703362941741943, 7.851506233215332]",8,8,0,8,False,"[5856132, 5906132, 5956132, 6006132, 6056132, 6106132, 6156132, 6206132]",0,1.0,384.50540002668276,1508.925799978897,23.180700023658574,1916.6119000292383,0.12909999350085855,63.1813999498263,111.69429996516556,197.875700017903,9.94289998197928,8,12,12,0,0,16515072,26408837
FCWD2:0038,FCWD2,H8_warp,7.778936862945557,"[7.5557966232299805, 7.778936862945557, 7.858859062194824]",8,8,7,1,False,"[5855783, 5905835, 5955888, 6005940, 6055984, 6106036, 6156088, 6206132]",349,0.8601689234481834,73.99860001169145,265.4327999916859,23.504799988586456,362.9361999919638,11.781600012909621,30.567399982828647,12.133799958974123,16.47570001659915,1.0362999746575952,1,3,1,2,2,16515072,3963210
FCWD2:0038,FCWD2,H8_warp_student,7.962131500244141,"[7.750148773193359, 7.962131500244141, 8.259367942810059]",8,8,7,1,False,"[5855783, 5905835, 5955888, 6005940, 6055984, 6106036, 6156088, 6206132]",349,0.8601689234481834,73.1054000207223,120.21139997523278,21.537600026931614,214.8544000228867,13.28559999819845,28.665399993769825,11.328699998557568,15.558100014459342,2.612599986605346,1,3,1,2,2,16515072,3963210
FCWD2:0039,FCWD2,H8_reference,7.633673191070557,"[7.53508186340332, 7.633673191070557, 7.70417594909668]",8,8,0,8,False,"[5906184, 5956184, 6006184, 6056184, 6106184, 6156184, 6206184, 6256184]",0,1.0,385.4400999844074,1398.2734000310302,22.281399986241013,1805.9949000016786,0.0999000039882958,65.08560001384467,112.04169999109581,195.17909997375682,11.676999973133206,8,12,12,0,0,16515072,26313756
FCWD2:0039,FCWD2,H8_warp,7.984493732452393,"[7.840603828430176, 8.108013153076172, 7.984493732452393]",8,8,7,1,False,"[5905835, 5955888, 6005940, 6055984, 6106036, 6156088, 6206132, 6256184]",349,0.8611277973310989,87.29649998713285,250.81669999053702,23.298899992369115,361.412099970039,25.263799994718283,33.821500022895634,10.441599995829165,15.298400016035885,0.7902000215835869,1,3,1,2,2,16515072,3714262
FCWD2:0039,FCWD2,H8_warp_student,8.333827018737793,"[8.07437515258789, 8.333827018737793, 8.504327774047852]",8,8,7,1,False,"[5905835, 5955888, 6005940, 6055984, 6106036, 6156088, 6206132, 6256184]",349,0.8611277973310989,74.1907000192441,104.14199996739626,23.800900031346828,202.1336000179872,13.051800022367388,28.68220000527799,10.602599999401718,15.34059998812154,4.372800001874566,1,3,1,2,2,16515072,3714262
FCWD2:0040,FCWD2,H8_reference,7.8929338455200195,"[7.954230308532715, 7.8929338455200195, 7.833158493041992]",8,8,0,8,False,"[5956236, 6006236, 6056236, 6106236, 6156236, 6206236, 6256236, 6306236]",0,1.0,373.1831000186503,1412.8647000179626,21.534500003326684,1807.5823000399396,0.10840001050382853,64.1499999910593,105.807600019034,191.0051999730058,10.776099981740117,8,12,12,0,0,16515072,26424222
FCWD2:0040,FCWD2,H8_warp,7.901454448699951,"[7.901454448699951, 7.9764404296875, 7.813507556915283]",8,8,7,1,False,"[5955888, 6005940, 6055984, 6106036, 6156088, 6206132, 6256184, 6306236]",348,0.8775900943455642,71.28490001196042,254.7338999575004,23.258700035512447,349.27750000497326,10.956499958410859,29.7238000202924,11.899699980858713,15.910599962808192,1.103399961721152,1,3,1,2,2,16515072,3937132
FCWD2:0040,FCWD2,H8_warp_student,8.322294235229492,"[7.962845802307129, 8.322294235229492, 8.365653991699219]",8,8,7,1,False,"[5955888, 6005940, 6055984, 6106036, 6156088, 6206132, 6256184, 6306236]",348,0.8775900943455642,82.42800005245954,102.76259999955073,23.191099986433983,208.38170003844425,12.78330001514405,34.41620001103729,15.37749997805804,15.98359999479726,2.1548999939113855,1,3,1,2,2,16515072,3937132
FCWD2:0041,FCWD2,H8_reference,7.334904193878174,"[7.300830841064453, 7.334904193878174, 7.418605804443359]",8,8,0,8,False,"[6006280, 6056280, 6106280, 6156280, 6206280, 6256280, 6306280, 6356280]",0,1.0,397.2753999987617,1489.8058999679051,22.888500010594726,1909.9697999772616,0.10619999375194311,64.26270003430545,108.98039996391162,210.69089998491108,11.714100022800267,8,12,12,0,0,16515072,26686566
FCWD2:0041,FCWD2,H8_warp,7.69690465927124,"[7.583879470825195, 7.770495891571045, 7.69690465927124]",8,8,7,1,False,"[6005940, 6055984, 6106036, 6156088, 6206132, 6256184, 6306236, 6356280]",340,0.8910098171457624,90.35600000061095,260.317100037355,22.46109995758161,373.13419999554753,13.83090001763776,36.57230001408607,16.110300028230995,20.702800014987588,1.3155000051483512,1,3,1,2,2,16515072,4277455
FCWD2:0041,FCWD2,H8_warp_student,8.209223747253418,"[7.6737799644470215, 8.209223747253418, 8.229525566101074]",8,8,7,1,False,"[6005940, 6055984, 6106036, 6156088, 6206132, 6256184, 6306236, 6356280]",340,0.8910098171457624,87.24550000624731,118.17309999605641,22.171599965076894,227.5901999673806,14.62929998524487,34.099500044249,15.69610001752153,17.599400016479194,2.8995999600738287,1,3,1,2,2,16515072,4277455
FCWD2:0042,FCWD2,H8_reference,8.1072998046875,"[7.573176383972168, 8.203560829162598, 8.1072998046875]",8,8,0,8,False,"[6056332, 6106332, 6156332, 6206332, 6256332, 6306332, 6356332, 6406332]",0,1.0,399.9923999654129,1458.6810999899171,31.27070004120469,1889.9441999965347,0.1278999843634665,67.39669997477904,127.75360001251101,192.71550001576543,10.601399990264326,8,12,12,0,0,16515072,26737787
FCWD2:0042,FCWD2,H8_warp,7.917454242706299,"[7.3036627769470215, 7.917454242706299, 7.938621997833252]",8,8,7,1,False,"[6055984, 6106036, 6156088, 6206132, 6256184, 6306236, 6356280, 6406332]",348,0.9008492081707598,78.50160001544282,249.51370002236217,21.839599998202175,349.85490003600717,12.527899991255254,29.356699960771948,16.350599995348603,17.67989998916164,0.8922999841161072,1,3,1,2,2,16515072,4324681
FCWD2:0042,FCWD2,H8_warp_student,8.169530868530273,"[7.5683913230896, 8.186776161193848, 8.169530868530273]",8,8,7,1,False,"[6055984, 6106036, 6156088, 6206132, 6256184, 6306236, 6356280, 6406332]",348,0.9008492081707598,82.23300002282485,105.30799999833107,25.401499995496124,212.94250001665205,13.602500024717301,28.789600008167326,17.70950003992766,17.8650000016205,2.5452999980188906,1,3,1,2,2,16515072,4324681
FCWD2:0043,FCWD2,H8_reference,7.956269264221191,"[7.471632957458496, 8.241628646850586, 7.956269264221191]",8,8,0,8,False,"[6106384, 6156384, 6206384, 6256384, 6306384, 6356384, 6406384, 6456384]",0,1.0,375.9190000128001,1820.1605000067502,32.043199986219406,2228.1227000057697,0.10949996067211032,63.85729997418821,109.60639995755628,190.24070003069937,10.913100035395473,8,12,12,0,0,16515072,26458545
FCWD2:0043,FCWD2,H8_warp,7.982910633087158,"[7.232840538024902, 8.097834587097168, 7.982910633087158]",8,8,7,1,False,"[6106036, 6156088, 6206132, 6256184, 6306236, 6356280, 6406332, 6456384]",348,0.9209251552159378,92.01259998371825,383.6379999993369,28.107799997087568,503.7583999801427,14.106899965554476,37.596600013785064,17.43870001519099,19.408100051805377,1.094200008083135,1,3,1,2,2,16515072,3853849
FCWD2:0043,FCWD2,H8_warp_student,8.299314498901367,"[7.592987060546875, 8.369582176208496, 8.299314498901367]",8,8,7,1,False,"[6106036, 6156088, 6206132, 6256184, 6306236, 6356280, 6406332, 6456384]",348,0.9209251552159378,101.64690000237897,153.2774999504909,34.43150001112372,289.3558999639936,15.887999965343624,40.90449999785051,18.33779999287799,19.67700000386685,3.2290000235661864,1,3,1,2,2,16515072,3853849
FCWD2:0044,FCWD2,H8_reference,8.467381477355957,"[8.052816390991211, 8.975702285766602, 8.467381477355957]",8,8,0,8,False,"[6156428, 6206428, 6256428, 6306428, 6356428, 6406428, 6456428, 6506428]",0,1.0,428.3442000159994,1925.0530999852344,28.533399978186935,2381.9306999794208,0.17630000365898013,60.67790003726259,119.3427000544034,231.54030001023784,15.57320001302287,8,12,12,0,0,16515072,26241523
FCWD2:0044,FCWD2,H8_warp,8.56916618347168,"[7.720388889312744, 8.988933563232422, 8.56916618347168]",8,8,7,1,False,"[6156088, 6206132, 6256184, 6306236, 6356280, 6406332, 6456384, 6506428]",340,0.929383540210702,83.68889999110252,401.1929000262171,37.437799968756735,522.3195999860764,23.205899982713163,27.691699971910566,12.446600012481213,15.211899997666478,2.8500999906100333,1,3,1,2,2,16515072,3609219
FCWD2:0044,FCWD2,H8_warp_student,8.795110702514648,"[7.907430171966553, 9.008386611938477, 8.795110702514648]",8,8,7,1,False,"[6156088, 6206132, 6256184, 6306236, 6356280, 6406332, 6456384, 6506428]",340,0.929383540210702,79.51930002309382,151.93619998171926,34.83129997039214,266.2867999752052,14.312999963294715,29.946499969810247,13.20099999429658,16.754399985074997,3.0376000213436782,1,3,1,2,2,16515072,3609219
FCWD2:0045,FCWD2,H8_reference,7.318776607513428,"[7.190808296203613, 7.8367919921875, 7.318776607513428]",8,8,0,8,False,"[6206480, 6256480, 6306480, 6356480, 6406480, 6456480, 6506480, 6556480]",0,1.0,447.9955999995582,1976.8952999729663,28.20070000598207,2453.0915999785066,0.13619998935610056,80.36180003546178,133.02639999892563,220.06429999601096,12.776600022334605,8,12,12,0,0,16515072,26856702
FCWD2:0045,FCWD2,H8_warp,7.366383075714111,"[6.942481517791748, 7.661733627319336, 7.366383075714111]",8,8,7,1,False,"[6206132, 6256184, 6306236, 6356280, 6406332, 6456384, 6506428, 6556480]",348,0.9273912031649988,110.14479998266324,417.93029999826103,39.69260002486408,567.7677000057884,13.001900049857795,52.277699986007065,23.301100009121,18.185499997343868,1.1570000206120312,1,3,1,2,2,16515072,4552651
FCWD2:0045,FCWD2,H8_warp_student,7.927751064300537,"[7.268338203430176, 7.94487190246582, 7.927751064300537]",8,8,7,1,False,"[6206132, 6256184, 6306236, 6356280, 6406332, 6456384, 6506428, 6556480]",348,0.9273912031649988,106.16440000012517,162.83579997252673,28.63820001948625,297.63839999213815,14.749499969184399,45.58150004595518,22.768899973016232,17.904500011354685,2.888199989683926,1,3,1,2,2,16515072,4552651
FCWD2:0046,FCWD2,H8_reference,6.357208728790283,"[6.222692966461182, 6.57891321182251, 6.357208728790283]",8,8,0,8,False,"[6256533, 6306533, 6356533, 6406533, 6456533, 6506533, 6556533, 6606533]",0,1.0,481.15420003887266,1818.1560999946669,28.386499965563416,2327.696799999103,0.18069997895509005,83.5435000481084,147.50989997992292,235.06999999517575,13.221199973486364,8,12,12,0,0,16515072,27235598
FCWD2:0046,FCWD2,H8_warp,6.397521495819092,"[5.899138450622559, 6.397521495819092, 6.429458141326904]",8,8,7,1,False,"[6256184, 6306236, 6356280, 6406332, 6456384, 6506428, 6556480, 6606533]",349,0.9384824984280025,113.49939997307956,497.69210000522435,35.308699996676296,646.5001999749802,12.57429999532178,45.53840000880882,31.686700007412583,20.12150001246482,1.332900021225214,1,3,1,2,2,16515072,5269405
FCWD2:0046,FCWD2,H8_warp_student,6.2966694831848145,"[6.123141765594482, 6.2966694831848145, 6.430328369140625]",8,8,7,1,False,"[6256184, 6306236, 6356280, 6406332, 6456384, 6506428, 6556480, 6606533]",349,0.9384824984280025,135.1952999830246,166.88840003916994,34.95239996118471,337.03609998337924,17.55679998314008,54.730999981984496,33.73970004031435,22.815599979367107,3.6305999965406954,1,3,1,2,2,16515072,5269405
FCWD2:0047,FCWD2,H8_reference,6.214825630187988,"[5.965044021606445, 6.214825630187988, 6.253267765045166]",8,8,0,8,False,"[6306576, 6356576, 6406576, 6456576, 6506576, 6556576, 6606576, 6656576]",0,1.0,483.2322000293061,1966.8560000136495,33.42100000008941,2483.509200043045,0.13560004299506545,73.09530000202358,166.3599000312388,230.22629995830357,11.782799963839352,8,12,12,0,0,16515072,27010501
FCWD2:0047,FCWD2,H8_warp,6.106055736541748,"[5.726100921630859, 6.106055736541748, 6.221603870391846]",8,8,7,1,False,"[6306236, 6356280, 6406332, 6456384, 6506428, 6556480, 6606533, 6656576]",340,0.9337613495236382,112.30760003672913,392.758599948138,35.38240003399551,540.4486000188626,27.481500001158565,34.48030003346503,25.602800014894456,19.377299991901964,2.8924000216647983,1,3,1,2,2,16515072,4360432
FCWD2:0047,FCWD2,H8_warp_student,6.075287342071533,"[6.075287342071533, 6.015752792358398, 6.327921390533447]",8,8,7,1,False,"[6306236, 6356280, 6406332, 6456384, 6506428, 6556480, 6606533, 6656576]",340,0.9337613495236382,113.63599996548146,179.54080004710704,35.250799963250756,328.42759997583926,17.463899974245578,41.223299980629236,27.38300000783056,21.89069997984916,3.2179999980144203,1,3,1,2,2,16515072,4360432
FCWD2:0048,FCWD2,H8_reference,6.425839900970459,"[6.2162652015686035, 6.573248386383057, 6.425839900970459]",8,8,0,8,False,"[6356628, 6406628, 6456628, 6506628, 6556628, 6606628, 6656628, 6706628]",0,1.0,466.573600017,1851.4864999451675,37.310800049453974,2355.3709000116214,0.33379998058080673,73.41499999165535,139.32580000255257,239.60289999376982,12.136400036979467,8,12,12,0,0,16515072,27055993
FCWD2:0048,FCWD2,H8_warp,6.538451194763184,"[5.969822883605957, 6.538451194763184, 6.61915922164917]",8,8,7,1,False,"[6356280, 6406332, 6456384, 6506428, 6556480, 6606533, 6656576, 6706628]",348,0.9386836419864593,99.84090004581958,385.8423999627121,27.511499996762723,513.1948000052944,15.474499959964305,39.131300000008196,21.091599948704243,20.53069998510182,1.194500015117228,1,3,1,2,2,16515072,3791969
FCWD2:0048,FCWD2,H8_warp_student,7.195972442626953,"[6.775272369384766, 7.308126926422119, 7.195972442626953]",8,8,7,1,False,"[6356280, 6406332, 6456384, 6506428, 6556480, 6606533, 6656576, 6706628]",348,0.9386836419864593,91.67950000846758,167.97750000841916,33.62900001229718,293.2860000291839,14.740700018592179,33.28100004000589,20.42399998754263,18.41949997469783,2.5246000150218606,1,3,1,2,2,16515072,3791969
FCWD2:0049,FCWD2,H8_reference,5.802188873291016,"[5.758118629455566, 5.802188873291016, 5.8671875]",8,8,0,8,False,"[6406681, 6456681, 6506681, 6556681, 6606681, 6656681, 6706681, 6756681]",0,1.0,481.9079000153579,1905.2550999913365,40.33240000717342,2427.4954000138678,0.13910001143813133,72.98390002688393,157.47490001376718,235.85459997411817,13.724499964155257,8,12,12,0,0,16515072,27288298
FCWD2:0049,FCWD2,H8_warp,5.872462272644043,"[5.634449005126953, 5.872462272644043, 5.880422592163086]",8,8,7,1,False,"[6406332, 6456384, 6506428, 6556480, 6606533, 6656576, 6706628, 6756681]",349,0.9451227586937522,114.50639995746315,365.92320003546774,27.457799995318055,507.88739998824894,14.281800016760826,44.92389998631552,28.96100003272295,22.598400013521314,1.3392000109888613,1,3,1,2,2,16515072,4386289
FCWD2:0049,FCWD2,H8_warp_student,5.679925918579102,"[5.679925918579102, 5.548860549926758, 5.761215686798096]",8,8,7,1,False,"[6406332, 6456384, 6506428, 6556480, 6606533, 6656576, 6706628, 6756681]",349,0.9451227586937522,102.6727999560535,162.53780003171414,27.399000013247132,292.60960000101477,14.856500027235597,36.688400025013834,26.767699979245663,19.830200006254017,2.3044999688863754,1,3,1,2,2,16515072,4386289
FCWD2:0050,FCWD2,H8_reference,6.164666175842285,"[6.164666175842285, 6.318446636199951, 6.144661903381348]",8,8,0,8,False,"[6456724, 6506724, 6556724, 6606724, 6656724, 6706724, 6756724, 6806724]",0,1.0,485.22430000593886,1954.8519999952987,45.000699989032,2485.0769999902695,0.17600000137463212,76.01090002572164,158.5586000001058,236.5717999637127,12.157100019976497,8,12,12,0,0,16515072,27267558
FCWD2:0050,FCWD2,H8_warp,6.459312915802002,"[6.459312915802002, 6.310595989227295, 6.507513046264648]",8,8,7,1,False,"[6456384, 6506428, 6556480, 6606533, 6656576, 6706628, 6756681, 6806724]",340,0.9522929969919257,118.00830002175644,405.49859998282045,38.424700032919645,561.9316000374965,14.481100020930171,44.05939998105168,32.584200031124055,23.215900000650436,1.1537999962456524,1,3,1,2,2,16515072,4526029
FCWD2:0050,FCWD2,H8_warp_student,6.414170742034912,"[6.389034271240234, 6.504568099975586, 6.414170742034912]",8,8,7,1,False,"[6456384, 6506428, 6556480, 6606533, 6656576, 6706628, 6756681, 6806724]",340,0.9522929969919257,118.7888000276871,171.01499997079372,27.465599996503443,317.26939999498427,15.441800002008677,42.97230002703145,30.948200030252337,23.620499996468425,3.377300046849996,1,3,1,2,2,16515072,4526029
FCWD2:0051,FCWD2,H8_reference,6.088837146759033,"[6.0127973556518555, 6.122920036315918, 6.088837146759033]",8,8,0,8,False,"[6506776, 6556776, 6606776, 6656776, 6706776, 6756776, 6806776, 6856776]",0,1.0,493.23169997660443,1851.5629000030458,32.00720000313595,2376.801799982786,0.2976000541821122,72.81519996467978,156.86740004457533,250.43750001350418,11.099299998022616,8,12,12,0,0,16515072,27246546
FCWD2:0051,FCWD2,H8_warp,6.287256717681885,"[6.131856918334961, 6.287256717681885, 6.291485786437988]",8,8,7,1,False,"[6506428, 6556480, 6606533, 6656576, 6706628, 6756681, 6806724, 6856776]",348,0.9386900211976759,93.85710000060499,392.21809996524826,46.33899999316782,532.4141999590211,14.748499961569905,34.976900031324476,20.692399994004518,18.101299996487796,3.2187000033445656,1,3,1,2,2,16515072,3909830
FCWD2:0051,FCWD2,H8_warp_student,6.5507917404174805,"[6.411324501037598, 6.551896095275879, 6.5507917404174805]",8,8,7,1,False,"[6506428, 6556480, 6606533, 6656576, 6706628, 6756681, 6806724, 6856776]",348,0.9386900211976759,108.56130003230646,157.1616999572143,34.503000031691045,300.2260000212118,16.46219997201115,42.18459996627644,22.765300003811717,20.586400001775473,3.4838999854400754,1,3,1,2,2,16515072,3909830
FCWD2:0052,FCWD2,H8_reference,7.14701509475708,"[6.8089919090271, 7.187698841094971, 7.14701509475708]",8,8,0,8,False,"[6556829, 6606829, 6656829, 6706829, 6756829, 6806829, 6856829, 6906829]",0,1.0,493.44280001241714,1821.4548000250943,28.424899966921657,2343.322500004433,0.19019999308511615,76.1830999981612,163.4591000038199,237.76069999439642,13.839399965945631,8,12,12,0,0,16515072,27647525
FCWD2:0052,FCWD2,H8_warp,6.9589314460754395,"[6.486809730529785, 6.9589314460754395, 7.052844047546387]",8,8,7,1,False,"[6556480, 6606533, 6656576, 6706628, 6756681, 6806724, 6856776, 6906829]",349,0.954684918574463,92.12899999693036,399.5830000494607,37.14849997777492,528.860500024166,13.462899951264262,40.499099995940924,17.584800021722913,17.406200000550598,0.9851999930106103,1,3,1,2,2,16515072,4084573
FCWD2:0052,FCWD2,H8_warp_student,6.998162269592285,"[6.726249694824219, 7.148849964141846, 6.998162269592285]",8,8,7,1,False,"[6556480, 6606533, 6656576, 6706628, 6756681, 6806724, 6856776, 6906829]",349,0.954684918574463,103.32200000993907,159.4267999753356,27.347000024747103,290.0958000100218,17.67280005151406,44.60169997764751,17.140300013124943,17.707800026983023,3.736900049261749,1,3,1,2,2,16515072,4084573
FCWD2:0053,FCWD2,H8_reference,5.9075541496276855,"[5.9075541496276855, 5.954268932342529, 5.8918256759643555]",8,8,0,8,False,"[6606872, 6656872, 6706872, 6756872, 6806872, 6856872, 6906872, 6956872]",0,1.0,519.2986000329256,1795.3246999531984,28.158700035419315,2342.7820000215434,0.15620002523064613,88.49729999201372,169.98529998818412,246.39039998874068,12.39360001636669,8,12,12,0,0,16515072,27953423
FCWD2:0053,FCWD2,H8_warp,5.912799835205078,"[5.795520782470703, 5.912799835205078, 6.104898929595947]",8,8,7,1,False,"[6606533, 6656576, 6706628, 6756681, 6806724, 6856776, 6906829, 6956872]",339,0.9432741576522954,105.28979997616261,374.9330000136979,24.709499964956194,504.9322999548167,14.432900003157556,49.057999975048006,19.615900004282594,17.972300003748387,1.2772000045515597,1,3,1,2,2,16515072,4650095
FCWD2:0053,FCWD2,H8_warp_student,5.87005090713501,"[5.855546951293945, 5.87005090713501, 6.013474464416504]",8,8,7,1,False,"[6606533, 6656576, 6706628, 6756681, 6806724, 6856776, 6906829, 6956872]",339,0.9432741576522954,130.1196999847889,163.7470999849029,27.367500006221235,321.234299975913,22.993999999016523,61.01279996801168,20.670600002631545,18.767799949273467,4.1034999885596335,1,3,1,2,2,16515072,4650095
FCWD2:0054,FCWD2,H8_reference,6.950118541717529,"[6.950118541717529, 6.901451110839844, 7.141567707061768]",8,8,0,8,False,"[6656924, 6706924, 6756924, 6806924, 6856924, 6906924, 6956924, 7006924]",0,1.0,483.9252000092529,1963.3115999749862,28.370800020638853,2475.607600004878,0.15780003741383553,72.26330001140013,166.8655999819748,231.00249998969957,11.8201999575831,8,12,12,0,0,16515072,27654937
FCWD2:0054,FCWD2,H8_warp,7.085329055786133,"[7.085329055786133, 7.072219371795654, 7.537386417388916]",8,8,7,1,False,"[6656576, 6706628, 6756681, 6806724, 6856776, 6906829, 6956872, 7006924]",348,0.9298469387755102,94.07440002541989,375.1680999994278,42.57269995287061,511.8151999777183,13.471599959302694,38.32349996082485,19.82809999026358,18.836700008250773,1.2091000098735094,1,3,1,2,2,16515072,4288301
FCWD2:0054,FCWD2,H8_warp_student,7.616573810577393,"[7.396756649017334, 7.616573810577393, 7.667607307434082]",8,8,7,1,False,"[6656576, 6706628, 6756681, 6806724, 6856776, 6906829, 6956872, 7006924]",348,0.9298469387755102,106.97550000622869,155.96679999725893,43.91900001792237,306.86130002141,18.37749994592741,42.8167000063695,19.390099972952157,20.299699972383678,3.4838999854400754,1,3,1,2,2,16515072,4288301
FCWD2:0055,FCWD2,H8_reference,6.529656887054443,"[6.396669387817383, 6.529656887054443, 6.596777439117432]",8,8,0,8,False,"[6706977, 6756977, 6806977, 6856977, 6906977, 6956977, 7006977, 7056977]",0,1.0,460.13140003196895,1853.7812000140548,28.65539997583255,2342.5680000218563,0.15269999857991934,63.441800011787564,143.88659998076037,233.14760002540424,17.60610000928864,8,12,12,0,0,16515072,27340879
FCWD2:0055,FCWD2,H8_warp,6.752962589263916,"[6.521669864654541, 6.752962589263916, 6.863675117492676]",8,8,7,1,False,"[6706628, 6756681, 6806724, 6856776, 6906829, 6956872, 7006924, 7056977]",349,0.9303354962024043,100.07580003002658,386.968299979344,27.74459996726364,514.7886999766342,30.566499975975603,31.822899996768683,14.656399958766997,18.123899993952364,1.499100006185472,1,3,1,2,2,16515072,3703807
FCWD2:0055,FCWD2,H8_warp_student,6.819355010986328,"[6.670170307159424, 6.819355010986328, 6.893160820007324]",8,8,7,1,False,"[6706628, 6756681, 6806724, 6856776, 6906829, 6956872, 7006924, 7056977]",349,0.9303354962024043,77.98659999389201,166.30320000695065,31.991299998480827,276.2810999993235,14.854799956083298,27.97880000434816,14.095599995926023,15.775599982589483,2.485400007572025,1,3,1,2,2,16515072,3703807
FCWD2:0056,FCWD2,H8_reference,6.306373596191406,"[6.306373596191406, 6.198250770568848, 6.465025424957275]",8,8,0,8,False,"[6757020, 6807020, 6857020, 6907020, 6957020, 7007020, 7057020, 7107020]",0,1.0,487.0289000100456,2084.3879000167362,35.38549999939278,2606.8023000261746,0.10619999375194311,75.29150001937523,164.42450002068654,231.53470002580434,13.764699979219586,8,12,12,0,0,16515072,27472051
FCWD2:0056,FCWD2,H8_warp,6.491771697998047,"[6.371928691864014, 6.491771697998047, 6.594801425933838]",8,8,7,1,False,"[6756681, 6806724, 6856776, 6906829, 6956872, 7006924, 7056977, 7107020]",339,0.9172783177940885,91.93860000232235,373.1904999585822,34.35730002820492,499.4863999891095,16.38069999171421,39.87019998021424,14.966100046876818,17.460100003518164,1.4361999928951263,1,3,1,2,2,16515072,3681418
FCWD2:0056,FCWD2,H8_warp_student,6.570486068725586,"[6.442621231079102, 6.570486068725586, 6.57797384262085]",8,8,7,1,False,"[6756681, 6806724, 6856776, 6906829, 6956872, 7006924, 7056977, 7107020]",339,0.9172783177940885,100.44109995942563,167.40440001012757,40.767300000879914,308.6127999704331,18.831600027624518,40.638400008901954,14.754800009541214,19.08480003476143,3.8965999847278,1,3,1,2,2,16515072,3681418
FCWD2:0057,FCWD2,H8_reference,6.6518683433532715,"[6.576729774475098, 6.7687153816223145, 6.6518683433532715]",8,8,0,8,False,"[6807073, 6857073, 6907073, 6957073, 7007073, 7057073, 7107073, 7157073]",0,1.0,492.6242000074126,1901.4369000215083,36.23729996616021,2430.298399995081,0.10880001354962587,71.22799998614937,168.019299977459,238.22539998218417,13.339199998881668,8,12,12,0,0,16515072,27386966
FCWD2:0057,FCWD2,H8_warp,6.646066665649414,"[6.475667476654053, 6.719898223876953, 6.646066665649414]",8,8,7,1,False,"[6806724, 6856776, 6906829, 6956872, 7006924, 7056977, 7107020, 7157073]",349,0.9178443933688689,89.38219997799024,409.77500000735745,39.28240004461259,538.4396000299603,12.317699962295592,41.758400038816035,13.71520000975579,18.25359999202192,1.4668999938294291,1,3,1,2,2,16515072,3659539
FCWD2:0057,FCWD2,H8_warp_student,6.903153896331787,"[6.773856163024902, 6.903153896331787, 6.929294109344482]",8,8,7,1,False,"[6806724, 6856776, 6906829, 6956872, 7006924, 7056977, 7107020, 7157073]",349,0.9178443933688689,94.5120999822393,163.73740002745762,40.02849996322766,298.2779999729246,17.13639998342842,39.72210001666099,13.988799997605383,17.451199993956834,3.6754999891854823,1,3,1,2,2,16515072,3659539
FCWD2:0058,FCWD2,H8_reference,7.493946075439453,"[7.4731292724609375, 7.612608432769775, 7.493946075439453]",8,8,0,8,False,"[6857125, 6907125, 6957125, 7007125, 7057125, 7107125, 7157125, 7207125]",0,1.0,494.16780000319704,1909.0851999935694,29.33430002303794,2432.5873000198044,0.20730000687763095,65.20919996546581,154.21429998241365,251.00200000451878,21.87860000412911,8,12,12,0,0,16515072,26480798
FCWD2:0058,FCWD2,H8_warp,7.615362167358398,"[7.559411525726318, 7.7565436363220215, 7.615362167358398]",8,8,7,1,False,"[6856776, 6906829, 6956872, 7006924, 7056977, 7107020, 7157073, 7207125]",349,0.9184027777777778,76.14299998385832,344.9943999876268,28.66330003598705,449.8007000074722,14.016299974173307,28.598300006706268,12.78779999120161,17.52719999058172,1.213699986692518,1,3,1,2,2,16515072,3542681
FCWD2:0058,FCWD2,H8_warp_student,7.639720439910889,"[7.639720439910889, 7.830965995788574, 7.636553764343262]",8,8,7,1,False,"[6856776, 6906829, 6956872, 7006924, 7056977, 7107020, 7157073, 7207125]",349,0.9184027777777778,87.81389996875077,127.64459999743849,23.999500030186027,239.4579999963753,21.384600026067346,34.99660000670701,11.087099963333458,14.834999979939312,2.5418000295758247,1,3,1,2,2,16515072,3542681
FCWD2:0059,FCWD2,H8_reference,7.376901149749756,"[7.176657199859619, 7.589023590087891, 7.376901149749756]",8,8,0,8,False,"[6907168, 6957168, 7007168, 7057168, 7107168, 7157168, 7207168, 7257168]",0,1.0,351.0761999641545,1473.890700028278,29.00529996259138,1853.9721999550238,0.10579999070614576,58.915400004480034,105.44030001619831,173.18129999330267,12.154100055340677,8,12,12,0,0,16515072,25946879
FCWD2:0059,FCWD2,H8_warp,7.238464832305908,"[7.034775257110596, 7.378396034240723, 7.238464832305908]",8,8,7,1,False,"[6906829, 6956872, 7006924, 7056977, 7107020, 7157073, 7207125, 7257168]",339,0.9057788347205707,79.52570001361892,329.82659997651353,28.78920000512153,438.141499995254,12.674800003878772,34.77919998113066,12.972199998330325,15.98650001687929,1.1519999825395644,1,3,1,2,2,16515072,3828383
FCWD2:0059,FCWD2,H8_warp_student,7.497644424438477,"[7.408998489379883, 7.666723728179932, 7.497644424438477]",8,8,7,1,False,"[6906829, 6956872, 7006924, 7056977, 7107020, 7157073, 7207125, 7257168]",339,0.9057788347205707,79.77609999943525,123.2437000144273,23.605199996381998,226.62500001024455,17.04910001717508,31.51369997067377,11.853999982122332,14.561700052581728,2.4141999892890453,1,3,1,2,2,16515072,3828383
FCWD2:0060,FCWD2,H8_reference,7.1919379234313965,"[6.9850335121154785, 7.316461086273193, 7.1919379234313965]",8,8,0,8,False,"[6957220, 7007220, 7057220, 7107220, 7157220, 7207220, 7257220, 7307220]",0,1.0,402.3065000073984,1514.978599967435,22.265000035986304,1939.5501000108197,0.11900003300979733,78.84339999873191,116.48520000744611,191.20290002319962,14.232600049581379,8,12,12,0,0,16515072,26724323
FCWD2:0060,FCWD2,H8_warp,6.860840320587158,"[6.703794479370117, 7.057044982910156, 6.860840320587158]",8,8,7,1,False,"[6956872, 7006924, 7056977, 7107020, 7157073, 7207125, 7257168, 7307220]",348,0.8941181914942848,215.64230002695695,278.61269999993965,22.97960000578314,517.2346000326797,21.25819999491796,157.95470000011846,16.231199959293008,16.15709997713566,2.2151999874040484,1,3,1,2,2,16515072,4632993
FCWD2:0060,FCWD2,H8_warp_student,7.022737979888916,"[6.950211524963379, 7.20306921005249, 7.022737979888916]",8,8,7,1,False,"[6956872, 7006924, 7056977, 7107020, 7157073, 7207125, 7257168, 7307220]",348,0.8941181914942848,92.75389998219907,142.03039999119937,32.76600001845509,267.55029999185354,12.858400004915893,44.24540000036359,15.983099990990013,15.458000008948147,2.473600034136325,1,3,1,2,2,16515072,4632993
FCWD2:0061,FCWD2,H8_reference,6.982077121734619,"[6.857139587402344, 7.194775104522705, 6.982077121734619]",8,8,0,8,False,"[7007273, 7057273, 7107273, 7157273, 7207273, 7257273, 7307273, 7357273]",0,1.0,404.02309998171404,1459.5973000396043,25.678699952550232,1889.2990999738686,0.1281999866478145,66.79479999002069,114.0346999745816,207.4369000038132,14.198000018950552,8,12,12,0,0,16515072,26914536
FCWD2:0061,FCWD2,H8_warp,6.835686206817627,"[6.742415904998779, 6.889877796173096, 6.835686206817627]",8,8,7,1,False,"[7006924, 7056977, 7107020, 7157073, 7207125, 7257168, 7307220, 7357273]",349,0.8948137326515705,79.34060000116006,271.50069997878745,25.48380004009232,376.3251000200398,10.690199967939407,33.91949995420873,15.636000025551766,16.108300013002008,1.2338999658823013,1,3,1,2,2,16515072,4755563
FCWD2:0061,FCWD2,H8_warp_student,7.125949382781982,"[7.0218305587768555, 7.1678972244262695, 7.125949382781982]",8,8,7,1,False,"[7006924, 7056977, 7107020, 7157073, 7207125, 7257168, 7307220, 7357273]",349,0.8948137326515705,85.9620999544859,125.46240002848208,25.85380000527948,237.27829998824745,13.669800013303757,33.36090000811964,16.760799975600094,17.247000010684133,2.9069000156596303,1,3,1,2,2,16515072,4755563
FCWD2:0062,FCWD2,H8_reference,6.310206413269043,"[6.393228530883789, 6.310206413269043, 6.253839015960693]",8,8,0,8,False,"[7057316, 7107316, 7157316, 7207316, 7257316, 7307316, 7357316, 7407316]",0,1.0,369.8974999715574,1495.2019000193104,25.384799984749407,1890.4841999756172,0.17030001617968082,75.86530002299696,100.02840001834556,179.69680001260713,12.851900013629347,8,12,12,0,0,16515072,26872716
FCWD2:0062,FCWD2,H8_warp,6.428630828857422,"[6.462765216827393, 6.428630828857422, 6.379519939422607]",8,8,7,1,False,"[7056977, 7107020, 7157073, 7207125, 7257168, 7307220, 7357273, 7407316]",339,0.8836,99.91960000479594,259.523699991405,20.971100020688027,380.414400016889,20.989299984648824,41.967199998907745,17.34100002795458,16.957399959210306,0.9404000011272728,1,3,1,2,2,16515072,4530143
FCWD2:0062,FCWD2,H8_warp_student,6.465218544006348,"[6.465218544006348, 6.426260471343994, 6.491776466369629]",8,8,7,1,False,"[7056977, 7107020, 7157073, 7207125, 7257168, 7307220, 7357273, 7407316]",339,0.8836,92.54679997684434,113.82740002591163,25.632300006691366,232.00650000944734,12.817499984521419,39.93369999807328,17.89169997209683,17.232300015166402,2.9221000149846077,1,3,1,2,2,16515072,4530143
FCWD2:0063,FCWD2,H8_reference,7.054551124572754,"[7.292243003845215, 7.054551124572754, 6.986992835998535]",8,8,0,8,False,"[7107369, 7157369, 7207369, 7257369, 7307369, 7357369, 7407369, 7457369]",0,1.0,385.60499995946884,1534.7245000302792,20.763500011526048,1941.093000001274,0.12250000145286322,73.5088000074029,112.67290002433583,186.6427999921143,11.903900012839586,8,12,12,0,0,16515072,26902908
FCWD2:0063,FCWD2,H8_warp,7.000540733337402,"[7.116302013397217, 7.000540733337402, 6.9798479080200195]",8,8,7,1,False,"[7107020, 7157073, 7207125, 7257168, 7307220, 7357273, 7407316, 7457369]",349,0.8843471777553616,95.03309999126941,302.64439998427406,35.57370003545657,433.25120001100004,11.820499959867448,33.662799978628755,20.300100033637136,21.753700042609125,5.840400001034141,1,3,1,2,2,16515072,4534087
FCWD2:0063,FCWD2,H8_warp_student,7.138301372528076,"[7.138301372528076, 7.166896820068359, 7.117068767547607]",8,8,7,1,False,"[7107020, 7157073, 7207125, 7257168, 7307220, 7357273, 7407316, 7457369]",349,0.8843471777553616,94.64630001457408,138.6248999624513,25.283200026024133,258.5544000030495,15.941500023473054,33.0489999614656,20.821699989028275,19.688700034748763,3.375000029336661,1,3,1,2,2,16515072,4534087
FCWD2:0064,FCWD2,H8_reference,7.310070037841797,"[7.250495910644531, 7.363319396972656, 7.310070037841797]",8,8,0,8,False,"[7157421, 7207421, 7257421, 7307421, 7357421, 7407421, 7457421, 7507421]",0,1.0,411.12529998645186,1678.6750999744982,21.073300042189658,2110.8737000031397,0.13950001448392868,80.63029998447746,114.66189997736365,201.35470002423972,12.567600002512336,8,12,12,0,0,16515072,27235241
FCWD2:0064,FCWD2,H8_warp,6.858656883239746,"[6.857975006103516, 6.908819198608398, 6.858656883239746]",8,8,7,1,False,"[7157073, 7207125, 7257168, 7307220, 7357273, 7407316, 7457369, 7507421]",348,0.8850848337950139,84.16470000520349,266.1942000268027,23.018500010948628,373.37740004295483,10.756800009403378,30.140999995637685,18.95860000513494,21.61809999961406,0.984199985396117,1,3,1,2,2,16515072,4260761
FCWD2:0064,FCWD2,H8_warp_student,6.913970947265625,"[6.913970947265625, 6.90032434463501, 6.976629734039307]",8,8,7,1,False,"[7157073, 7207125, 7257168, 7307220, 7357273, 7407316, 7457369, 7507421]",348,0.8850848337950139,91.06679999968037,144.3048000219278,21.60019997972995,256.9718000013381,14.011999999638647,31.313200015574694,19.43290000781417,19.723600009456277,4.658399964682758,1,3,1,2,2,16515072,4260761
FCWD2:0065,FCWD2,H8_reference,6.669830322265625,"[6.669830322265625, 6.535705089569092, 6.737855434417725]",8,8,0,8,False,"[7207473, 7257473, 7307473, 7357473, 7407473, 7457473, 7507473, 7557473]",0,1.0,409.9162999773398,1467.0251000206918,30.310200003441423,1907.251600001473,0.14100002590566874,67.87780002923682,126.55059999087825,195.24140004068613,18.463500018697232,8,12,12,0,0,16515072,27009345
FCWD2:0065,FCWD2,H8_warp,6.422921657562256,"[6.422921657562256, 6.3299946784973145, 6.461891174316406]",8,8,7,1,False,"[7207125, 7257168, 7307220, 7357273, 7407316, 7457369, 7507421, 7557473]",348,0.8858131487889274,83.58760003466159,256.998399971053,23.60070002032444,364.18670002603903,12.0320999994874,30.992600019089878,19.98230000026524,17.482299997936934,1.3771000085398555,1,3,1,2,2,16515072,4167822
FCWD2:0065,FCWD2,H8_warp_student,6.4416022300720215,"[6.4416022300720215, 6.353601932525635, 6.520370960235596]",8,8,7,1,False,"[7207125, 7257168, 7307220, 7357273, 7407316, 7457369, 7507421, 7557473]",348,0.8858131487889274,89.24259996274486,117.1013000421226,23.51719996659085,229.86109997145832,16.938799992203712,31.613499973900616,19.31440003681928,16.79700001841411,2.9062999528832734,1,3,1,2,2,16515072,4167822
FCWD2:0066,FCWD2,H8_reference,7.283951282501221,"[7.283951282501221, 7.1992998123168945, 7.442455291748047]",8,8,0,8,False,"[7257517, 7307517, 7357517, 7407517, 7457517, 7507517, 7557517, 7607517]",0,1.0,415.41630000574514,1495.96729996847,21.53490000637248,1932.9184999805875,0.10340003063902259,79.25910002086312,124.65199996950105,193.8421999802813,15.834700025152415,8,12,12,0,0,16515072,26715551
FCWD2:0066,FCWD2,H8_warp,7.07271146774292,"[7.003292560577393, 7.07271146774292, 7.121240615844727]",8,8,7,1,False,"[7257168, 7307220, 7357273, 7407316, 7457369, 7507421, 7557473, 7607517]",349,0.8751300728407908,101.78169998107478,276.04450000217184,23.39879999635741,401.22499997960404,18.009499995969236,40.39699997520074,19.740600022487342,19.99570004409179,0.818600005004555,1,3,1,2,2,16515072,4122279
FCWD2:0066,FCWD2,H8_warp_student,7.061119556427002,"[7.0068159103393555, 7.061119556427002, 7.144789695739746]",8,8,7,1,False,"[7257168, 7307220, 7357273, 7407316, 7457369, 7507421, 7557473, 7607517]",349,0.8751300728407908,83.70210003340617,110.15339998994023,21.440999989863485,215.29650001320988,12.977200036402792,30.06449999520555,19.922200008295476,16.211399983149022,2.7942999731749296,1,3,1,2,2,16515072,4122279
FCWD2:0067,FCWD2,H8_reference,6.983279705047607,"[6.803366661071777, 6.983279705047607, 7.131747245788574]",8,8,0,8,False,"[7307569, 7357569, 7407569, 7457569, 7507569, 7557569, 7607569, 7657569]",0,1.0,412.8511999733746,1488.6824000277556,24.977399967610836,1926.510999968741,0.1037000329233706,73.4027000144124,128.02030000602826,198.08840000769123,11.886099993716925,8,12,12,0,0,16515072,26659162
FCWD2:0067,FCWD2,H8_warp,7.0936079025268555,"[6.76148796081543, 7.0936079025268555, 7.123434543609619]",8,8,7,1,False,"[7307220, 7357273, 7407316, 7457369, 7507421, 7557473, 7607517, 7657569]",349,0.8879437869822485,87.15149998897687,373.47849999787286,23.26990000437945,483.8998999912292,12.705800007097423,35.25279997847974,16.834600013680756,19.261600042227656,0.8888000156730413,1,3,1,2,2,16515072,3935772
FCWD2:0067,FCWD2,H8_warp_student,6.878746509552002,"[6.750303268432617, 6.878746509552002, 6.928071022033691]",8,8,7,1,False,"[7307220, 7357273, 7407316, 7457369, 7507421, 7557473, 7607517, 7657569]",349,0.8879437869822485,78.4725999692455,110.83499999949709,27.266600052826107,216.57420002156869,13.118900009430945,28.833899996243417,15.752699982840568,16.501099977176636,2.4796000216156244,1,3,1,2,2,16515072,3935772
FCWD2:0068,FCWD2,H8_reference,7.315942764282227,"[7.159757137298584, 7.315942764282227, 7.340722560882568]",8,8,0,8,False,"[7357621, 7407621, 7457621, 7507621, 7557621, 7607621, 7657621, 7707621]",0,1.0,381.0478000086732,1746.6724999831058,28.90600002137944,2156.6263000131585,0.10380003368481994,61.10250001074746,112.58010001620278,188.54399997508153,17.467199999373406,8,12,12,0,0,16515072,27054684
FCWD2:0068,FCWD2,H8_warp,7.500282287597656,"[7.3176188468933105, 7.717423439025879, 7.500282287597656]",8,8,7,1,False,"[7357273, 7407316, 7457369, 7507421, 7557473, 7607517, 7657569, 7707621]",348,0.8774234898253485,90.7166000106372,267.04029995016754,26.48960001533851,384.24649997614324,23.324200010392815,32.92409999994561,13.951600005384535,15.439399983733892,3.3659999608062208,1,3,1,2,2,16515072,4046952
FCWD2:0068,FCWD2,H8_warp_student,7.694080829620361,"[7.597143173217773, 7.919379711151123, 7.694080829620361]",8,8,7,1,False,"[7357273, 7407316, 7457369, 7507421, 7557473, 7607517, 7657569, 7707621]",348,0.8774234898253485,88.79060001345351,135.95869997516274,22.49540004413575,247.244700032752,17.732399981468916,32.70770004019141,12.485599960200489,18.684700015001,4.411800007801503,1,3,1,2,2,16515072,4046952
FCWD2:0069,FCWD2,H8_reference,7.4150800704956055,"[7.327155113220215, 7.460723400115967, 7.4150800704956055]",8,8,0,8,False,"[7407665, 7457665, 7507665, 7557665, 7607665, 7657665, 7707665, 7757665]",0,1.0,404.2708000051789,1420.1950999558903,25.694700016174465,1850.1605999772437,0.10230002226307988,75.85379999363795,121.05020001763478,193.2966000167653,12.691999960225075,8,12,12,0,0,16515072,27577570
FCWD2:0069,FCWD2,H8_warp,7.227347373962402,"[7.227347373962402, 7.223465919494629, 7.316904544830322]",8,8,7,1,False,"[7407316, 7457369, 7507421, 7557473, 7607517, 7657569, 7707621, 7757665]",349,0.87890625,81.00370003376156,251.37919996632263,24.462500005029142,356.84540000511333,10.730500041972846,39.304799982346594,13.098000024911016,15.040699974633753,1.0670999763533473,1,3,1,2,2,16515072,4606235
FCWD2:0069,FCWD2,H8_warp_student,7.310889720916748,"[7.2096052169799805, 7.310889720916748, 7.339057445526123]",8,8,7,1,False,"[7407316, 7457369, 7507421, 7557473, 7607517, 7657569, 7707621, 7757665]",349,0.87890625,117.73840000387281,120.71070005185902,21.812699967995286,260.2618000237271,35.06069997092709,37.557800009381026,13.526900031138211,15.54489997215569,14.351499965414405,1,3,1,2,2,16515072,4606235
FCWD2:0070,FCWD2,H8_reference,6.420385360717773,"[6.340936660766602, 6.420385360717773, 6.501125812530518]",8,8,0,8,False,"[7457717, 7507717, 7557717, 7607717, 7657717, 7707717, 7757717, 7807717]",0,1.0,423.2480999780819,1594.7169000282884,23.01229996373877,2040.977299970109,0.10299996938556433,80.99699998274446,126.44800002453849,199.31340002221987,14.93480004137382,8,12,12,0,0,16515072,28172587
FCWD2:0070,FCWD2,H8_warp,6.6945576667785645,"[6.589017868041992, 6.6945576667785645, 6.751118183135986]",8,8,7,1,False,"[7457369, 7507421, 7557473, 7607517, 7657569, 7707621, 7757665, 7807717]",348,0.8688081085200426,81.00240002386272,248.77859995467588,25.657800026237965,355.43880000477657,10.83210000069812,35.971199977211654,15.245000016875565,16.365499992389232,0.9304999839514494,1,3,1,2,2,16515072,4789767
FCWD2:0070,FCWD2,H8_warp_student,6.552070617675781,"[6.5126447677612305, 6.552070617675781, 6.590661525726318]",8,8,7,1,False,"[7457369, 7507421, 7557473, 7607517, 7657569, 7707621, 7757665, 7807717]",348,0.8688081085200426,102.64980001375079,103.36660000029951,21.949700021650642,227.96610003570095,16.85770001495257,51.05269997147843,14.872200030367821,15.140599978622049,2.8916000155732036,1,3,1,2,2,16515072,4789767
FCWD2:0071,FCWD2,H8_reference,6.64985466003418,"[6.614070415496826, 6.696139335632324, 6.64985466003418]",8,8,0,8,False,"[7507769, 7557769, 7607769, 7657769, 7707769, 7757769, 7807769, 7857769]",0,1.0,398.8989000208676,1523.9625999820419,23.560000001452863,1946.4215000043623,0.10250002378597856,76.3324000290595,124.06669999472797,186.85280001955107,10.122700012288988,8,12,12,0,0,16515072,29094735
FCWD2:0071,FCWD2,H8_warp,6.415930271148682,"[6.395809173583984, 6.415930271148682, 6.420965671539307]",8,8,7,1,False,"[7507421, 7557473, 7607517, 7657569, 7707621, 7757665, 7807717, 7857769]",348,0.8590124925639501,92.69349998794496,270.72319999570027,25.39050002815202,388.80720001179725,12.917600048240274,40.84739997051656,18.763399973977357,17.14049995644018,0.851999968290329,1,3,1,2,2,16515072,5058690
FCWD2:0071,FCWD2,H8_warp_student,6.43674898147583,"[6.43674898147583, 6.417106628417969, 6.4545416831970215]",8,8,7,1,False,"[7507421, 7557473, 7607517, 7657569, 7707621, 7757665, 7807717, 7857769]",348,0.8590124925639501,106.62209999281913,128.75830003758892,23.670999973546714,259.05140000395477,14.539300056640059,45.937599963508546,22.029700048733503,18.87089997762814,3.4040999598801136,1,3,1,2,2,16515072,5058690
FCWD2:0072,FCWD2,H8_reference,6.873815536499023,"[6.873815536499023, 7.029463291168213, 6.803624629974365]",8,8,0,8,False,"[7557813, 7607813, 7657813, 7707813, 7757813, 7807813, 7857813, 7907813]",0,1.0,412.1365000028163,1444.6708000032231,23.80799996899441,1880.6152999750338,0.10540004586800933,78.77110003028065,131.57079997472465,190.90390001656488,9.232400043401867,8,12,12,0,0,16515072,29562966
FCWD2:0072,FCWD2,H8_warp,6.916725158691406,"[6.916725158691406, 7.121608257293701, 6.872416973114014]",8,8,7,1,False,"[7557473, 7607517, 7657569, 7707621, 7757665, 7807717, 7857769, 7907813]",340,0.8598347107438017,96.64529998553917,282.9316999996081,23.55919999536127,403.13619998050854,11.449199984781444,42.02819999773055,20.9169999579899,19.57209996180609,1.0393999982625246,1,3,1,2,2,16515072,5205111
FCWD2:0072,FCWD2,H8_warp_student,7.2013750076293945,"[7.2013750076293945, 7.25681209564209, 7.110078811645508]",8,8,7,1,False,"[7557473, 7607517, 7657569, 7707621, 7757665, 7807717, 7857769, 7907813]",340,0.8598347107438017,101.75460000755265,118.471399997361,30.01429996220395,250.2402999671176,13.023599982261658,43.32850000355393,22.79020001878962,18.2133000344038,2.648300025612116,1,3,1,2,2,16515072,5205111
FCWD2:0073,FCWD2,H8_reference,6.15648889541626,"[5.988640308380127, 6.230854511260986, 6.15648889541626]",8,8,0,8,False,"[7607865, 7657865, 7707865, 7757865, 7807865, 7857865, 7907865, 7957865]",0,1.0,494.36319997766986,1413.5087000322528,22.487199981696904,1930.3590999916196,0.14739995822310448,125.51929999608546,146.16990002105013,205.83849999820814,14.417700003832579,8,12,12,0,0,16515072,30215460
FCWD2:0073,FCWD2,H8_warp,6.292547225952148,"[5.9934468269348145, 6.347813606262207, 6.292547225952148]",8,8,7,1,False,"[7607517, 7657569, 7707621, 7757665, 7807717, 7857769, 7907813, 7957865]",348,0.8614507511922264,110.88220000965521,242.94049997115508,22.361300012562424,376.1839999933727,11.59070001449436,49.74910005694255,25.52059997105971,21.23729995219037,0.8290999685414135,1,3,1,2,2,16515072,5745898
FCWD2:0073,FCWD2,H8_warp_student,5.982855796813965,"[6.005044460296631, 5.982855796813965, 5.979241371154785]",8,8,7,1,False,"[7607517, 7657569, 7707621, 7757665, 7807717, 7857769, 7907813, 7957865]",348,0.8614507511922264,105.20039999391884,106.78610001923516,24.04499996919185,236.03149998234585,12.014599982649088,44.3741999915801,23.903599998448044,19.251400022767484,3.2124000135809183,1,3,1,2,2,16515072,5745898
FCWD2:0074,FCWD2,H8_reference,6.153864860534668,"[5.842800140380859, 6.174811363220215, 6.153864860534668]",8,8,0,8,False,"[7657917, 7707917, 7757917, 7807917, 7857917, 7907917, 7957917, 8007917]",0,1.0,450.11979999253526,1666.6651000268757,33.43970002606511,2150.224600045476,0.10909995762631297,85.44980001170188,147.62940001673996,204.44729999871925,10.932300006970763,8,12,12,0,0,16515072,31255095
FCWD2:0074,FCWD2,H8_warp,5.975916862487793,"[5.800827980041504, 5.975916862487793, 5.983320236206055]",8,8,7,1,False,"[7657569, 7707621, 7757665, 7807717, 7857769, 7907813, 7957865, 8007917]",348,0.8622448979591837,118.07709996355698,249.01690002297983,21.55559998936951,388.6495999759063,11.949300009291619,47.640400007367134,33.153199998196214,22.060299990698695,1.1452000471763313,1,3,1,2,2,16515072,6459711
FCWD2:0074,FCWD2,H8_warp_student,6.237131595611572,"[6.24130916595459, 6.237131595611572, 6.231110095977783]",8,8,7,1,False,"[7657569, 7707621, 7757665, 7807717, 7857769, 7907813, 7957865, 8007917]",348,0.8622448979591837,118.40059998212382,113.77380002522841,22.944899974390864,255.1192999817431,17.362000013235956,41.16640001302585,34.16540002217516,20.408399985171854,2.886399975977838,1,3,1,2,2,16515072,6459711
FCWD2:0075,FCWD2,H8_reference,5.702061176300049,"[5.580260276794434, 5.702061176300049, 5.79726505279541]",8,8,0,8,False,"[7707961, 7757961, 7807961, 7857961, 7907961, 7957961, 8007961, 8057961]",0,1.0,489.03590004192665,1612.0457999641076,28.98470003856346,2130.0664000445977,0.10449998080730438,113.79109998233616,164.26930000307038,199.8979999916628,9.108700032811612,8,12,12,0,0,16515072,32764508
FCWD2:0075,FCWD2,H8_warp,6.083739757537842,"[6.083739757537842, 6.20826530456543, 6.047177314758301]",8,8,7,1,False,"[7707621, 7757665, 7807717, 7857769, 7907813, 7957865, 8007917, 8057961]",340,0.8638062283737025,121.58310000086203,451.18850003927946,21.762699994724244,594.5343000348657,11.826900008600205,50.89800001587719,34.449399972800165,20.88759996695444,1.0329000069759786,1,3,1,2,2,16515072,7104385
FCWD2:0075,FCWD2,H8_warp_student,6.198513984680176,"[6.134954452514648, 6.204606056213379, 6.198513984680176]",8,8,7,1,False,"[7707621, 7757665, 7807717, 7857769, 7907813, 7957865, 8007917, 8057961]",340,0.8638062283737025,126.39449996640906,129.20250004390255,32.30510000139475,287.90210001170635,13.664199970662594,51.53299996163696,35.13190004741773,21.54280000831932,2.6781000196933746,1,3,1,2,2,16515072,7104385
FCWD2:0076,FCWD2,H8_reference,5.026925563812256,"[4.991501808166504, 5.026925563812256, 5.158012390136719]",8,8,0,8,False,"[7758013, 7808013, 7858013, 7908013, 7958013, 8008013, 8058013, 8108013]",0,1.0,494.16650005150586,1518.1105999508873,31.649400014430285,2043.9265000168234,0.11820002691820264,95.17799998866394,175.4289999953471,210.86680004373193,10.546499979682267,8,12,12,0,0,16515072,34820845
FCWD2:0076,FCWD2,H8_warp,4.680387496948242,"[4.555359840393066, 4.680387496948242, 4.733527660369873]",8,8,7,1,False,"[7757665, 7807717, 7857769, 7907813, 7957865, 8007917, 8057961, 8108013]",348,0.8653326122228231,147.02469995245337,240.61110004549846,23.24799995403737,410.8837999519892,21.68930001789704,53.17359999753535,45.706900011282414,21.97800000431016,2.6750999968498945,1,3,1,2,2,16515072,8101197
FCWD2:0076,FCWD2,H8_warp_student,4.966686725616455,"[4.9249372482299805, 4.966686725616455, 5.115581035614014]",8,8,7,1,False,"[7757665, 7807717, 7857769, 7907813, 7957865, 8007917, 8057961, 8108013]",348,0.8653326122228231,137.7941999817267,113.54220000794157,20.583399978931993,271.9197999686003,14.45750001585111,54.90799999097362,41.87610000371933,22.072400024626404,2.7061000000685453,1,3,1,2,2,16515072,8101197
FCWD2:0077,FCWD2,H8_reference,4.923979759216309,"[4.923979759216309, 4.9158034324646, 5.1492838859558105]",8,8,0,8,False,"[7808066, 7858066, 7908066, 7958066, 8008066, 8058066, 8108066, 8158066]",0,1.0,504.994600021746,1501.5039999852888,24.300499993842095,2030.799100000877,0.1354999840259552,78.59569997526705,184.16940001770854,222.26030001183972,17.802700051106513,8,12,12,0,0,16515072,35424566
FCWD2:0077,FCWD2,H8_warp,5.055315017700195,"[4.929511547088623, 5.055315017700195, 5.235275745391846]",8,8,7,1,False,"[7807717, 7857769, 7907813, 7957865, 8007917, 8057961, 8108013, 8158066]",349,0.8569469387755102,113.21779998252168,263.0655000102706,22.15139998588711,398.4346999786794,11.23499998357147,42.95520001323894,33.80430000834167,22.31020003091544,0.799400033429265,1,3,1,2,2,16515072,6891630
FCWD2:0077,FCWD2,H8_warp_student,5.318397045135498,"[5.318397045135498, 5.299201011657715, 5.497421741485596]",8,8,7,1,False,"[7807717, 7857769, 7907813, 7957865, 8007917, 8057961, 8108013, 8158066]",349,0.8569469387755102,111.96000000927597,110.80550000770018,26.689899968914688,249.45539998589084,13.752600003499538,39.538900018669665,33.761899976525456,20.265900006052107,2.9087000293657184,1,3,1,2,2,16515072,6891630
FCWD2:0078,FCWD2,H8_reference,5.056656837463379,"[4.798521041870117, 5.056656837463379, 5.11292028427124]",8,8,0,8,False,"[7858109, 7908109, 7958109, 8008109, 8058109, 8108109, 8158109, 8208109]",0,1.0,502.0069999736734,1653.593400027603,26.193799974862486,2181.7941999761388,0.10340003063902259,88.68950000032783,179.0867000236176,219.94290000293404,12.47369998600334,8,12,12,0,0,16515072,35752292
FCWD2:0078,FCWD2,H8_warp,5.278716564178467,"[5.003789901733398, 5.278716564178467, 5.363692760467529]",8,8,7,1,False,"[7857769, 7907813, 7957865, 8007917, 8057961, 8108013, 8158066, 8208109]",340,0.8585017076829774,99.7200999991037,254.97499998891726,22.378599969670177,377.07369995769113,15.980799973476678,41.09519999474287,21.045900008175522,18.86110001942143,0.9796000085771084,1,3,1,2,2,16515072,5082133
FCWD2:0078,FCWD2,H8_warp_student,5.953644752502441,"[5.953644752502441, 5.8312530517578125, 6.068984031677246]",8,8,7,1,False,"[7857769, 7907813, 7957865, 8007917, 8057961, 8108013, 8158066, 8208109]",340,0.8585017076829774,100.9411999839358,107.82689996995032,22.798600024543703,231.56669997842982,13.345900049898773,40.7864999724552,22.772900003474206,19.078899989835918,2.521200047340244,1,3,1,2,2,16515072,5082133
FCWD2:0079,FCWD2,H8_reference,5.259088516235352,"[5.259088516235352, 5.154983043670654, 5.437077522277832]",8,8,0,8,False,"[7908161, 7958161, 8008161, 8058161, 8108161, 8158161, 8208161, 8258161]",0,1.0,506.6295000142418,1423.214700014796,21.099899953696877,1950.9440999827348,0.1094000181183219,80.44869999866933,185.6864999863319,227.34460001811385,10.905100032687187,8,12,12,0,0,16515072,36121277
FCWD2:0079,FCWD2,H8_warp,5.452690601348877,"[5.452690601348877, 5.4229559898376465, 5.721778392791748]",8,8,7,1,False,"[7907813, 7957865, 8007917, 8057961, 8108013, 8158066, 8208109, 8258161]",348,0.8592665067541977,90.35099996253848,238.264599989634,21.301900036633015,349.9174999888055,10.548300051596016,39.470900024753064,19.32469999883324,18.009299994446337,1.3146999990567565,1,3,1,2,2,16515072,4813227
FCWD2:0079,FCWD2,H8_warp_student,5.8268280029296875,"[5.8268280029296875, 5.716522216796875, 5.9013471603393555]",8,8,7,1,False,"[7907813, 7957865, 8007917, 8057961, 8108013, 8158066, 8208109, 8258161]",348,0.8592665067541977,89.8703999700956,116.30470003001392,22.33509998768568,228.5101999877952,13.232400000561029,34.0804000152275,18.59110000077635,18.539700016845018,2.8891999972984195,1,3,1,2,2,16515072,4813227
FCWD2:0080,FCWD2,H8_reference,4.75728178024292,"[4.75728178024292, 4.650595188140869, 4.8046088218688965]",8,8,0,8,False,"[7958214, 8008214, 8058214, 8108214, 8158214, 8208214, 8258214, 8308214]",0,1.0,649.4463999988511,1498.145600024145,26.934299967251718,2174.526299990248,0.09950000094249845,216.6475999983959,194.06279997201636,220.30960000120103,15.184499963652343,8,12,12,0,0,16515072,36820878
FCWD2:0080,FCWD2,H8_warp,4.989923477172852,"[4.989923477172852, 4.895389080047607, 5.137779712677002]",8,8,7,1,False,"[7957865, 8007917, 8057961, 8108013, 8158066, 8208109, 8258161, 8308214]",349,0.8607716049382717,111.89820000436157,250.78810000559315,21.85070002451539,384.5370000344701,23.960200021974742,45.54030002327636,20.92769998125732,18.67840002523735,1.122899993788451,1,3,1,2,2,16515072,5002998
FCWD2:0080,FCWD2,H8_warp_student,5.122391223907471,"[5.136230945587158, 5.048369884490967, 5.122391223907471]",8,8,7,1,False,"[7957865, 8007917, 8057961, 8108013, 8158066, 8208109, 8258161, 8308214]",349,0.8607716049382717,100.69809999549761,119.06989995623007,21.522700029890984,241.29069998161867,13.804299989715219,41.4644000120461,19.78370000142604,20.262799982447177,3.301600052509457,1,3,1,2,2,16515072,5002998
FCWD2:0081,FCWD2,H8_reference,4.93522834777832,"[4.93522834777832, 4.767834663391113, 4.951470851898193]",8,8,0,8,False,"[8008257, 8058257, 8108257, 8158257, 8208257, 8258257, 8308257, 8358257]",0,1.0,546.5075999964029,1649.6101000229828,40.51749996142462,2236.6351999808103,0.10070001007989049,87.25099998991936,203.1548999948427,238.15739998826757,14.644799986854196,8,12,12,0,0,16515072,37148332
FCWD2:0081,FCWD2,H8_warp,5.369592189788818,"[5.369592189788818, 5.294908046722412, 5.516115665435791]",8,8,7,1,False,"[8007917, 8057961, 8108013, 8158066, 8208109, 8258161, 8308214, 8358257]",340,0.8678826719250677,115.03070004982874,250.78629999188706,22.664999996777624,388.4820000384934,16.64409996010363,47.103699995204806,23.133500013500452,22.62699999846518,3.0648999963887036,1,3,1,2,2,16515072,5079362
FCWD2:0081,FCWD2,H8_warp_student,5.498552322387695,"[5.50811767578125, 5.415705680847168, 5.498552322387695]",8,8,7,1,False,"[8007917, 8057961, 8108013, 8158066, 8208109, 8258161, 8308214, 8358257]",340,0.8678826719250677,101.2400999898091,105.9501999989152,22.36050000647083,229.55079999519512,13.844699948094785,41.79049999220297,21.239800029434264,18.895499990321696,3.7225999985821545,1,3,1,2,2,16515072,5079362
FCWD2:0082,FCWD2,H8_reference,5.048917293548584,"[5.048917293548584, 4.845667362213135, 5.081136703491211]",8,8,0,8,False,"[8058309, 8108309, 8158309, 8208309, 8258309, 8308309, 8358309, 8408309]",0,1.0,561.8198000011034,1422.1159999724478,21.05340000707656,2004.9891999806277,0.10430003749206662,79.093600041233,208.67530000396073,252.75570002850145,17.58390001486987,8,12,12,0,0,16515072,37083154
FCWD2:0082,FCWD2,H8_warp,5.235976696014404,"[5.152551174163818, 5.235976696014404, 5.364033222198486]",8,8,7,1,False,"[8057961, 8108013, 8158066, 8208109, 8258161, 8308214, 8358257, 8408309]",348,0.8629182435273622,93.3902999968268,241.50960001861677,24.152499972842634,359.0523999882862,11.754499981179833,37.0637999731116,23.29230000032112,18.69639998767525,0.9328999440185726,1,3,1,2,2,16515072,4876586
FCWD2:0082,FCWD2,H8_warp_student,5.255431652069092,"[5.255431652069092, 5.192534923553467, 5.297510623931885]",8,8,7,1,False,"[8057961, 8108013, 8158066, 8208109, 8258161, 8308214, 8358257, 8408309]",348,0.8629182435273622,103.76979998545721,115.21760001778603,20.42409998830408,239.41149999154732,13.523100002203137,37.452700024005026,24.645800003781915,22.761199972592294,3.6297999904491007,1,3,1,2,2,16515072,4876586
FCWD2:0083,FCWD2,H8_reference,5.550085067749023,"[5.477836608886719, 5.550085067749023, 5.747735500335693]",8,8,0,8,False,"[8108362, 8158362, 8208362, 8258362, 8308362, 8358362, 8408362, 8458362]",0,1.0,565.4070000164211,1573.9915000158362,37.504700012505054,2176.9032000447623,0.10210002074018121,86.41199994599447,201.77579997107387,259.3450000276789,14.605300035327673,8,12,12,0,0,16515072,36788612
FCWD2:0083,FCWD2,H8_warp,5.403626441955566,"[5.293307304382324, 5.403626441955566, 5.569962024688721]",8,8,7,1,False,"[8108013, 8158066, 8208109, 8258161, 8308214, 8358257, 8408309, 8458362]",349,0.8721764339213804,88.64610001910478,258.57730000279844,21.960999991279095,369.1844000131823,12.22480001160875,33.17559999413788,19.89960001083091,19.484999997075647,1.2073999969288707,1,3,1,2,2,16515072,4470184
FCWD2:0083,FCWD2,H8_warp_student,5.549510478973389,"[5.549510478973389, 5.522006034851074, 5.715165138244629]",8,8,7,1,False,"[8108013, 8158066, 8208109, 8258161, 8308214, 8358257, 8408309, 8458362]",349,0.8721764339213804,92.95830002520233,115.13559997547418,20.19399998243898,228.2878999831155,16.243199992459267,32.78020001016557,19.177100039087236,18.234600021969527,4.464700003154576,1,3,1,2,2,16515072,4470184
FCWD2:0084,FCWD2,H8_reference,5.258553504943848,"[5.031158447265625, 5.258553504943848, 5.304280757904053]",8,8,0,8,False,"[8158405, 8208405, 8258405, 8308405, 8358405, 8408405, 8458405, 8508405]",0,1.0,572.6336999796331,1507.257200020831,22.683699964545667,2102.57459996501,0.10710000060498714,92.30730001581833,219.866200000979,244.9602999840863,11.290199996437877,8,12,12,0,0,16515072,36182103
FCWD2:0084,FCWD2,H8_warp,5.383069038391113,"[5.099632740020752, 5.383069038391113, 5.387626647949219]",8,8,7,1,False,"[8158066, 8208109, 8258161, 8308214, 8358257, 8408309, 8458362, 8508405]",339,0.8931498671468626,108.59929997241125,401.4473999850452,35.75410001212731,545.8007999695837,19.10219999263063,34.051000024192035,22.426199982874095,25.275700027123094,5.591300025116652,1,3,1,2,2,16515072,4188171
FCWD2:0084,FCWD2,H8_warp_student,5.387859344482422,"[5.363200664520264, 5.387859344482422, 5.456388473510742]",8,8,7,1,False,"[8158066, 8208109, 8258161, 8308214, 8358257, 8408309, 8458362, 8508405]",339,0.8931498671468626,110.78360001556575,188.03389999084175,39.06429995549843,337.8817999619059,18.359500041697174,41.01069999160245,21.87120000598952,22.677900036796927,4.324099980294704,1,3,1,2,2,16515072,4188171
FCWD2:0085,FCWD2,H8_reference,4.954325199127197,"[4.8995842933654785, 4.975105285644531, 4.954325199127197]",8,8,0,8,False,"[8208458, 8258458, 8308458, 8358458, 8408458, 8458458, 8508458, 8558458]",0,1.0,732.7420999645256,1886.77160005318,33.29059999668971,2652.8043000143953,0.15490001533180475,108.39309997390956,285.98679997958243,310.90850004693493,21.202899981290102,8,12,12,0,0,16515072,35775310
FCWD2:0085,FCWD2,H8_warp,5.299755096435547,"[5.14623498916626, 5.382082462310791, 5.299755096435547]",8,8,7,1,False,"[8208109, 8258161, 8308214, 8358257, 8408309, 8458362, 8508405, 8558458]",349,0.9055287483285855,102.72169997915626,409.13430001819506,40.230599988717586,552.0865999860689,15.160600014496595,41.04370001005009,20.5024000024423,21.734400012064725,1.8906000186689198,1,3,1,2,2,16515072,4165119
FCWD2:0085,FCWD2,H8_warp_student,5.206649303436279,"[5.198575973510742, 5.280074119567871, 5.206649303436279]",8,8,7,1,False,"[8208109, 8258161, 8308214, 8358257, 8408309, 8458362, 8508405, 8558458]",349,0.9055287483285855,118.08859999291599,185.1499000331387,40.753499954007566,343.99199998006225,19.97670001583174,47.15060000307858,22.799699974711984,21.52189996559173,3.960200003348291,1,3,1,2,2,16515072,4165119
FCWD2:0086,FCWD2,H8_reference,5.638386249542236,"[5.638386249542236, 5.787506103515625, 5.624111652374268]",8,8,0,8,False,"[8258510, 8308510, 8358510, 8408510, 8458510, 8508510, 8558510, 8608510]",0,1.0,772.2169999615289,1912.9324000095949,43.137600005138665,2728.2869999762625,0.14839996583759785,116.11850000917912,290.7345999847166,328.686100023333,31.347399984952062,8,12,12,0,0,16515072,35019813
FCWD2:0086,FCWD2,H8_warp,5.945827484130859,"[5.816527843475342, 6.153243064880371, 5.945827484130859]",8,8,7,1,False,"[8258161, 8308214, 8358257, 8408309, 8458362, 8508405, 8558458, 8608510]",349,0.9060596528353685,150.24630003608763,431.76909995963797,41.60640004556626,623.6218000412919,16.98970003053546,63.732000009622425,35.81609996035695,28.124300006311387,1.5820999979041517,1,3,1,2,2,16515072,4553127
FCWD2:0086,FCWD2,H8_warp_student,5.96337890625,"[5.96337890625, 6.038290500640869, 5.898990154266357]",8,8,7,1,False,"[8258161, 8308214, 8358257, 8408309, 8458362, 8508405, 8558458, 8608510]",349,0.9060596528353685,137.81839999137446,174.02179999044165,44.885799987241626,356.72599996905774,23.162600002251565,56.47229996975511,29.79830000549555,21.98540000244975,3.38260002899915,1,3,1,2,2,16515072,4553127
FCWD2:0087,FCWD2,H8_reference,5.638797760009766,"[5.661858081817627, 5.638797760009766, 5.519106864929199]",8,8,0,8,False,"[8308553, 8358553, 8408553, 8458553, 8508553, 8558553, 8608553, 8658553]",0,1.0,792.4329000525177,2024.4878999656066,37.59530000388622,2854.5161000220105,0.1765000051818788,101.24729998642579,313.89029999263585,359.01600000215694,12.535100046079606,8,12,12,0,0,16515072,34344760
FCWD2:0087,FCWD2,H8_warp,5.664930820465088,"[5.664930820465088, 5.656790256500244, 5.679408073425293]",8,8,7,1,False,"[8308214, 8358257, 8408309, 8458362, 8508405, 8558458, 8608510, 8658553]",339,0.9070294784580499,145.45329997781664,399.25850002327934,34.862999978940934,579.5747999800369,14.957299979869276,58.46849997760728,38.74819999327883,29.145600041374564,0.9934999980032444,1,3,1,2,2,16515072,5019386
FCWD2:0087,FCWD2,H8_warp_student,5.64328670501709,"[5.764575481414795, 5.64328670501709, 5.623938083648682]",8,8,7,1,False,"[8308214, 8358257, 8408309, 8458362, 8508405, 8558458, 8608510, 8658553]",339,0.9070294784580499,149.84369999729097,169.041000015568,58.238299970980734,377.1229999838397,19.9865999747999,56.24770000576973,38.64470002008602,27.330000011716038,5.116800020914525,1,3,1,2,2,16515072,5019386
FCWD2:0088,FCWD2,H8_reference,5.214259624481201,"[5.214259624481201, 5.256050109863281, 5.175495147705078]",8,8,0,8,False,"[8358606, 8408606, 8458606, 8508606, 8558606, 8608606, 8658606, 8708606]",0,1.0,668.6445000232197,1524.715000006836,21.74850000301376,2215.1080000330694,0.14340004418045282,115.30459998175502,243.5479999985546,289.46719999657944,16.434599994681776,8,12,12,0,0,16515072,33250130
FCWD2:0088,FCWD2,H8_warp,5.318516254425049,"[5.249397277832031, 5.318516254425049, 5.3832783699035645]",8,8,7,1,False,"[8358257, 8408309, 8458362, 8508405, 8558458, 8608510, 8658553, 8708606]",349,0.87890625,121.06039997888729,380.3652999922633,21.989000029861927,523.4147000010125,13.416400004643947,45.04029999952763,36.4938999991864,23.305199982132763,1.0288999765180051,1,3,1,2,2,16515072,5353504
FCWD2:0088,FCWD2,H8_warp_student,5.282608509063721,"[5.368905067443848, 5.263831615447998, 5.282608509063721]",8,8,7,1,False,"[8358257, 8408309, 8458362, 8508405, 8558458, 8608510, 8658553, 8708606]",349,0.87890625,132.0683000376448,129.75789996562526,23.624800029210746,285.4510000324808,15.867299982346594,46.49930004961789,34.649699984584004,28.84710003854707,4.239899979438633,1,3,1,2,2,16515072,5353504
FCWD2:0089,FCWD2,H8_reference,5.8712663650512695,"[5.8712663650512695, 5.896123886108398, 5.790007591247559]",8,8,0,8,False,"[8408658, 8458658, 8508658, 8558658, 8608658, 8658658, 8708658, 8758658]",0,1.0,558.1464999704622,1433.565900020767,25.417500000912696,2017.1298999921419,0.15760003589093685,87.88180002011359,198.91009997809306,249.1126999957487,18.131099990569055,8,12,12,0,0,16515072,32000307
FCWD2:0089,FCWD2,H8_warp,5.761441230773926,"[5.698184490203857, 5.761441230773926, 5.792298793792725]",8,8,7,1,False,"[8408309, 8458362, 8508405, 8558458, 8608510, 8658553, 8708606, 8758658]",349,0.8801147837177171,117.15629999525845,245.779599994421,28.44389999518171,391.37979998486117,11.221099994145334,41.792500007431954,34.6447000047192,27.00679999543354,0.7951000006869435,1,3,1,2,2,16515072,5791866
FCWD2:0089,FCWD2,H8_warp_student,5.755526542663574,"[5.853783130645752, 5.734385967254639, 5.755526542663574]",8,8,7,1,False,"[8408309, 8458362, 8508405, 8558458, 8608510, 8658553, 8708606, 8758658]",349,0.8801147837177171,124.85779996495694,123.78240004181862,20.907199999783188,269.54740000655875,13.984999968670309,44.02539995498955,34.437700000125915,26.432499988004565,4.228400008287281,1,3,1,2,2,16515072,5791866
FCWD2:0090,FCWD2,H8_reference,5.837372779846191,"[5.837372779846191, 6.017216205596924, 5.767533779144287]",8,8,0,8,False,"[8458710, 8508710, 8558710, 8608710, 8658710, 8708710, 8758710, 8808710]",0,1.0,578.8713000365533,1554.1400999645703,23.133200011216104,2156.1446000123397,0.09970000246539712,95.14520002994686,210.48780001001433,254.96669998392463,14.65299999108538,8,12,12,0,0,16515072,32050321
FCWD2:0090,FCWD2,H8_warp,5.840566635131836,"[5.840566635131836, 5.941945552825928, 5.826540470123291]",8,8,7,1,False,"[8458362, 8508405, 8558458, 8608510, 8658553, 8708606, 8758658, 8808710]",348,0.8717461474385673,109.55689998809248,239.43100002361462,21.2654999922961,370.2534000040032,11.752199963666499,41.73789999913424,31.969600007869303,21.269000018946826,1.0593999759294093,1,3,1,2,2,16515072,5703024
FCWD2:0090,FCWD2,H8_warp_student,5.720487117767334,"[5.8154754638671875, 5.690184593200684, 5.720487117767334]",8,8,7,1,False,"[8458362, 8508405, 8558458, 8608510, 8658553, 8708606, 8758658, 8808710]",348,0.8717461474385673,112.94520000228658,121.85620004311204,29.224300000350922,264.02570004574955,13.119200011715293,40.19889998016879,31.65019996231422,22.623699973337352,3.6988999927416444,1,3,1,2,2,16515072,5703024
FCWD2:0091,FCWD2,H8_reference,4.89710807800293,"[4.8216071128845215, 4.89710807800293, 4.927892684936523]",8,8,0,8,False,"[8508754, 8558754, 8608754, 8658754, 8708754, 8758754, 8808754, 8858754]",0,1.0,630.0662999856286,1501.4301000046544,22.55719999084249,2154.0535999811254,0.10250002378597856,109.98049995396286,241.38100002892315,260.24460000917315,13.95090000005439,8,12,12,0,0,16515072,32562208
FCWD2:0091,FCWD2,H8_warp,4.640597820281982,"[4.546709060668945, 4.640597820281982, 4.705473899841309]",8,8,7,1,False,"[8508405, 8558458, 8608510, 8658553, 8708606, 8758658, 8808710, 8858754]",349,0.8635853484338333,124.91010001394898,256.58470002235845,22.010099957697093,403.5048999940045,10.85130003048107,53.81800001487136,34.52580003067851,21.96320000803098,1.9758999696932733,1,3,1,2,2,16515072,5602265
FCWD2:0091,FCWD2,H8_warp_student,4.89068603515625,"[4.880274295806885, 4.89068603515625, 4.940143585205078]",8,8,7,1,False,"[8508405, 8558458, 8608510, 8658553, 8708606, 8758658, 8808710, 8858754]",349,0.8635853484338333,121.29869998898357,111.30440002307296,26.002499973401427,258.60559998545796,13.483300048392266,47.503900015726686,32.68239996396005,22.23449997836724,3.658899979200214,1,3,1,2,2,16515072,5602265
FCWD2:0092,FCWD2,H8_reference,5.177857875823975,"[5.15101432800293, 5.177857875823975, 5.286865711212158]",8,8,0,8,False,"[8558806, 8608806, 8658806, 8708806, 8758806, 8808806, 8858806, 8908806]",0,1.0,615.4700000188313,1439.9346000282094,23.06709997355938,2078.4717000206,0.09950000094249845,100.70899996208027,239.92520000319928,250.95860002329573,19.405400031246245,8,12,12,0,0,16515072,33197770
FCWD2:0092,FCWD2,H8_warp,4.859988689422607,"[4.803682327270508, 4.859988689422607, 4.956977844238281]",8,8,7,1,False,"[8558458, 8608510, 8658553, 8708606, 8758658, 8808710, 8858754, 8908806]",348,0.855625,137.00069999322295,325.07730001816526,22.697800013702363,484.7758000250906,13.60570004908368,45.869599969591945,41.03419999592006,24.531200004275888,1.5955999842844903,1,3,1,2,2,16515072,5926880
FCWD2:0092,FCWD2,H8_warp_student,5.1809773445129395,"[5.1809773445129395, 5.150188446044922, 5.26541805267334]",8,8,7,1,False,"[8558458, 8608510, 8658553, 8708606, 8758658, 8808710, 8858754, 8908806]",348,0.855625,121.24329997459427,107.07500000717118,22.142100031487644,250.4604000132531,12.987199996132404,41.24479996971786,39.580099983140826,22.741499997209758,2.8516000020317733,1,3,1,2,2,16515072,5926880
FCWD2:0093,FCWD2,H8_reference,5.13713264465332,"[5.13713264465332, 5.02947473526001, 5.264841556549072]",8,8,0,8,False,"[8608858, 8658858, 8708858, 8758858, 8808858, 8858858, 8908858, 8958858]",0,1.0,614.8633999982849,1744.4246000377461,20.935699983965605,2380.2237000199966,0.14489999739453197,96.11579996999353,246.3137000449933,254.69550001434982,12.372100027278066,8,12,12,0,0,16515072,33698046
FCWD2:0093,FCWD2,H8_warp,5.015713691711426,"[5.015713691711426, 4.999525547027588, 5.137054920196533]",8,8,7,1,False,"[8608510, 8658553, 8708606, 8758658, 8808710, 8858754, 8908806, 8958858]",348,0.8655478824781565,141.5790999890305,266.71579998219386,24.560000048950315,432.8549000201747,11.295399977825582,51.565200032200664,43.85860002366826,25.188200001139194,1.4193000388331711,1,3,1,2,2,16515072,6137357
FCWD2:0093,FCWD2,H8_warp_student,5.23084020614624,"[5.23084020614624, 5.167412757873535, 5.355376720428467]",8,8,7,1,False,"[8608510, 8658553, 8708606, 8758658, 8808710, 8858754, 8908806, 8958858]",348,0.8655478824781565,136.76249998388812,108.5624999832362,27.943400025833398,273.2683999929577,14.850399980787188,47.92119999183342,45.81079998752102,23.493500018958002,2.3713999544270337,1,3,1,2,2,16515072,6137357
FCWD2:0094,FCWD2,H8_reference,5.266977787017822,"[5.1899847984313965, 5.266977787017822, 5.419641017913818]",8,8,0,8,False,"[8658902, 8708902, 8758902, 8808902, 8858902, 8908902, 8958902, 9008902]",0,1.0,636.8738999590278,1504.997500043828,25.160199962556362,2167.031599965412,0.1018000184558332,88.66950002266094,264.9474000209011,259.4612999819219,18.916199973318726,8,12,12,0,0,16515072,34331585
FCWD2:0094,FCWD2,H8_warp,5.084753513336182,"[4.9312591552734375, 5.084753513336182, 5.2462944984436035]",8,8,7,1,False,"[8658553, 8708606, 8758658, 8808710, 8858754, 8908806, 8958858, 9008902]",349,0.8668252080856124,254.7457999899052,266.44140004646033,20.479400001931936,541.6666000382975,21.121400000993162,158.88349997112527,45.51969998283312,25.623299996368587,1.3291999930515885,1,3,1,2,2,16515072,6208332
FCWD2:0094,FCWD2,H8_warp_student,5.64964485168457,"[5.64964485168457, 5.61873197555542, 5.796432018280029]",8,8,7,1,False,"[8658553, 8708606, 8758658, 8808710, 8858754, 8908806, 8958858, 9008902]",349,0.8668252080856124,126.23370002256706,111.980699992273,22.748199990019202,260.96260000485927,12.454999960027635,43.0952999740839,42.556700005661696,23.153399990405887,3.2774999854154885,1,3,1,2,2,16515072,6208332
FCWD2:0095,FCWD2,H8_reference,5.005374431610107,"[5.005374431610107, 4.9639482498168945, 5.118959426879883]",8,8,0,8,False,"[8708954, 8758954, 8808954, 8858954, 8908954, 8958954, 9008954, 9058954]",0,1.0,676.2893999693915,1413.5408000438474,22.877799987327307,2112.7080000005662,0.10379997547715902,108.78289997344837,272.9498000117019,269.3291999748908,20.19860001746565,8,12,12,0,0,16515072,34796501
FCWD2:0095,FCWD2,H8_warp,4.930991172790527,"[4.930991172790527, 4.866386413574219, 5.1751604080200195]",8,8,7,1,False,"[8708606, 8758658, 8808710, 8858754, 8908806, 8958858, 9008902, 9058954]",348,0.8771921475312314,135.0220000022091,262.8565999912098,21.719700016546994,419.5983000099659,10.887700016610324,47.152900020591915,40.37800000514835,23.76800001366064,1.318099966738373,1,3,1,2,2,16515072,5976044
FCWD2:0095,FCWD2,H8_warp_student,5.209251403808594,"[5.209251403808594, 5.174070358276367, 5.322505950927734]",8,8,7,1,False,"[8708606, 8758658, 8808710, 8858754, 8908806, 8958858, 9008902, 9058954]",348,0.8771921475312314,131.55260001076385,115.64329999964684,22.27870002388954,269.47460003430024,13.516100007109344,47.36430000048131,42.27600002195686,24.375599983613938,2.2575000184588134,1,3,1,2,2,16515072,5976044
FCWD2:0096,FCWD2,H8_reference,5.683605670928955,"[5.683605670928955, 5.578629016876221, 5.688223838806152]",8,8,0,8,False,"[8759007, 8809007, 8859007, 8909007, 8959007, 9009007, 9059007, 9109007]",0,1.0,783.4493999835104,1486.1906000296585,25.350599957164377,2294.9905999703333,0.13780000153928995,108.24420000426471,393.6915000085719,264.6766999969259,13.05460004368797,8,12,12,0,0,16515072,35611056
FCWD2:0096,FCWD2,H8_warp,5.671934604644775,"[5.71654748916626, 5.573537826538086, 5.671934604644775]",8,8,7,1,False,"[8758658, 8808710, 8858754, 8908806, 8958858, 9008902, 9058954, 9109007]",349,0.8769239140573987,153.57419999781996,261.7924999794923,22.12500001769513,437.49169999500737,11.47500000661239,51.80100002326071,40.41909996885806,23.820500005967915,1.2357999803498387,1,3,1,2,2,16515072,5759175
FCWD2:0096,FCWD2,H8_warp_student,6.168125629425049,"[6.168125629425049, 6.139532089233398, 6.176544189453125]",8,8,7,1,False,"[8758658, 8808710, 8858754, 8908806, 8958858, 9008902, 9058954, 9109007]",349,0.8769239140573987,123.59350000042468,116.64909997489303,22.221999999601394,262.4645999749191,13.025499996729195,43.35910000372678,39.27860001567751,23.030699987430125,2.695899980608374,1,3,1,2,2,16515072,5759175
FCWD2:0097,FCWD2,H8_reference,5.560396194458008,"[5.565913200378418, 5.321258068084717, 5.560396194458008]",8,8,0,8,False,"[8809050, 8859050, 8909050, 8959050, 9009050, 9059050, 9109050, 9159050]",0,1.0,643.1180000072345,1559.1935999691486,20.771500014234334,2223.0830999906175,0.1639999682083726,81.66130003519356,277.0885999780148,266.0624000127427,14.377299987245351,8,12,12,0,0,16515072,36653836
FCWD2:0097,FCWD2,H8_warp,5.542461395263672,"[5.619755268096924, 5.542461395263672, 5.498195171356201]",8,8,7,1,False,"[8808710, 8858754, 8908806, 8958858, 9008902, 9058954, 9109007, 9159050]",340,0.8600883652430045,149.85999994678423,279.98750004917383,25.871099962387234,455.7185999583453,26.540699996985495,46.22640000889078,47.210399992763996,25.479699950665236,2.73060001200065,1,3,1,2,2,16515072,6043483
FCWD2:0097,FCWD2,H8_warp_student,5.8817830085754395,"[5.897311210632324, 5.8817830085754395, 5.822569370269775]",8,8,7,1,False,"[8808710, 8858754, 8908806, 8958858, 9008902, 9058954, 9109007, 9159050]",340,0.8600883652430045,127.22809996921569,118.55160002596676,23.103700019419193,268.88340001460165,13.644599996041507,45.24419998051599,41.26280004857108,21.969699999317527,3.3433999633416533,1,3,1,2,2,16515072,6043483
FCWD2:0098,FCWD2,H8_reference,5.241440296173096,"[5.291666030883789, 5.077640056610107, 5.241440296173096]",8,8,0,8,False,"[8859102, 8909102, 8959102, 9009102, 9059102, 9109102, 9159102, 9209102]",0,1.0,731.6338999662548,1397.1423000330105,21.796900022309273,2150.5731000215746,0.09799998952075839,101.37879999820143,319.6246000006795,288.54280000086874,15.43390000006184,8,12,12,0,0,16515072,38150890
FCWD2:0098,FCWD2,H8_warp,5.460038185119629,"[5.506750583648682, 5.460038185119629, 5.367910385131836]",8,8,7,1,False,"[8858754, 8908806, 8958858, 9008902, 9058954, 9109007, 9159050, 9209102]",348,0.86407336848168,138.44110001809895,250.43419998837635,21.979200013447553,410.85450001992285,11.901199992280453,51.55390000436455,47.44709999067709,24.904999998398125,0.9193999576382339,1,3,1,2,2,16515072,6687545
FCWD2:0098,FCWD2,H8_warp_student,5.680043697357178,"[5.730656623840332, 5.680043697357178, 5.59281063079834]",8,8,7,1,False,"[8858754, 8908806, 8958858, 9008902, 9058954, 9109007, 9159050, 9209102]",348,0.86407336848168,138.9383000205271,101.42439999617636,20.379099994897842,260.7418000116013,13.679200026672333,49.788600008469075,47.057899995706975,24.95640004053712,1.82529998710379,1,3,1,2,2,16515072,6687545
FCWD2:0099,FCWD2,H8_reference,5.236639022827148,"[5.2230119705200195, 5.388268947601318, 5.236639022827148]",8,8,0,8,False,"[8909155, 8959155, 9009155, 9059155, 9109155, 9159155, 9209155, 9259155]",0,1.0,801.4909999910742,1514.4716000068001,24.21980001963675,2340.182400017511,0.10119995567947626,114.0352999791503,348.5438000061549,319.1845000255853,11.879199999384582,8,12,12,0,0,16515072,40315976
FCWD2:0099,FCWD2,H8_warp,5.9089035987854,"[5.9089035987854, 6.126165866851807, 5.74228048324585]",8,8,7,1,False,"[8908806, 8958858, 9008902, 9058954, 9109007, 9159050, 9209102, 9259155]",349,0.8467833598545124,198.9502000506036,243.681599968113,23.768200015183538,466.40000003390014,10.72379999095574,59.413000009953976,77.15740002458915,47.38629999337718,1.595199981238693,1,3,1,2,2,16515072,8220401
FCWD2:0099,FCWD2,H8_warp_student,6.3824920654296875,"[6.3824920654296875, 6.441057205200195, 6.195929527282715]",8,8,7,1,False,"[8908806, 8958858, 9008902, 9058954, 9109007, 9159050, 9209102, 9259155]",349,0.8467833598545124,191.28319999435917,104.23170001013204,22.121499991044402,317.6363999955356,12.60700001148507,58.208399976138026,72.69220001762733,42.14560001855716,3.0619000317528844,1,3,1,2,2,16515072,8220401
FCWD2:0100,FCWD2,H8_reference,5.269118785858154,"[5.084783554077148, 5.452109336853027, 5.269118785858154]",8,8,0,8,False,"[8959198, 9009198, 9059198, 9109198, 9159198, 9209198, 9259198, 9309198]",0,1.0,847.6393000455573,1428.5603999742307,24.920900003053248,2301.1206000228412,0.10349997319281101,119.92159998044372,355.9910000185482,345.88320000329986,19.92160000372678,8,12,12,0,0,16515072,42023388
FCWD2:0100,FCWD2,H8_warp,5.893465518951416,"[5.867778301239014, 6.161262512207031, 5.893465518951416]",8,8,7,1,False,"[8958858, 9008902, 9058954, 9109007, 9159050, 9209102, 9259155, 9309198]",340,0.8372387982118723,200.60909999301657,237.49930004123598,23.12319999327883,461.2316000275314,12.563499971292913,60.6338000507094,78.51149997441098,44.958500016946346,1.4365999959409237,1,3,1,2,2,16515072,8919169
FCWD2:0100,FCWD2,H8_warp_student,6.613870620727539,"[6.63441276550293, 6.613870620727539, 6.51159143447876]",8,8,7,1,False,"[8958858, 9008902, 9058954, 9109007, 9159050, 9209102, 9259155, 9309198]",340,0.8372387982118723,212.7477999893017,121.4431999833323,20.930099999532104,355.1210999721661,15.374100010376424,60.888699954375625,82.54139998462051,48.28059999272227,2.6767999515868723,1,3,1,2,2,16515072,8919169
FCWD2:0101,FCWD2,H8_reference,4.0308942794799805,"[3.7690844535827637, 4.0308942794799805, 4.084314346313477]",8,8,0,8,False,"[9009250, 9059250, 9109250, 9159250, 9209250, 9259250, 9309250, 9359250]",0,1.0,822.0389999914914,1397.3855000222102,23.127300024498254,2242.5518000382,0.10210002074018121,113.41130000073463,362.70400002831593,324.63120005559176,13.243100023828447,8,12,12,0,0,16515072,41405132
FCWD2:0101,FCWD2,H8_warp,4.522051811218262,"[4.2971978187561035, 4.522051811218262, 4.534904479980469]",8,8,7,1,False,"[9008902, 9058954, 9109007, 9159050, 9209102, 9259155, 9309198, 9359250]",348,0.8261864917330477,152.43900002678856,262.68799998797476,22.485399967990816,437.61239998275414,11.382400000002235,68.14899999881163,43.58160000992939,25.998500001151115,1.552000001538545,1,3,1,2,2,16515072,6495853
FCWD2:0101,FCWD2,H8_warp_student,5.0928826332092285,"[5.098324775695801, 5.0928826332092285, 5.087493419647217]",8,8,7,1,False,"[9008902, 9058954, 9109007, 9159050, 9209102, 9259155, 9309198, 9359250]",348,0.8261864917330477,138.8615000178106,103.26579998945817,20.574499969370663,262.70179997663945,14.678600011393428,41.6075000539422,50.26509996969253,25.473699963185936,4.2566999909467995,1,3,1,2,2,16515072,6495853
FCWD2:0102,FCWD2,H8_reference,4.190138816833496,"[4.190138816833496, 4.1049370765686035, 4.210725784301758]",8,8,0,8,False,"[9059302, 9109302, 9159302, 9209302, 9259302, 9309302, 9359302, 9409302]",0,1.0,875.3058000002056,1430.0801999634132,21.963600011076778,2327.3495999746956,0.09799998952075839,126.39190000481904,397.81729999231175,326.4146000146866,16.975899983663112,8,12,12,0,0,16515072,41637369
FCWD2:0102,FCWD2,H8_warp,4.8403825759887695,"[4.925631046295166, 4.814748764038086, 4.8403825759887695]",8,8,7,1,False,"[9058954, 9109007, 9159050, 9209102, 9259155, 9309198, 9359250, 9409302]",348,0.8227934842195943,116.03209999157116,246.5680000022985,20.0120999943465,382.61219998821616,10.886200005188584,47.385199985001236,32.187099975999445,22.78539998224005,1.04599999031052,1,3,1,2,2,16515072,5425737
FCWD2:0102,FCWD2,H8_warp_student,5.149872303009033,"[5.165009498596191, 5.05355167388916, 5.149872303009033]",8,8,7,1,False,"[9058954, 9109007, 9159050, 9209102, 9259155, 9309198, 9359250, 9409302]",348,0.8227934842195943,162.37179999006912,196.5710999793373,23.857899999711663,382.8007999691181,16.121599997859448,68.10800003586337,35.99970001960173,35.651199985295534,4.753499990329146,1,3,1,2,2,16515072,5425737
FCWD2:0103,FCWD2,H8_reference,4.197101593017578,"[4.197101593017578, 4.171923637390137, 4.297774314880371]",8,8,0,8,False,"[9109346, 9159346, 9209346, 9259346, 9309346, 9359346, 9409346, 9459346]",0,1.0,876.8144000205211,1490.0269000208937,25.30849998584017,2392.149800027255,0.15510001685470343,131.20790000539273,389.1503000049852,333.897500007879,14.337700034957379,8,12,12,0,0,16515072,43035449
FCWD2:0103,FCWD2,H8_warp,4.984886646270752,"[4.984886646270752, 4.955852508544922, 5.019247531890869]",8,8,7,1,False,"[9109007, 9159050, 9209102, 9259155, 9309198, 9359250, 9409302, 9459346]",339,0.8376850157991019,133.0415999982506,315.0984000531025,24.366099969483912,472.50610002083704,11.652699962724,50.9639999945648,43.482700013555586,24.28070001769811,0.957000011112541,1,3,1,2,2,16515072,7276085
FCWD2:0103,FCWD2,H8_warp_student,5.385791301727295,"[5.385791301727295, 5.281060218811035, 5.437350749969482]",8,8,7,1,False,"[9109007, 9159050, 9209102, 9259155, 9309198, 9359250, 9409302, 9459346]",339,0.8376850157991019,138.53549998020753,115.13810005271807,25.87029995629564,279.54389998922125,13.152800034731627,53.09920001309365,42.78159997193143,24.873499991372228,2.8249999741092324,1,3,1,2,2,16515072,7276085
FCWD2:0104,FCWD2,H8_reference,4.495570659637451,"[4.495570659637451, 4.373929023742676, 4.52740478515625]",8,8,0,8,False,"[9159398, 9209398, 9259398, 9309398, 9359398, 9409398, 9459398, 9509398]",0,1.0,864.2965999897569,1403.0510999727994,26.730200042948127,2294.0779000055045,0.10090001160278916,104.75159995257854,400.1096000429243,335.6272999662906,15.877700003329664,8,12,12,0,0,16515072,43777567
FCWD2:0104,FCWD2,H8_warp,5.121312141418457,"[5.195711135864258, 4.989920139312744, 5.121312141418457]",8,8,7,1,False,"[9159050, 9209102, 9259155, 9309198, 9359250, 9409302, 9459346, 9509398]",348,0.8433734939759037,180.28579995734617,431.29590002354234,20.890299987513572,632.4719999684021,12.115999998059124,70.57599996915087,63.15189995802939,31.523499987088144,1.2094000121578574,1,3,1,2,2,16515072,7710401
FCWD2:0104,FCWD2,H8_warp_student,5.341180801391602,"[5.341180801391602, 5.173184871673584, 5.3953142166137695]",8,8,7,1,False,"[9159050, 9209102, 9259155, 9309198, 9359250, 9409302, 9459346, 9509398]",348,0.8433734939759037,142.344799998682,104.7903000144288,24.509100010618567,271.64420002372935,13.726300036069006,50.35129998577759,49.58150000311434,24.899099953472614,2.076399978250265,1,3,1,2,2,16515072,7710401
FCWD2:0105,FCWD2,H8_reference,4.798494338989258,"[4.798494338989258, 4.78989315032959, 4.958135604858398]",8,8,0,8,False,"[9209451, 9259451, 9309451, 9359451, 9409451, 9459451, 9509451, 9559451]",0,1.0,857.6650000177324,1565.9715000074357,34.150100022088736,2457.786600047257,0.10060000931844115,122.91310000000522,384.9458000040613,332.28820003569126,10.602800000924617,8,12,12,0,0,16515072,44928467
FCWD2:0105,FCWD2,H8_warp,5.333690643310547,"[5.333690643310547, 5.3164544105529785, 5.454814910888672]",8,8,7,1,False,"[9209102, 9259155, 9309198, 9359250, 9409302, 9459346, 9509398, 9559451]",349,0.8570393394481417,168.65569999208674,278.2953000278212,21.906499983742833,468.8575000036508,25.201299984473735,60.654700035229325,48.78429998643696,29.615000006742775,2.423300000373274,1,3,1,2,2,16515072,7838530
FCWD2:0105,FCWD2,H8_warp_student,5.7636399269104,"[5.7636399269104, 5.693795680999756, 5.911591529846191]",8,8,7,1,False,"[9209102, 9259155, 9309198, 9359250, 9409302, 9459346, 9509398, 9559451]",349,0.8570393394481417,152.6389000355266,158.53119996609166,30.71379999164492,341.8838999932632,13.439500005915761,54.61980000836775,51.56300001544878,27.472999994643033,3.744599991478026,1,3,1,2,2,16515072,7838530
FCWD2:0106,FCWD2,H8_reference,4.438214302062988,"[4.3365631103515625, 4.438214302062988, 4.597111225128174]",8,8,0,8,False,"[9259494, 9309494, 9359494, 9409494, 9459494, 9509494, 9559494, 9609494]",0,1.0,916.2582000135444,1518.7827000045218,22.89359999122098,2457.934500009287,0.10289996862411499,127.21639999654144,405.2982000284828,351.421500032302,25.059000006876886,8,12,12,0,0,16515072,45849867
FCWD2:0106,FCWD2,H8_warp,4.763025283813477,"[4.678990840911865, 4.763025283813477, 4.977669715881348]",8,8,7,1,False,"[9259155, 9309198, 9359250, 9409302, 9459346, 9509398, 9559451, 9609494]",339,0.8743464327879912,151.22830000473186,296.63900000741705,22.36649999395013,470.23380000609905,13.223099987953901,52.40579997189343,52.27580002974719,29.526499973144382,1.136199978645891,1,3,1,2,2,16515072,8223614
FCWD2:0106,FCWD2,H8_warp_student,5.366207599639893,"[5.366164684295654, 5.366207599639893, 5.593911647796631]",8,8,7,1,False,"[9259155, 9309198, 9359250, 9409302, 9459346, 9509398, 9559451, 9609494]",339,0.8743464327879912,155.3020999999717,114.54570002388209,23.605499998666346,293.4533000225201,13.766699994448572,54.609599988907576,53.681000019423664,28.16220000386238,3.3058999688364565,1,3,1,2,2,16515072,8223614
FCWD2:0107,FCWD2,H8_reference,4.023043155670166,"[4.007932662963867, 4.023043155670166, 4.18338680267334]",8,8,0,8,False,"[9309546, 9359546, 9409546, 9459546, 9509546, 9559546, 9609546, 9659546]",0,1.0,873.3113000052981,1472.31110004941,23.09049997711554,2368.7129000318237,0.10519998613744974,107.8968999790959,399.20509996591136,346.83350002160296,11.70179998734966,8,12,12,0,0,16515072,46167206
FCWD2:0107,FCWD2,H8_warp,4.156550407409668,"[4.105749607086182, 4.156550407409668, 4.365128993988037]",8,8,7,1,False,"[9309198, 9359250, 9409302, 9459346, 9509398, 9559451, 9609494, 9659546]",348,0.8759040105193951,163.03040005732328,249.4773999787867,23.3497999724932,435.8576000086032,20.00300004146993,63.14599997131154,48.690499970689416,27.271600032690912,0.7833000272512436,1,3,1,2,2,16515072,7460773
FCWD2:0107,FCWD2,H8_warp_student,4.641783714294434,"[4.557804107666016, 4.641783714294434, 4.807893753051758]",8,8,7,1,False,"[9309198, 9359250, 9409302, 9459346, 9509398, 9559451, 9609494, 9659546]",348,0.8759040105193951,138.72799999080598,107.41799999959767,22.43750001071021,268.58350000111386,13.342200021725148,46.15780001040548,48.58370003057644,25.8763000019826,3.000599972438067,1,3,1,2,2,16515072,7460773
FCWD2:0108,FCWD2,H8_reference,4.070896148681641,"[4.070896148681641, 3.939126491546631, 4.12654972076416]",8,8,0,8,False,"[9359599, 9409599, 9459599, 9509599, 9559599, 9609599, 9659599, 9709599]",0,1.0,857.2617000318132,1417.7480000071228,24.364299955777824,2299.373999994714,0.10349997319281101,96.93360002711415,393.6001999536529,348.8222999731079,10.500899981707335,8,12,12,0,0,16515072,46171541
FCWD2:0108,FCWD2,H8_warp,4.384891510009766,"[4.384891510009766, 4.268074035644531, 4.577256202697754]",8,8,7,1,False,"[9359250, 9409302, 9459346, 9509398, 9559451, 9609494, 9659546, 9709599]",349,0.8853460093645962,125.15640002675354,277.3121999925934,38.68409997085109,441.152699990198,10.67210000474006,46.42420000163838,39.53539999201894,25.889799988362938,0.8946999441832304,1,3,1,2,2,16515072,6291173
FCWD2:0108,FCWD2,H8_warp_student,4.580989360809326,"[4.580989360809326, 4.575959205627441, 4.706071376800537]",8,8,7,1,False,"[9359250, 9409302, 9459346, 9509398, 9559451, 9609494, 9659546, 9709599]",349,0.8853460093645962,129.7645000158809,119.92720002308488,22.953399980906397,272.6451000198722,13.373200024943799,44.36539998278022,40.187900012824684,27.88810001220554,2.2838999866507947,1,3,1,2,2,16515072,6291173
FCWD2:0109,FCWD2,H8_reference,4.058750152587891,"[4.068488121032715, 3.901048421859741, 4.058750152587891]",8,8,0,8,False,"[9409642, 9459642, 9509642, 9559642, 9609642, 9659642, 9709642, 9759642]",0,1.0,855.9880999964662,1518.3913999935612,25.309300050139427,2399.688800040167,0.10010000551119447,101.06880002422258,387.507299950812,342.0781000168063,16.950399964116514,8,12,12,0,0,16515072,45711113
FCWD2:0109,FCWD2,H8_warp,4.216808795928955,"[4.216808795928955, 4.1330461502075195, 4.263650894165039]",8,8,7,1,False,"[9409302, 9459346, 9509398, 9559451, 9609494, 9659546, 9709599, 9759642]",340,0.8867361111111111,114.83149998821318,265.26200002990663,23.91319995513186,404.00669997325167,12.86329998401925,45.37439998239279,30.87809996213764,22.74269994813949,1.2541000032797456,1,3,1,2,2,16515072,5300991
FCWD2:0109,FCWD2,H8_warp_student,4.353783130645752,"[4.353783130645752, 4.351888656616211, 4.411630153656006]",8,8,7,1,False,"[9409302, 9459346, 9509398, 9559451, 9609494, 9659546, 9709599, 9759642]",340,0.8867361111111111,111.89679999370128,110.10240000905469,22.18129998072982,244.1804999834858,14.211300003807992,41.64800001308322,29.67970003373921,21.467300015501678,3.1421000021509826,1,3,1,2,2,16515072,5300991
FCWD2:0110,FCWD2,H8_reference,4.024467468261719,"[4.045967102050781, 3.9593002796173096, 4.024467468261719]",8,8,0,8,False,"[9459694, 9509694, 9559694, 9609694, 9659694, 9709694, 9759694, 9809694]",0,1.0,839.2074999865144,1446.8674000236206,24.022299970965832,2310.097199981101,0.1047999830916524,112.58639994775876,368.6223999829963,332.468600012362,18.33180000539869,8,12,12,0,0,16515072,45069652
FCWD2:0110,FCWD2,H8_warp,4.268977642059326,"[4.268977642059326, 4.236001491546631, 4.329491138458252]",8,8,7,1,False,"[9459346, 9509398, 9559451, 9609494, 9659546, 9709599, 9759642, 9809694]",348,0.8649765449033853,127.71480000810698,275.19649994792417,29.36850005062297,432.2798000066541,11.407100013457239,44.102099956944585,31.459900026675314,36.75099997781217,2.2041999618522823,1,3,1,2,2,16515072,4935032
FCWD2:0110,FCWD2,H8_warp_student,4.438032627105713,"[4.438032627105713, 4.419068813323975, 4.478944778442383]",8,8,7,1,False,"[9459346, 9509398, 9559451, 9609494, 9659546, 9709599, 9759642, 9809694]",348,0.8649765449033853,320.35400002496317,106.57679999712855,22.016300004906952,448.94710002699867,14.772399968933314,247.98409995855764,26.985700009390712,22.587299987208098,3.924999968148768,1,3,1,2,2,16515072,4935032
FCWD2:0111,FCWD2,H8_reference,4.193495273590088,"[4.285303115844727, 4.118291854858398, 4.193495273590088]",8,8,0,8,False,"[9509747, 9559747, 9609747, 9659747, 9709747, 9759747, 9809747, 9859747]",0,1.0,849.057300016284,1467.7591999643482,22.302000026684254,2339.1185000073165,0.14570000348612666,111.2441000295803,376.79189996561036,337.8696000436321,16.27990003908053,8,12,12,0,0,16515072,44249113
FCWD2:0111,FCWD2,H8_warp,4.612482070922852,"[4.612482070922852, 4.586977481842041, 4.6676859855651855]",8,8,7,1,False,"[9509398, 9559451, 9609494, 9659546, 9709599, 9759642, 9809694, 9859747]",349,0.8660391503540191,147.3746999981813,253.4672999754548,26.34770004078746,427.1897000144236,12.62619998306036,63.2319999858737,39.279800024814904,28.853100026026368,1.357699977234006,1,3,1,2,2,16515072,5212319
FCWD2:0111,FCWD2,H8_warp_student,4.673534393310547,"[4.673534393310547, 4.634857654571533, 4.693484783172607]",8,8,7,1,False,"[9509398, 9559451, 9609494, 9659546, 9709599, 9759642, 9809694, 9859747]",349,0.8660391503540191,119.70659997314215,111.6708000190556,20.875099988188595,252.25249998038635,13.79659998929128,45.84700003033504,31.63539996603504,23.65990000544116,2.894099976401776,1,3,1,2,2,16515072,5212319
FCWD2:0112,FCWD2,H8_reference,4.683367729187012,"[4.855088710784912, 4.552501201629639, 4.683367729187012]",8,8,0,8,False,"[9559790, 9609790, 9659790, 9709790, 9759790, 9809790, 9859790, 9909790]",0,1.0,784.8615000257269,1449.8168000136502,24.36949999537319,2259.0478000347503,0.11869997251778841,99.32099998695776,363.49219997646287,300.83650001324713,12.074100028257817,8,12,12,0,0,16515072,42343447
FCWD2:0112,FCWD2,H8_warp,5.200863838195801,"[5.25972318649292, 5.087608337402344, 5.200863838195801]",8,8,7,1,False,"[9559451, 9609494, 9659546, 9709599, 9759642, 9809694, 9859747, 9909790]",339,0.8595617040108836,124.72889997297898,267.72910001454875,23.372900031972677,415.8309000195004,13.112499960698187,44.31450000265613,39.02139997808263,25.020200002472848,1.6216000076383352,1,3,1,2,2,16515072,5510397
FCWD2:0112,FCWD2,H8_warp_student,5.509701728820801,"[5.5952534675598145, 5.458106517791748, 5.509701728820801]",8,8,7,1,False,"[9559451, 9609494, 9659546, 9709599, 9759642, 9809694, 9859747, 9909790]",339,0.8595617040108836,126.71069998759776,104.60810002405196,23.163100006058812,254.48190001770854,15.22499998100102,43.023400008678436,38.75469998456538,24.359399976674467,3.1946999952197075,1,3,1,2,2,16515072,5510397
FCWD2:0113,FCWD2,H8_reference,4.838484287261963,"[5.009765148162842, 4.682994365692139, 4.838484287261963]",8,8,0,8,False,"[9609842, 9659842, 9709842, 9759842, 9809842, 9859842, 9909842, 9959842]",0,1.0,778.9804000058211,1444.9085999513045,22.333200031425804,2246.2221999885514,0.10559998918324709,108.22409996762872,337.966300023254,313.73719999101013,13.972199987620115,8,12,12,0,0,16515072,40807038
FCWD2:0113,FCWD2,H8_warp,5.06005334854126,"[5.1027655601501465, 4.966691017150879, 5.06005334854126]",8,8,7,1,False,"[9609494, 9659546, 9709599, 9759642, 9809694, 9859747, 9909790, 9959842]",348,0.8606474089127595,131.90790003864095,294.0334000159055,27.138999954331666,453.0803000088781,22.665900003630668,39.89909996744245,39.26720004528761,25.144800019916147,2.591500000562519,1,3,1,2,2,16515072,5485679
FCWD2:0113,FCWD2,H8_warp_student,5.263277053833008,"[5.365643501281738, 5.263277053833008, 5.2624664306640625]",8,8,7,1,False,"[9609494, 9659546, 9709599, 9759642, 9809694, 9859747, 9909790, 9959842]",348,0.8606474089127595,127.83700000727549,119.10269997315481,24.49219999834895,271.43189997877926,12.980500003322959,41.863399965222925,40.137700038030744,26.54880000045523,3.1822999590076506,1,3,1,2,2,16515072,5485679
FCWD2:0114,FCWD2,H8_reference,4.5208306312561035,"[4.653961181640625, 4.3871049880981445, 4.5208306312561035]",8,8,0,8,False,"[9659895, 9709895, 9759895, 9809895, 9859895, 9909895, 9959895, 10009895]",0,1.0,770.1662000035867,1466.2582000019029,24.232700001448393,2260.657100006938,0.10720000136643648,91.78359998622909,368.1743000051938,291.95899999467656,11.79220003541559,8,12,12,0,0,16515072,41382233
FCWD2:0114,FCWD2,H8_warp,4.564601421356201,"[4.6244611740112305, 4.500540733337402, 4.564601421356201]",8,8,7,1,False,"[9659546, 9709599, 9759642, 9809694, 9859747, 9909790, 9959842, 10009895]",349,0.8691290614434691,118.0428999941796,257.86449998850003,22.565699997358024,398.47309998003766,11.588599998503923,40.390699985437095,39.28480000467971,23.894999991171062,0.8869000012055039,1,3,1,2,2,16515072,5517826
FCWD2:0114,FCWD2,H8_warp_student,4.994943141937256,"[5.070191860198975, 4.994943141937256, 4.984011650085449]",8,8,7,1,False,"[9659546, 9709599, 9759642, 9809694, 9859747, 9909790, 9959842, 10009895]",349,0.8691290614434691,120.88920001406223,117.3795000067912,24.29839997785166,262.5670999987051,12.963199988007545,38.461499963887036,39.023199991788715,25.797500042244792,2.725200029090047,1,3,1,2,2,16515072,5517826
FCWD2:0115,FCWD2,H8_reference,4.019608020782471,"[4.0748066902160645, 3.921417474746704, 4.019608020782471]",8,8,0,8,False,"[9709947, 9759947, 9809947, 9859947, 9909947, 9959947, 10009947, 10059947]",0,1.0,729.8432000097819,1451.0949999676086,33.58500002650544,2214.523200003896,0.14489999739453197,85.32900002319366,327.6328999781981,299.17509999359027,13.357200019527227,8,12,12,0,0,16515072,41129613
FCWD2:0115,FCWD2,H8_warp,4.594668388366699,"[4.643293380737305, 4.54997444152832, 4.594668388366699]",8,8,7,1,False,"[9709599, 9759642, 9809694, 9859747, 9909790, 9959842, 10009895, 10059947]",348,0.8638062283737025,239.77589997230098,247.05120001453906,21.32599998731166,508.1530999741517,14.798999996855855,43.48829999798909,147.78399997157976,29.417799960356206,1.4457000070251524,1,3,1,2,2,16515072,5737772
FCWD2:0115,FCWD2,H8_warp_student,4.966710090637207,"[5.008868217468262, 4.961889743804932, 4.966710090637207]",8,8,7,1,False,"[9709599, 9759642, 9809694, 9859747, 9909790, 9959842, 10009895, 10059947]",348,0.8638062283737025,129.3366000172682,125.63659995794296,23.432700021658093,278.40589999686927,13.802999979816377,43.96549996454269,42.32030001003295,24.493499950040132,2.774900000076741,1,3,1,2,2,16515072,5737772
FCWD2:0116,FCWD2,H8_reference,3.7686398029327393,"[3.7686398029327393, 3.6756484508514404, 3.7894234657287598]",8,8,0,8,False,"[9759991, 9809991, 9859991, 9909991, 9959991, 10009991, 10059991, 10109991]",0,1.0,708.6248000268824,1378.4524999791756,21.50819997768849,2108.5854999837466,0.1023999648168683,85.73839999735355,312.89219995960593,292.93960001086816,12.660699954722077,8,12,12,0,0,16515072,39775342
FCWD2:0116,FCWD2,H8_warp,3.8486080169677734,"[3.8267290592193604, 3.8486080169677734, 3.9109251499176025]",8,8,7,1,False,"[9759642, 9809694, 9859747, 9909790, 9959842, 10009895, 10059947, 10109991]",349,0.8653326122228231,121.37029995210469,273.59570004045963,28.407799953129143,423.37379994569346,12.941599998157471,40.488499973434955,39.661899965722114,25.273399951402098,1.0673999786376953,1,3,1,2,2,16515072,5680754
FCWD2:0116,FCWD2,H8_warp_student,4.199301242828369,"[4.187470436096191, 4.199301242828369, 4.258529186248779]",8,8,7,1,False,"[9759642, 9809694, 9859747, 9909790, 9959842, 10009895, 10059947, 10109991]",349,0.8653326122228231,124.34769998071715,107.64130001189187,21.881400025449693,253.87040001805872,12.546800018753856,40.546400006860495,41.81840003002435,24.39759997650981,2.602499967906624,1,3,1,2,2,16515072,5680754
FCWD2:0117,FCWD2,H8_reference,3.4523563385009766,"[3.4523563385009766, 3.358203649520874, 3.491776943206787]",8,8,0,8,False,"[9810043, 9860043, 9910043, 9960043, 10010043, 10060043, 10110043, 10160043]",0,1.0,736.131000041496,1431.715799961239,24.91330000339076,2192.760100006126,0.1045000390149653,92.58600004250184,324.93149995571,299.89730002125725,12.967899965588003,8,12,12,0,0,16515072,39407955
FCWD2:0117,FCWD2,H8_warp,3.4579873085021973,"[3.4579873085021973, 3.454606294631958, 3.578826665878296]",8,8,7,1,False,"[9809694, 9859747, 9909790, 9959842, 10009895, 10059947, 10109991, 10160043]",349,0.8602208496008391,296.82769998908043,279.21730000525713,33.32559997215867,609.3705999664962,11.027999978978187,171.24039999907836,85.59329999843612,25.84219997515902,1.3829999952577055,1,3,1,2,2,16515072,6021366
FCWD2:0117,FCWD2,H8_warp_student,3.6436655521392822,"[3.618809223175049, 3.6436655521392822, 3.7284090518951416]",8,8,7,1,False,"[9809694, 9859747, 9909790, 9959842, 10009895, 10059947, 10109991, 10160043]",349,0.8602208496008391,129.87689999863505,110.05779996048659,20.368800032883883,260.3034999920055,15.023700019810349,44.51370000606403,39.966900018043816,26.27460000803694,1.9848000374622643,1,3,1,2,2,16515072,6021366
FCWD2:0118,FCWD2,H8_reference,3.4908370971679688,"[3.4908370971679688, 3.3964123725891113, 3.5005815029144287]",8,8,0,8,False,"[9860095, 9910095, 9960095, 10010095, 10060095, 10110095, 10160095, 10210095]",0,1.0,705.3702999837697,1440.967799979262,49.32669998379424,2195.664799946826,0.10559998918324709,102.37039998173714,298.35460003232583,289.75110000465065,10.70320000872016,8,12,12,0,0,16515072,38294812
FCWD2:0118,FCWD2,H8_warp,3.833751678466797,"[3.833751678466797, 3.779752016067505, 3.942927598953247]",8,8,7,1,False,"[9859747, 9909790, 9959842, 10009895, 10059947, 10109991, 10160043, 10210095]",348,0.854752580989676,142.34550000401214,313.7938000145368,27.731899986974895,483.87120000552386,14.191000023856759,48.35309996269643,46.49609996704385,28.815199970267713,2.7300999499857426,1,3,1,2,2,16515072,6338161
FCWD2:0118,FCWD2,H8_warp_student,4.051331520080566,"[4.038017749786377, 4.051331520080566, 4.148277759552002]",8,8,7,1,False,"[9859747, 9909790, 9959842, 10009895, 10059947, 10109991, 10160043, 10210095]",348,0.854752580989676,145.66740003647283,113.06509998394176,23.184899997431785,281.9174000178464,12.594600033480674,48.36249997606501,49.778100044932216,27.290199999697506,5.020199983846396,1,3,1,2,2,16515072,6338161
FCWD2:0119,FCWD2,H8_reference,4.180295467376709,"[4.220959663391113, 4.088199615478516, 4.180295467376709]",8,8,0,8,False,"[9910139, 9960139, 10010139, 10060139, 10110139, 10160139, 10210139, 10260139]",0,1.0,699.1382999694906,1478.1734000425786,22.162499953992665,2199.474199966062,0.1303000026382506,88.41150003718212,308.77399997552857,281.26020001946017,14.90200002444908,8,12,12,0,0,16515072,37067463
FCWD2:0119,FCWD2,H8_warp,4.375720500946045,"[4.375720500946045, 4.311870574951172, 4.459713935852051]",8,8,7,1,False,"[9909790, 9959842, 10009895, 10059947, 10109991, 10160043, 10210095, 10260139]",349,0.8431199126601346,130.93789998674765,265.2972000068985,25.307599978987128,421.5426999726333,11.18909998331219,49.284699955023825,41.59909998998046,26.0435999953188,1.0519999777898192,1,3,1,2,2,16515072,5855293
FCWD2:0119,FCWD2,H8_warp_student,4.76480770111084,"[4.76480770111084, 4.705873966217041, 4.805041790008545]",8,8,7,1,False,"[9909790, 9959842, 10009895, 10059947, 10109991, 10160043, 10210095, 10260139]",349,0.8431199126601346,133.22690001223236,115.80999998841435,21.443800011184067,270.4807000118308,13.49139999365434,45.53470003884286,43.79450000124052,25.761400000192225,2.7465999592095613,1,3,1,2,2,16515072,5855293
FCWD2:0120,FCWD2,H8_reference,3.7555551528930664,"[3.8055849075317383, 3.7209718227386475, 3.7555551528930664]",8,8,0,8,False,"[9960191, 10010191, 10060191, 10110191, 10160191, 10210191, 10260191, 10310191]",0,1.0,727.5281999609433,1412.8687999909744,21.244300005491823,2161.6412999574095,0.09929999941959977,85.3097999934107,310.16379996435717,306.0166999930516,21.62249997491017,8,12,12,0,0,16515072,36674644
FCWD2:0120,FCWD2,H8_warp,3.9311318397521973,"[3.9311318397521973, 3.9305078983306885, 3.9818003177642822]",8,8,7,1,False,"[9959842, 10009895, 10059947, 10109991, 10160043, 10210095, 10260139, 10310191]",349,0.8319043593768869,124.5780999888666,252.4886999744922,29.34469998581335,406.41149994917214,12.934800004586577,39.43579999031499,42.42020001402125,25.910999975167215,1.0647000162862241,1,3,1,2,2,16515072,5850924
FCWD2:0120,FCWD2,H8_warp_student,4.35862398147583,"[4.35862398147583, 4.318849563598633, 4.365856647491455]",8,8,7,1,False,"[9959842, 10009895, 10059947, 10109991, 10160043, 10210095, 10260139, 10310191]",349,0.8319043593768869,137.60280003771186,132.38199998158962,25.1869999920018,295.1718000113033,14.5702000008896,44.67220004880801,43.37289999239147,28.7625000346452,4.431899986229837,1,3,1,2,2,16515072,5850924
FCWD2:0121,FCWD2,H8_reference,3.38431715965271,"[3.417919635772705, 3.38431715965271, 3.363250732421875]",8,8,0,8,False,"[10010243, 10060243, 10110243, 10160243, 10210243, 10260243, 10310243, 10360243]",0,1.0,751.0403000051156,1445.7984999753535,22.84619997953996,2219.684999960009,0.10360003216192126,103.95230003632605,320.5994999734685,306.0362000251189,14.563800010364503,8,12,12,0,0,16515072,36525027
FCWD2:0121,FCWD2,H8_warp,3.748117446899414,"[3.748117446899414, 3.7424156665802, 3.7851526737213135]",8,8,7,1,False,"[10009895, 10059947, 10109991, 10160043, 10210095, 10260139, 10310191, 10360243]",348,0.8151881372599762,144.0745000145398,263.82019999437034,26.553700037766248,434.4484000466764,34.155999950598925,39.14539999095723,41.89729999052361,24.54279997618869,2.4973999825306237,1,3,1,2,2,16515072,5737449
FCWD2:0121,FCWD2,H8_warp_student,4.239781379699707,"[4.2559943199157715, 4.217879772186279, 4.239781379699707]",8,8,7,1,False,"[10009895, 10059947, 10109991, 10160043, 10210095, 10260139, 10310191, 10360243]",348,0.8151881372599762,131.42379996133968,122.85510002402589,21.92780002951622,276.2067000148818,15.13600000180304,43.90140000032261,41.41840001102537,26.255900040268898,2.4695000029169023,1,3,1,2,2,16515072,5737449
FCWD2:0122,FCWD2,H8_reference,3.4937288761138916,"[3.5705201625823975, 3.464538335800171, 3.4937288761138916]",8,8,0,8,False,"[10060287, 10110287, 10160287, 10210287, 10260287, 10310287, 10360287, 10410287]",0,1.0,898.0712000047788,1448.0880000046454,27.23469998454675,2373.393899993971,0.10679999832063913,89.03000003192574,329.05050000408664,454.934699984733,19.16480000363663,8,12,12,0,0,16515072,36838337
FCWD2:0122,FCWD2,H8_warp,3.866832971572876,"[3.866832971572876, 3.8030612468719482, 3.883465528488159]",8,8,7,1,False,"[10059947, 10109991, 10160043, 10210095, 10260139, 10310191, 10360243, 10410287]",340,0.8176776822091444,149.50830000452697,271.7974999686703,22.02540001599118,443.33119998918846,31.446600041817874,48.39940002420917,39.40589999547228,25.728999986313283,2.723999961744994,1,3,1,2,2,16515072,5468764
FCWD2:0122,FCWD2,H8_warp_student,4.190159797668457,"[4.233640670776367, 4.175135135650635, 4.190159797668457]",8,8,7,1,False,"[10059947, 10109991, 10160043, 10210095, 10260139, 10310191, 10360243, 10410287]",340,0.8176776822091444,126.45070004509762,110.7759999576956,23.558600049000233,260.78530005179346,16.88599999761209,42.49229998094961,37.93079999741167,23.749799991492182,2.944099949672818,1,3,1,2,2,16515072,5468764
FCWD2:0123,FCWD2,H8_reference,3.1984169483184814,"[3.292587995529175, 3.1350038051605225, 3.1984169483184814]",8,8,0,8,False,"[10110339, 10160339, 10210339, 10260339, 10310339, 10360339, 10410339, 10460339]",0,1.0,803.8468000013381,1600.2383999875747,28.32520002266392,2432.4104000115767,0.11029996676370502,98.30099996179342,351.1786000453867,322.3052999819629,24.45120003540069,8,12,12,0,0,16515072,37429325
FCWD2:0123,FCWD2,H8_warp,3.46089768409729,"[3.4747235774993896, 3.371983528137207, 3.46089768409729]",8,8,7,1,False,"[10109991, 10160043, 10210095, 10260139, 10310191, 10360243, 10410287, 10460339]",348,0.8137806249694362,143.8382000196725,258.96250002551824,28.454699961002916,431.25540000619367,11.986400000751019,60.42990001151338,41.18589998688549,27.48210000572726,1.0663000284694135,1,3,1,2,2,16515072,5842883
FCWD2:0123,FCWD2,H8_warp_student,3.6108486652374268,"[3.613910436630249, 3.576030731201172, 3.6108486652374268]",8,8,7,1,False,"[10109991, 10160043, 10210095, 10260139, 10310191, 10360243, 10410287, 10460339]",348,0.8137806249694362,130.906899983529,110.30200001550838,22.600800031796098,263.8097000308335,13.579999969806522,46.54849995858967,39.60899997036904,25.744999991729856,3.6545000039041042,1,3,1,2,2,16515072,5842883
FCWD2:0124,FCWD2,H8_reference,3.326047897338867,"[3.4550647735595703, 3.306813955307007, 3.326047897338867]",8,8,0,8,False,"[10160391, 10210391, 10260391, 10310391, 10360391, 10410391, 10460391, 10510391]",0,1.0,799.9559000018053,1404.8783000325784,22.372699982952327,2227.206900017336,0.13970001600682735,102.8663000324741,370.0035999645479,304.0709000197239,15.884799999184906,8,12,12,0,0,16515072,37608369
FCWD2:0124,FCWD2,H8_warp,3.707054853439331,"[3.730910539627075, 3.6769654750823975, 3.707054853439331]",8,8,7,1,False,"[10160043, 10210095, 10260139, 10310191, 10360243, 10410287, 10460339, 10510391]",348,0.8162187871581451,124.93479996919632,269.9959999881685,21.605500020086765,416.53629997745156,10.760599980130792,43.83619996951893,39.89219997311011,26.745500043034554,1.9700999837368727,1,3,1,2,2,16515072,5976962
FCWD2:0124,FCWD2,H8_warp_student,3.683817148208618,"[3.690877914428711, 3.641144037246704, 3.683817148208618]",8,8,7,1,False,"[10160043, 10210095, 10260139, 10310191, 10360243, 10410287, 10460339, 10510391]",348,0.8162187871581451,128.85609996737912,118.85289999190718,21.70530002331361,269.4142999825999,13.514599995687604,43.773500015959144,40.467699989676476,25.25430003879592,4.101300030015409,1,3,1,2,2,16515072,5976962
FCWD2:0125,FCWD2,H8_reference,3.476501226425171,"[3.621904134750366, 3.417959451675415, 3.476501226425171]",8,8,0,8,False,"[10210435, 10260435, 10310435, 10360435, 10410435, 10460435, 10510435, 10560435]",0,1.0,821.8378000310622,1397.9182000039145,21.35259995702654,2241.1085999920033,0.13190001482143998,105.16300000017509,367.3733999603428,323.133300000336,18.511999980546534,8,12,12,0,0,16515072,37702396
FCWD2:0125,FCWD2,H8_warp,3.8090343475341797,"[3.8090343475341797, 3.8009209632873535, 3.846557855606079]",8,8,7,1,False,"[10210095, 10260139, 10310191, 10360243, 10410287, 10460339, 10510391, 10560435]",340,0.812450830672405,127.73469998501241,262.17990001896396,22.48459996189922,412.3991999658756,11.941000004298985,44.17220002505928,41.665100026875734,27.048700023442507,1.1091000051237643,1,3,1,2,2,16515072,5806996
FCWD2:0125,FCWD2,H8_warp_student,3.8752472400665283,"[3.8830068111419678, 3.852637529373169, 3.8752472400665283]",8,8,7,1,False,"[10210095, 10260139, 10310191, 10360243, 10410287, 10460339, 10510391, 10560435]",340,0.812450830672405,135.88050001999363,117.42189998039976,22.38280000165105,275.68520000204444,14.189500012435019,47.62130003655329,41.64519999176264,26.919800031464547,3.1317000393755734,1,3,1,2,2,16515072,5806996
FCWD2:0126,FCWD2,H8_reference,3.786215305328369,"[4.030673503875732, 3.6771838665008545, 3.786215305328369]",8,8,0,8,False,"[10260487, 10310487, 10360487, 10410487, 10460487, 10510487, 10560487, 10610487]",0,1.0,835.8870000229217,1480.5241000140086,23.34279997739941,2339.7539000143297,0.10649999603629112,117.02239996520802,376.5381000121124,317.43669998832047,17.272999975830317,8,12,12,0,0,16515072,37984528
FCWD2:0126,FCWD2,H8_warp,4.310551643371582,"[4.359384059906006, 4.249085426330566, 4.310551643371582]",8,8,7,1,False,"[10260139, 10310191, 10360243, 10410287, 10460339, 10510391, 10560435, 10610487]",348,0.8148394216476735,146.97180001530796,266.676599974744,22.8670000215061,436.5154000115581,12.567099998705089,52.26710002170876,46.82629997842014,31.742499966640025,1.5039999852888286,1,3,1,2,2,16515072,5875302
FCWD2:0126,FCWD2,H8_warp_student,4.386569023132324,"[4.445314407348633, 4.379526138305664, 4.386569023132324]",8,8,7,1,False,"[10260139, 10310191, 10360243, 10410287, 10460339, 10510391, 10560435, 10610487]",348,0.8148394216476735,190.9662999678403,123.55820002267137,22.595199989154935,337.1196999796666,14.084500027820468,58.71329997899011,65.65270002465695,44.764399994164705,4.820699978154153,1,3,1,2,2,16515072,5875302
FCWD2:0127,FCWD2,H8_reference,3.741058826446533,"[4.020071983337402, 3.66999888420105, 3.741058826446533]",8,8,0,8,False,"[10310540, 10360540, 10410540, 10460540, 10510540, 10560540, 10610540, 10660540]",0,1.0,825.2848000265658,1535.580299969297,25.460999982897192,2386.32609997876,0.11939997784793377,107.22639999585226,372.801499965135,319.56140004331246,17.87550002336502,8,12,12,0,0,16515072,38424573
FCWD2:0127,FCWD2,H8_warp,4.336178302764893,"[4.4469194412231445, 4.3219194412231445, 4.336178302764893]",8,8,7,1,False,"[10310191, 10360243, 10410287, 10460339, 10510391, 10560435, 10610487, 10660540]",349,0.8171681066619885,132.82379996962845,245.186600019224,24.51620000647381,402.52659999532625,11.432700033765286,41.18300002301112,49.991299980320036,27.583499962929636,0.8140999707393348,1,3,1,2,2,16515072,6238286
FCWD2:0127,FCWD2,H8_warp_student,4.665331840515137,"[4.790332317352295, 4.665331840515137, 4.648488521575928]",8,8,7,1,False,"[10310191, 10360243, 10410287, 10460339, 10510391, 10560435, 10610487, 10660540]",349,0.8171681066619885,139.66220000293106,114.98349998146296,23.023399990051985,277.669099974446,12.927800009492785,41.25969996675849,51.326700020581484,28.856399992946535,3.032199980225414,1,3,1,2,2,16515072,6238286
FCWD2:0128,FCWD2,H8_reference,4.157159328460693,"[4.496412754058838, 4.102017402648926, 4.157159328460693]",8,8,0,8,False,"[10360583, 10410583, 10460583, 10510583, 10560583, 10610583, 10660583, 10710583]",0,1.0,803.3871000516228,1776.2137999525294,24.6478000190109,2604.248700023163,0.10469998233020306,104.0381999919191,358.2705000299029,322.7552999742329,12.08229997428134,8,12,12,0,0,16515072,39206709
FCWD2:0128,FCWD2,H8_warp,4.708037853240967,"[4.860918045043945, 4.708037853240967, 4.661749362945557]",8,8,7,1,False,"[10360243, 10410287, 10460339, 10510391, 10560435, 10610487, 10660540, 10710583]",340,0.8199980901654129,189.78549999883398,255.80709998030216,24.385299999266863,469.977899978403,10.752899979706854,51.71420000260696,76.99719996890053,46.416299999691546,0.8634999976493418,1,3,1,2,2,16515072,6958185
FCWD2:0128,FCWD2,H8_warp_student,5.142275333404541,"[5.315462112426758, 5.142275333404541, 5.091446876525879]",8,8,7,1,False,"[10360243, 10410287, 10460339, 10510391, 10560435, 10610487, 10660540, 10710583]",340,0.8199980901654129,188.68880002992228,111.0319999861531,27.936700033023953,327.6575000490993,13.680399977602065,53.13049996038899,74.10069997422397,42.39140002755448,3.0867999885231256,1,3,1,2,2,16515072,6958185
FCWD2:0129,FCWD2,H8_reference,3.9622530937194824,"[4.167677402496338, 3.8699848651885986, 3.9622530937194824]",8,8,0,8,False,"[10410635, 10460635, 10510635, 10560635, 10610635, 10660635, 10710635, 10760635]",0,1.0,896.2390000233427,1439.5214000251144,24.346499994862825,2360.10690004332,0.12340000830590725,129.0586999966763,403.34289998281747,342.47030003461987,12.754800030961633,8,12,12,0,0,16515072,40258142
FCWD2:0129,FCWD2,H8_warp,4.472907066345215,"[4.511744499206543, 4.472907066345215, 4.428176403045654]",8,8,7,1,False,"[10410287, 10460339, 10510391, 10560435, 10610487, 10660540, 10710583, 10760635]",348,0.8169378698224852,219.11519998684525,282.40270004607737,28.949799947440624,530.4676999803632,13.181600021198392,57.9693999607116,83.48370000021532,50.698500010184944,1.510899979621172,1,3,1,2,2,16515072,7505330
FCWD2:0129,FCWD2,H8_warp_student,4.849666118621826,"[4.944980144500732, 4.849666118621826, 4.822298526763916]",8,8,7,1,False,"[10410287, 10460339, 10510391, 10560435, 10610487, 10660540, 10710583, 10760635]",348,0.8169378698224852,229.1700000059791,115.00499997055158,26.042999990750104,370.2179999672808,13.780799985397607,69.92070004343987,86.03380003478378,52.09449998801574,4.0892999968491495,1,3,1,2,2,16515072,7505330
FCWD2:0130,FCWD2,H8_reference,3.413874626159668,"[3.475116014480591, 3.300152540206909, 3.413874626159668]",8,8,0,8,False,"[10460688, 10510688, 10560688, 10610688, 10660688, 10710688, 10760688, 10810688]",0,1.0,906.1628000345081,1459.5454999944195,31.97770001133904,2397.6860000402667,0.10579999070614576,104.82090001460165,401.5713999979198,373.63389995880425,18.733799981418997,8,12,12,0,0,16515072,40164149
FCWD2:0130,FCWD2,H8_warp,3.6925160884857178,"[3.6925160884857178, 3.6711418628692627, 3.7754299640655518]",8,8,7,1,False,"[10460339, 10510391, 10560435, 10610487, 10660540, 10710583, 10760635, 10810688]",349,0.8191395609677936,197.22119998186827,247.53340001916513,20.145599963143468,464.90019996417686,10.888000018894672,48.50460001034662,76.86809997539967,47.6319000008516,1.3236000086180866,1,3,1,2,2,16515072,6958882
FCWD2:0130,FCWD2,H8_warp_student,3.837045431137085,"[3.837045431137085, 3.832199811935425, 3.9077842235565186]",8,8,7,1,False,"[10460339, 10510391, 10560435, 10610487, 10660540, 10710583, 10760635, 10810688]",349,0.8191395609677936,179.43000001832843,128.13080003252253,21.802100003696978,329.36290005454794,14.178399986121804,42.93259995756671,75.71539998752996,41.65999998804182,2.2349999635480344,1,3,1,2,2,16515072,6958882
FCWD2:0131,FCWD2,H8_reference,3.0697391033172607,"[3.0828804969787598, 2.9593708515167236, 3.0697391033172607]",8,8,0,8,False,"[10510731, 10560731, 10610731, 10660731, 10710731, 10760731, 10810731, 10860731]",0,1.0,914.0029000118375,1523.4754999983124,24.19450000161305,2461.672900011763,0.1278999843634665,107.28949995245785,406.2858000397682,376.29519996698946,14.51820001238957,8,12,12,0,0,16515072,40358221
FCWD2:0131,FCWD2,H8_warp,3.26983904838562,"[3.26983904838562, 3.242460012435913, 3.3597521781921387]",8,8,7,1,False,"[10510391, 10560435, 10610487, 10660540, 10710583, 10760635, 10810688, 10860731]",340,0.8161799671975233,148.5753000015393,289.65039999457076,29.02010001707822,467.2458000131883,13.969699968583882,49.77730003884062,50.3117999760434,31.530599982943386,1.1696000001393259,1,3,1,2,2,16515072,6437628
FCWD2:0131,FCWD2,H8_warp_student,3.4190006256103516,"[3.4190006256103516, 3.4099433422088623, 3.5172858238220215]",8,8,7,1,False,"[10510391, 10560435, 10610487, 10660540, 10710583, 10760635, 10810688, 10860731]",340,0.8161799671975233,166.27780004637316,137.75349996285513,34.57960003288463,338.6109000421129,18.719699990469962,51.74989998340607,53.37650002911687,35.70960002252832,4.13070002105087,1,3,1,2,2,16515072,6437628
FCWD2:0132,FCWD2,H8_reference,2.8504867553710938,"[2.874678611755371, 2.7731361389160156, 2.8504867553710938]",8,8,0,8,False,"[10560783, 10610783, 10660783, 10710783, 10760783, 10810783, 10860783, 10910783]",0,1.0,900.8642999688163,1504.3477999861352,28.766400006134063,2433.9784999610856,0.09779998799785972,106.88769997796044,394.75149998907,380.2985000074841,13.250499963760376,8,12,12,0,0,16515072,41173711
FCWD2:0132,FCWD2,H8_warp,3.0348639488220215,"[3.0348639488220215, 3.0173745155334473, 3.115107774734497]",8,8,7,1,False,"[10560435, 10610487, 10660540, 10710583, 10760635, 10810688, 10860731, 10910783]",348,0.8183289940828402,166.30839998833835,260.81770000746474,28.705100005026907,455.83120000083,12.393999961204827,49.016800010576844,51.584100001491606,28.44839997123927,1.1687999940477312,1,3,1,2,2,16515072,6877180
FCWD2:0132,FCWD2,H8_warp_student,3.124852418899536,"[3.124852418899536, 3.11603045463562, 3.2123422622680664]",8,8,7,1,False,"[10560435, 10610487, 10660540, 10710583, 10760635, 10810688, 10860731, 10910783]",348,0.8183289940828402,149.35829996829852,132.11629999568686,35.14260001247749,316.61719997646287,15.357800002675503,51.46839999360964,51.28010001499206,27.37269998760894,1.9905000226572156,1,3,1,2,2,16515072,6877180
FCWD2:0133,FCWD2,H8_reference,2.941938877105713,"[3.0017096996307373, 2.9288759231567383, 2.941938877105713]",8,8,0,8,False,"[10610836, 10660836, 10710836, 10760836, 10810836, 10860836, 10910836, 10960836]",0,1.0,924.846499983687,1460.1770999724977,24.307700048666447,2409.331300004851,0.12849998893216252,107.53040004055947,389.1755999648012,406.23250004136935,16.183300002012402,8,12,12,0,0,16515072,41694251
FCWD2:0133,FCWD2,H8_warp,3.2225828170776367,"[3.2225828170776367, 3.2185118198394775, 3.2589433193206787]",8,8,7,1,False,"[10610487, 10660540, 10710583, 10760635, 10810688, 10860731, 10910783, 10960836]",349,0.8204284882807809,172.04509995644912,261.31050003459677,20.32760001020506,453.68320000125095,10.77709998935461,52.72320000221953,54.77470002369955,30.261100037023425,0.9814000222831964,1,3,1,2,2,16515072,7177026
FCWD2:0133,FCWD2,H8_warp_student,3.3315412998199463,"[3.3315412998199463, 3.3238351345062256, 3.4038431644439697]",8,8,7,1,False,"[10610487, 10660540, 10710583, 10760635, 10810688, 10860731, 10910783, 10960836]",349,0.8204284882807809,157.70029998384416,122.98340001143515,27.835600019898266,308.5193000151776,13.114799978211522,52.85530001856387,55.87839998770505,30.93010000884533,2.7138000004924834,1,3,1,2,2,16515072,7177026
FCWD2:0134,FCWD2,H8_reference,3.1863181591033936,"[3.292311191558838, 3.1662769317626953, 3.1863181591033936]",8,8,0,8,False,"[10660879, 10710879, 10760879, 10810879, 10860879, 10910879, 10960879, 11010879]",0,1.0,914.3358000437729,1470.408099994529,22.120799985714257,2406.864700024016,0.12790004257112741,104.56050001084805,408.6786999832839,380.78970002243295,12.760000012349337,8,12,12,0,0,16515072,42516524
FCWD2:0134,FCWD2,H8_warp,3.4826316833496094,"[3.498988389968872, 3.4499197006225586, 3.4826316833496094]",8,8,7,1,False,"[10660540, 10710583, 10760635, 10810688, 10860731, 10910783, 10960836, 11010879]",339,0.8274422993177529,187.19159997999668,282.4442000128329,22.89680001558736,492.5326000084169,23.19030003855005,49.82179997023195,67.3086000024341,40.69350002100691,2.763400028925389,1,3,1,2,2,16515072,7073479
FCWD2:0134,FCWD2,H8_warp_student,3.710430860519409,"[3.710430860519409, 3.65472412109375, 3.7270357608795166]",8,8,7,1,False,"[10660540, 10710583, 10760635, 10810688, 10860731, 10910783, 10960836, 11010879]",339,0.8274422993177529,179.22699998598546,113.29120001755655,20.818500022869557,313.33670002641156,13.504099973943084,47.62190004112199,69.68159996904433,41.347699996549636,3.233600000385195,1,3,1,2,2,16515072,7073479
FCWD2:0135,FCWD2,H8_reference,3.54067325592041,"[3.8237321376800537, 3.4790425300598145, 3.54067325592041]",8,8,0,8,False,"[10710931, 10760931, 10810931, 10860931, 10910931, 10960931, 11010931, 11060931]",0,1.0,1036.536099971272,1543.9877000171691,21.976199990604073,2602.4999999790452,0.18120004096999764,101.41020000446588,468.9393999869935,444.0355999977328,11.645200022030622,8,12,12,0,0,16515072,43221871
FCWD2:0135,FCWD2,H8_warp,3.8091161251068115,"[3.9596006870269775, 3.756892681121826, 3.8091161251068115]",8,8,7,1,False,"[10710583, 10760635, 10810688, 10860731, 10910783, 10960836, 11010879, 11060931]",348,0.8348302862811792,181.59630004083738,244.2641999805346,20.466500020120293,446.3270000414923,11.921099969185889,46.44369997549802,74.6367999818176,45.39240000303835,0.8688000380061567,1,3,1,2,2,16515072,6997880
FCWD2:0135,FCWD2,H8_warp_student,4.1799468994140625,"[4.277878761291504, 4.1189494132995605, 4.1799468994140625]",8,8,7,1,False,"[10710583, 10760635, 10810688, 10860731, 10910783, 10960836, 11010879, 11060931]",348,0.8348302862811792,316.8932999833487,122.93290003435686,22.949199948925525,462.7753999666311,18.36759998695925,169.35650003142655,75.48359996872023,46.79299995768815,3.3725000103004277,1,3,1,2,2,16515072,6997880
FCWD2:0136,FCWD2,H8_reference,3.210611581802368,"[3.4548001289367676, 3.152665376663208, 3.210611581802368]",8,8,0,8,False,"[10760984, 10810984, 10860984, 10910984, 10960984, 11010984, 11060984, 11110984]",0,1.0,1102.656200004276,1500.5586000042967,23.41979998163879,2626.6345999902114,0.10069995187222958,104.97500002384186,498.4022999997251,478.194999974221,12.107199989259243,8,12,12,0,0,16515072,43763542
FCWD2:0136,FCWD2,H8_warp,3.4857983589172363,"[3.5970633029937744, 3.4432566165924072, 3.4857983589172363]",8,8,7,1,False,"[10760635, 10810688, 10860731, 10910783, 10960836, 11010879, 11060931, 11110984]",349,0.8274103477292625,204.45089996792376,310.7985000242479,37.62560000177473,552.8749999939464,11.601599981077015,53.704199963249266,83.45179999014363,51.6217999975197,1.2207000399939716,1,3,1,2,2,16515072,7091652
FCWD2:0136,FCWD2,H8_warp_student,3.8113434314727783,"[3.9054274559020996, 3.811239719390869, 3.8113434314727783]",8,8,7,1,False,"[10760635, 10810688, 10860731, 10910783, 10960836, 11010879, 11060931, 11110984]",349,0.8274103477292625,231.0130000114441,121.99439998948947,22.52510003745556,375.5325000383891,16.622900031507015,59.32469997787848,92.10469998652115,56.68169999262318,3.286499995738268,1,3,1,2,2,16515072,7091652
FCWD2:0137,FCWD2,H8_reference,2.7766315937042236,"[2.8424999713897705, 2.6681854724884033, 2.7766315937042236]",8,8,0,8,False,"[10811027, 10861027, 10911027, 10961027, 11011027, 11061027, 11111027, 11161027]",0,1.0,1096.881800040137,1480.0144999753684,24.125700001604855,2601.0220000171103,0.1115999766625464,104.05939997872338,467.0822000480257,504.7937000053935,11.887700005900115,8,12,12,0,0,16515072,44184020
FCWD2:0137,FCWD2,H8_warp,2.878643274307251,"[2.8891007900238037, 2.820274829864502, 2.878643274307251]",8,8,7,1,False,"[10810688, 10860731, 10910783, 10960836, 11010879, 11060931, 11110984, 11161027]",339,0.8151510204081632,203.11669999500737,259.3541999813169,24.674000043887645,487.14490002021194,11.430800019297749,50.2011000062339,83.1591000314802,54.4522000127472,1.1518000392243266,1,3,1,2,2,16515072,6943990
FCWD2:0137,FCWD2,H8_warp_student,2.963947296142578,"[2.966951370239258, 2.9348371028900146, 2.963947296142578]",8,8,7,1,False,"[10810688, 10860731, 10910783, 10960836, 11010879, 11060931, 11110984, 11161027]",339,0.8151510204081632,195.73219999438152,118.33720002323389,20.242700004018843,334.31210002163425,13.33450002130121,47.283100022468716,79.04240000061691,49.78770000161603,3.757000027690083,1,3,1,2,2,16515072,6943990
FCWD2:0138,FCWD2,H8_reference,2.6786842346191406,"[2.7117111682891846, 2.5723798274993896, 2.6786842346191406]",8,8,0,8,False,"[10861080, 10911080, 10961080, 11011080, 11061080, 11111080, 11161080, 11211080]",0,1.0,1199.780400027521,1526.8204999738373,23.517300025559962,2750.118200026918,0.10350003140047193,126.89630000386387,503.3671000273898,545.5599999986589,13.993700034916401,8,12,12,0,0,16515072,44659102
FCWD2:0138,FCWD2,H8_warp,2.6478052139282227,"[2.6478052139282227, 2.6134862899780273, 2.6713192462921143]",8,8,7,1,False,"[10860731, 10910783, 10960836, 11010879, 11060931, 11110984, 11161027, 11211080]",349,0.8084881011228021,214.18660000199452,259.3187000020407,23.37670000270009,496.8820000067353,13.747500022873282,55.289799987804145,84.926399984397,55.76889996882528,1.1821999796666205,1,3,1,2,2,16515072,6703542
FCWD2:0138,FCWD2,H8_warp_student,2.7192323207855225,"[2.7192323207855225, 2.6731514930725098, 2.727093458175659]",8,8,7,1,False,"[10860731, 10910783, 10960836, 11010879, 11060931, 11110984, 11161027, 11211080]",349,0.8084881011228021,201.05740003054962,171.66459996951744,27.327900053933263,400.0499000540003,13.013999967370182,48.34919999120757,82.27959997020662,51.520600041840225,3.2805000082589686,1,3,1,2,2,16515072,6703542
FCWD2:0139,FCWD2,H8_reference,2.418915271759033,"[2.436145544052124, 2.388669967651367, 2.418915271759033]",8,8,0,8,False,"[10911132, 10961132, 11011132, 11061132, 11111132, 11161132, 11211132, 11261132]",0,1.0,1298.5591000178829,1438.0910000181757,25.168599968310446,2761.818700004369,0.11299998732283711,123.04690002929419,575.5705999908969,568.8697000150569,18.26530002290383,8,12,12,0,0,16515072,45203119
FCWD2:0139,FCWD2,H8_warp,2.4919183254241943,"[2.4919183254241943, 2.4847517013549805, 2.506154775619507]",8,8,7,1,False,"[10910783, 10960836, 11010879, 11060931, 11110984, 11161027, 11211080, 11261132]",349,0.7971938775510204,210.72120004100725,290.68029997870326,24.681599985342473,526.083100005053,12.256899964995682,52.6327999541536,86.8728999630548,55.26950000785291,0.9748999727889895,1,3,1,2,2,16515072,6896050
FCWD2:0139,FCWD2,H8_warp_student,2.518383264541626,"[2.518383264541626, 2.4788999557495117, 2.5303637981414795]",8,8,7,1,False,"[10910783, 10960836, 11010879, 11060931, 11110984, 11161027, 11211080, 11261132]",349,0.7971938775510204,200.10489999549463,110.10240000905469,63.14439995912835,373.3516999636777,12.825599987991154,50.993099983315915,80.62099997187033,50.07679999107495,2.640000020619482,1,3,1,2,2,16515072,6896050
FCWD2:0140,FCWD2,H8_reference,2.3667051792144775,"[2.371840476989746, 2.354991912841797, 2.3667051792144775]",8,8,0,8,False,"[10961175, 11011175, 11061175, 11111175, 11161175, 11211175, 11261175, 11311175]",0,1.0,1220.2825999702327,1630.9045000234619,23.459999996703118,2874.6470999903977,0.10790000669658184,109.16129994438961,500.2820999943651,585.1979999570176,15.635100018698722,8,12,12,0,0,16515072,45568075
FCWD2:0140,FCWD2,H8_warp,2.4247841835021973,"[2.407700777053833, 2.4280529022216797, 2.4247841835021973]",8,8,7,1,False,"[10960836, 11010879, 11060931, 11110984, 11161027, 11211080, 11261132, 11311175]",339,0.782178575557868,218.904500012286,254.5111000072211,22.1898999880068,495.6055000075139,11.759800021536648,51.69509997358546,87.6183999935165,63.611799967475235,1.3475999585352838,1,3,1,2,2,16515072,7155844
FCWD2:0140,FCWD2,H8_warp_student,2.4861505031585693,"[2.4861505031585693, 2.4561514854431152, 2.4924283027648926]",8,8,7,1,False,"[10960836, 11010879, 11060931, 11110984, 11161027, 11211080, 11261132, 11311175]",339,0.782178575557868,217.46900002472103,121.33409996749833,39.12149998359382,377.9245999758132,12.997000012546778,49.22890005400404,91.9018000131473,57.12889996357262,3.3605999778956175,1,3,1,2,2,16515072,7155844
FCWD2:0141,FCWD2,H8_reference,2.3931965827941895,"[2.41487193107605, 2.3899829387664795, 2.3931965827941895]",8,8,0,8,False,"[11011228, 11061228, 11111228, 11161228, 11211228, 11261228, 11311228, 11361228]",0,1.0,1247.7706000208855,1434.584399976302,31.658700027037412,2714.013700024225,0.10840001050382853,107.04989999067038,564.4007999799214,553.1079000211321,11.707200028467923,8,12,12,0,0,16515072,45697224
FCWD2:0141,FCWD2,H8_warp,2.4256162643432617,"[2.4124388694763184, 2.434663772583008, 2.4256162643432617]",8,8,7,1,False,"[11010879, 11060931, 11110984, 11161027, 11211080, 11261132, 11311175, 11361228]",349,0.7633240997229916,211.13850001711398,243.6722000129521,20.639499998651445,475.4502000287175,11.866899963933975,46.85719998087734,92.14070002781227,56.43980001332238,1.212199975270778,1,3,1,2,2,16515072,7455843
FCWD2:0141,FCWD2,H8_warp_student,2.5340921878814697,"[2.538759708404541, 2.5044262409210205, 2.5340921878814697]",8,8,7,1,False,"[11010879, 11060931, 11110984, 11161027, 11211080, 11261132, 11311175, 11361228]",349,0.7633240997229916,205.66099998541176,133.00500001059845,25.371600000653416,364.03759999666363,12.447399960365146,46.42579995561391,86.90239995485172,53.55369998142123,3.2373000285588205,1,3,1,2,2,16515072,7455843
FCWD2:0142,FCWD2,H8_reference,2.5445499420166016,"[2.6154837608337402, 2.5440754890441895, 2.5445499420166016]",8,8,0,8,False,"[11061280, 11111280, 11161280, 11211280, 11261280, 11311280, 11361280, 11411280]",0,1.0,1269.4561999524012,1456.5567999961786,22.929000027943403,2748.941999976523,0.0999000039882958,114.14439999498427,527.5687000248581,602.5037999497727,11.994900007266551,8,12,12,0,0,16515072,45682604
FCWD2:0142,FCWD2,H8_warp,2.6365251541137695,"[2.652287244796753, 2.6199209690093994, 2.6365251541137695]",8,8,7,1,False,"[11060931, 11110984, 11161027, 11211080, 11261132, 11311175, 11361228, 11411280]",349,0.7499202890849187,246.7115999897942,261.10200001858175,22.245600004680455,530.0592000130564,21.64610003819689,56.246699998155236,98.1181999668479,63.601400004699826,3.7688000011257827,1,3,1,2,2,16515072,7606599
FCWD2:0142,FCWD2,H8_warp_student,2.759662628173828,"[2.808314800262451, 2.732358455657959, 2.759662628173828]",8,8,7,1,False,"[11060931, 11110984, 11161027, 11211080, 11261132, 11311175, 11361228, 11411280]",349,0.7499202890849187,229.90279999794438,138.75290000578389,23.011800018139184,391.66750002186745,16.52150001609698,52.449500013608485,92.40610001143068,60.573299997486174,4.348599992226809,1,3,1,2,2,16515072,7606599
FCWD2:0143,FCWD2,H8_reference,2.497696876525879,"[2.568117380142212, 2.4546680450439453, 2.497696876525879]",8,8,0,8,False,"[11111323, 11161323, 11211323, 11261323, 11311323, 11361323, 11411323, 11461323]",0,1.0,1426.2311999918893,1648.530899954494,32.41590003017336,3107.1779999765567,0.10259996633976698,124.35779999941587,574.5992999873124,696.9191000098363,14.827599981799722,8,12,12,0,0,16515072,46381321
FCWD2:0143,FCWD2,H8_warp,2.536989688873291,"[2.589482307434082, 2.5041420459747314, 2.536989688873291]",8,8,7,1,False,"[11110984, 11161027, 11211080, 11261132, 11311175, 11361228, 11411280, 11461323]",339,0.7502359453117029,242.2943999990821,283.61430001677945,33.64400001009926,559.5527000259608,13.778100023046136,56.41479999758303,101.73880000365898,65.608799981419,2.015399979427457,1,3,1,2,2,16515072,7636213
FCWD2:0143,FCWD2,H8_warp_student,2.611264944076538,"[2.66214656829834, 2.570034980773926, 2.611264944076538]",8,8,7,1,False,"[11110984, 11161027, 11211080, 11261132, 11311175, 11361228, 11411280, 11461323]",339,0.7502359453117029,270.1528999605216,116.50580004788935,26.34579996811226,413.0044999765232,19.587399961892515,98.9065999747254,91.48860001005232,55.42650003917515,1.8146000220440328,1,3,1,2,2,16515072,7636213
FCWD2:0144,FCWD2,H8_reference,2.33980131149292,"[2.3930981159210205, 2.3015549182891846, 2.33980131149292]",8,8,0,8,False,"[11161376, 11211376, 11261376, 11311376, 11361376, 11411376, 11461376, 11511376]",0,1.0,1286.8110000272281,1382.9037999967113,22.52319996478036,2692.23799998872,0.10579999070614576,114.87249995116144,544.9317999882624,604.9825000227429,13.003900006879121,8,12,12,0,0,16515072,47069022
FCWD2:0144,FCWD2,H8_warp,2.341618299484253,"[2.3769683837890625, 2.3128507137298584, 2.341618299484253]",8,8,7,1,False,"[11161027, 11211080, 11261132, 11311175, 11361228, 11411280, 11461323, 11511376]",349,0.7505391628271738,224.55140005331486,261.6324999835342,20.748100010678172,506.93200004752725,12.842700001783669,52.119100000709295,96.7417000210844,59.39050001325086,0.9202999644912779,1,3,1,2,2,16515072,7828228
FCWD2:0144,FCWD2,H8_warp_student,2.359173536300659,"[2.375694513320923, 2.2988998889923096, 2.359173536300659]",8,8,7,1,False,"[11161027, 11211080, 11261132, 11311175, 11361228, 11411280, 11461323, 11511376]",349,0.7505391628271738,222.6828999700956,103.53880003094673,26.239599974360317,352.46129997540265,12.521399999968708,51.23939999612048,95.35980003420264,58.52159997448325,2.383599989116192,1,3,1,2,2,16515072,7828228
FCWD2:0145,FCWD2,H8_reference,2.3171699047088623,"[2.3557960987091064, 2.2825701236724854, 2.3171699047088623]",8,8,0,8,False,"[11211428, 11261428, 11311428, 11361428, 11411428, 11461428, 11511428, 11561428]",0,1.0,1304.327399993781,1403.5327999736182,22.50850002747029,2730.3686999948695,0.10299996938556433,102.88219997892156,571.4478000300005,609.5364000066184,10.684800043236464,8,12,12,0,0,16515072,47491591
FCWD2:0145,FCWD2,H8_warp,2.314298391342163,"[2.3334286212921143, 2.291107654571533, 2.314298391342163]",8,8,7,1,False,"[11211080, 11261132, 11311175, 11361228, 11411280, 11461323, 11511376, 11561428]",348,0.7508306626449242,230.45999999158084,332.8138000215404,35.28589999768883,598.55970001081,11.046100000385195,50.683400011621416,98.83460000855848,65.57040003826842,1.215500000398606,1,3,1,2,2,16515072,7989762
FCWD2:0145,FCWD2,H8_warp_student,2.322523832321167,"[2.3326804637908936, 2.2597997188568115, 2.322523832321167]",8,8,7,1,False,"[11211080, 11261132, 11311175, 11361228, 11411280, 11461323, 11511376, 11561428]",348,0.7508306626449242,259.3568000011146,124.62570000207052,23.694600036833435,407.67710004001856,16.12859999295324,61.5129999932833,107.83110000193119,67.97430000733584,3.1855000415816903,1,3,1,2,2,16515072,7989762
FCWD2:0146,FCWD2,H8_reference,2.309293508529663,"[2.332961082458496, 2.2717769145965576, 2.309293508529663]",8,8,0,8,False,"[11261480, 11311480, 11361480, 11411480, 11461480, 11511480, 11561480, 11611480]",0,1.0,1474.8744000098668,1517.5632999744266,25.988200039137155,3018.4259000234306,0.10620005195960402,114.24490000354126,670.6216000020504,661.9042999809608,11.90909999422729,8,12,12,0,0,16515072,48183627
FCWD2:0146,FCWD2,H8_warp,2.3097994327545166,"[2.3192203044891357, 2.2895970344543457, 2.3097994327545166]",8,8,7,1,False,"[11261132, 11311175, 11361228, 11411280, 11461323, 11511376, 11561428, 11611480]",348,0.7547006453597325,256.36539998231456,260.06950001465157,30.959900002926588,547.3947999998927,13.5522999917157,58.19099996006116,105.4792000213638,73.80100002046674,1.2833999935537577,1,3,1,2,2,16515072,8288452
FCWD2:0146,FCWD2,H8_warp_student,2.325247049331665,"[2.3390276432037354, 2.266738176345825, 2.325247049331665]",8,8,7,1,False,"[11261132, 11311175, 11361228, 11411280, 11461323, 11511376, 11561428, 11611480]",348,0.7547006453597325,278.67619995959103,127.19620001735166,27.921200031414628,433.7936000083573,13.85139999911189,62.185299990233034,113.62120002740994,82.29089999804273,3.033399989362806,1,3,1,2,2,16515072,8288452
FCWD2:0147,FCWD2,H8_reference,2.233327865600586,"[2.2788548469543457, 2.225811719894409, 2.233327865600586]",8,8,0,8,False,"[11311524, 11361524, 11411524, 11461524, 11511524, 11561524, 11611524, 11661524]",0,1.0,1594.632400025148,1405.0972999539226,21.48749999469146,3021.217199973762,0.13639999087899923,128.9526000036858,702.4368999991566,735.1915000472218,13.02640000358224,8,12,12,0,0,16515072,49116502
FCWD2:0147,FCWD2,H8_warp,2.3016538619995117,"[2.3159589767456055, 2.288971424102783, 2.3016538619995117]",8,8,7,1,False,"[11311175, 11361228, 11411280, 11461323, 11511376, 11561428, 11611480, 11661524]",349,0.7589796466826451,265.231000026688,251.04609999107197,25.872799975331873,542.1498999930918,10.465900006238371,56.24589999206364,113.83400001795962,79.87249997677281,1.207200053613633,1,3,1,2,2,16515072,8698577
FCWD2:0147,FCWD2,H8_warp_student,2.3134663105010986,"[2.3311588764190674, 2.260995864868164, 2.3134663105010986]",8,8,7,1,False,"[11311175, 11361228, 11411280, 11461323, 11511376, 11561428, 11611480, 11661524]",349,0.7589796466826451,269.12569999694824,108.20229997625574,23.302400019019842,400.63039999222383,12.507099949289113,59.057299979031086,112.03910002950579,78.71149998391047,2.436900045722723,1,3,1,2,2,16515072,8698577
FCWD2:0148,FCWD2,H8_reference,2.471005916595459,"[2.544175863265991, 2.471005916595459, 2.4664177894592285]",8,8,0,8,False,"[11361576, 11411576, 11461576, 11511576, 11561576, 11611576, 11661576, 11711576]",0,1.0,1736.6492999717593,1531.5276000183076,30.925899976864457,3299.1027999669313,0.11379999341443181,120.38540001958609,735.9248999855481,848.9128000219353,14.914300001692027,8,12,12,0,0,16515072,50211115
FCWD2:0148,FCWD2,H8_warp,2.4464306831359863,"[2.5041258335113525, 2.4464306831359863, 2.4447171688079834]",8,8,7,1,False,"[11361228, 11411280, 11461323, 11511376, 11561428, 11611480, 11661524, 11711576]",348,0.7596161939230704,337.8630999941379,290.01050000078976,21.47599996533245,649.3495999602601,12.308599951211363,67.44839996099472,141.70809998176992,109.00820000097156,1.4127999893389642,1,3,1,2,2,16515072,9023532
FCWD2:0148,FCWD2,H8_warp_student,2.429889440536499,"[2.4663078784942627, 2.377227306365967, 2.429889440536499]",8,8,7,1,False,"[11361228, 11411280, 11461323, 11511376, 11561428, 11611480, 11661524, 11711576]",348,0.7596161939230704,339.75569996982813,113.30100003397092,30.299299978651106,483.35599998245016,15.40150004439056,69.62989998282865,148.2090000063181,97.04219998093322,4.831099999137223,1,3,1,2,2,16515072,9023532
FCWD2:0149,FCWD2,H8_reference,2.4731032848358154,"[2.5618960857391357, 2.4694418907165527, 2.4731032848358154]",8,8,0,8,False,"[11411629, 11461629, 11511629, 11561629, 11611629, 11661629, 11711629, 11761629]",0,1.0,1759.7557999542914,1427.2573000052944,25.033999991137534,3212.0470999507234,0.13219995889812708,158.3225000067614,749.2798999883235,820.0704000191763,14.630099991336465,8,12,12,0,0,16515072,51457368
FCWD2:0149,FCWD2,H8_warp,2.418041467666626,"[2.469700574874878, 2.418041467666626, 2.4075498580932617]",8,8,7,1,False,"[11411280, 11461323, 11511376, 11561428, 11611480, 11661524, 11711576, 11761629]",349,0.7636555474393312,315.3782000299543,250.4948999849148,20.996499981265515,586.8695999961346,14.363700000103563,74.82330000493675,121.61929998546839,96.89089999301359,1.0239999974146485,1,3,1,2,2,16515072,9431209
FCWD2:0149,FCWD2,H8_warp_student,2.377971649169922,"[2.411273956298828, 2.3220267295837402, 2.377971649169922]",8,8,7,1,False,"[11411280, 11461323, 11511376, 11561428, 11611480, 11661524, 11711576, 11761629]",349,0.7636555474393312,308.4373000310734,127.99439998343587,28.479799977503717,464.911499992013,13.878400030080229,62.88380001205951,124.80239995056763,99.31680001318455,2.9131000046618283,1,3,1,2,2,16515072,9431209
FCWD2:0150,FCWD2,H8_reference,2.3421690464019775,"[2.398071527481079, 2.3310933113098145, 2.3421690464019775]",8,8,0,8,False,"[11461672, 11511672, 11561672, 11611672, 11661672, 11711672, 11761672, 11811672]",0,1.0,1963.3369000512175,1460.6129999738187,24.26729997387156,3448.2171999989077,0.1039999770000577,129.17049997486174,886.5644000470638,922.62159998063,11.74460002221167,8,12,12,0,0,16515072,53056677
FCWD2:0150,FCWD2,H8_warp,2.317565441131592,"[2.3532345294952393, 2.317565441131592, 2.311628580093384]",8,8,7,1,False,"[11461323, 11511376, 11561428, 11611480, 11661524, 11711576, 11761629, 11811672]",349,0.7641770097802728,318.64749995293096,352.90090000489727,29.0095999953337,700.5579999531619,23.773499997332692,63.18180001107976,128.9598000003025,94.96200003195554,3.1048000091686845,1,3,1,2,2,16515072,9784333
FCWD2:0150,FCWD2,H8_warp_student,2.295253038406372,"[2.3185768127441406, 2.2337520122528076, 2.295253038406372]",8,8,7,1,False,"[11461323, 11511376, 11561428, 11611480, 11661524, 11711576, 11761629, 11811672]",349,0.7641770097802728,321.42369996290654,113.39419998694211,20.91320004547015,455.7310999953188,14.944599999580532,92.49230002751574,120.28569995891303,86.02319995407015,2.5686000008136034,1,3,1,2,2,16515072,9784333
FCWD2:0151,FCWD2,H8_reference,2.1990034580230713,"[2.2297372817993164, 2.193176031112671, 2.1990034580230713]",8,8,0,8,False,"[11511724, 11561724, 11611724, 11661724, 11711724, 11761724, 11811724, 11861724]",0,1.0,1733.8950999546796,1453.6572000361048,27.779600000940263,3215.3318999917246,0.1142999972216785,129.9400000134483,664.5270999870263,914.990899967961,11.314400006085634,8,12,12,0,0,16515072,54735716
FCWD2:0151,FCWD2,H8_warp,2.1812338829040527,"[2.1985902786254883, 2.1812338829040527, 2.1744909286499023]",8,8,7,1,False,"[11511376, 11561428, 11611480, 11661524, 11711576, 11761629, 11811672, 11861724]",348,0.7679993977065795,302.5995999923907,263.1283000227995,23.98100000573322,589.7089000209235,11.587400047574192,70.10449998779222,125.66449999576434,89.60629999637604,1.2551999534480274,1,3,1,2,2,16515072,9975685
FCWD2:0151,FCWD2,H8_warp_student,2.156708240509033,"[2.1664624214172363, 2.097273111343384, 2.156708240509033]",8,8,7,1,False,"[11511376, 11561428, 11611480, 11661524, 11711576, 11761629, 11811672, 11861724]",348,0.7679993977065795,306.26099999062717,130.1587000489235,23.035299964249134,459.4550000037998,15.580300008878112,69.69040003605187,125.86079997709021,87.7310000360012,2.9192999936640263,1,3,1,2,2,16515072,9975685
FCWD2:0152,FCWD2,H8_reference,2.099566698074341,"[2.125692844390869, 2.0951502323150635, 2.099566698074341]",8,8,0,8,False,"[11561776, 11611776, 11661776, 11711776, 11761776, 11811776, 11861776, 11911776]",0,1.0,1928.8124999729916,1406.1062000109814,22.385900025255978,3357.304600009229,0.11520000407472253,165.81170004792511,705.369699979201,1030.5979999830015,10.893800004851073,8,12,12,0,0,16515072,56666304
FCWD2:0152,FCWD2,H8_warp,2.100088119506836,"[2.100088119506836, 2.100119113922119, 2.089306592941284]",8,8,7,1,False,"[11561428, 11611480, 11661524, 11711576, 11761629, 11811672, 11861724, 11911776]",348,0.7684200995925758,297.644299978856,420.9349000011571,22.442699992097914,741.021899972111,10.66170004196465,63.057999999728054,125.48160000005737,92.84140000818297,1.2313000042922795,1,3,1,2,2,16515072,10518580
FCWD2:0152,FCWD2,H8_warp_student,2.0885400772094727,"[2.0960233211517334, 2.0372684001922607, 2.0885400772094727]",8,8,7,1,False,"[11561428, 11611480, 11661524, 11711576, 11761629, 11811672, 11861724, 11911776]",348,0.7684200995925758,303.2039999961853,101.75869998056442,26.647499995306134,431.61019997205585,12.85890000872314,65.36109995795414,123.94450005376711,93.2219999958761,2.809500030707568,1,3,1,2,2,16515072,10518580
FCWD2:0153,FCWD2,H8_reference,2.040830612182617,"[2.06034255027771, 2.03922963142395, 2.040830612182617]",8,8,0,8,False,"[11611820, 11661820, 11711820, 11761820, 11811820, 11861820, 11911820, 11961820]",0,1.0,2151.0843000141904,1448.7594999955036,26.859299978241324,3626.7030999879353,0.10179996024817228,279.8359000007622,818.9583999919705,1019.1933000460267,11.690900020767003,8,12,12,0,0,16515072,59197553
FCWD2:0153,FCWD2,H8_warp,2.024097204208374,"[2.024097204208374, 2.0269455909729004, 2.009695291519165]",8,8,7,1,False,"[11611480, 11661524, 11711576, 11761629, 11811672, 11861724, 11911776, 11961820]",340,0.7525472696955279,480.71700002765283,245.57069997536018,23.00660003675148,749.2943000397645,14.252099965233356,88.72050000354648,253.0790999880992,117.79380001826212,1.182100037112832,1,3,1,2,2,16515072,11618293
FCWD2:0153,FCWD2,H8_warp_student,2.007267713546753,"[2.0150911808013916, 1.9639171361923218, 2.007267713546753]",8,8,7,1,False,"[11611480, 11661524, 11711576, 11761629, 11811672, 11861724, 11911776, 11961820]",340,0.7525472696955279,334.9684000131674,208.07170000625774,23.128200031351298,566.1683000507765,14.706700050737709,72.79100001323968,131.52930000796914,107.75129997637123,3.026599995791912,1,3,1,2,2,16515072,11618293
FCWD2:0154,FCWD2,H8_reference,2.052217960357666,"[2.0860273838043213, 2.052217960357666, 2.0516538619995117]",8,8,0,8,False,"[11661872, 11711872, 11761872, 11811872, 11861872, 11911872, 11961872, 12011872]",0,1.0,2474.3485000217333,1458.7985000107437,40.537499997299165,3973.6845000297762,0.10369997471570969,166.15429997909814,978.7578000104986,1285.8220000052825,14.14029998704791,8,12,12,0,0,16515072,61357080
FCWD2:0154,FCWD2,H8_warp,2.016423225402832,"[2.016423225402832, 2.0235185623168945, 2.0008904933929443]",8,8,7,1,False,"[11661524, 11711576, 11761629, 11811672, 11861724, 11911776, 11961820, 12011872]",348,0.7411265933922997,420.15429999446496,258.08080000570044,23.011599958408624,701.246699958574,11.872300005052239,80.60139999724925,165.15260003507137,153.88800000073388,1.7016000347211957,1,3,1,2,2,16515072,12130894
FCWD2:0154,FCWD2,H8_warp_student,1.9992856979370117,"[2.012676239013672, 1.95928156375885, 1.9992856979370117]",8,8,7,1,False,"[11661524, 11711576, 11761629, 11811672, 11861724, 11911776, 11961820, 12011872]",348,0.7411265933922997,400.36299999337643,133.24400002602488,38.91780000412837,572.5248000235297,12.490900000557303,72.65909999841824,165.6840000068769,137.98250001855195,3.2050000154413283,1,3,1,2,2,16515072,12130894
FCWD2:0155,FCWD2,H8_reference,2.051974058151245,"[2.0894651412963867, 2.051974058151245, 2.0474228858947754]",8,8,0,8,False,"[11711925, 11761925, 11811925, 11861925, 11911925, 11961925, 12011925, 12061925]",0,1.0,2756.4450000063516,1528.6699999705888,27.170700021088123,4312.285699998029,0.1105000264942646,191.35389995062724,994.1651000408456,1517.585199966561,21.415899973362684,8,12,12,0,0,16515072,63938632
FCWD2:0155,FCWD2,H8_warp,2.0190465450286865,"[2.0190465450286865, 2.0283050537109375, 2.0011613368988037]",8,8,7,1,False,"[11711576, 11761629, 11811672, 11861724, 11911776, 11961820, 12011872, 12061925]",349,0.7366234732469465,378.2006000401452,284.84300000127405,23.427699983585626,686.4713000250049,12.71949999500066,86.7123999632895,152.68070000456646,119.65969996526837,1.0374999837949872,1,3,1,2,2,16515072,12337767
FCWD2:0155,FCWD2,H8_warp_student,2.0003366470336914,"[2.019737720489502, 1.9614017009735107, 2.0003366470336914]",8,8,7,1,False,"[11711576, 11761629, 11811672, 11861724, 11911776, 11961820, 12011872, 12061925]",349,0.7366234732469465,443.963400030043,117.11019999347627,21.935999975539744,583.009599999059,14.115600031800568,78.3040999667719,177.8588000452146,163.4300999576226,2.7735999901778996,1,3,1,2,2,16515072,12337767
FCWD2:0156,FCWD2,H8_reference,1.9882330894470215,"[2.0146799087524414, 1.9882330894470215, 1.983999490737915]",8,8,0,8,False,"[11761968, 11811968, 11861968, 11911968, 11961968, 12011968, 12061968, 12111968]",0,1.0,2550.7038999930955,1565.0976999895647,21.823000046424568,4137.624600029085,0.10710000060498714,169.65729999355972,958.1711000064388,1378.6963999737054,11.009200010448694,8,12,12,0,0,16515072,66482036
FCWD2:0156,FCWD2,H8_warp,1.999557375907898,"[1.999557375907898, 2.005798578262329, 1.9739981889724731]",8,8,7,1,False,"[11761629, 11811672, 11861724, 11911776, 11961820, 12011872, 12061925, 12111968]",339,0.7262572713775738,346.8633000156842,288.69750001467764,30.091599968727678,665.6523999990895,10.487199993804097,70.62509999377653,143.37519998662174,115.79619999974966,1.0878000175580382,1,3,1,2,2,16515072,12760132
FCWD2:0156,FCWD2,H8_warp_student,1.9580199718475342,"[1.9785386323928833, 1.9182956218719482, 1.9580199718475342]",8,8,7,1,False,"[11761629, 11811672, 11861724, 11911776, 11961820, 12011872, 12061925, 12111968]",339,0.7262572713775738,450.0092000234872,114.42220001481473,21.82819996960461,586.2596000079066,14.061800029594451,72.73730001179501,236.7499999818392,118.18559997482225,2.7669999981299043,1,3,1,2,2,16515072,12760132
FCWD2:0157,FCWD2,H8_reference,1.9670408964157104,"[2.006578207015991, 1.9670408964157104, 1.9611409902572632]",8,8,0,8,False,"[11812020, 11862020, 11912020, 11962020, 12012020, 12062020, 12112020, 12162020]",0,1.0,2550.886699988041,1638.3504000259563,26.10009995987639,4215.337199973874,0.1039999770000577,166.32739995839074,967.3963999957778,1381.0918999952264,11.052599991671741,8,12,12,0,0,16515072,68822052
FCWD2:0157,FCWD2,H8_warp,1.9802364110946655,"[1.9802364110946655, 1.9896165132522583, 1.9544627666473389]",8,8,7,1,False,"[11811672, 11861724, 11911776, 11961820, 12011872, 12061925, 12111968, 12162020]",348,0.7196376720111097,361.53899994678795,238.63600002368912,20.249799999874085,620.4247999703512,12.809599982574582,78.75410001724958,146.7638000031002,116.6341999778524,1.1036000214517117,1,3,1,2,2,16515072,12708809
FCWD2:0157,FCWD2,H8_warp_student,1.9303377866744995,"[1.951134443283081, 1.8901121616363525, 1.9303377866744995]",8,8,7,1,False,"[11811672, 11861724, 11911776, 11961820, 12011872, 12061925, 12111968, 12162020]",348,0.7196376720111097,368.8592000398785,116.91839998820797,24.680099973920733,510.4577000020072,14.142600004561245,88.41640001628548,137.7152999630198,119.06230001477525,3.3853999921120703,1,3,1,2,2,16515072,12708809
FCWD2:0158,FCWD2,H8_reference,1.9204622507095337,"[1.9520740509033203, 1.9204622507095337, 1.9137643575668335]",8,8,0,8,False,"[11862073, 11912073, 11962073, 12012073, 12062073, 12112073, 12162073, 12212073]",0,1.0,2236.9463000213727,1462.177100009285,22.167099989019334,3721.290500019677,0.10419997852295637,149.54109996324405,812.4454999924637,1242.376099980902,12.21000001532957,8,12,12,0,0,16515072,71427761
FCWD2:0158,FCWD2,H8_warp,1.9262925386428833,"[1.9262925386428833, 1.9403555393218994, 1.9064502716064453]",8,8,7,1,False,"[11861724, 11911776, 11961820, 12011872, 12061925, 12111968, 12162020, 12212073]",349,0.7076862113058767,362.77100001461804,239.49339997489005,21.497100009582937,623.761499999091,14.710100018419325,73.65769997704774,144.92829999653623,122.47860000934452,0.8539999835193157,1,3,1,2,2,16515072,12930217
FCWD2:0158,FCWD2,H8_warp_student,1.8826345205307007,"[1.9016344547271729, 1.8442573547363281, 1.8826345205307007]",8,8,7,1,False,"[11861724, 11911776, 11961820, 12011872, 12061925, 12111968, 12162020, 12212073]",349,0.7076862113058767,356.16269998718053,116.3057999801822,27.260600007139146,499.7290999745019,13.078999996650964,73.84090003324673,140.11300000129268,121.20529997628182,2.053000032901764,1,3,1,2,2,16515072,12930217
FCWD2:0159,FCWD2,H8_reference,1.919791579246521,"[1.9501973390579224, 1.919791579246521, 1.9134281873703003]",8,8,0,8,False,"[11912116, 11962116, 12012116, 12062116, 12112116, 12162116, 12212116, 12262116]",0,1.0,2582.1837999974377,1483.3193000522442,23.395399970468134,4088.89850002015,0.10130001464858651,175.2684999955818,975.767600000836,1395.7251000101678,11.259699997026473,8,12,12,0,0,16515072,74316979
FCWD2:0159,FCWD2,H8_warp,1.918677806854248,"[1.918677806854248, 1.9290766716003418, 1.8959386348724365]",8,8,7,1,False,"[11911776, 11961820, 12011872, 12061925, 12111968, 12162020, 12212073, 12262116]",340,0.6993959043071897,380.4629999794997,267.72230002097785,20.439199986867607,668.6244999873452,12.223700003232807,83.14729999983683,145.7873999606818,132.49550003092736,1.198899990413338,1,3,1,2,2,16515072,13789295
FCWD2:0159,FCWD2,H8_warp_student,1.8796149492263794,"[1.9002913236618042, 1.8424075841903687, 1.8796149492263794]",8,8,7,1,False,"[11911776, 11961820, 12011872, 12061925, 12111968, 12162020, 12212073, 12262116]",340,0.6993959043071897,379.4124000123702,109.4794999808073,23.92510004574433,512.8170000389218,13.000899984035641,78.44170002499595,148.44890002859756,129.54419996822253,3.1742999562993646,1,3,1,2,2,16515072,13789295
FCWD2:0160,FCWD2,H8_reference,1.829500675201416,"[1.8486864566802979, 1.827730417251587, 1.829500675201416]",8,8,0,8,False,"[11962168, 12012168, 12062168, 12112168, 12162168, 12212168, 12262168, 12312168]",0,1.0,2924.6535999700427,1457.146200002171,31.52979997685179,4413.329599949066,0.10389997623860836,181.37220002245158,969.9863000423647,1731.610999966506,11.974999972153455,8,12,12,0,0,16515072,77270729
FCWD2:0160,FCWD2,H8_warp,1.813614010810852,"[1.813614010810852, 1.8146908283233643, 1.7896808385849]",8,8,7,1,False,"[11961820, 12011872, 12061925, 12111968, 12162020, 12212073, 12262116, 12312168]",348,0.7056,390.9935000119731,275.5720000131987,22.063200012780726,688.6287000379525,10.53870003670454,78.8264999864623,154.56380002433434,139.86900000600144,1.3309000059962273,1,3,1,2,2,16515072,14553377
FCWD2:0160,FCWD2,H8_warp_student,1.8354004621505737,"[1.85532808303833, 1.799992561340332, 1.8354004621505737]",8,8,7,1,False,"[11961820, 12011872, 12061925, 12111968, 12162020, 12212073, 12262116, 12312168]",348,0.7056,406.61319997161627,135.6383000384085,28.337499999906868,570.5890000099316,12.611899990588427,86.72899997327477,154.2654000222683,142.97599997371435,2.921000006608665,1,3,1,2,2,16515072,14553377
FCWD2:0161,FCWD2,H8_reference,1.7538623809814453,"[1.7855972051620483, 1.7538623809814453, 1.7512056827545166]",8,8,0,8,False,"[12012221, 12062221, 12112221, 12162221, 12212221, 12262221, 12312221, 12362221]",0,1.0,2602.555699995719,1451.005199982319,36.40739998081699,4089.968299958855,0.10359997395426035,182.84620001213625,934.6379999769852,1447.1728000207804,13.99509998736903,8,12,12,0,0,16515072,80473002
FCWD2:0161,FCWD2,H8_warp,1.7573351860046387,"[1.7762118577957153, 1.7573351860046387, 1.7310521602630615]",8,8,7,1,False,"[12011872, 12061925, 12111968, 12162020, 12212073, 12262116, 12312168, 12362221]",349,0.7091412742382271,399.10190005321056,235.119599965401,21.387299988418818,655.6088000070304,14.305399963632226,82.17509998939931,153.34169997368008,142.09909999044612,1.0560000082477927,1,3,1,2,2,16515072,15189007
FCWD2:0161,FCWD2,H8_warp_student,1.837925672531128,"[1.8602927923202515, 1.8023065328598022, 1.837925672531128]",8,8,7,1,False,"[12011872, 12061925, 12111968, 12162020, 12212073, 12262116, 12312168, 12362221]",349,0.7091412742382271,406.57589997863397,111.45839997334406,20.554700051434338,538.5890000034124,13.313399977050722,82.76009996188805,155.36580001935363,146.63149998523295,2.281899971421808,1,3,1,2,2,16515072,15189007
FCWD2:0162,FCWD2,H8_reference,1.7506484985351562,"[1.794187307357788, 1.7506484985351562, 1.7498716115951538]",8,8,0,8,False,"[12062264, 12112264, 12162264, 12212264, 12262264, 12312264, 12362264, 12412264]",0,1.0,3008.965499990154,1444.083500013221,22.497300000395626,4475.546300003771,0.10559998918324709,187.9886999959126,1176.9494999898598,1591.2543999729678,11.862099985592067,8,12,12,0,0,16515072,83770509
FCWD2:0162,FCWD2,H8_warp,1.7456496953964233,"[1.7697104215621948, 1.7456496953964233, 1.7154039144515991]",8,8,7,1,False,"[12061925, 12111968, 12162020, 12212073, 12262116, 12312168, 12362221, 12412264]",339,0.7120892705378528,521.8033000128344,267.489799996838,22.584600024856627,811.877700034529,10.62309998087585,97.7095999987796,206.9970999727957,198.9661999978125,1.096600026357919,1,3,1,2,2,16515072,15920823
FCWD2:0162,FCWD2,H8_warp_student,1.8224704265594482,"[1.8462237119674683, 1.786813735961914, 1.8224704265594482]",8,8,7,1,False,"[12061925, 12111968, 12162020, 12212073, 12262116, 12312168, 12362221, 12412264]",339,0.7120892705378528,468.65200001047924,129.7177000087686,26.620999968145043,624.9906999873929,14.318800007458776,97.5911000277847,183.65839996840805,162.30030002770945,3.2559999963268638,1,3,1,2,2,16515072,15920823
FCWD2:0163,FCWD2,H8_reference,1.7172608375549316,"[1.777848482131958, 1.7172608375549316, 1.7121360301971436]",8,8,0,8,False,"[12112316, 12162316, 12212316, 12262316, 12312316, 12362316, 12412316, 12462316]",0,1.0,2918.3183000423014,1508.449799963273,22.884300036821514,4449.652400042396,0.1080999500118196,199.1952999960631,1082.9761000350118,1586.1642000381835,11.373799992725253,8,12,12,0,0,16515072,87496569
FCWD2:0163,FCWD2,H8_warp,1.699747085571289,"[1.7299660444259644, 1.699747085571289, 1.6681668758392334]",8,8,7,1,False,"[12111968, 12162020, 12212073, 12262116, 12312168, 12362221, 12412264, 12462316]",348,0.6993576877790632,569.4598999689333,267.5370000069961,22.690000012516975,859.6868999884464,23.383599997032434,208.41620001010597,167.56810003425926,160.5081000016071,2.688299980945885,1,3,1,2,2,16515072,16790866
FCWD2:0163,FCWD2,H8_warp_student,1.8103455305099487,"[1.835625410079956, 1.7744836807250977, 1.8103455305099487]",8,8,7,1,False,"[12111968, 12162020, 12212073, 12262116, 12312168, 12362221, 12412264, 12462316]",348,0.6993576877790632,619.4702999782749,105.00119999051094,23.24960002442822,747.721099993214,19.536900043021888,120.69059995701537,305.2637000218965,164.069099992048,3.018000046722591,1,3,1,2,2,16515072,16790866
FCWD2:0164,FCWD2,H8_reference,1.6894183158874512,"[1.7731317281723022, 1.6894183158874512, 1.6808607578277588]",8,8,0,8,False,"[12162369, 12212369, 12262369, 12312369, 12362369, 12412369, 12462369, 12512369]",0,1.0,3277.846099983435,1451.0141999926418,25.704700034111738,4754.565000010189,0.12360000982880592,228.28059998573735,1171.4947000145912,1830.720099969767,11.705099954269826,8,12,12,0,0,16515072,91915957
FCWD2:0164,FCWD2,H8_warp,1.6574490070343018,"[1.6966782808303833, 1.6574490070343018, 1.6196633577346802]",8,8,7,1,False,"[12162020, 12212073, 12262116, 12312168, 12362221, 12412264, 12462316, 12512369]",349,0.6854299621416983,473.62350003095344,240.46020000241697,20.620599971152842,734.7043000045232,12.63199996901676,101.537799986545,177.93569999048486,172.10109997540712,1.935899956151843,1,3,1,2,2,16515072,18120759
FCWD2:0164,FCWD2,H8_warp_student,1.8279389142990112,"[1.8577971458435059, 1.7899280786514282, 1.8279389142990112]",8,8,7,1,False,"[12162020, 12212073, 12262116, 12312168, 12362221, 12412264, 12462316, 12512369]",349,0.6854299621416983,483.9016000041738,109.51610002666712,23.087300010956824,616.5050000417978,13.842999993357807,105.7707000290975,181.13590002758428,172.97379998490214,2.437999995891005,1,3,1,2,2,16515072,18120759
FCWD2:0165,FCWD2,H8_reference,1.677902102470398,"[1.7633424997329712, 1.677902102470398, 1.6669471263885498]",8,8,0,8,False,"[12212421, 12262421, 12312421, 12362421, 12412421, 12462421, 12512421, 12562421]",0,1.0,3131.951399962418,1431.6115999827161,24.556500022299588,4588.1194999674335,0.10980002116411924,204.78369999909773,1064.2001999658532,1812.0760000310838,11.453600018285215,8,12,12,0,0,16515072,96284430
FCWD2:0165,FCWD2,H8_warp,1.6201907396316528,"[1.6512577533721924, 1.6201907396316528, 1.5867054462432861]",8,8,7,1,False,"[12212073, 12262116, 12312168, 12362221, 12412264, 12462316, 12512369, 12562421]",348,0.6770373977581184,500.95580000197515,305.7400999823585,22.747900045942515,829.4438000302762,12.471100024413317,106.40990000683814,186.3008000073023,185.8230999787338,1.5237000188790262,1,3,1,2,2,16515072,19307733
FCWD2:0165,FCWD2,H8_warp_student,1.8111995458602905,"[1.8428105115890503, 1.7729588747024536, 1.8111995458602905]",8,8,7,1,False,"[12212073, 12262116, 12312168, 12362221, 12412264, 12462316, 12512369, 12562421]",348,0.6770373977581184,517.6066000130959,129.4752000248991,23.710999987088144,670.7928000250831,13.965999998617917,109.82959996908903,194.8100000154227,186.6738999960944,3.318500006571412,1,3,1,2,2,16515072,19307733
FCWD2:0166,FCWD2,H8_reference,1.666117787361145,"[1.734819769859314, 1.666117787361145, 1.6644240617752075]",8,8,0,8,False,"[12262465, 12312465, 12362465, 12412465, 12462465, 12512465, 12562465, 12612465]",0,1.0,3360.5779000208713,1530.9649999835528,28.848899994045496,4920.39179999847,0.10629999451339245,240.3057999908924,1131.9180999998935,1939.1686000162736,13.30779999261722,8,12,12,0,0,16515072,100480319
FCWD2:0166,FCWD2,H8_warp,1.5978847742080688,"[1.6251702308654785, 1.5978847742080688, 1.5748379230499268]",8,8,7,1,False,"[12262116, 12312168, 12362221, 12412264, 12462316, 12512369, 12562421, 12612465]",349,0.6692049689704197,583.0324999988079,259.0677000116557,29.09999998519197,871.2001999956556,11.589600006118417,127.78959999559447,218.08389999205247,214.6257000276819,1.3561999658122659,1,3,1,2,2,16515072,20205367
FCWD2:0166,FCWD2,H8_warp_student,1.74602210521698,"[1.7751721143722534, 1.711299180984497, 1.74602210521698]",8,8,7,1,False,"[12262116, 12312168, 12362221, 12412264, 12462316, 12512369, 12562421, 12612465]",349,0.6692049689704197,549.0005000028759,115.09059998206794,27.584100025705993,691.6752000106499,15.101199969649315,117.88659996818751,207.17369997873902,196.63640001090243,2.9407000401988626,1,3,1,2,2,16515072,20205367
FCWD2:0167,FCWD2,H8_reference,1.7528935670852661,"[1.8067594766616821, 1.745031476020813, 1.7528935670852661]",8,8,0,8,False,"[12312517, 12362517, 12412517, 12462517, 12512517, 12562517, 12612517, 12662517]",0,1.0,3333.637900010217,1530.7288999902084,24.166900024283677,4888.533700024709,0.10740000288933516,237.49989998759702,1003.6819000379182,2043.36070001591,11.862300045322627,8,12,12,0,0,16515072,105334057
FCWD2:0167,FCWD2,H8_warp,1.6471755504608154,"[1.6803934574127197, 1.6471755504608154, 1.6327475309371948]",8,8,7,1,False,"[12312168, 12362221, 12412264, 12462316, 12512369, 12562421, 12612465, 12662517]",349,0.652192352606994,558.775199984666,252.19949998427182,22.51610002713278,833.4907999960706,10.795800015330315,123.47430002409965,207.75599998887628,206.47809997899458,1.1644999613054097,1,3,1,2,2,16515072,21200734
FCWD2:0167,FCWD2,H8_warp_student,1.7459086179733276,"[1.7769867181777954, 1.714945912361145, 1.7459086179733276]",8,8,7,1,False,"[12312168, 12362221, 12412264, 12462316, 12512369, 12562421, 12612465, 12662517]",349,0.652192352606994,572.6439999998547,103.58200001064688,21.741400007158518,697.9674000176601,14.073199999984354,116.76279996754602,221.47980000590906,208.80909997504205,2.305599977262318,1,3,1,2,2,16515072,21200734
FCWD2:0168,FCWD2,H8_reference,1.7379817962646484,"[1.7918232679367065, 1.7360610961914062, 1.7379817962646484]",8,8,0,8,False,"[12362570, 12412570, 12462570, 12512570, 12562570, 12612570, 12662570, 12712570]",0,1.0,3446.595099987462,1436.359099985566,21.73370000673458,4904.687899979763,0.10629999451339245,251.72210001619533,1069.8231999995187,2075.3630000399426,11.049500026274472,8,12,12,0,0,16515072,110514093
FCWD2:0168,FCWD2,H8_warp,1.666730523109436,"[1.710216760635376, 1.666730523109436, 1.6513303518295288]",8,8,6,2,False,"[12362570, 12412264, 12462316, 12512369, 12562421, 12612465, 12662517, 12712570]",306,0.6672030252094652,631.7328999866731,417.25070000393316,23.210000013932586,1072.193600004539,31.11500001978129,138.92070000292733,223.79770001862198,226.00809996947646,1.9854999845847487,2,6,1,5,5,16515072,22376301
FCWD2:0168,FCWD2,H8_warp_student,1.7089563608169556,"[1.7412583827972412, 1.6861515045166016, 1.7089563608169556]",8,8,6,2,False,"[12362570, 12412264, 12462316, 12512369, 12562421, 12612465, 12662517, 12712570]",306,0.6672030252094652,637.0174000039697,177.01540002599359,21.205500001087785,835.238300031051,30.54360003443435,135.92600001720712,229.10649998812005,226.78470000391826,4.595600010361522,2,6,1,5,5,16515072,22376301
FCWD2:0169,FCWD2,H8_reference,1.7654749155044556,"[1.8286393880844116, 1.7622071504592896, 1.7654749155044556]",8,8,0,8,False,"[12412613, 12462613, 12512613, 12562613, 12612613, 12662613, 12712613, 12762613]",0,1.0,4008.0558999907225,1575.128099997528,25.724400009494275,5608.908399997745,0.10760000441223383,255.9816999710165,1390.0907000061125,2294.8914999724366,11.705599958077073,8,12,12,0,0,16515072,116291441
FCWD2:0169,FCWD2,H8_warp,1.6820787191390991,"[1.7423077821731567, 1.6820787191390991, 1.6695524454116821]",8,8,6,2,False,"[12412613, 12462316, 12512369, 12562421, 12612465, 12662517, 12712570, 12762613]",297,0.6702036362003796,632.3368999874219,421.436199976597,23.036600032355636,1076.8096999963745,27.805699966847897,129.66759997652844,233.76039997674525,228.51129999617115,1.968699973076582,2,6,1,5,5,16515072,23697728
FCWD2:0169,FCWD2,H8_warp_student,1.7540873289108276,"[1.7931550741195679, 1.7315603494644165, 1.7540873289108276]",8,8,6,2,False,"[12412613, 12462316, 12512369, 12562421, 12612465, 12662517, 12712570, 12762613]",297,0.6702036362003796,678.34959999891,201.94649999029934,32.72570000262931,913.0217999918386,31.851200037635863,126.2226999970153,276.65100002195686,226.78769996855408,6.51599996490404,2,6,1,5,5,16515072,23697728
FCWD2:0170,FCWD2,H8_reference,1.7412258386611938,"[1.798961877822876, 1.7274075746536255, 1.7412258386611938]",8,8,0,8,False,"[12462665, 12512665, 12562665, 12612665, 12662665, 12712665, 12762665, 12812665]",0,1.0,4109.034499968402,1501.5898999990895,23.375899996608496,5634.0002999641,0.13950001448392868,281.4731999533251,1415.1696000481024,2355.8252999791875,11.963099997956306,8,12,12,0,0,16515072,122645344
FCWD2:0170,FCWD2,H8_warp,1.6626580953598022,"[1.7257509231567383, 1.6626580953598022, 1.65895676612854]",8,8,6,2,False,"[12462665, 12512369, 12562421, 12612465, 12662517, 12712570, 12762613, 12812665]",296,0.6734018996561972,699.0791999851353,411.6580000263639,21.567000017967075,1132.3042000294663,40.07860005367547,143.18219997221604,249.15340001462027,252.65229999786243,2.65360000776127,2,6,1,5,5,16515072,24812061
FCWD2:0170,FCWD2,H8_warp_student,1.7424043416976929,"[1.7835899591445923, 1.720096468925476, 1.7424043416976929]",8,8,6,2,False,"[12462665, 12512369, 12562421, 12612465, 12662517, 12712570, 12762613, 12812665]",296,0.6734018996561972,681.0466999886557,174.37749996315688,22.653100022580475,878.0772999743931,28.9106999989599,135.71290002437308,249.09619998652488,249.970700009726,5.3114999900572,2,6,1,5,5,16515072,24812061
FCWD2:0171,FCWD2,H8_reference,1.7989612817764282,"[1.851563811302185, 1.7764902114868164, 1.7989612817764282]",8,8,0,8,False,"[12512717, 12562717, 12612717, 12662717, 12712717, 12762717, 12812717, 12862717]",0,1.0,4441.3263000315055,1485.1234999950975,23.7974000046961,5950.247200031299,0.10289996862411499,276.5135999652557,1403.1760000507347,2682.4321000021882,13.508199946954846,8,12,12,0,0,16515072,128854764
FCWD2:0171,FCWD2,H8_warp,1.7244844436645508,"[1.7945390939712524, 1.7240111827850342, 1.7244844436645508]",8,8,6,2,False,"[12512717, 12562421, 12612465, 12662517, 12712570, 12762613, 12812665, 12862717]",296,0.6645143215843258,3141.3941999780945,443.4597999788821,26.309900043997914,3611.1639000009745,35.26660002535209,1189.3072999664582,1452.3615999496542,411.5938000031747,5.726900009904057,2,6,2,4,4,16515072,128854764
FCWD2:0171,FCWD2,H8_warp_student,1.7639238834381104,"[1.8102421760559082, 1.742244005203247, 1.7639238834381104]",8,8,6,2,False,"[12512717, 12562421, 12612465, 12662517, 12712570, 12762613, 12812665, 12862717]",296,0.6645143215843258,3003.0861999839544,207.73289998760447,27.475600014440715,3238.2946999859996,29.18040001532063,1233.9094000053592,1257.2412000154145,423.890299978666,6.8922999780625105,2,6,2,4,4,16515072,128854764
FCWD2:0172,FCWD2,H8_reference,1.7940977811813354,"[1.8415592908859253, 1.7823996543884277, 1.7940977811813354]",8,8,0,8,False,"[12562761, 12612761, 12662761, 12712761, 12762761, 12812761, 12862761, 12912761]",0,1.0,4697.670600027777,1917.7828999818303,38.43409998808056,6653.887599997688,0.10519998613744974,282.09370002150536,1321.6347999987192,2994.5271000033244,14.751799986697733,8,12,12,0,0,16515072,0
FCWD2:0172,FCWD2,H8_warp,1.7605907917022705,"[1.8263660669326782, 1.7523372173309326, 1.7605907917022705]",8,8,6,2,False,"[12562761, 12612465, 12662517, 12712570, 12762613, 12812665, 12862717, 12912761]",296,0.657879954112647,2648.3171999570914,664.3587000435218,46.269599988590926,3358.945499989204,36.909100017510355,284.1117000207305,1669.8757999693044,556.8246999755502,6.233500025700778,2,6,2,4,4,16515072,0
FCWD2:0172,FCWD2,H8_warp_student,1.7716612815856934,"[1.8198095560073853, 1.747596025466919, 1.7716612815856934]",8,8,6,2,False,"[12562761, 12612465, 12662517, 12712570, 12762613, 12812665, 12862717, 12912761]",296,0.657879954112647,2693.416599999182,290.9254999831319,44.64959999313578,3028.9916999754496,35.9967999975197,265.53420000709593,1756.8662000121549,527.4261999875307,8.027200005017221,2,6,2,4,4,16515072,0
FCWD2:0173,FCWD2,H8_reference,1.7940343618392944,"[1.8339366912841797, 1.7940343618392944, 1.7896618843078613]",8,8,0,8,False,"[12612813, 12662813, 12712813, 12762813, 12812813, 12862813, 12912813, 12962813]",0,1.0,7210.610900016036,2106.901899969671,41.97080002631992,9359.483600012027,0.17120002303272486,1760.4243000387214,2022.7243999834172,3315.0549000129104,12.747999979183078,8,12,12,0,0,16515072,0
FCWD2:0173,FCWD2,H8_warp,1.7699521780014038,"[1.82814621925354, 1.7676975727081299, 1.7699521780014038]",8,8,6,2,False,"[12612813, 12662517, 12712570, 12762613, 12812665, 12862717, 12912761, 12962813]",296,0.65761385630004,4356.2945000012405,535.0802000029944,31.332499987911433,4922.707199992146,33.603699994273484,1644.6077000000514,1929.4521000119857,635.964100016281,2.7731999871321023,2,6,2,4,4,16515072,0
FCWD2:0173,FCWD2,H8_warp_student,1.8017648458480835,"[1.8542189598083496, 1.7774869203567505, 1.8017648458480835]",8,8,6,2,False,"[12612813, 12662517, 12712570, 12762613, 12812665, 12862717, 12912761, 12962813]",296,0.65761385630004,4315.629200020339,252.3020999506116,35.703200032003224,4603.634500002954,31.596100016031414,1525.3240000456572,2068.260799976997,566.7060000123456,5.981600028462708,2,6,2,4,4,16515072,0
FCWD2:0174,FCWD2,H8_reference,2.060663938522339,"[2.1178271770477295, 2.060663938522339, 2.0538647174835205]",8,8,0,8,False,"[12662865, 12712865, 12762865, 12812865, 12862865, 12912865, 12962865, 13012865]",0,1.0,7576.229800004512,1929.4157000258565,49.943999969400465,9555.589499999769,0.15879998682066798,1817.6787000265904,2103.333799983375,3518.4708000160754,35.45460000168532,8,12,12,0,0,16515072,0
FCWD2:0174,FCWD2,H8_warp,1.9992613792419434,"[2.067124843597412, 1.9992613792419434, 1.9942810535430908]",8,8,6,2,False,"[12662865, 12712570, 12762613, 12812665, 12862717, 12912761, 12962813, 13012865]",295,0.6588146965786257,4418.703700008336,586.7788999457844,39.69980002148077,5045.182399975602,39.35109998565167,1712.5615000259131,1931.9619999732822,613.5009999852628,8.181699959095567,2,6,2,4,4,16515072,0
FCWD2:0174,FCWD2,H8_warp_student,1.8800653219223022,"[1.9448200464248657, 1.854620099067688, 1.8800653219223022]",8,8,6,2,False,"[12662865, 12712570, 12762613, 12812665, 12862717, 12912761, 12962813, 13012865]",295,0.6588146965786257,4558.5365000297315,226.51509998831898,27.515300025697798,4812.566900043748,37.787700013723224,1667.2526000184007,2147.3100000293925,578.914400015492,6.227799982298166,2,6,2,4,4,16515072,0
FCWD2:0175,FCWD2,H8_reference,1.9817135334014893,"[2.028507709503174, 1.9817135334014893, 1.9513599872589111]",8,8,0,8,False,"[12712909, 12762909, 12812909, 12862909, 12912909, 12962909, 13012909, 13062909]",0,1.0,6620.382399996743,1398.3744999859482,25.27159999590367,8044.0284999785945,0.16410002717748284,1899.2433000239544,1603.2472000224516,3026.3098999857903,10.453299968503416,8,12,12,0,0,16515072,0
FCWD2:0175,FCWD2,H8_warp,1.931234359741211,"[1.9871976375579834, 1.931234359741211, 1.911081075668335]",8,8,6,2,False,"[12712909, 12762613, 12812665, 12862717, 12912761, 12962813, 13012865, 13062909]",296,0.6568075388926883,3809.404400002677,454.5444999821484,25.02599998842925,4288.974899973255,23.57080002548173,1453.6381000070833,1708.2425000262447,515.6584000214934,2.0864999969489872,2,6,2,4,4,16515072,0
FCWD2:0175,FCWD2,H8_warp_student,1.7919148206710815,"[1.8453618288040161, 1.766545057296753, 1.7919148206710815]",8,8,6,2,False,"[12712909, 12762613, 12812665, 12862717, 12912761, 12962813, 13012865, 13062909]",296,0.6568075388926883,3678.781100024935,198.4070999897085,22.181399981491268,3899.3695999961346,25.640200008638203,1394.5766999968328,1585.2995999739505,573.1007999856956,5.494199984241277,2,6,2,4,4,16515072,0
FCWD2:0176,FCWD2,H8_reference,1.8963518142700195,"[1.9729944467544556, 1.8963518142700195, 1.8865941762924194]",8,8,0,8,False,"[12762961, 12812961, 12862961, 12912961, 12962961, 13012961, 13062961, 13112961]",0,1.0,6185.878099990077,1460.8184000244364,28.243499982636422,7674.93999999715,0.10419997852295637,1576.6170999850146,1461.9593999814242,3050.463799969293,10.686599998734891,8,12,12,0,0,16515072,0
FCWD2:0176,FCWD2,H8_warp,1.8290867805480957,"[1.899947166442871, 1.8274891376495361, 1.8290867805480957]",8,8,6,2,False,"[12762961, 12812665, 12862717, 12912761, 12962813, 13012865, 13062909, 13112961]",296,0.6566011265809332,3904.586200020276,402.99839997896925,27.081199979875237,4334.6657999791205,32.36969996942207,1462.0217999909073,1740.2606999967247,565.3611000161618,5.017799965571612,2,6,2,4,4,16515072,0
FCWD2:0176,FCWD2,H8_warp_student,1.8014763593673706,"[1.8585143089294434, 1.7752324342727661, 1.8014763593673706]",8,8,6,2,False,"[12762961, 12812665, 12862717, 12912761, 12962813, 13012865, 13062909, 13112961]",296,0.6566011265809332,4070.459199952893,175.94670003745705,23.981700011063367,4270.387600001413,25.057299993932247,1661.5059000323527,1713.4504999849014,572.3106999648735,5.404399998951703,2,6,2,4,4,16515072,0
FCWD2:0177,FCWD2,H8_reference,1.9776861667633057,"[2.0454893112182617, 1.975603461265564, 1.9776861667633057]",8,8,0,8,False,"[12813014, 12863014, 12913014, 12963014, 13013014, 13063014, 13113014, 13163014]",0,1.0,6457.0230999961495,1514.0640999889001,23.0598000343889,7994.147000019439,0.1097000204026699,1628.1930999830365,1568.6021000146866,3160.8946999767795,9.624099999200553,8,12,12,0,0,16515072,0
FCWD2:0177,FCWD2,H8_warp,1.903555154800415,"[1.9962610006332397, 1.903555154800415, 1.8999816179275513]",8,8,6,2,False,"[12813014, 12862717, 12912761, 12962813, 13012865, 13062909, 13112961, 13163014]",297,0.667489,3893.3805000269786,406.74729994498193,26.62890002829954,4326.75670000026,24.07460001995787,1589.3052999745123,1605.4573999717832,568.643799982965,2.105099963955581,2,6,2,4,4,16515072,0
FCWD2:0177,FCWD2,H8_warp_student,1.8680195808410645,"[1.9359886646270752, 1.8409130573272705, 1.8680195808410645]",8,8,6,2,False,"[12813014, 12862717, 12912761, 12962813, 13012865, 13062909, 13112961, 13163014]",297,0.667489,4062.365299963858,179.4025000417605,22.05219998722896,4263.819999992847,36.41050000442192,1706.7005999851972,1639.6960000274703,575.2982000121847,4.805599979590625,2,6,2,4,4,16515072,0
FCWD2:0178,FCWD2,H8_reference,2.190025568008423,"[2.256882905960083, 2.168323040008545, 2.190025568008423]",8,8,0,8,False,"[12863057, 12913057, 12963057, 13013057, 13063057, 13113057, 13163057, 13213057]",0,1.0,7060.363299970049,1404.565500037279,22.344900004100055,8487.273700011428,0.10280002607032657,1693.023899977561,1867.1557999914512,3387.7180000417866,11.133400024846196,8,12,12,0,0,16515072,0
FCWD2:0178,FCWD2,H8_warp,2.090789318084717,"[2.1882126331329346, 2.089249849319458, 2.090789318084717]",8,8,6,2,False,"[12863057, 12912761, 12962813, 13012865, 13062909, 13112961, 13163014, 13213057]",296,0.6762267885757376,4076.0667999857105,411.05630004312843,21.850199962500483,4508.973299991339,33.325100026559085,1562.8911000094377,1796.474999981001,568.4922999935225,4.940799961332232,2,6,2,4,4,16515072,0
FCWD2:0178,FCWD2,H8_warp_student,2.0050525665283203,"[2.0972423553466797, 1.9757968187332153, 2.0050525665283203]",8,8,6,2,False,"[12863057, 12912761, 12962813, 13012865, 13062909, 13112961, 13163014, 13213057]",296,0.6762267885757376,3933.4210999659263,175.02590001095086,24.64050002163276,4133.08749999851,24.27779999561608,1649.7804000391625,1607.6905999798328,543.9914999878965,6.387299974448979,2,6,2,4,4,16515072,0
FCWD2:0179,FCWD2,H8_reference,2.247865676879883,"[2.3188388347625732, 2.247865676879883, 2.242973804473877]",8,8,0,8,False,"[12913109, 12963109, 13013109, 13063109, 13113109, 13163109, 13213109, 13263109]",0,1.0,7451.697500015143,1501.596599991899,37.88630000781268,8991.180400014855,0.17069996101781726,1734.5822000061162,1884.2301999684423,3710.5902999755926,14.821699995081872,8,12,12,0,0,16515072,0
FCWD2:0179,FCWD2,H8_warp,2.142430305480957,"[2.2257015705108643, 2.142430305480957, 2.1109423637390137]",8,8,7,1,False,"[12912761, 12962813, 13012865, 13062909, 13112961, 13163014, 13213057, 13263109]",348,0.6519523337401547,981.7313000094146,260.7218999764882,21.971400012262166,1264.424599998165,12.495199975091964,303.9754999917932,306.98529997607693,335.98560001701117,1.1053000343963504,1,3,1,2,2,16515072,33857642
FCWD2:0179,FCWD2,H8_warp_student,1.9792869091033936,"[2.0612807273864746, 1.9443341493606567, 1.9792869091033936]",8,8,7,1,False,"[12912761, 12962813, 13012865, 13062909, 13112961, 13163014, 13213057, 13263109]",348,0.6519523337401547,996.2715000147,113.96059999242425,22.01820001937449,1132.2503000264987,17.65799999702722,330.1126000005752,300.7926999707706,329.2986000305973,3.1589000136591494,1,3,1,2,2,16515072,33857642
FCWD2:0180,FCWD2,H8_reference,2.157749891281128,"[2.179469585418701, 2.1329007148742676, 2.157749891281128]",8,8,0,8,False,"[12963162, 13013162, 13063162, 13113162, 13163162, 13213162, 13263162, 13313162]",0,1.0,7695.69910003338,1393.4462000033818,21.853999991435558,9110.999300028197,0.10230002226307988,1950.9232999989763,2078.8394999690354,3550.1504999701865,11.718699999619275,8,12,12,0,0,16515072,0
FCWD2:0180,FCWD2,H8_warp,2.027256727218628,"[2.083056926727295, 2.0244948863983154, 2.027256727218628]",8,8,7,1,False,"[12962813, 13012865, 13062909, 13112961, 13163014, 13213057, 13263109, 13313162]",349,0.6758440993701693,845.9111000411212,246.0974999703467,23.87889998499304,1115.887499996461,11.199700005818158,175.7249000365846,305.53800001507625,330.67990001291037,1.4069000026211143,1,3,1,2,2,16515072,33430755
FCWD2:0180,FCWD2,H8_warp_student,1.9360727071762085,"[2.00754451751709, 1.9012184143066406, 1.9360727071762085]",8,8,7,1,False,"[12962813, 13012865, 13062909, 13112961, 13163014, 13213057, 13263109, 13313162]",349,0.6758440993701693,838.1698000011966,104.76560000097379,21.943199972156435,964.8785999743268,13.127900019753724,178.74280002433807,302.59799998020753,325.1651999889873,2.845299954060465,1,3,1,2,2,16515072,33430755
FCWD2:0181,FCWD2,H8_reference,2.5896661281585693,"[2.673675060272217, 2.5322797298431396, 2.5896661281585693]",8,8,0,8,False,"[13013205, 13063205, 13113205, 13163205, 13213205, 13263205, 13313205, 13363205]",0,1.0,7556.316200003494,1476.1571999988519,23.854199971538037,9056.327599973883,0.10379997547715902,1785.9840000164695,1888.6908999993466,3759.9853999563493,11.252399999648333,8,12,12,0,0,16515072,0
FCWD2:0181,FCWD2,H8_warp,2.3429577350616455,"[2.4754812717437744, 2.3429577350616455, 2.3401784896850586]",8,8,7,1,False,"[13012865, 13062909, 13112961, 13163014, 13213057, 13263109, 13313162, 13363205]",340,0.6964884299307958,810.5733999982476,240.07860000710934,22.94860000256449,1073.6006000079215,11.207100003957748,172.37040004692972,289.02869997546077,315.56459999410436,1.0035999584943056,1,3,1,2,2,16515072,32432022
FCWD2:0181,FCWD2,H8_warp_student,2.320810556411743,"[2.474977493286133, 2.2920820713043213, 2.320810556411743]",8,8,7,1,False,"[13012865, 13062909, 13112961, 13163014, 13213057, 13263109, 13313162, 13363205]",340,0.6964884299307958,834.4179999548942,118.53920004796237,29.760300007183105,982.7175000100397,12.936500017531216,175.96720001893118,291.82520002359524,332.50120002776384,4.2372000170871615,1,3,1,2,2,16515072,32432022
FCWD2:0182,FCWD2,H8_reference,2.602205753326416,"[2.735522985458374, 2.5802712440490723, 2.602205753326416]",8,8,0,8,False,"[13063257, 13113257, 13163257, 13213257, 13263257, 13313257, 13363257, 13413257]",0,1.0,7990.042599965818,1480.4445000481792,23.451099987141788,9493.93820000114,0.2098999684676528,1870.888500008732,2230.004699958954,3753.0510000069626,11.126000026706606,8,12,12,0,0,16515072,0
FCWD2:0182,FCWD2,H8_warp,2.4843173027038574,"[2.6573619842529297, 2.4843173027038574, 2.471979856491089]",8,8,7,1,False,"[13062909, 13112961, 13163014, 13213057, 13263109, 13313162, 13363205, 13413257]",348,0.7195085229985091,814.4195000058971,242.864899977576,21.91900002071634,1079.2034000041895,11.340399971231818,168.1906000012532,294.98659999808297,317.73000000976026,1.2020999565720558,1,3,1,2,2,16515072,31735379
FCWD2:0182,FCWD2,H8_warp_student,2.4029078483581543,"[2.5719845294952393, 2.380265951156616, 2.4029078483581543]",8,8,7,1,False,"[13062909, 13112961, 13163014, 13213057, 13263109, 13313162, 13363205, 13413257]",348,0.7195085229985091,798.3021000400186,108.08299999916926,28.132899955380708,934.5179999945685,14.056499989237636,169.30449998471886,283.0684999935329,314.8751999833621,2.1179000032134354,1,3,1,2,2,16515072,31735379
FCWD2:0183,FCWD2,H8_reference,2.699091672897339,"[2.7880022525787354, 2.699091672897339, 2.6388792991638184]",8,8,0,8,False,"[13113310, 13163310, 13213310, 13263310, 13313310, 13363310, 13413310, 13463310]",0,1.0,8174.9069999787025,1499.1068000090308,27.204699988942593,9701.218499976676,0.10320002911612391,1891.3473999709822,2305.656199983787,3832.948600000236,12.906000018119812,8,12,12,0,0,16515072,0
FCWD2:0183,FCWD2,H8_warp,2.5723750591278076,"[2.734708309173584, 2.5723750591278076, 2.5248775482177734]",8,8,7,1,False,"[13112961, 13163014, 13213057, 13263109, 13313162, 13363205, 13413257, 13463310]",349,0.7407908960428429,897.5445000105537,324.07259999308735,27.655999991111457,1249.2730999947526,13.006299966946244,224.2038999684155,303.0672000022605,336.2314999685623,1.1282999766990542,1,3,1,2,2,16515072,32640051
FCWD2:0183,FCWD2,H8_warp_student,2.2643632888793945,"[2.3797521591186523, 2.2336370944976807, 2.2643632888793945]",8,8,7,1,False,"[13112961, 13163014, 13213057, 13263109, 13313162, 13363205, 13413257, 13463310]",349,0.7407908960428429,868.2579000014812,128.70669999392703,25.764300022274256,1022.7289000176825,15.684799989685416,187.75719997938722,307.3518000310287,338.99920003023,2.307299990206957,1,3,1,2,2,16515072,32640051
FCWD2:0184,FCWD2,H8_reference,2.4301633834838867,"[2.4891881942749023, 2.4253809452056885, 2.4301633834838867]",8,8,0,8,False,"[13163353, 13213353, 13263353, 13313353, 13363353, 13413353, 13463353, 13513353]",0,1.0,7954.172199999448,1560.8499000081792,25.31310002086684,9540.335200028494,0.10710000060498714,1874.0065000019968,2173.980500025209,3771.7051999643445,13.474499981384724,8,12,12,0,0,16515072,0
FCWD2:0184,FCWD2,H8_warp,2.3186192512512207,"[2.415166139602661, 2.292604923248291, 2.3186192512512207]",8,8,7,1,False,"[13163014, 13213057, 13263109, 13313162, 13363205, 13413257, 13463310, 13513353]",339,0.7601042558997392,885.645900038071,410.2623999933712,27.36529998946935,1323.2736000209115,13.55949998833239,210.32620000187308,306.25209998106584,327.8721999959089,1.242099970113486,1,3,1,2,2,16515072,33617126
FCWD2:0184,FCWD2,H8_warp_student,2.1153383255004883,"[2.1936869621276855, 2.0708365440368652, 2.1153383255004883]",8,8,7,1,False,"[13163014, 13213057, 13263109, 13313162, 13363205, 13413257, 13463310, 13513353]",339,0.7601042558997392,864.9628999992274,135.89350000256673,25.249199999962002,1026.105600001756,13.518800027668476,177.97130002873018,306.26739998115227,345.318200008478,3.647300007287413,1,3,1,2,2,16515072,33617126
FCWD2:0185,FCWD2,H8_reference,2.4804725646972656,"[2.5236310958862305, 2.46331524848938, 2.4804725646972656]",8,8,0,8,False,"[13213405, 13263405, 13313405, 13363405, 13413405, 13463405, 13513405, 13563405]",0,1.0,8773.242599971127,1459.2412000056356,21.781600022222847,10254.265399998985,0.1066999975591898,1952.769699972123,2312.0557999936864,4378.05960001424,11.622199963312596,8,12,12,0,0,16515072,0
FCWD2:0185,FCWD2,H8_warp,2.3664262294769287,"[2.440904378890991, 2.348696708679199, 2.3664262294769287]",8,8,7,1,False,"[13213057, 13263109, 13313162, 13363205, 13413257, 13463310, 13513353, 13563405]",348,0.778991533083827,881.676199962385,254.41660004435107,22.426099982112646,1158.5188999888487,12.818500050343573,190.86829997831956,311.8491999921389,338.2147999946028,1.443199987988919,1,3,1,2,2,16515072,33649409
FCWD2:0185,FCWD2,H8_warp_student,2.0903842449188232,"[2.1696553230285645, 2.0390782356262207, 2.0903842449188232]",8,8,7,1,False,"[13213057, 13263109, 13313162, 13363205, 13413257, 13463310, 13513353, 13563405]",348,0.778991533083827,854.9511000164784,129.84499998856336,31.188499997369945,1015.9846000024118,13.357000018004328,185.8195000095293,305.1897999830544,332.8077999758534,2.781699993647635,1,3,1,2,2,16515072,33649409
FCWD2:0186,FCWD2,H8_reference,2.553879737854004,"[2.617224931716919, 2.553879737854004, 2.544609308242798]",8,8,0,8,False,"[13263458, 13313458, 13363458, 13413458, 13463458, 13513458, 13563458, 13613458]",0,1.0,8202.029899985064,1416.397600027267,22.566800005733967,9640.994300018065,0.10429997928440571,1969.9659000034444,2164.942000003066,3942.0635999995284,11.972000007517636,8,12,12,0,0,16515072,0
FCWD2:0186,FCWD2,H8_warp,2.497311592102051,"[2.5742545127868652, 2.46504545211792, 2.497311592102051]",8,8,7,1,False,"[13263109, 13313162, 13363205, 13413257, 13463310, 13513353, 13563405, 13613458]",349,0.7809973107995989,886.7987000267021,285.83459998480976,21.277999971061945,1193.9112999825738,12.365100032184273,201.14790002116933,299.4936999748461,344.9034999939613,1.4631999656558037,1,3,1,2,2,16515072,33115031
FCWD2:0186,FCWD2,H8_warp_student,2.110830068588257,"[2.200608253479004, 2.059772491455078, 2.110830068588257]",8,8,7,1,False,"[13263109, 13313162, 13363205, 13413257, 13463310, 13513353, 13563405, 13613458]",349,0.7809973107995989,818.5050000320189,108.95490000257269,22.878099989611655,950.3380000242032,12.200500001199543,171.35600000619888,293.7497000093572,322.1612999914214,2.6190000353381038,1,3,1,2,2,16515072,33115031
FCWD2:0187,FCWD2,H8_reference,2.436140298843384,"[2.492058515548706, 2.436140298843384, 2.409184455871582]",8,8,0,8,False,"[13313501, 13363501, 13413501, 13463501, 13513501, 13563501, 13613501, 13663501]",0,1.0,8535.20479996223,1469.631500018295,24.87339999061078,10029.709699971136,0.13699999544769526,1990.5933000263758,2368.3728000032715,4036.2615999765694,11.366699996870011,8,12,12,0,0,16515072,0
FCWD2:0187,FCWD2,H8_warp,2.331522226333618,"[2.3994126319885254, 2.2982912063598633, 2.331522226333618]",8,8,7,1,False,"[13313162, 13363205, 13413257, 13463310, 13513353, 13563405, 13613458, 13663501]",339,0.7816433489759221,832.5874000438489,247.224599996116,22.362399962730706,1102.1744000026956,22.213299991562963,172.89879999589175,295.36749998806044,317.1573000145145,1.123499998357147,1,3,1,2,2,16515072,33024880
FCWD2:0187,FCWD2,H8_warp_student,2.0691168308258057,"[2.159428358078003, 2.0209052562713623, 2.0691168308258057]",8,8,7,1,False,"[13313162, 13363205, 13413257, 13463310, 13513353, 13563405, 13613458, 13663501]",339,0.7816433489759221,824.9215999967419,104.47459999704733,21.87890000641346,951.2751000002027,15.326099994126707,171.13849997986108,295.70369998691604,324.26160003524274,2.4423999711871147,1,3,1,2,2,16515072,33024880
FCWD2:0188,FCWD2,H8_reference,2.2989771366119385,"[2.343413829803467, 2.2658236026763916, 2.2989771366119385]",8,8,0,8,False,"[13363554, 13413554, 13463554, 13513554, 13563554, 13613554, 13663554, 13713554]",0,1.0,8265.782199974637,1384.4781999941915,22.338800015859306,9672.599199984688,0.1050999853760004,1985.8337999903597,2153.3888000412844,3998.9767999504693,14.515099988784641,8,12,12,0,0,16515072,0
FCWD2:0188,FCWD2,H8_warp,2.2203757762908936,"[2.2579023838043213, 2.166616916656494, 2.2203757762908936]",8,8,7,1,False,"[13363205, 13413257, 13463310, 13513353, 13563405, 13613458, 13663501, 13713554]",349,0.7824337365324873,878.3084999886341,265.0619000196457,22.780400002375245,1166.150800010655,21.120699995663017,193.83110001217574,315.7365000224672,327.32969999779016,3.0725999968126416,1,3,1,2,2,16515072,33088018
FCWD2:0188,FCWD2,H8_warp_student,2.0244829654693604,"[2.1141469478607178, 1.984976053237915, 2.0244829654693604]",8,8,7,1,False,"[13363205, 13413257, 13463310, 13513353, 13563405, 13613458, 13663501, 13713554]",349,0.7824337365324873,841.4301000302657,117.16909997630864,24.107399978674948,982.7065999852493,12.566199991852045,184.85309998504817,300.569600018207,324.98400000622496,2.6948999729938805,1,3,1,2,2,16515072,33088018
FCWD2:0189,FCWD2,H8_reference,2.5168299674987793,"[2.5426299571990967, 2.426384449005127, 2.5168299674987793]",8,8,0,8,False,"[13413606, 13463606, 13513606, 13563606, 13613606, 13663606, 13713606, 13763606]",0,1.0,8604.482099995948,1878.3634999999776,44.095000019297004,10526.940600015223,0.10150001617148519,1923.9723999635316,2306.685700023081,4222.8754999814555,11.388499988242984,8,12,12,0,0,16515072,0
FCWD2:0189,FCWD2,H8_warp,2.330841541290283,"[2.380228042602539, 2.296492338180542, 2.330841541290283]",8,8,7,1,False,"[13413257, 13463310, 13513353, 13563405, 13613458, 13663501, 13713554, 13763606]",349,0.7830340044511154,1006.3868999714032,443.16590001108125,42.57059999508783,1492.1233999775723,41.303400008473545,204.38909996300936,359.4986000098288,379.77880000835285,3.074500011280179,1,3,1,2,2,16515072,30246060
FCWD2:0189,FCWD2,H8_warp_student,2.1236867904663086,"[2.238673210144043, 2.0885183811187744, 2.1236867904663086]",8,8,7,1,False,"[13413257, 13463310, 13513353, 13563405, 13613458, 13663501, 13713554, 13763606]",349,0.7830340044511154,943.4281000285409,165.8291999483481,32.29640005156398,1141.553700028453,18.488299974706024,181.26899999333546,351.19610000401735,370.6545999739319,3.4689000458456576,1,3,1,2,2,16515072,30246060
FCWD2:0190,FCWD2,H8_reference,2.8359954357147217,"[2.9061291217803955, 2.7450568675994873, 2.8359954357147217]",8,8,0,8,False,"[13463649, 13513649, 13563649, 13613649, 13663649, 13713649, 13763649, 13813649]",0,1.0,10155.555600009393,2079.132799990475,46.767500054556876,12281.455900054425,0.15739997616037726,2419.1834999946877,2691.449799982365,4859.958300017752,17.71099999314174,8,12,12,0,0,16515072,0
FCWD2:0190,FCWD2,H8_warp,2.6604361534118652,"[2.773041009902954, 2.6604361534118652, 2.648149251937866]",8,8,7,1,False,"[13463310, 13513353, 13563405, 13613458, 13663501, 13713554, 13763606, 13813649]",339,0.7837743107343342,862.154400034342,374.65839996002614,34.29490001872182,1271.10770001309,16.411999997217208,183.3362000179477,299.5646999916062,338.5439999983646,1.1304999934509397,1,3,1,2,2,16515072,26698279
FCWD2:0190,FCWD2,H8_warp_student,2.4250099658966064,"[2.6180946826934814, 2.4177708625793457, 2.4250099658966064]",8,8,7,1,False,"[13463310, 13513353, 13563405, 13613458, 13663501, 13713554, 13763606, 13813649]",339,0.7837743107343342,858.6596000241116,164.52679998474196,36.224599985871464,1059.410999994725,18.463500018697232,178.71519998880103,308.10979998204857,333.2251000101678,3.3094999962486327,1,3,1,2,2,16515072,26698279
FCWD2:0191,FCWD2,H8_reference,2.8927271366119385,"[3.043818950653076, 2.858255386352539, 2.8927271366119385]",8,8,0,8,False,"[13513702, 13563702, 13613702, 13663702, 13713702, 13763702, 13813702, 13863702]",0,1.0,9742.875700001605,1976.135200005956,38.26440003467724,11757.275300042238,0.3488999791443348,2333.84160004789,2539.924999990035,4713.276599999517,10.773400019388646,8,12,12,0,0,16515072,0
FCWD2:0191,FCWD2,H8_warp,2.696305513381958,"[2.8201303482055664, 2.696305513381958, 2.680706262588501]",8,8,7,1,False,"[13513353, 13563405, 13613458, 13663501, 13713554, 13763606, 13813649, 13863702]",349,0.8042401431434962,860.7019999762997,390.91260003624484,34.458199981600046,1286.0727999941446,41.97830002522096,168.01899997517467,302.71419999189675,325.286400038749,5.421499954536557,1,3,1,2,2,16515072,25627942
FCWD2:0191,FCWD2,H8_warp_student,2.608410120010376,"[2.794166326522827, 2.608410120010376, 2.5779061317443848]",8,8,7,1,False,"[13513353, 13563405, 13613458, 13663501, 13713554, 13763606, 13813649, 13863702]",349,0.8042401431434962,838.2437000400387,151.26969997072592,35.42820003349334,1024.941600044258,18.412199977319688,176.23989999992773,293.323700025212,328.67889996850863,3.6628000088967383,1,3,1,2,2,16515072,25627942
FCWD2:0192,FCWD2,H8_reference,3.1993744373321533,"[3.3089141845703125, 3.1993744373321533, 3.158055543899536]",8,8,0,8,False,"[13563754, 13613754, 13663754, 13713754, 13763754, 13813754, 13863754, 13913754]",0,1.0,9508.05299996864,2039.9864000501111,32.65749994898215,11580.696899967734,0.23370003327727318,2338.58149999287,2385.459000011906,4633.9201999944635,15.784400049597025,8,12,12,0,0,16515072,0
FCWD2:0192,FCWD2,H8_warp,3.020599365234375,"[3.0846078395843506, 3.020599365234375, 2.9387435913085938]",8,8,7,1,False,"[13563405, 13613458, 13663501, 13713554, 13763606, 13813649, 13863702, 13913754]",349,0.8325314012792197,809.5259999972768,393.1299999821931,41.4955000160262,1244.1514999954961,14.876200002618134,178.43019997235388,284.8967000027187,306.40880001010373,1.9401999888941646,1,3,1,2,2,16515072,24290331
FCWD2:0192,FCWD2,H8_warp_student,2.9535207748413086,"[3.1222329139709473, 2.9535207748413086, 2.8603923320770264]",8,8,7,1,False,"[13563405, 13613458, 13663501, 13713554, 13763606, 13813649, 13863702, 13913754]",349,0.8325314012792197,786.3413000013679,185.78460003482178,42.56759997224435,1014.6935000084341,15.999099996406585,162.70650003571063,289.02269998798147,302.53749998519197,3.7474000127986073,1,3,1,2,2,16515072,24290331
FCWD2:0193,FCWD2,H8_reference,3.567668914794922,"[3.723435163497925, 3.567668914794922, 3.5134246349334717]",8,8,0,8,False,"[13613797, 13663797, 13713797, 13763797, 13813797, 13863797, 13913797, 13963797]",0,1.0,9833.831800031476,1913.4313999675214,42.61740000220016,11789.880600001197,0.3296000068075955,2315.1821000501513,2636.868899979163,4741.740299970843,12.479199969675392,8,12,12,0,0,16515072,0
FCWD2:0193,FCWD2,H8_warp,3.4884748458862305,"[3.6174850463867188, 3.4884748458862305, 3.3842477798461914]",8,8,7,1,False,"[13613458, 13663501, 13713554, 13763606, 13813649, 13863702, 13913754, 13963797]",339,0.8613117044993982,708.7503999937326,399.02660000370815,46.37449997244403,1154.1514999698848,8.697899989783764,149.3268000194803,249.94079995667562,277.85700000822544,1.3334000250324607,1,3,1,2,2,16515072,22057092
FCWD2:0193,FCWD2,H8_warp_student,3.339590549468994,"[3.5172250270843506, 3.339590549468994, 3.1944262981414795]",8,8,7,1,False,"[13613458, 13663501, 13713554, 13763606, 13813649, 13863702, 13913754, 13963797]",339,0.8613117044993982,732.051600003615,176.86680000042543,38.888400013092905,947.8068000171334,10.791499982587993,157.1704000234604,261.3621999626048,282.9609999898821,4.016000020783395,1,3,1,2,2,16515072,22057092
FCWD2:0194,FCWD2,H8_reference,3.733708143234253,"[3.923189878463745, 3.733708143234253, 3.715315341949463]",8,8,0,8,False,"[13663850, 13713850, 13763850, 13813850, 13863850, 13913850, 13963850, 14013850]",0,1.0,8968.357700039633,1805.6556999799795,28.075999987777323,10802.08940000739,0.1601999974809587,2187.93979997281,2196.7834000242874,4450.193899974693,10.436600015964359,8,12,12,0,0,16515072,0
FCWD2:0194,FCWD2,H8_warp,3.601564884185791,"[3.774674892425537, 3.601564884185791, 3.53548002243042]",8,8,7,1,False,"[13663501, 13713554, 13763606, 13813649, 13863702, 13913754, 13963797, 14013850]",349,0.8920573576527303,632.7540999627672,351.8010000116192,28.69880001526326,1013.2538999896497,6.758300005458295,130.27790002524853,234.2458000057377,247.00799997663125,1.6306000179611146,1,3,1,2,2,16515072,20347640
FCWD2:0194,FCWD2,H8_warp_student,3.263289451599121,"[3.3719115257263184, 3.263289451599121, 3.137542486190796]",8,8,7,1,False,"[13663501, 13713554, 13763606, 13813649, 13863702, 13913754, 13963797, 14013850]",349,0.8920573576527303,683.8683999958448,143.61460000509396,27.393800031859428,854.8768000327982,10.140900034457445,163.59919996466488,233.6125000147149,258.9397000265308,2.8717000386677682,1,3,1,2,2,16515072,20347640
FCWD2:0195,FCWD2,H8_reference,3.7854840755462646,"[3.953298568725586, 3.774103879928589, 3.7854840755462646]",8,8,0,8,False,"[13713902, 13763902, 13813902, 13863902, 13913902, 13963902, 14013902, 14063902]",0,1.0,8475.946699967608,1985.4698000126518,31.337899970822036,10492.754399951082,0.16769999638199806,2099.112200026866,2017.5378999556415,4220.193100045435,12.217800016514957,8,12,12,0,0,16515072,0
FCWD2:0195,FCWD2,H8_warp,3.662942409515381,"[3.841736316680908, 3.662942409515381, 3.629209280014038]",8,8,7,1,False,"[13713554, 13763606, 13813649, 13863702, 13913754, 13963797, 14013850, 14063902]",348,0.9248453853400178,591.0062000039034,383.1711999955587,27.278200024738908,1001.455600024201,0.4901000065729022,122.69559997366741,214.42879998357967,239.42180001176894,1.6061000060290098,1,3,1,2,2,16515072,18797206
FCWD2:0195,FCWD2,H8_warp_student,3.4197325706481934,"[3.5330255031585693, 3.4197325706481934, 3.311711311340332]",8,8,7,1,False,"[13713554, 13763606, 13813649, 13863702, 13913754, 13963797, 14013850, 14063902]",348,0.9248453853400178,601.1874999967404,182.67580005340278,33.99199998239055,817.8553000325337,0.4566999850794673,123.64219996379688,219.44940002867952,243.9872999675572,2.7469999622553587,1,3,1,2,2,16515072,18797206
FCWD2:0196,FCWD2,H8_reference,4.552901744842529,"[4.777003288269043, 4.476973056793213, 4.552901744842529]",8,8,0,8,False,"[13763954, 13813954, 13863954, 13913954, 13963954, 14013954, 14063954, 14113954]",0,1.0,7980.760400008876,2081.316100026015,32.743999967351556,10094.820500002243,0.13419997412711382,1985.6183999800123,1930.02470000647,3906.48649999639,13.358899974264205,8,12,12,0,0,16515072,0
FCWD2:0196,FCWD2,H8_warp,4.423084259033203,"[4.685136318206787, 4.41354513168335, 4.423084259033203]",8,8,7,1,False,"[13763606, 13813649, 13863702, 13913754, 13963797, 14013850, 14063902, 14113954]",348,0.9566950577715071,555.9741000179201,402.1077000070363,38.53069996694103,996.6124999918975,0.6754000205546618,148.38459994643927,180.09170005097985,213.4967000456527,1.636600005440414,1,3,1,2,2,16515072,17628728
FCWD2:0196,FCWD2,H8_warp_student,4.15923547744751,"[4.391603469848633, 4.15923547744751, 4.050321102142334]",8,8,7,1,False,"[13763606, 13813649, 13863702, 13913754, 13963797, 14013850, 14063902, 14113954]",348,0.9566950577715071,541.9101999723352,164.26920000230893,27.91469998192042,734.0940999565646,0.5154000245966017,107.72309999447316,206.4568999921903,213.1713000126183,2.9434000025503337,1,3,1,2,2,16515072,17628728
FCWD2:0197,FCWD2,H8_reference,4.413086414337158,"[4.530864715576172, 4.368235111236572, 4.413086414337158]",8,8,0,8,False,"[13813998, 13863998, 13913998, 13963998, 14013998, 14063998, 14113998, 14163998]",0,1.0,7310.830099973828,2198.8171999691986,28.7623000331223,9538.409599976148,0.13390003005042672,1817.0585000189021,1752.5705000152811,3621.8076999648474,13.94040003651753,8,12,12,0,0,16515072,0
FCWD2:0197,FCWD2,H8_warp,4.379889965057373,"[4.503261089324951, 4.362518310546875, 4.379889965057373]",8,8,7,1,False,"[13813649, 13863702, 13913754, 13963797, 14013850, 14063902, 14113954, 14163998]",349,0.9906396770835307,511.6000000271015,389.016899978742,30.763400020077825,931.3803000259213,0.5380999646149576,120.27479999233037,178.0408999766223,201.12819998757914,1.0805000201798975,1,3,1,2,2,16515072,16701956
FCWD2:0197,FCWD2,H8_warp_student,4.170962333679199,"[4.288911819458008, 4.170962333679199, 4.091503620147705]",8,8,7,1,False,"[13813649, 13863702, 13913754, 13963797, 14013850, 14063902, 14113954, 14163998]",349,0.9906396770835307,486.15850001806393,166.05270002037287,27.60949998628348,679.8207000247203,0.5133000086061656,103.609099984169,167.43510001106188,202.08509999793023,3.4471999970264733,1,3,1,2,2,16515072,16701956
FCWD2:0198,FCWD2,H8_reference,5.641234397888184,"[5.80193567276001, 5.458277702331543, 5.641234397888184]",8,8,0,8,False,"[13864050, 13914050, 13964050, 14014050, 14064050, 14114050, 14164050, 14214050]",0,1.0,6929.2315999628045,2082.9912000335753,29.531700012739748,9041.75450000912,0.1669999910518527,1824.2488999967463,1576.4832000131719,3416.450899967458,12.037699983920902,8,12,12,0,0,16515072,0
FCWD2:0198,FCWD2,H8_warp,5.617569923400879,"[5.783614158630371, 5.454722881317139, 5.617569923400879]",8,8,7,1,False,"[13863702, 13913754, 13963797, 14013850, 14063902, 14113954, 14163998, 14214050]",348,1.0,438.38840001262724,363.08999999891967,27.169200009666383,828.6476000212133,0.513400009367615,91.55140002258122,150.76499996939674,185.10200001765043,1.4407000271603465,1,3,1,2,2,16515072,14918299
FCWD2:0198,FCWD2,H8_warp_student,5.355317115783691,"[5.702630043029785, 5.3495588302612305, 5.355317115783691]",8,8,7,1,False,"[13863702, 13913754, 13963797, 14013850, 14063902, 14113954, 14163998, 14214050]",348,1.0,431.4615000039339,165.53699999349192,27.3476000293158,624.3461000267416,0.6905999616719782,92.87280001444742,150.1293999608606,176.0459000361152,2.9995000222697854,1,3,1,2,2,16515072,14918299
FCWD2:0199,FCWD2,H8_reference,5.614154815673828,"[5.75781774520874, 5.5584611892700195, 5.614154815673828]",8,8,0,8,False,"[13914103, 13964103, 14014103, 14064103, 14114103, 14164103, 14214103, 14264103]",0,1.0,6562.705199990887,1804.9661999684758,36.48340003564954,8404.154799995013,0.1341000315733254,1514.0516000101343,1590.483000036329,3350.922699959483,11.154499952681363,8,12,12,0,0,16515072,0
FCWD2:0199,FCWD2,H8_warp,5.58051872253418,"[5.713866710662842, 5.535186767578125, 5.58051872253418]",8,8,7,1,False,"[13913754, 13963797, 14013850, 14063902, 14113954, 14163998, 14214050, 14264103]",349,1.0,397.1661999821663,400.2850000397302,72.33619998442009,869.7874000063166,0.5714999861083925,86.25930000562221,132.5875999755226,168.33489999407902,1.3780000153928995,1,3,1,2,2,16515072,12875579
FCWD2:0199,FCWD2,H8_warp_student,5.293121337890625,"[5.484954357147217, 5.293121337890625, 5.288219451904297]",8,8,7,1,False,"[13913754, 13963797, 14013850, 14063902, 14113954, 14163998, 14214050, 14264103]",349,1.0,430.4296000045724,167.9038999718614,35.93320003710687,634.2667000135407,0.5884999991394579,101.29109997069463,141.9471999979578,172.17549995984882,2.812499995343387,1,3,1,2,2,16515072,12875579
FCWD2:0200,FCWD2,H8_reference,5.547287940979004,"[5.670613765716553, 5.524694919586182, 5.547287940979004]",8,8,0,8,False,"[13964146, 14014146, 14064146, 14114146, 14164146, 14214146, 14264146, 14314146]",0,1.0,5855.991799966432,1654.2073000455275,12.3668999876827,7522.565999999642,0.13880000915378332,1484.116500010714,1489.97379996581,2809.356999990996,12.689399998635054,8,12,12,0,0,16515072,131281242
FCWD2:0200,FCWD2,H8_warp,5.548442363739014,"[5.658447742462158, 5.530509948730469, 5.548442363739014]",8,8,7,1,False,"[13963797, 14013850, 14063902, 14113954, 14163998, 14214050, 14264103, 14314146]",349,1.0,242.22169996937737,236.87369999242947,10.622400033753365,489.7177999955602,0.2253999700769782,32.01750002335757,61.96180003462359,140.64980001421645,1.289699983317405,1,3,1,2,2,16515072,11017530
FCWD2:0200,FCWD2,H8_warp_student,5.311131477355957,"[5.442465305328369, 5.301180839538574, 5.311131477355957]",8,8,7,1,False,"[13963797, 14013850, 14063902, 14113954, 14163998, 14214050, 14264103, 14314146]",349,1.0,235.790700011421,132.60359998093918,16.090899996925145,384.4851999892853,0.16080000204965472,30.4617999936454,48.782699974253774,148.72060000197962,1.547299965750426,1,3,1,2,2,16515072,11017530
FCWD2:0201,FCWD2,H8_reference,5.799475193023682,"[5.83021879196167, 5.74100399017334, 5.799475193023682]",8,8,0,8,False,"[14014198, 14064198, 14114198, 14164198, 14214198, 14264198, 14314198, 14364198]",0,1.0,3225.507800001651,1087.105699989479,11.803200002759695,4324.41669999389,0.06310001481324434,85.44749999418855,1285.2415000088513,1826.6406999900937,6.412199989426881,8,12,12,0,0,16515072,119258621
FCWD2:0201,FCWD2,H8_warp,5.802931308746338,"[5.813033580780029, 5.744626522064209, 5.802931308746338]",8,8,7,1,False,"[14013850, 14063902, 14113954, 14163998, 14214050, 14264103, 14314146, 14364198]",348,1.0,106.52070003561676,162.17949998099357,11.541899992153049,280.2421000087634,0.15949999215081334,23.141599958762527,35.197800025343895,45.29989999718964,0.5642999894917011,1,3,1,2,2,16515072,9506502
FCWD2:0201,FCWD2,H8_warp_student,5.3701910972595215,"[5.473701477050781, 5.337305545806885, 5.3701910972595215]",8,8,7,1,False,"[14013850, 14063902, 14113954, 14163998, 14214050, 14264103, 14314146, 14364198]",348,1.0,117.81239998526871,59.74400002742186,11.641299992334098,189.19770000502467,0.25179999647662044,26.569999987259507,41.10859998036176,46.91700002877042,0.3842000151053071,1,3,1,2,2,16515072,9506502
FCWD2:0202,FCWD2,H8_reference,6.4700927734375,"[6.517867088317871, 6.33902645111084, 6.4700927734375]",8,8,0,8,False,"[14064251, 14114251, 14164251, 14214251, 14264251, 14314251, 14364251, 14414251]",0,1.0,2628.7585999816656,811.3678999943659,9.182100009638816,3449.3085999856703,0.057999975979328156,58.36959998123348,901.1274999938905,1643.7485000351444,5.624299985356629,8,12,12,0,0,16515072,108800425
FCWD2:0202,FCWD2,H8_warp,6.493579387664795,"[6.512631893157959, 6.346891403198242, 6.493579387664795]",8,8,7,1,False,"[14063902, 14113954, 14163998, 14214050, 14264103, 14314146, 14364198, 14414251]",349,1.0,76.41540002077818,118.69520001346245,9.908100008033216,205.01870004227385,0.1677999971434474,16.697299957741052,25.87329997913912,31.531999993603677,0.4264999879524112,1,3,1,2,2,16515072,7739930
FCWD2:0202,FCWD2,H8_warp_student,6.0236287117004395,"[6.150083541870117, 5.927263259887695, 6.0236287117004395]",8,8,7,1,False,"[14063902, 14113954, 14163998, 14214050, 14264103, 14314146, 14364198, 14414251]",349,1.0,91.0814999951981,66.84679997852072,12.462100014090538,170.39039998780936,0.20030001178383827,19.4595999782905,28.81869999691844,39.553900016471744,0.763900054153055,1,3,1,2,2,16515072,7739930
FCWD2:0203,FCWD2,H8_reference,7.171917915344238,"[7.259638786315918, 6.993556976318359, 7.171917915344238]",8,8,0,8,False,"[14114294, 14164294, 14214294, 14264294, 14314294, 14364294, 14414294, 14464294]",0,1.0,2375.8857999928296,822.2851000027731,11.209200019948184,3209.380100015551,0.039700011257082224,49.187000025995076,767.9257999989204,1526.368500024546,6.417700031306595,8,12,12,0,0,16515072,98721431
FCWD2:0203,FCWD2,H8_warp,7.222674369812012,"[7.252005577087402, 6.984292030334473, 7.222674369812012]",8,8,7,1,False,"[14113954, 14163998, 14214050, 14264103, 14314146, 14364198, 14414251, 14464294]",340,1.0,69.66670003021136,130.03260002005845,9.438599983695894,209.1379000339657,0.1925000105984509,18.67120002862066,20.956900028977543,27.096500038169324,0.43730001198127866,1,3,1,2,2,16515072,6137969
FCWD2:0203,FCWD2,H8_warp_student,6.921583652496338,"[7.047154903411865, 6.700366973876953, 6.921583652496338]",8,8,7,1,False,"[14113954, 14163998, 14214050, 14264103, 14314146, 14364198, 14414251, 14464294]",340,1.0,72.32620002469048,58.928699989337474,9.771900018677115,141.02680003270507,0.18430000636726618,15.295799996238202,22.525199980009347,31.21589997317642,1.044799981173128,1,3,1,2,2,16515072,6137969
FCWD2:0204,FCWD2,H8_reference,7.9720587730407715,"[8.271356582641602, 7.50013542175293, 7.9720587730407715]",8,8,0,8,False,"[14164346, 14214346, 14264346, 14314346, 14364346, 14414346, 14464346, 14514346]",0,1.0,1884.9313000100665,796.5057999826968,11.774700018577278,2693.2118000113405,0.055500015150755644,43.094600026961416,617.0641000499018,1200.7980999769643,5.498700018506497,8,12,12,0,0,16515072,87961213
FCWD2:0204,FCWD2,H8_warp,8.050792694091797,"[8.269489288330078, 7.4885640144348145, 8.050792694091797]",8,8,7,1,False,"[14163998, 14214050, 14264103, 14314146, 14364198, 14414251, 14464294, 14514346]",348,1.0,59.07620000652969,105.69490003399551,9.946099948137999,174.7171999886632,0.20300003234297037,12.754800030961633,18.204899970442057,25.962600018829107,0.38809998659417033,1,3,1,2,2,16515072,4790413
FCWD2:0204,FCWD2,H8_warp_student,8.319485664367676,"[8.438626289367676, 7.785678386688232, 8.319485664367676]",8,8,7,1,False,"[14163998, 14214050, 14264103, 14314146, 14364198, 14414251, 14464294, 14514346]",348,1.0,51.182799972593784,49.452100007329136,9.195899998303503,109.83079997822642,0.1571999746374786,10.619700013194233,16.066099982708693,22.10709999781102,0.8382999803870916,1,3,1,2,2,16515072,4790413
FCWD2:0205,FCWD2,H8_reference,8.615828514099121,"[8.81802749633789, 8.021297454833984, 8.615828514099121]",8,8,0,8,False,"[14214399, 14264399, 14314399, 14364399, 14414399, 14464399, 14514399, 14564399]",0,1.0,1681.9714999874122,650.472000008449,12.441800034139305,2344.8853000300005,0.05270005203783512,44.31190004106611,581.7035000072792,1039.0344999614172,4.3873999966308475,8,12,12,0,0,16515072,78144920
FCWD2:0205,FCWD2,H8_warp,8.720937728881836,"[8.814597129821777, 7.987900733947754, 8.720937728881836]",8,8,7,1,False,"[14214050, 14264103, 14314146, 14364198, 14414251, 14464294, 14514346, 14564399]",349,1.0,38.37219998240471,85.31240001320839,9.729499986860901,133.414099982474,0.17190002836287022,11.916299990843982,11.980600014794618,12.970399984624237,0.41149999015033245,1,3,1,2,2,16515072,3690377
FCWD2:0205,FCWD2,H8_warp_student,8.486947059631348,"[8.486947059631348, 8.145054817199707, 8.863802909851074]",8,8,7,1,False,"[14214050, 14264103, 14314146, 14364198, 14414251, 14464294, 14514346, 14564399]",349,1.0,46.74580000573769,62.65649996930733,18.371200014371425,127.77349998941645,0.15489995712414384,11.833399999886751,13.972299988381565,18.899999966379255,0.4673000075854361,1,3,1,2,2,16515072,3690377
FCWD2:0206,FCWD2,H8_reference,10.262285232543945,"[9.963903427124023, 10.262285232543945, 11.744266510009766]",8,8,0,8,False,"[14264442, 14314442, 14364442, 14414442, 14464442, 14514442, 14564442, 14614442]",0,1.0,1454.3650000123307,706.7375999758951,9.364500001538545,2170.4670999897644,0.05720002809539437,37.52900002291426,496.8568999902345,903.7377000204287,5.324399971868843,8,12,12,0,0,16515072,69107040
FCWD2:0206,FCWD2,H8_warp,10.162053108215332,"[9.945228576660156, 10.162053108215332, 12.001572608947754]",8,8,7,1,False,"[14264103, 14314146, 14364198, 14414251, 14464294, 14514346, 14564399, 14614442]",339,1.0,35.72119999444112,105.20779999205843,7.069100043736398,147.99810003023595,0.17060001846402884,8.454800001345575,11.285600019618869,14.492899994365871,0.3866999759338796,1,3,1,2,2,16515072,3199604
FCWD2:0206,FCWD2,H8_warp_student,11.131518363952637,"[10.035325050354004, 11.131518363952637, 13.967948913574219]",8,8,7,1,False,"[14264103, 14314146, 14364198, 14414251, 14464294, 14514346, 14564399, 14614442]",339,1.0,31.480300007387996,33.945899980608374,7.22129998030141,72.64749996829778,0.11630001245066524,7.000899990089238,10.124699969310313,13.059600023552775,0.39630004903301597,1,3,1,2,2,16515072,3199604
FCWD2:0207,FCWD2,H8_reference,10.32185173034668,"[8.660770416259766, 10.32185173034668, 12.083294868469238]",8,8,0,8,False,"[14314495, 14364495, 14414495, 14464495, 14514495, 14564495, 14614495, 14664495]",0,1.0,1085.5171000002883,564.0622000209987,6.8106999970041215,1656.3900000182912,0.04569999873638153,46.825299970805645,330.8810999733396,696.113999991212,2.812199993059039,8,12,12,0,0,16515072,63957876
FCWD2:0207,FCWD2,H8_warp,10.238402366638184,"[8.635025024414062, 10.238402366638184, 12.44076919555664]",8,8,7,1,False,"[14314146, 14364198, 14414251, 14464294, 14514346, 14564399, 14614442, 14664495]",349,1.0,54.25159999867901,81.76720002666116,6.454000016674399,142.47280004201457,0.13209995813667774,15.202299982775003,16.302399977575988,20.912299980409443,0.3768000169657171,1,3,1,2,2,16515072,6180452
FCWD2:0207,FCWD2,H8_warp_student,9.712689399719238,"[7.9447760581970215, 9.712689399719238, 12.708532333374023]",8,8,7,1,False,"[14314146, 14364198, 14414251, 14464294, 14514346, 14564399, 14614442, 14664495]",349,1.0,52.36869998043403,33.96140004042536,6.349999981466681,92.68010000232607,0.1574999769218266,13.948699983302504,15.89899999089539,20.767299982253462,0.4083000239916146,1,3,1,2,2,16515072,6180452
FCWD2:0208,FCWD2,H8_reference,7.919711589813232,"[6.250522136688232, 7.919711589813232, 9.170992851257324]",8,8,0,8,False,"[14364547, 14414547, 14464547, 14514547, 14564547, 14614547, 14664547, 14714547]",0,1.0,971.3270000065677,493.60709998290986,6.241399969439954,1471.1754999589175,0.04320003790780902,60.28309999965131,246.96249997941777,649.9231999623589,3.180700005032122,8,12,12,0,0,16515072,64448377
FCWD2:0208,FCWD2,H8_warp,7.8550286293029785,"[6.213841438293457, 7.8550286293029785, 9.389039039611816]",8,8,7,1,False,"[14364198, 14414251, 14464294, 14514346, 14564399, 14614442, 14664495, 14714547]",349,1.0,112.67569998744875,91.24029998201877,7.120400026906282,211.0363999963738,0.09280000813305378,26.189099997282028,36.584599991329014,47.50780004542321,0.31990004936233163,1,3,1,2,2,16515072,14147094
FCWD2:0208,FCWD2,H8_warp_student,6.462552070617676,"[5.431218147277832, 6.462552070617676, 7.988531589508057]",8,8,7,1,False,"[14364198, 14414251, 14464294, 14514346, 14564399, 14614442, 14664495, 14714547]",349,1.0,108.26180002186447,35.14919994631782,6.443899997975677,149.85489996615797,0.1392999547533691,26.954500004649162,35.30389996012673,43.45739999553189,0.4056000034324825,1,3,1,2,2,16515072,14147094
FCWD2:0209,FCWD2,H8_reference,6.828822135925293,"[5.6838531494140625, 6.828822135925293, 7.25554895401001]",8,8,0,8,False,"[14414590, 14464590, 14514590, 14564590, 14614590, 14664590, 14714590, 14764590]",0,1.0,854.2363999877125,516.8259000056423,6.643800006713718,1377.7061000000685,0.03290001768618822,77.36840000143275,196.09069998841733,565.8826999715529,2.8448000084608793,8,12,12,0,0,16515072,70983126
FCWD2:0209,FCWD2,H8_warp,6.777057647705078,"[5.630177021026611, 6.777057647705078, 7.365210056304932]",8,8,7,1,False,"[14414251, 14464294, 14514346, 14564399, 14614442, 14664495, 14714547, 14764590]",339,1.0,178.8805999676697,75.77680004760623,5.467899958603084,260.125299973879,0.12199999764561653,37.72599995136261,63.24220000533387,74.02979995822534,0.3945000353269279,1,3,1,2,2,16515072,24653298
FCWD2:0209,FCWD2,H8_warp_student,7.191884517669678,"[5.6842732429504395, 7.191884517669678, 8.323160171508789]",8,8,7,1,False,"[14414251, 14464294, 14514346, 14564399, 14614442, 14664495, 14714547, 14764590]",339,1.0,173.83390001486987,35.870300023816526,6.273499981034547,215.97770001972094,0.10469998233020306,34.87259999383241,62.69099999917671,72.59709999198094,0.37670001620426774,1,3,1,2,2,16515072,24653298
FCWD2:0210,FCWD2,H8_reference,3.3017501831054688,"[3.0084328651428223, 3.3604042530059814, 3.3017501831054688]",8,8,0,8,False,"[14464643, 14514643, 14564643, 14614643, 14664643, 14714643, 14764643, 14814643]",0,1.0,1232.1703000343405,571.3253999711014,10.523500037379563,1814.0192000428215,0.03749999450519681,84.65670002624393,283.9405999984592,843.5631999745965,3.4262000117450953,8,12,12,0,0,16515072,79379358
FCWD2:0210,FCWD2,H8_warp,3.312959909439087,"[2.9917776584625244, 3.3524816036224365, 3.312959909439087]",8,8,7,1,False,"[14464294, 14514346, 14564399, 14614442, 14664495, 14714547, 14764590, 14814643]",349,1.0,264.26460000220686,88.01179996225983,9.414000029210001,361.6903999936767,0.1631999621167779,58.05480002891272,96.7281999764964,103.82749995915219,0.5210000090301037,1,3,1,2,2,16515072,31582243
FCWD2:0210,FCWD2,H8_warp_student,4.200715065002441,"[3.7282299995422363, 4.200715065002441, 4.23060417175293]",8,8,7,1,False,"[14464294, 14514346, 14564399, 14614442, 14664495, 14714547, 14764590, 14814643]",349,1.0,366.3234999985434,60.57220004731789,11.600299971178174,438.4960000170395,0.1536999479867518,53.098500007763505,116.53729999670759,179.6877000015229,1.1412000167183578,1,3,1,2,2,16515072,31582243
FCWD2:0211,FCWD2,H8_reference,2.363172769546509,"[2.328599452972412, 2.363172769546509, 2.409642457962036]",8,8,0,8,False,"[14514695, 14564695, 14614695, 14664695, 14714695, 14764695, 14814695, 14864695]",0,1.0,1292.4714999971911,570.9479000070132,6.415500014554709,1869.834900018759,0.0496999709866941,95.54140002001077,264.22270003240556,911.6559000103734,5.368800018914044,8,12,12,0,0,16515072,86379992
FCWD2:0211,FCWD2,H8_warp,2.400702953338623,"[2.351572036743164, 2.400702953338623, 2.460038661956787]",8,8,7,1,False,"[14514346, 14564399, 14614442, 14664495, 14714547, 14764590, 14814643, 14864695]",349,1.0,237.32290003681555,116.05589999817312,10.521099960897118,363.8998999958858,0.10870001278817654,44.43919996265322,92.11369999684393,95.66670004278421,0.5450999597087502,1,3,1,2,2,16515072,30257348
FCWD2:0211,FCWD2,H8_warp_student,2.3938229084014893,"[2.311305046081543, 2.3938229084014893, 2.435115337371826]",8,8,7,1,False,"[14514346, 14564399, 14614442, 14664495, 14714547, 14764590, 14814643, 14864695]",349,1.0,261.12779998220503,46.96420003892854,8.194099995307624,316.2861000164412,0.19190000602975488,51.71669996343553,92.26200002012774,111.0319999861531,0.5106000462546945,1,3,1,2,2,16515072,30257348
FCWD2:0212,FCWD2,H8_reference,2.26975679397583,"[2.294658899307251, 2.23787522315979, 2.26975679397583]",8,8,0,8,False,"[14564738, 14614738, 14664738, 14714738, 14764738, 14814738, 14864738, 14914738]",0,1.0,1476.083200017456,699.2774999816902,11.833900003693998,2187.19460000284,0.04060001811012626,67.28529999963939,352.02140000183135,1035.634299973026,3.6442999844439328,8,12,12,0,0,16515072,88797511
FCWD2:0212,FCWD2,H8_warp,2.2827744483947754,"[2.3067803382873535, 2.2360575199127197, 2.2827744483947754]",8,8,7,1,False,"[14564399, 14614442, 14664495, 14714547, 14764590, 14814643, 14864695, 14914738]",339,1.0,201.08669996261597,96.92500001983717,9.984100004658103,307.99579998711124,0.1284000463783741,40.100400045048445,76.61600003484637,79.74259997718036,0.4760000156238675,1,3,1,2,2,16515072,22255431
FCWD2:0212,FCWD2,H8_warp_student,2.156184196472168,"[2.156184196472168, 2.142727851867676, 2.192023277282715]",8,8,7,1,False,"[14564399, 14614442, 14664495, 14714547, 14764590, 14814643, 14864695, 14914738]",339,1.0,214.69440002692863,53.1108999857679,11.823999986518174,279.6292999992147,0.1637000241316855,36.593500000890344,78.35990004241467,93.94099999917671,0.46740000834688544,1,3,1,2,2,16515072,22255431
FCWD2:0213,FCWD2,H8_reference,3.508788824081421,"[3.7751848697662354, 3.508788824081421, 3.3198626041412354]",8,8,0,8,False,"[14614791, 14664791, 14714791, 14764791, 14814791, 14864791, 14914791, 14964791]",0,1.0,1351.4310999889858,517.0994000509381,11.877599987201393,1880.4081000271253,0.04929996794089675,43.16960001597181,312.46159999864176,977.148899983149,4.57520002964884,8,12,12,0,0,16515072,86134614
FCWD2:0213,FCWD2,H8_warp,3.4818854331970215,"[3.77840256690979, 3.4818854331970215, 3.2861111164093018]",8,8,7,1,False,"[14614442, 14664495, 14714547, 14764590, 14814643, 14864695, 14914738, 14964791]",349,1.0,102.50530001940206,94.29909999016672,10.158699995372444,206.96310000494123,0.1908999984152615,16.960999986622483,36.88440000405535,45.831300027202815,0.367300002835691,1,3,1,2,2,16515072,10752738
FCWD2:0213,FCWD2,H8_warp_student,3.297121047973633,"[3.500826597213745, 3.297121047973633, 3.2690742015838623]",8,8,7,1,False,"[14614442, 14664495, 14714547, 14764590, 14814643, 14864695, 14914738, 14964791]",349,1.0,107.8616000013426,46.906800009310246,11.588599998503923,166.35700000915676,0.1650999765843153,16.138300008606166,38.2864999701269,50.13420002069324,0.3725000424310565,1,3,1,2,2,16515072,10752738
FCWD2:0214,FCWD2,H8_reference,5.320918560028076,"[6.553769111633301, 5.320918560028076, 4.857266426086426]",8,8,0,8,False,"[14664843, 14714843, 14764843, 14814843, 14864843, 14914843, 14964843, 15014843]",0,1.0,1454.4485000078566,522.4196999915875,7.503799977712333,1984.3719999771565,0.05360000068321824,66.10440002987161,468.5606000130065,898.9664000109769,2.9445000109262764,8,12,12,0,0,16515072,86478184
FCWD2:0214,FCWD2,H8_warp,5.2653703689575195,"[6.434057235717773, 5.2653703689575195, 4.756789207458496]",8,8,7,1,False,"[14664495, 14714547, 14764590, 14814643, 14864695, 14914738, 14964791, 15014843]",348,1.0,77.47720001498237,86.21659997152165,6.712900009006262,170.40669999551028,0.20210002548992634,23.465099977329373,23.562499962281436,28.147800010629,0.39760000072419643,1,3,1,2,2,16515072,7171093
FCWD2:0214,FCWD2,H8_warp_student,4.68204402923584,"[5.445754051208496, 4.628142833709717, 4.68204402923584]",8,8,7,1,False,"[14664495, 14714547, 14764590, 14814643, 14864695, 14914738, 14964791, 15014843]",348,1.0,65.39629999315366,34.625799977220595,6.15309999557212,106.17519996594638,0.13240001862868667,17.181699979119003,20.35710000200197,25.97269997932017,0.36720000207424164,1,3,1,2,2,16515072,7171093
FCWD2:0215,FCWD2,H8_reference,16.778453826904297,"[59.999996185302734, 15.796137809753418, 16.778453826904297]",8,8,0,8,False,"[14714886, 14764886, 14814886, 14864886, 14914886, 14964886, 15014886, 15064886]",0,1.0,1322.754300024826,506.9173999945633,6.021799985319376,1835.6935000047088,0.07270002970471978,56.258900032844394,301.308499998413,948.1905000284314,2.4784000124782324,8,12,12,0,0,16515072,89089418
FCWD2:0215,FCWD2,H8_warp,15.759720802307129,"[59.999996185302734, 15.24476432800293, 15.759720802307129]",8,8,7,1,False,"[14714547, 14764590, 14814643, 14864695, 14914738, 14964791, 15014843, 15064886]",339,1.0,102.52160002710298,104.40109996125102,7.818700047209859,214.74140003556386,0.12340000830590725,25.150900008156896,32.89199998835102,42.02900000382215,0.4276999970898032,1,3,1,2,2,16515072,10675065
FCWD2:0215,FCWD2,H8_warp_student,10.58582592010498,"[13.701295852661133, 9.273256301879883, 10.58582592010498]",8,8,7,1,False,"[14714547, 14764590, 14814643, 14864695, 14914738, 14964791, 15014843, 15064886]",339,1.0,112.17109998688102,49.07529999036342,8.656600024551153,169.9030000017956,0.12909999350085855,26.6882999567315,36.97950002970174,45.76670000096783,0.37750002229586244,1,3,1,2,2,16515072,10675065
FCWD2:0216,FCWD2,H8_reference,-21.95711326599121,"[-21.95711326599121, 59.999996185302734, -44.52014923095703]",8,8,0,8,False,"[14764939, 14814939, 14864939, 14914939, 14964939, 15014939, 15064939, 15114939]",0,1.0,1231.3833000371233,592.2038999851793,11.402599979192019,1834.9898000014946,0.034699973184615374,52.92849999386817,338.10799999628216,822.0803000149317,3.2998999813571572,8,12,12,0,0,16515072,90215532
FCWD2:0216,FCWD2,H8_warp,-24.559146881103516,"[-24.559146881103516, 59.999996185302734, -42.77881622314453]",8,8,7,1,False,"[14764590, 14814643, 14864695, 14914738, 14964791, 15014843, 15064886, 15114939]",349,1.0,98.24050002498552,102.6482000015676,8.36059998255223,209.24930000910535,0.17479999223724008,19.53350001713261,34.010800009127706,41.96790000423789,0.46609999844804406,1,3,1,2,2,16515072,9891620
FCWD2:0216,FCWD2,H8_warp_student,59.999996185302734,"[59.999996185302734, 40.23268127441406, 59.999996185302734]",8,8,7,1,False,"[14764590, 14814643, 14864695, 14914738, 14964791, 15014843, 15064886, 15114939]",349,1.0,81.95019996492192,33.27860002173111,8.331699995324016,123.56049998197705,0.15790003817528486,17.215400002896786,27.638799976557493,34.77279999060556,0.3785000299103558,1,3,1,2,2,16515072,9891620
FCWD2:0217,FCWD2,H8_reference,17.687484741210938,"[-59.999996185302734, 17.687484741210938, 59.999996185302734]",8,8,0,8,False,"[14814991, 14864991, 14914991, 14964991, 15014991, 15064991, 15114991, 15164991]",0,1.0,1202.791800023988,539.7515000076964,10.888000018894672,1753.431300050579,0.030099996365606785,34.892800031229854,281.9361000438221,861.8427000474185,3.5854000016115606,8,12,12,0,0,16515072,90264662
FCWD2:0217,FCWD2,H8_warp,18.041824340820312,"[-59.999996185302734, 18.041824340820312, 59.999996185302734]",8,8,7,1,False,"[14814643, 14864695, 14914738, 14964791, 15014843, 15064886, 15114939, 15164991]",348,1.0,65.22940000286326,96.64000000339001,8.543099975213408,170.41249998146668,0.1254999660886824,12.33300002058968,20.9673999925144,29.872999992221594,0.43070001993328333,1,3,1,2,2,16515072,5953995
FCWD2:0217,FCWD2,H8_warp_student,41.78157424926758,"[41.78157424926758, 22.1284236907959, 54.46232986450195]",8,8,7,1,False,"[14814643, 14864695, 14914738, 14964791, 15014843, 15064886, 15114939, 15164991]",348,1.0,52.07939998945221,24.998500011861324,5.9692999930121005,83.04719999432564,0.11610001092776656,11.068399995565414,17.952199967112392,21.310699987225235,0.3706000279635191,1,3,1,2,2,16515072,5953995
FCWD3:0000,FCWD3,H8_reference,6.379665851593018,"[5.755980491638184, 6.7737579345703125, 6.379665851593018]",8,8,0,8,True,"[5005296, 5055296, 5105296, 5155296, 5205296, 5255296, 5305296, 5355296]",0,1.0,198.06709996191785,394.11829999880865,10.540000046603382,602.7254000073299,0.029799994081258774,123.67609998909757,26.179599983152002,44.79190002894029,2.9884999967180192,8,12,12,0,0,9437184,20346790
FCWD3:0000,FCWD3,H8_warp,6.379665851593018,"[5.755980491638184, 6.7737579345703125, 6.379665851593018]",8,8,0,8,True,"[5005296, 5055296, 5105296, 5155296, 5205296, 5255296, 5305296, 5355296]",0,1.0,187.03390000155196,474.03729998040944,7.871999987401068,668.9431999693625,0.06890000076964498,80.73319995310158,40.272300015203655,62.73710000095889,2.7390000177547336,8,12,12,0,0,9437184,20346790
FCWD3:0000,FCWD3,H8_warp_student,7.630967617034912,"[7.087166786193848, 7.849730968475342, 7.630967617034912]",8,8,0,8,True,"[5005296, 5055296, 5105296, 5155296, 5205296, 5255296, 5305296, 5355296]",0,1.0,181.89949996303767,178.89830004423857,8.329899981617928,369.12769998889416,0.063000014051795,75.67750004818663,39.58250000141561,63.26399999670684,2.835499995853752,8,12,12,0,0,9437184,20346790
FCWD3:0001,FCWD3,H8_reference,6.146504878997803,"[5.0901970863342285, 6.146504878997803, 6.628407955169678]",8,8,0,8,False,"[5055340, 5105340, 5155340, 5205340, 5255340, 5305340, 5355340, 5405340]",0,1.0,104.91900000488386,378.13219998497516,6.537400011438876,489.5886000012979,0.026100024115294218,17.751799954567105,34.256800019647926,49.91849994985387,2.6015000184997916,8,12,12,0,0,16515072,20891810
FCWD3:0001,FCWD3,H8_warp,6.878589153289795,"[5.8416290283203125, 6.878589153289795, 7.347652435302734]",8,8,7,1,False,"[5055296, 5105296, 5155296, 5205296, 5255296, 5305296, 5355296, 5405340]",44,0.9829790342610856,23.83590000681579,77.48470001388341,7.402900024317205,108.72350004501641,4.57680004183203,10.151599999517202,3.245100029744208,4.479800001718104,0.4042000509798527,1,3,1,2,2,10223616,3030794
FCWD3:0001,FCWD3,H8_warp_student,7.405044078826904,"[6.681342601776123, 7.405044078826904, 7.6611247062683105]",8,8,7,1,False,"[5055296, 5105296, 5155296, 5205296, 5255296, 5305296, 5355296, 5405340]",44,0.9829790342610856,18.920400005299598,29.236099973786622,5.517199984751642,53.67369996383786,2.6442999951541424,8.237000030931085,2.973399998154491,4.250900004990399,0.3443000023253262,1,3,1,2,2,10223616,3030794
FCWD3:0002,FCWD3,H8_reference,6.366588115692139,"[5.471742153167725, 6.366588115692139, 6.516917705535889]",8,8,0,8,False,"[5105392, 5155392, 5205392, 5255392, 5305392, 5355392, 5405392, 5455392]",0,1.0,104.96979998424649,423.63340000156313,6.070800009183586,534.6739999949932,0.03700004890561104,16.191199945751578,31.431599985808134,54.28440001560375,2.591800002846867,8,12,12,0,0,16515072,21356301
FCWD3:0002,FCWD3,H8_warp,6.428964138031006,"[5.721701622009277, 6.428964138031006, 6.847039699554443]",8,8,7,1,False,"[5105296, 5155296, 5205296, 5255296, 5305296, 5355296, 5405340, 5455392]",96,0.9663889686871588,23.369999951682985,78.85800005169585,7.4473999557085335,109.67539995908737,3.6646000226028264,8.44810000853613,4.156099981628358,5.654499982483685,0.47989998711273074,1,3,1,2,2,11010048,3215414
FCWD3:0002,FCWD3,H8_warp_student,7.743611812591553,"[6.9573187828063965, 7.743611812591553, 8.02362060546875]",8,8,7,1,False,"[5105296, 5155296, 5205296, 5255296, 5305296, 5355296, 5405340, 5455392]",96,0.9663889686871588,20.85359999909997,37.1393000241369,8.247099991422147,66.24000001465902,3.7672999897040427,8.14719998743385,3.4963000216521323,4.49520000256598,0.3154999576508999,1,3,1,2,2,11010048,3215414
FCWD3:0003,FCWD3,H8_reference,8.184589385986328,"[6.89125394821167, 8.566739082336426, 8.184589385986328]",8,8,0,8,False,"[5155445, 5205445, 5255445, 5305445, 5355445, 5405445, 5455445, 5505445]",0,1.0,125.70159998722374,398.5091000213288,6.46720000077039,530.6779000093229,0.031100003980100155,21.44739998038858,43.281499994918704,57.81850003404543,2.6779999607242644,8,12,12,0,0,16515072,21908835
FCWD3:0003,FCWD3,H8_warp,6.921458721160889,"[6.153044700622559, 6.921458721160889, 6.933806896209717]",8,8,7,1,False,"[5155296, 5205296, 5255296, 5305296, 5355296, 5405340, 5455392, 5505445]",149,0.9344444444444444,23.233500018250197,75.50349994562566,8.60220001777634,107.3391999816522,3.3215999719686806,10.451700014527887,3.405999974347651,4.976500000339001,0.3656999906525016,1,3,1,2,2,11796480,3265173
FCWD3:0003,FCWD3,H8_warp_student,8.348941802978516,"[7.440494537353516, 8.348941802978516, 8.69846248626709]",8,8,7,1,False,"[5155296, 5205296, 5255296, 5305296, 5355296, 5405340, 5455392, 5505445]",149,0.9344444444444444,23.729700013063848,37.13339997921139,9.84670000616461,70.70979999843985,3.733400022611022,10.82770002540201,3.5820999764837325,4.757300019264221,0.24279998615384102,1,3,1,2,2,11796480,3265173
FCWD3:0004,FCWD3,H8_reference,6.697296142578125,"[5.4395904541015625, 7.055110931396484, 6.697296142578125]",8,8,0,8,False,"[5205488, 5255488, 5305488, 5355488, 5405488, 5455488, 5505488, 5555488]",0,1.0,111.88360000960529,558.511900017038,10.153999959584326,680.5494999862276,0.03850000211969018,18.42360000591725,35.30520002823323,55.036600038874894,2.5937000173144042,8,12,12,0,0,16515072,22165705
FCWD3:0004,FCWD3,H8_warp,6.046980857849121,"[5.300865650177002, 6.046980857849121, 6.4106855392456055]",8,8,7,1,False,"[5205296, 5255296, 5305296, 5355296, 5405340, 5455392, 5505445, 5555488]",192,0.9040580489115829,21.25479996902868,77.25530001334846,5.4172000382095575,103.9273000205867,3.9699000190012157,8.470000000670552,3.2574000069871545,4.452899971511215,0.5310000269673765,1,3,1,2,2,12582912,3135395
FCWD3:0004,FCWD3,H8_warp_student,7.012957572937012,"[6.1257004737854, 7.012957572937012, 7.743209362030029]",8,8,7,1,False,"[5205296, 5255296, 5305296, 5355296, 5405340, 5455392, 5505445, 5555488]",192,0.9040580489115829,13.602199964225292,20.856100018136203,4.282900015823543,38.74119999818504,2.2849999950267375,5.291100009344518,2.2695999941788614,3.0734000029042363,0.3129999968223274,1,3,1,2,2,12582912,3135395
FCWD3:0005,FCWD3,H8_reference,6.254049301147461,"[5.175238132476807, 6.254049301147461, 6.561366558074951]",8,8,0,8,False,"[5255540, 5305540, 5355540, 5405540, 5455540, 5505540, 5555540, 5605540]",0,1.0,101.1148999677971,470.9720000391826,13.901599973905832,585.9884999808855,0.030099996365606785,15.585599991027266,28.24389998568222,53.90059994533658,2.8682000120170414,8,12,12,0,0,16515072,22171638
FCWD3:0005,FCWD3,H8_warp,5.207886695861816,"[4.8458404541015625, 5.207886695861816, 5.554568767547607]",8,8,7,1,False,"[5255296, 5305296, 5355296, 5405340, 5455392, 5505445, 5555488, 5605540]",244,0.9040580489115829,34.098299976903945,119.50999998953193,7.562700018752366,161.17099998518825,6.377000012435019,12.685700028669089,5.6242000428028405,7.616900024004281,0.5887000006623566,1,3,1,2,2,13369344,2769963
FCWD3:0005,FCWD3,H8_warp_student,8.116715431213379,"[6.945586204528809, 8.116715431213379, 8.605085372924805]",8,8,7,1,False,"[5255296, 5305296, 5355296, 5405340, 5455392, 5505445, 5555488, 5605540]",244,0.9040580489115829,20.590600033756346,50.8710999856703,9.292999980971217,80.75470000039786,3.7121999775990844,7.135899970307946,3.1897000153549016,5.399799963925034,0.49700000090524554,1,3,1,2,2,13369344,2769963
FCWD3:0006,FCWD3,H8_reference,6.573920726776123,"[5.647546768188477, 6.573920726776123, 6.772955894470215]",8,8,0,8,False,"[5305593, 5355593, 5405593, 5455593, 5505593, 5555593, 5605593, 5655593]",0,1.0,118.54330002097413,606.4442999777384,10.63500001328066,735.6226000119932,0.042300031054764986,19.050100003369153,36.868900002446026,59.205400000792,2.8843999607488513,8,12,12,0,0,16515072,22211333
FCWD3:0006,FCWD3,H8_warp,5.995296001434326,"[5.615485191345215, 5.995296001434326, 6.385502815246582]",8,8,7,1,False,"[5305296, 5355296, 5405340, 5455392, 5505445, 5555488, 5605540, 5655593]",297,0.861184,29.8466999665834,96.31030005402863,9.606099978554994,135.76309999916703,3.9210999966599047,8.684800006449223,4.260199959389865,6.197399983648211,0.6723999977111816,1,3,1,2,2,14155776,2755615
FCWD3:0006,FCWD3,H8_warp_student,8.756489753723145,"[7.669172286987305, 8.756489753723145, 9.23492431640625]",8,8,7,1,False,"[5305296, 5355296, 5405340, 5455392, 5505445, 5555488, 5605540, 5655593]",297,0.861184,23.84179999353364,35.50409997114912,7.355500012636185,66.70139997731894,4.385099979117513,9.30460001109168,3.6278999759815633,5.489000002853572,0.3499999875202775,1,3,1,2,2,14155776,2755615
FCWD3:0007,FCWD3,H8_reference,8.607914924621582,"[7.2517242431640625, 8.607914924621582, 8.904335021972656]",8,8,0,8,False,"[5355636, 5405636, 5455636, 5505636, 5555636, 5605636, 5655636, 5705636]",0,1.0,109.55890000332147,400.66420001676306,6.389199988916516,516.612300009001,0.035400036722421646,21.831999998539686,33.563399978447706,50.908699980936944,2.772300038486719,8,12,12,0,0,16515072,22439439
FCWD3:0007,FCWD3,H8_warp,6.928918838500977,"[6.069457054138184, 6.928918838500977, 7.648830413818359]",8,8,7,1,False,"[5355296, 5405340, 5455392, 5505445, 5555488, 5605540, 5655593, 5705636]",340,0.861184,29.856899986043572,66.73839996801689,5.980200017802417,102.57549997186288,3.4325000015087426,10.66899998113513,4.640300001483411,4.838199994992465,0.35200000274926424,1,3,1,2,2,14942208,3278926
FCWD3:0007,FCWD3,H8_warp_student,8.49704647064209,"[7.352331638336182, 8.49704647064209, 9.225255966186523]",8,8,7,1,False,"[5355296, 5405340, 5455392, 5505445, 5555488, 5605540, 5655593, 5705636]",340,0.861184,18.878899980336428,26.480200001969934,6.090599985327572,51.44969996763393,2.8651999891735613,7.779999985359609,3.445299982558936,4.126099986024201,0.2576999831944704,1,3,1,2,2,14942208,3278926
FCWD3:0008,FCWD3,H8_reference,7.979248523712158,"[7.496466636657715, 7.979248523712158, 8.41006851196289]",8,8,0,8,False,"[5405688, 5455688, 5505688, 5555688, 5605688, 5655688, 5705688, 5755688]",0,1.0,117.91890003951266,566.0658999695443,10.080599982757121,694.065399991814,0.029799994081258774,16.949200013186783,32.40999998524785,64.6089999936521,3.4482000046409667,8,12,12,0,0,16515072,22125058
FCWD3:0008,FCWD3,H8_warp,7.373289585113525,"[6.7842302322387695, 7.373289585113525, 8.009411811828613]",8,8,7,1,False,"[5405340, 5455392, 5505445, 5555488, 5605540, 5655593, 5705636, 5755688]",348,0.83551025390625,23.67580001009628,69.92280000122264,6.6028000437654555,100.20140005508438,3.8696000119671226,7.875199953559786,5.39160001790151,5.335800000466406,0.6263999966904521,1,3,1,2,2,15728640,3682268
FCWD3:0008,FCWD3,H8_warp_student,7.633706092834473,"[7.24379825592041, 7.633706092834473, 8.145228385925293]",8,8,7,1,False,"[5405340, 5455392, 5505445, 5555488, 5605540, 5655593, 5705636, 5755688]",348,0.83551025390625,17.938699980732054,23.977399978321046,6.416300020646304,48.3323999796994,2.741799980867654,6.346500013023615,3.7113999715074897,4.4781999895349145,0.2584999892860651,1,3,1,2,2,15728640,3682268
FCWD3:0009,FCWD3,H8_reference,7.681666374206543,"[7.594958782196045, 7.681666374206543, 7.907354354858398]",8,8,0,8,False,"[5455741, 5505741, 5555741, 5605741, 5655741, 5705741, 5755741, 5805741]",0,1.0,85.6328000081703,438.8143999967724,7.586199964862317,532.033399969805,0.023800006601959467,16.383900016080588,22.521500010043383,43.59720001230016,2.6347999810241163,8,12,12,0,0,16515072,21636053
FCWD3:0009,FCWD3,H8_warp,7.10070276260376,"[7.099534034729004, 7.10070276260376, 7.740866661071777]",8,8,7,1,False,"[5455392, 5505445, 5555488, 5605540, 5655593, 5705636, 5755688, 5805741]",349,0.849853515625,29.042100009974092,62.377900001592934,5.8237999910488725,97.2438000026159,3.746700007468462,9.569199988618493,4.472500004339963,5.205199995543808,0.43479999294504523,1,3,1,2,2,16515072,3692927
FCWD3:0009,FCWD3,H8_warp_student,7.770899295806885,"[7.522222995758057, 7.770899295806885, 8.070545196533203]",8,8,7,1,False,"[5455392, 5505445, 5555488, 5605540, 5655593, 5705636, 5755688, 5805741]",349,0.849853515625,22.037899994757026,28.38149998569861,6.271399965044111,56.69079994549975,3.530199988745153,8.191399974748492,4.398500022944063,5.0144000560976565,0.355200027115643,1,3,1,2,2,16515072,3692927
FCWD3:0010,FCWD3,H8_reference,7.905370712280273,"[7.6792683601379395, 8.184381484985352, 7.905370712280273]",8,8,0,8,False,"[5505784, 5555784, 5605784, 5655784, 5705784, 5755784, 5805784, 5855784]",0,1.0,126.42240000423044,526.5849999850616,8.107699977699667,661.1150999669917,0.03320001997053623,22.834100003819913,30.699900002218783,70.21109998458996,2.3953000199981034,8,12,12,0,0,16515072,21326585
FCWD3:0010,FCWD3,H8_warp,8.150965690612793,"[7.8451151847839355, 8.18258285522461, 8.150965690612793]",8,8,7,1,False,"[5505445, 5555488, 5605540, 5655593, 5705636, 5755688, 5805741, 5855784]",339,0.8904576134745186,32.12170000188053,69.87990002380684,6.249199970625341,108.25079999631271,3.9881999837234616,10.724099993240088,5.16790000256151,5.934700020588934,0.4480999778024852,1,3,1,2,2,16515072,3798599
FCWD3:0010,FCWD3,H8_warp_student,8.698723793029785,"[8.303938865661621, 9.009719848632812, 8.698723793029785]",8,8,7,1,False,"[5505445, 5555488, 5605540, 5655593, 5705636, 5755688, 5805741, 5855784]",339,0.8904576134745186,17.256799968890846,25.401199993211776,5.710600002203137,48.36859996430576,2.417300012893975,6.791999971028417,2.9993000207468867,4.219299997203052,0.3011999651789665,1,3,1,2,2,16515072,3798599
FCWD3:0011,FCWD3,H8_reference,8.232712745666504,"[8.057538986206055, 8.60338020324707, 8.232712745666504]",8,8,0,8,False,"[5555836, 5605836, 5655836, 5705836, 5755836, 5805836, 5855836, 5905836]",0,1.0,86.91539999563247,437.5107999658212,9.160000015981495,533.5861999774352,0.02600002335384488,16.856600006576627,20.319900009781122,46.662200009450316,2.7864999719895422,8,12,12,0,0,16515072,21542893
FCWD3:0011,FCWD3,H8_warp,8.099666595458984,"[8.099666595458984, 8.225848197937012, 8.084141731262207]",8,8,7,1,False,"[5555488, 5605540, 5655593, 5705636, 5755688, 5805741, 5855784, 5905836]",348,0.8965102531697174,30.571000010240823,106.366700027138,11.355999973602593,148.2937000109814,4.309800046030432,11.75070001045242,6.385899963788688,6.925199995748699,0.5277000018395483,1,3,1,2,2,16515072,4058002
FCWD3:0011,FCWD3,H8_warp_student,9.056492805480957,"[8.65915298461914, 9.418526649475098, 9.056492805480957]",8,8,7,1,False,"[5555488, 5605540, 5655593, 5705636, 5755688, 5805741, 5855784, 5905836]",348,0.8965102531697174,28.213200042955577,34.43639999022707,8.700600010342896,71.35020004352555,5.041800031904131,10.806100035551935,5.248099972959608,5.547799984924495,0.9109000093303621,1,3,1,2,2,16515072,4058002
FCWD3:0012,FCWD3,H8_reference,7.858893871307373,"[7.652681350708008, 7.858893871307373, 8.02138900756836]",8,8,0,8,False,"[5605889, 5655889, 5705889, 5755889, 5805889, 5855889, 5905889, 5955889]",0,1.0,124.38230001134798,365.39129994343966,7.582500053104013,497.35610000789165,0.03549997927621007,23.061999992933124,37.79259999282658,60.01109996577725,3.0719999922439456,8,12,12,0,0,16515072,22386280
FCWD3:0012,FCWD3,H8_warp,7.654285430908203,"[7.6453375816345215, 7.654285430908203, 7.682917594909668]",8,8,7,1,False,"[5605540, 5655593, 5705636, 5755688, 5805741, 5855784, 5905836, 5955889]",349,0.8847269310894162,28.222599998116493,79.19469999615103,7.819699996616691,115.23699999088421,3.5886000259779394,10.987899964675307,5.878600000869483,6.844200019259006,0.35009998828172684,1,3,1,2,2,16515072,4408542
FCWD3:0012,FCWD3,H8_warp_student,7.8314337730407715,"[7.693987846374512, 7.864252090454102, 7.8314337730407715]",8,8,7,1,False,"[5605540, 5655593, 5705636, 5755688, 5805741, 5855784, 5905836, 5955889]",349,0.8847269310894162,23.991999973077327,25.63940000254661,5.530400027055293,55.16180000267923,3.2050999579951167,10.066799994092435,5.174899997655302,4.822299990337342,0.27249997947365046,1,3,1,2,2,16515072,4408542
FCWD3:0013,FCWD3,H8_reference,7.355893135070801,"[7.209436893463135, 7.355893135070801, 7.426678657531738]",8,8,0,8,False,"[5655932, 5705932, 5755932, 5805932, 5855932, 5905932, 5955932, 6005932]",0,1.0,104.95649999938905,379.58100001560524,7.872599991969764,492.41010000696406,0.028600043151527643,18.491300055757165,30.311500013340265,52.69169999519363,2.8877999866381288,8,12,12,0,0,16515072,23095775
FCWD3:0013,FCWD3,H8_warp,7.266554832458496,"[7.123566150665283, 7.298004150390625, 7.266554832458496]",8,8,7,1,False,"[5655593, 5705636, 5755688, 5805741, 5855784, 5905836, 5955889, 6005932]",339,0.8820778947091131,29.019700014032423,65.17039996106178,4.946900007780641,99.13699998287484,4.603800014592707,11.281899991445243,6.151799985673279,6.0273000271990895,0.3649999853223562,1,3,1,2,2,16515072,4403544
FCWD3:0013,FCWD3,H8_warp_student,7.3342790603637695,"[7.229523658752441, 7.3342790603637695, 7.355971336364746]",8,8,7,1,False,"[5655593, 5705636, 5755688, 5805741, 5855784, 5905836, 5955889, 6005932]",339,0.8820778947091131,17.61909999186173,21.034900040831417,4.369499976746738,43.023500009439886,2.298500039614737,6.764399993699044,3.8500999798998237,4.050199990160763,0.2668999950401485,1,3,1,2,2,16515072,4403544
FCWD3:0014,FCWD3,H8_reference,7.149787425994873,"[6.922069072723389, 7.149787425994873, 7.286478042602539]",8,8,0,8,False,"[5705985, 5755985, 5805985, 5855985, 5905985, 5955985, 6005985, 6055985]",0,1.0,91.75570000661537,291.76460002781823,5.875399976503104,389.3957000109367,0.026899971999228,19.619800033979118,25.22740000858903,43.45820000162348,2.991099958308041,8,12,12,0,0,16515072,23826996
FCWD3:0014,FCWD3,H8_warp,6.767070770263672,"[6.595745086669922, 6.767070770263672, 7.012862205505371]",8,8,7,1,False,"[5705636, 5755688, 5805741, 5855784, 5905836, 5955889, 6005932, 6055985]",349,0.8824671028449607,28.72669999487698,62.567399989347905,6.217700021807104,97.51180000603199,3.1934999860823154,9.954700013622642,5.549900000914931,5.151399993337691,0.35440002102404833,1,3,1,2,2,16515072,4461514
FCWD3:0014,FCWD3,H8_warp_student,6.644033908843994,"[6.624837875366211, 6.644033908843994, 6.780414581298828]",8,8,7,1,False,"[5705636, 5755688, 5805741, 5855784, 5905836, 5955889, 6005932, 6055985]",349,0.8824671028449607,28.52829999756068,31.074200000148267,6.946199981030077,66.54869997873902,2.701300021726638,12.315700005274266,6.451199995353818,6.211700034327805,0.41019998025149107,1,3,1,2,2,16515072,4461514
FCWD3:0015,FCWD3,H8_reference,6.740951061248779,"[6.6034321784973145, 6.740951061248779, 6.98459005355835]",8,8,0,8,False,"[5756037, 5806037, 5856037, 5906037, 5956037, 6006037, 6056037, 6106037]",0,1.0,117.45380004867911,426.21339997276664,8.739500015508384,552.4067000369541,0.03060000017285347,19.384999992325902,34.0036999550648,60.06019999040291,3.346799989230931,8,12,12,0,0,16515072,24312737
FCWD3:0015,FCWD3,H8_warp,6.52547025680542,"[6.52547025680542, 6.487992286682129, 6.731100559234619]",8,8,7,1,False,"[5755688, 5805741, 5855784, 5905836, 5955889, 6005932, 6055985, 6106037]",349,0.8710665346790197,27.921099972445518,87.18080003745854,9.307199972681701,124.40909998258576,3.671300015412271,10.090299998410046,6.619099993258715,6.483200006186962,0.37429999792948365,1,3,1,2,2,16515072,4425219
FCWD3:0015,FCWD3,H8_warp_student,6.6438093185424805,"[6.6438093185424805, 6.592260837554932, 6.743476867675781]",8,8,7,1,False,"[5755688, 5805741, 5855784, 5905836, 5955889, 6005932, 6055985, 6106037]",349,0.8710665346790197,30.75229999376461,36.553199985064566,7.993599982000887,75.29909996083006,4.368300025817007,10.894599952735007,7.319999975152314,7.1585000259801745,0.3497999859973788,1,3,1,2,2,16515072,4425219
FCWD3:0016,FCWD3,H8_reference,6.924086093902588,"[6.746659278869629, 6.924086093902588, 7.0575127601623535]",8,8,0,8,False,"[5806080, 5856080, 5906080, 5956080, 6006080, 6056080, 6106080, 6156080]",0,1.0,113.30199998337775,337.6989000244066,6.150999979581684,457.15189998736605,0.03260001540184021,19.57530004438013,34.49740004725754,56.16209999425337,2.6391000137664378,8,12,12,0,0,16515072,24422727
FCWD3:0016,FCWD3,H8_warp,6.938563346862793,"[6.938563346862793, 6.872048377990723, 7.076923370361328]",8,8,7,1,False,"[5805741, 5855784, 5905836, 5955889, 6005932, 6055985, 6106037, 6156080]",339,0.8670555898356426,23.270800011232495,67.7000000141561,6.611099990550429,97.58190001593903,3.2053999602794647,8.643799985293299,4.366900015156716,6.14419998601079,0.3638999769464135,1,3,1,2,2,16515072,3861907
FCWD3:0016,FCWD3,H8_warp_student,7.38267183303833,"[7.38267183303833, 7.3977227210998535, 7.379918098449707]",8,8,7,1,False,"[5805741, 5855784, 5905836, 5955889, 6005932, 6055985, 6106037, 6156080]",339,0.8670555898356426,21.193099964875728,28.906800027471036,6.481899996288121,56.581799988634884,2.964999992400408,8.127800014335662,4.275499959476292,5.043899989686906,0.3182000364176929,1,3,1,2,2,16515072,3861907
FCWD3:0017,FCWD3,H8_reference,7.611241340637207,"[7.521002292633057, 7.611241340637207, 7.729461669921875]",8,8,0,8,False,"[5856133, 5906133, 5956133, 6006133, 6056133, 6106133, 6156133, 6206133]",0,1.0,113.42569999396801,413.64689997863024,9.528600028716028,536.6012000013143,0.02870004391297698,20.326400001067668,33.17910002078861,56.70740001369268,2.6596999960020185,8,12,12,0,0,16515072,25004382
FCWD3:0017,FCWD3,H8_warp,7.302168369293213,"[7.302168369293213, 7.197587013244629, 7.40872049331665]",8,8,7,1,False,"[5855784, 5905836, 5955889, 6005932, 6055985, 6106037, 6156080, 6206133]",349,0.871190914738145,27.415100019425154,80.31809999374673,7.423200004268438,115.15640001744032,4.026399983558804,10.18289994681254,5.739899992477149,6.482099997811019,0.3155000158585608,1,3,1,2,2,16515072,3830644
FCWD3:0017,FCWD3,H8_warp_student,7.611736297607422,"[7.618332862854004, 7.611736297607422, 7.571069717407227]",8,8,7,1,False,"[5855784, 5905836, 5955889, 6005932, 6055985, 6106037, 6156080, 6206133]",349,0.871190914738145,22.44909998262301,31.13449999364093,6.627099995967001,60.21069997223094,3.4818000276573002,8.869799959938973,4.092100018169731,4.80930000776425,0.30310003785416484,1,3,1,2,2,16515072,3830644
FCWD3:0018,FCWD3,H8_reference,7.8918023109436035,"[7.766732692718506, 7.8918023109436035, 7.941164016723633]",8,8,0,8,False,"[5906185, 5956185, 6006185, 6056185, 6106185, 6156185, 6206185, 6256185]",0,1.0,114.09470002399758,469.12179997889325,10.463599988725036,593.6800999916159,0.031000003218650818,20.097100001294166,34.22929998487234,56.44269997719675,2.8246999718248844,8,12,12,0,0,16515072,25853736
FCWD3:0018,FCWD3,H8_warp,7.806835651397705,"[7.606878757476807, 7.806835651397705, 7.877705097198486]",8,8,7,1,False,"[5905836, 5955889, 6005932, 6055985, 6106037, 6156080, 6206133, 6256185]",349,0.8609581873606624,25.273700011894107,68.82529996801168,6.875100021716207,100.97410000162199,3.6925000022165477,10.760999983176589,4.407599975820631,5.310800042934716,0.41749997762963176,1,3,1,2,2,16515072,4197929
FCWD3:0018,FCWD3,H8_warp_student,8.050217628479004,"[8.066604614257812, 8.050217628479004, 7.998544216156006]",8,8,7,1,False,"[5905836, 5955889, 6005932, 6055985, 6106037, 6156080, 6206133, 6256185]",349,0.8609581873606624,22.6297999615781,26.50139998877421,6.533500039950013,55.664699990302324,2.902700041886419,9.053300018422306,4.098300007171929,5.642599950078875,0.37560000782832503,1,3,1,2,2,16515072,4197929
FCWD3:0019,FCWD3,H8_reference,8.556227684020996,"[8.16623306274414, 8.556227684020996, 8.590728759765625]",8,8,0,8,False,"[5956237, 6006237, 6056237, 6106237, 6156237, 6206237, 6256237, 6306237]",0,1.0,123.95370000740513,384.9115000339225,8.136199961882085,517.0014000032097,0.029799994081258774,19.518200017046183,35.3898000321351,64.90680004935712,3.4476000000722706,8,12,12,0,0,16515072,26691479
FCWD3:0019,FCWD3,H8_warp,8.94955825805664,"[8.652632713317871, 9.013702392578125, 8.94955825805664]",8,8,7,1,False,"[5955889, 6005932, 6055985, 6106037, 6156080, 6206133, 6256185, 6306237]",348,0.8393203883495146,33.65960001247004,75.42739994823933,6.211600033566356,115.29859999427572,8.201199991162866,11.9270000141114,5.161000008229166,6.573699996806681,1.276099996175617,1,3,1,2,2,16515072,4439125
FCWD3:0019,FCWD3,H8_warp_student,8.976262092590332,"[9.035760879516602, 8.976262092590332, 8.780814170837402]",8,8,7,1,False,"[5955889, 6005932, 6055985, 6106037, 6156080, 6206133, 6256185, 6306237]",348,0.8393203883495146,26.64940000977367,32.77300001354888,7.004800019785762,66.42720004310831,3.8363999919965863,11.339800024870783,4.975499992724508,5.704100010916591,0.31380000291392207,1,3,1,2,2,16515072,4439125
FCWD3:0020,FCWD3,H8_reference,8.605945587158203,"[8.722077369689941, 8.569226264953613, 8.605945587158203]",8,8,0,8,False,"[6006281, 6056281, 6106281, 6156281, 6206281, 6256281, 6306281, 6356281]",0,1.0,125.75589999323711,467.801499995403,8.486200007610023,602.0435999962501,0.03579998156055808,22.651200008112937,37.46869997121394,62.1339000063017,2.9793999856337905,8,12,12,0,0,16515072,27079963
FCWD3:0020,FCWD3,H8_warp,8.86758804321289,"[8.86758804321289, 8.793303489685059, 9.10390853881836]",8,8,7,1,False,"[6005932, 6055985, 6106037, 6156080, 6206133, 6256185, 6306237, 6356281]",349,0.8304426882998811,27.465199993457645,68.10390000464395,5.821400030981749,101.39050002908334,3.1237000366672873,12.385900015942752,4.863599955569953,6.083900050725788,0.4922000225633383,1,3,1,2,2,16515072,4506054
FCWD3:0020,FCWD3,H8_warp_student,9.296317100524902,"[9.765689849853516, 9.228560447692871, 9.296317100524902]",8,8,7,1,False,"[6005932, 6055985, 6106037, 6156080, 6206133, 6256185, 6306237, 6356281]",349,0.8304426882998811,23.057300015352666,25.673899974208325,6.310400029178709,55.0416000187397,3.0017999815754592,10.062100016511977,4.398000019136816,4.8408000147901475,0.30720001086592674,1,3,1,2,2,16515072,4506054
FCWD3:0021,FCWD3,H8_reference,9.168882369995117,"[9.583075523376465, 9.081531524658203, 9.168882369995117]",8,8,0,8,False,"[6056333, 6106333, 6156333, 6206333, 6256333, 6306333, 6356333, 6406333]",0,1.0,123.84640000527725,473.9741000230424,6.913799967151135,604.7342999954708,0.027699978090822697,23.28359999228269,36.300099978689104,61.06669997097924,2.6697000139392912,8,12,12,0,0,16515072,27551968
FCWD3:0021,FCWD3,H8_warp,8.538346290588379,"[8.453329086303711, 8.538346290588379, 8.756150245666504]",8,8,7,1,False,"[6055985, 6106037, 6156080, 6206133, 6256185, 6306237, 6356281, 6406333]",348,0.8235536339304097,24.33980000205338,65.92729996191338,7.084399985615164,97.35149994958192,2.9218000127002597,11.07050001155585,4.342700005508959,5.069500009994954,0.3732999903149903,1,3,1,2,2,16515072,4541142
FCWD3:0021,FCWD3,H8_warp_student,9.347548484802246,"[9.743906021118164, 9.070472717285156, 9.347548484802246]",8,8,7,1,False,"[6055985, 6106037, 6156080, 6206133, 6256185, 6306237, 6356281, 6406333]",348,0.8235536339304097,26.61090000765398,32.5406999909319,17.740500043146312,76.89210004173219,2.9565999866463244,11.945399979595095,4.662999999709427,5.875799979548901,0.7001000340096653,1,3,1,2,2,16515072,4541142
FCWD3:0022,FCWD3,H8_reference,9.020270347595215,"[9.020270347595215, 8.973529815673828, 9.317787170410156]",8,8,0,8,False,"[6106386, 6156386, 6206386, 6256386, 6306386, 6356386, 6406386, 6456386]",0,1.0,126.69890001416206,403.2918000011705,7.650899991858751,537.6416000071913,0.03130000550299883,21.489500009920448,38.569799973629415,62.33970000175759,3.8438999908976257,8,12,12,0,0,16515072,28013926
FCWD3:0022,FCWD3,H8_warp,9.532007217407227,"[9.28572940826416, 9.532007217407227, 9.758419036865234]",8,8,7,1,False,"[6106037, 6156080, 6206133, 6256185, 6306237, 6356281, 6406333, 6456386]",349,0.8151811875485212,26.233000040519983,63.91149997944012,5.667400022502989,95.8119000424631,3.561299992725253,10.924100002739578,5.121800000779331,5.43900002958253,0.6325999856926501,1,3,1,2,2,16515072,4624102
FCWD3:0022,FCWD3,H8_warp_student,9.658767700195312,"[9.670774459838867, 9.320045471191406, 9.658767700195312]",8,8,7,1,False,"[6106037, 6156080, 6206133, 6256185, 6306237, 6356281, 6406333, 6456386]",349,0.8151811875485212,22.617799986619502,26.949599967338145,5.7413000031374395,55.30869995709509,2.942599996458739,9.515299985650927,4.427800013218075,4.95160004356876,0.3060000017285347,1,3,1,2,2,16515072,4624102
FCWD3:0023,FCWD3,H8_reference,9.68272590637207,"[9.68272590637207, 9.502786636352539, 9.880989074707031]",8,8,0,8,False,"[6156429, 6206429, 6256429, 6306429, 6356429, 6406429, 6456429, 6506429]",0,1.0,131.53650000458583,410.38799996022135,9.409999998752028,551.3344999635592,0.03249995643272996,24.11769999889657,39.58849998889491,64.64810000034049,2.634800039231777,8,12,12,0,0,16515072,28367424
FCWD3:0023,FCWD3,H8_warp,9.58286190032959,"[9.523299217224121, 9.58286190032959, 10.160285949707031]",8,8,7,1,False,"[6156080, 6206133, 6256185, 6306237, 6356281, 6406333, 6456386, 6506429]",349,0.8164054783696583,36.00289998576045,87.32560003409162,7.2475000051781535,130.57600002503023,5.000999954063445,16.12430001841858,6.618100043851882,7.077299989759922,0.4623999702744186,1,3,1,2,2,16515072,4616775
FCWD3:0023,FCWD3,H8_warp_student,10.187126159667969,"[10.187126159667969, 10.00662899017334, 10.452341079711914]",8,8,7,1,False,"[6156080, 6206133, 6256185, 6306237, 6356281, 6406333, 6456386, 6506429]",349,0.8164054783696583,27.54610002739355,25.96329996595159,5.427600000984967,58.93699999433011,3.6068999907001853,12.484499951824546,4.999800003133714,5.549499997869134,0.42230001417919993,1,3,1,2,2,16515072,4616775
FCWD3:0024,FCWD3,H8_reference,10.172944068908691,"[10.172944068908691, 9.963553428649902, 10.682305335998535]",8,8,0,8,False,"[6206481, 6256481, 6306481, 6356481, 6406481, 6456481, 6506481, 6556481]",0,1.0,104.32700003730133,325.0098999706097,6.769400031771511,436.10630003968254,0.026300025638192892,19.47419997304678,31.52700001373887,50.34499999601394,2.5719000259414315,8,12,12,0,0,16515072,28727926
FCWD3:0024,FCWD3,H8_warp,10.558711051940918,"[10.558711051940918, 10.25191593170166, 11.05880355834961]",8,8,7,1,False,"[6206133, 6256185, 6306237, 6356281, 6406333, 6456386, 6506429, 6556481]",348,0.8204184424641612,29.039099987130612,87.37930003553629,7.833599986042827,124.25200000870973,3.547100001014769,12.525300029665232,5.84500003606081,6.14709994988516,0.40520000038668513,1,3,1,2,2,16515072,4771084
FCWD3:0024,FCWD3,H8_warp_student,11.36683177947998,"[11.36683177947998, 10.764688491821289, 11.600448608398438]",8,8,7,1,False,"[6206133, 6256185, 6306237, 6356281, 6406333, 6456386, 6506429, 6556481]",348,0.8204184424641612,25.10579995578155,27.438900026027113,6.342799984849989,58.88749996665865,3.6333000170998275,10.216100024990737,4.924100008793175,5.487999995239079,0.3502999898046255,1,3,1,2,2,16515072,4771084
FCWD3:0025,FCWD3,H8_reference,10.779791831970215,"[10.61082649230957, 10.779791831970215, 11.175518989562988]",8,8,0,8,False,"[6256533, 6306533, 6356533, 6406533, 6456533, 6506533, 6556533, 6606533]",0,1.0,106.84379999293014,373.09609999647364,9.188399999402463,489.12829998880625,0.02729997504502535,20.831000001635402,31.501299992669374,51.12419999204576,2.9352999990805984,8,12,12,0,0,16515072,28949725
FCWD3:0025,FCWD3,H8_warp,10.35550594329834,"[10.35550594329834, 9.829809188842773, 10.462162017822266]",8,8,7,1,False,"[6256185, 6306237, 6356281, 6406333, 6456386, 6506429, 6556481, 6606533]",348,0.8165836276488395,50.36690004635602,110.8323999796994,8.942799991928041,170.14210001798347,12.523199955467135,19.291099975816905,8.264000003691763,9.260199964046478,0.3521000035107136,1,3,1,2,2,16515072,4989381
FCWD3:0025,FCWD3,H8_warp_student,11.52306079864502,"[11.52306079864502, 10.694367408752441, 11.937371253967285]",8,8,7,1,False,"[6256185, 6306237, 6356281, 6406333, 6456386, 6506429, 6556481, 6606533]",348,0.8165836276488395,29.05129996361211,28.881600010208786,5.835500021930784,63.76839999575168,3.769999952055514,12.538600014522672,5.243999999947846,6.257299974095076,0.6270000012591481,1,3,1,2,2,16515072,4989381
FCWD3:0026,FCWD3,H8_reference,10.660622596740723,"[10.65202808380127, 10.660622596740723, 11.432601928710938]",8,8,0,8,False,"[6306577, 6356577, 6406577, 6456577, 6506577, 6556577, 6606577, 6656577]",0,1.0,91.66749997530133,260.42030000826344,6.191799999214709,358.2795999827795,0.026600027922540903,20.70270001422614,26.893600006587803,40.85869999835268,2.801199967507273,8,12,12,0,0,16515072,29429329
FCWD3:0026,FCWD3,H8_warp,10.977819442749023,"[10.977819442749023, 10.792356491088867, 11.569293022155762]",8,8,7,1,False,"[6306237, 6356281, 6406333, 6456386, 6506429, 6556481, 6606533, 6656577]",340,0.8269167178421276,23.08070001890883,65.50129997776821,5.996000021696091,94.57800001837313,2.6526000001467764,10.003999981563538,4.788099962752312,4.899999999906868,0.29340002220124006,1,3,1,2,2,16515072,5104488
FCWD3:0026,FCWD3,H8_warp_student,11.299657821655273,"[11.299657821655273, 10.866284370422363, 12.089673042297363]",8,8,7,1,False,"[6306237, 6356281, 6406333, 6456386, 6506429, 6556481, 6606533, 6656577]",340,0.8269167178421276,24.61860002949834,27.041799970902503,5.668200028594583,57.328600028995425,2.87430000025779,10.94749994808808,5.003100028261542,5.034799978602678,0.2945999731309712,1,3,1,2,2,16515072,5104488
FCWD3:0027,FCWD3,H8_reference,10.832863807678223,"[10.736324310302734, 10.832863807678223, 11.234331130981445]",8,8,0,8,False,"[6356629, 6406629, 6456629, 6506629, 6556629, 6606629, 6656629, 6706629]",0,1.0,126.94839999312535,425.89549999684095,8.524800010491163,561.3687000004575,0.031400006264448166,24.982999952044338,37.86340000806376,61.03479996090755,2.602800028398633,8,12,12,0,0,16515072,29736179
FCWD3:0027,FCWD3,H8_warp,10.642478942871094,"[10.484977722167969, 10.642478942871094, 11.117209434509277]",8,8,7,1,False,"[6356281, 6406333, 6456386, 6506429, 6556481, 6606533, 6656577, 6706629]",348,0.8305595242692204,35.59390001464635,61.259199981577694,4.858800035435706,101.71190003165975,8.05100001161918,13.75969999935478,6.106199987698346,5.914799985475838,1.1227999930270016,1,3,1,2,2,16515072,5242290
FCWD3:0027,FCWD3,H8_warp_student,10.817222595214844,"[10.77876091003418, 10.817222595214844, 11.581469535827637]",8,8,7,1,False,"[6356281, 6406333, 6456386, 6506429, 6556481, 6606533, 6656577, 6706629]",348,0.8305595242692204,23.229399987030774,24.763999972492456,4.87610005075112,52.86950001027435,2.9343999922275543,10.114400007296354,4.423299978952855,4.746599995996803,0.4858000320382416,1,3,1,2,2,16515072,5242290
FCWD3:0028,FCWD3,H8_reference,10.664651870727539,"[10.657651901245117, 10.664651870727539, 10.955105781555176]",8,8,0,8,False,"[6406682, 6456682, 6506682, 6556682, 6606682, 6656682, 6706682, 6756682]",0,1.0,104.47659995406866,386.7531000287272,8.721299993339926,499.9509999761358,0.025499961338937283,19.266000017523766,29.76959996158257,51.98460002429783,2.965599996969104,8,12,12,0,0,16515072,30189994
FCWD3:0028,FCWD3,H8_warp,10.40695858001709,"[10.387409210205078, 10.40695858001709, 10.802844047546387]",8,8,7,1,False,"[6406333, 6456386, 6506429, 6556481, 6606533, 6656577, 6706629, 6756682]",349,0.8252730109204368,31.29730001091957,67.74599995696917,6.835600011982024,105.87889997987077,3.979400033131242,14.32409998960793,6.387999979779124,5.5605999659746885,0.4255000385455787,1,3,1,2,2,16515072,5181940
FCWD3:0028,FCWD3,H8_warp_student,10.749593734741211,"[10.709723472595215, 10.749593734741211, 11.412574768066406]",8,8,7,1,False,"[6406333, 6456386, 6506429, 6556481, 6606533, 6656577, 6706629, 6756682]",349,0.8252730109204368,25.707900000270456,29.9968000035733,6.150000030174851,61.854700034018606,3.2715999986976385,10.171899979468435,5.727300012949854,5.535699950996786,0.37970003904774785,1,3,1,2,2,16515072,5181940
FCWD3:0029,FCWD3,H8_reference,8.256254196166992,"[8.256254196166992, 8.107048034667969, 8.37520694732666]",8,8,0,8,False,"[6456725, 6506725, 6556725, 6606725, 6656725, 6706725, 6756725, 6806725]",0,1.0,126.178800011985,481.32790002273396,7.879899989347905,615.3866000240669,0.031800009310245514,24.184599984437227,37.57089999271557,60.756999999284744,3.1577000045217574,8,12,12,0,0,16515072,30932197
FCWD3:0029,FCWD3,H8_warp,8.288207054138184,"[8.288207054138184, 8.096376419067383, 8.447997093200684]",8,8,7,1,False,"[6456386, 6506429, 6556481, 6606533, 6656577, 6706629, 6756682, 6806725]",339,0.8405661444779313,35.490999987814575,63.019399996846914,5.760800035204738,104.27120001986623,3.765300032682717,13.342599966563284,6.188799976371229,5.85390004562214,0.4285000031813979,1,3,1,2,2,16515072,5060832
FCWD3:0029,FCWD3,H8_warp_student,8.818806648254395,"[8.818806648254395, 8.63625431060791, 9.287068367004395]",8,8,7,1,False,"[6456386, 6506429, 6556481, 6606533, 6656577, 6706629, 6756682, 6806725]",339,0.8405661444779313,23.47600000211969,24.991000012960285,4.963899962604046,53.43089997768402,2.66689999261871,10.053299949504435,5.254800023976713,4.682399972807616,0.35180000122636557,1,3,1,2,2,16515072,5060832
FCWD3:0030,FCWD3,H8_reference,6.845993518829346,"[6.845993518829346, 6.61577844619751, 6.895493030548096]",8,8,0,8,False,"[6506777, 6556777, 6606777, 6656777, 6706777, 6756777, 6806777, 6856777]",0,1.0,111.03220004588366,333.2450999878347,6.341999978758395,450.61930001247674,0.026699970476329327,22.243799990974367,33.02229999098927,52.38029995234683,2.913600008469075,8,12,12,0,0,16515072,31648288
FCWD3:0030,FCWD3,H8_warp,6.808653831481934,"[6.808653831481934, 6.55298376083374, 6.963984966278076]",8,8,7,1,False,"[6506429, 6556481, 6606533, 6656577, 6706629, 6756682, 6806725, 6856777]",348,0.8415898851321184,35.30359995784238,68.79500002833083,8.078499988187104,112.17709997436032,8.650600037071854,12.106499983929098,7.325000013224781,6.176299997605383,0.5450000171549618,1,3,1,2,2,16515072,5299325
FCWD3:0030,FCWD3,H8_warp_student,6.6963701248168945,"[6.6963701248168945, 6.5547027587890625, 7.005438327789307]",8,8,7,1,False,"[6506429, 6556481, 6606533, 6656577, 6706629, 6756682, 6806725, 6856777]",348,0.8415898851321184,28.576400014571846,29.187300009652972,5.968699988443404,63.73240001266822,3.2988000311888754,11.539399973116815,7.086700003128499,5.718900007195771,0.3947000368498266,1,3,1,2,2,16515072,5299325
FCWD3:0031,FCWD3,H8_reference,5.125222206115723,"[5.125222206115723, 5.113219738006592, 5.127392768859863]",8,8,0,8,False,"[6556830, 6606830, 6656830, 6706830, 6756830, 6806830, 6856830, 6906830]",0,1.0,144.20260000042617,604.0155000519007,7.17100000474602,755.3891000570729,0.03249995643272996,28.220799984410405,42.63159999391064,69.47869999567047,3.2882000086829066,8,12,12,0,0,16515072,32165207
FCWD3:0031,FCWD3,H8_warp,5.155141830444336,"[5.171815395355225, 5.053277492523193, 5.155141830444336]",8,8,7,1,False,"[6556481, 6606533, 6656577, 6706629, 6756682, 6806725, 6856777, 6906830]",349,0.856310479587435,36.30789997987449,79.30040004430339,6.940299994312227,122.5486000184901,4.329600022174418,13.52700003189966,9.642399963922799,7.776100013870746,0.37209998117759824,1,3,1,2,2,16515072,5433404
FCWD3:0031,FCWD3,H8_warp_student,5.2808003425598145,"[5.2808003425598145, 5.172059059143066, 5.396008014678955]",8,8,7,1,False,"[6556481, 6606533, 6656577, 6706629, 6756682, 6806725, 6856777, 6906830]",349,0.856310479587435,35.62619996955618,36.52570000849664,9.010800044052303,81.16270002210513,3.997799998614937,13.998800015542656,9.37109999358654,7.268099987413734,0.40249997982755303,1,3,1,2,2,16515072,5433404
FCWD3:0032,FCWD3,H8_reference,5.983802318572998,"[6.001802444458008, 5.780204772949219, 5.983802318572998]",8,8,0,8,False,"[6606873, 6656873, 6706873, 6756873, 6806873, 6856873, 6906873, 6956873]",0,1.0,170.59299995889887,475.4341000225395,9.088299993891269,655.1153999753296,0.035699980799108744,24.591199995484203,56.79850000888109,85.7149000512436,2.7971999952569604,8,12,12,0,0,16515072,31950429
FCWD3:0032,FCWD3,H8_warp,5.662519454956055,"[5.673303127288818, 5.488469123840332, 5.662519454956055]",8,8,7,1,False,"[6606533, 6656577, 6706629, 6756682, 6806725, 6856777, 6906830, 6956873]",340,0.8467958866839849,29.832999978680164,92.50249998876825,11.401200026739389,133.7366999941878,3.819199977442622,10.58480003848672,7.779300038237125,6.601500033866614,0.4371999530121684,1,3,1,2,2,16515072,4739855
FCWD3:0032,FCWD3,H8_warp_student,5.697452068328857,"[5.697452068328857, 5.4727373123168945, 5.755105972290039]",8,8,7,1,False,"[6606533, 6656577, 6706629, 6756682, 6806725, 6856777, 6906830, 6956873]",340,0.8467958866839849,36.411100008990616,36.438000039197505,7.681699993554503,80.53080004174262,6.209800019860268,13.459399982821196,8.097799960523844,6.940599996596575,1.0498000192455947,1,3,1,2,2,16515072,4739855
FCWD3:0033,FCWD3,H8_reference,6.905201435089111,"[6.876655101776123, 6.905201435089111, 7.014135360717773]",8,8,0,8,False,"[6656926, 6706926, 6756926, 6806926, 6856926, 6906926, 6956926, 7006926]",0,1.0,189.0754000050947,751.4528000028804,10.383899963926524,950.9120999719016,0.04140002420172095,29.744100000243634,58.01370000699535,96.63109999382868,3.8976999931037426,8,12,12,0,0,16515072,31881426
FCWD3:0033,FCWD3,H8_warp,6.4562578201293945,"[6.45391845703125, 6.4562578201293945, 6.583686828613281]",8,8,7,1,False,"[6656577, 6706629, 6756682, 6806725, 6856777, 6906830, 6956873, 7006926]",349,0.8547787023171804,27.25859999191016,101.72450001118705,9.735699975863099,138.7187999789603,3.73659998876974,11.613900016527623,4.416300042066723,6.136700045317411,0.4533999599516392,1,3,1,2,2,16515072,4217564
FCWD3:0033,FCWD3,H8_warp_student,6.867372035980225,"[6.8595733642578125, 6.925312042236328, 6.867372035980225]",8,8,7,1,False,"[6656577, 6706629, 6756682, 6806725, 6856777, 6906830, 6956873, 7006926]",349,0.8547787023171804,27.70149998832494,37.99280000384897,7.984900032170117,73.67920002434403,3.924700024072081,11.872500006575137,5.264899984467775,5.413200007751584,0.5056000081822276,1,3,1,2,2,16515072,4217564
FCWD3:0034,FCWD3,H8_reference,7.124276161193848,"[6.797216415405273, 7.124276161193848, 7.144086837768555]",8,8,0,8,False,"[6706978, 6756978, 6806978, 6856978, 6906978, 6956978, 7006978, 7056978]",0,1.0,127.81580002047122,571.9674999709241,15.724900003988296,715.5081999953836,0.02770003629848361,25.03899997100234,40.0493000051938,59.247200028039515,2.901199972257018,8,12,12,0,0,16515072,31761219
FCWD3:0034,FCWD3,H8_warp,6.635813236236572,"[6.389344692230225, 6.737166881561279, 6.635813236236572]",8,8,7,1,False,"[6706629, 6756682, 6806725, 6856777, 6906830, 6956873, 7006926, 7056978]",349,0.8511056170429077,35.66789999604225,110.08929996751249,10.212499997578561,155.9696999611333,5.249899986665696,16.470800037495792,5.707499978598207,6.048600014764816,0.4783999756909907,1,3,1,2,2,16515072,4356556
FCWD3:0034,FCWD3,H8_warp_student,6.8052191734313965,"[6.652109146118164, 6.830519676208496, 6.8052191734313965]",8,8,7,1,False,"[6706629, 6756682, 6806725, 6856777, 6906830, 6956873, 7006926, 7056978]",349,0.8511056170429077,32.51679998356849,54.217300028540194,9.59179998608306,96.32589999819174,4.351200012024492,14.620999980252236,5.88039995636791,6.356000027153641,0.5026999861001968,1,3,1,2,2,16515072,4356556
FCWD3:0035,FCWD3,H8_reference,7.724849224090576,"[7.41397762298584, 7.724849224090576, 7.866021156311035]",8,8,0,8,False,"[6757021, 6807021, 6857021, 6907021, 6957021, 7007021, 7057021, 7107021]",0,1.0,204.30219999980181,727.7906000381336,8.199499978218228,940.2923000161536,0.060399994254112244,31.061600020620972,61.30429997574538,107.88740002317354,3.0527999624609947,8,12,12,0,0,16515072,31460370
FCWD3:0035,FCWD3,H8_warp,7.07584810256958,"[6.832658767700195, 7.212369441986084, 7.07584810256958]",8,8,7,1,False,"[6756682, 6806725, 6856777, 6906830, 6956873, 7006926, 7056978, 7107021]",339,0.8776067527308838,28.56959996279329,97.2569000441581,7.881700003053993,133.70820001000538,7.176399987656623,9.65989998076111,4.89380001090467,5.125099967699498,1.0779000003822148,1,3,1,2,2,16515072,4206072
FCWD3:0035,FCWD3,H8_warp_student,7.324575901031494,"[7.174802780151367, 7.484639644622803, 7.324575901031494]",8,8,7,1,False,"[6756682, 6806725, 6856777, 6906830, 6956873, 7006926, 7056978, 7107021]",339,0.8776067527308838,29.623699956573546,38.25790004339069,7.841899991035461,75.7234999909997,7.339100004173815,10.56389999575913,4.257199994754046,5.759300023782998,1.1973000364378095,1,3,1,2,2,16515072,4206072
FCWD3:0036,FCWD3,H8_reference,7.002992630004883,"[7.002992630004883, 7.169931888580322, 6.984899997711182]",8,8,0,8,False,"[6807074, 6857074, 6907074, 6957074, 7007074, 7057074, 7107074, 7157074]",0,1.0,151.12300001783296,645.2830000198446,13.445399992633611,809.8514000303112,0.03630004357546568,22.51750003779307,47.22720000427216,77.47179997386411,3.244300023652613,8,12,12,0,0,16515072,31121509
FCWD3:0036,FCWD3,H8_warp,7.063390731811523,"[6.886030673980713, 7.129006862640381, 7.063390731811523]",8,8,7,1,False,"[6806725, 6856777, 6906830, 6956873, 7006926, 7056978, 7107021, 7157074]",349,0.8889663035216621,56.47269997280091,131.7834000219591,17.92010001372546,206.17620000848547,11.162000009790063,26.998599991202354,7.955099979881197,8.78879998344928,0.5989000201225281,1,3,1,2,2,16515072,3976606
FCWD3:0036,FCWD3,H8_warp_student,7.184807777404785,"[6.999363899230957, 7.314321517944336, 7.184807777404785]",8,8,7,1,False,"[6806725, 6856777, 6906830, 6956873, 7006926, 7056978, 7107021, 7157074]",349,0.8889663035216621,34.051100024953485,54.90799999097362,9.952799999155104,98.91190001508221,4.802000010386109,13.978500035591424,6.542099989019334,6.731500034220517,1.261299999896437,1,3,1,2,2,16515072,3976606
FCWD3:0037,FCWD3,H8_reference,6.402915954589844,"[6.402915954589844, 6.671957015991211, 6.382126331329346]",8,8,0,8,False,"[6857126, 6907126, 6957126, 7007126, 7057126, 7107126, 7157126, 7207126]",0,1.0,208.49019999150187,848.0822000419721,9.690499980933964,1066.262900014408,0.1648000325076282,42.82549995696172,77.56259996676818,84.19819996925071,3.027800004929304,8,12,12,0,0,16515072,31380504
FCWD3:0037,FCWD3,H8_warp,6.218460559844971,"[6.202404022216797, 6.505670070648193, 6.218460559844971]",8,8,7,1,False,"[6856777, 6906830, 6956873, 7006926, 7056978, 7107021, 7157074, 7207126]",349,0.8874122248927848,35.498399985954165,97.30810002656654,10.09850000264123,142.90500001516193,4.443499958142638,16.019900038372725,7.444699993357062,6.417400029022247,0.368500011973083,1,3,1,2,2,16515072,4696828
FCWD3:0037,FCWD3,H8_warp_student,6.173721790313721,"[6.162957191467285, 6.225860595703125, 6.173721790313721]",8,8,7,1,False,"[6856777, 6906830, 6956873, 7006926, 7056978, 7107021, 7157074, 7207126]",349,0.8874122248927848,36.82510001817718,35.37800000049174,10.516599984839559,82.71970000350848,4.064299981109798,16.614299966022372,8.562900009565055,6.494699977338314,0.38619997212663293,1,3,1,2,2,16515072,4696828
FCWD3:0038,FCWD3,H8_reference,6.264347076416016,"[6.264347076416016, 6.560588359832764, 6.128719806671143]",8,8,0,8,False,"[6907178, 6957178, 7007178, 7057178, 7107178, 7157178, 7207178, 7257178]",0,1.0,165.76180001720786,731.6999000031501,9.133299987297505,906.5950000076555,0.04350004019215703,34.53579999040812,55.10870000580326,72.17260001925752,3.219099948182702,8,12,12,0,0,16515072,32379594
FCWD3:0038,FCWD3,H8_warp,5.9305419921875,"[5.9305419921875, 6.224954605102539, 5.73622989654541]",8,8,7,1,False,"[6906830, 6956873, 7006926, 7056978, 7107021, 7157074, 7207126, 7257178]",348,0.9018510546706845,43.775000027380884,116.30220001097769,9.04219999210909,169.11940003046766,3.9023999706842005,18.9259999897331,11.864200001582503,7.853199960663915,0.5307000246830285,1,3,1,2,2,16515072,6243131
FCWD3:0038,FCWD3,H8_warp_student,6.004634857177734,"[6.004634857177734, 6.036706924438477, 5.928986072540283]",8,8,7,1,False,"[6906830, 6956873, 7006926, 7056978, 7107021, 7157074, 7207126, 7257178]",348,0.9018510546706845,45.032800000626594,51.02149996673688,9.188299998641014,105.24259996600449,4.329400020651519,18.668600008822978,12.809400039259344,8.079599996563047,0.48149999929592013,1,3,1,2,2,16515072,6243131
FCWD3:0039,FCWD3,H8_reference,6.814819812774658,"[6.814819812774658, 7.59928035736084, 6.720616340637207]",8,8,0,8,False,"[6957222, 7007222, 7057222, 7107222, 7157222, 7207222, 7257222, 7307222]",0,1.0,213.63239997299388,811.4874000311829,9.219100000336766,1034.3389000045136,0.04830001853406429,32.03259996371344,83.23819999350235,93.80819997750223,3.668599994853139,8,12,12,0,0,16515072,32915502
FCWD3:0039,FCWD3,H8_warp,6.434086322784424,"[6.434086322784424, 7.143150806427002, 6.353933811187744]",8,8,7,1,False,"[6956873, 7006926, 7056978, 7107021, 7157074, 7207126, 7257178, 7307222]",349,0.9126510339557763,39.93259998969734,97.243600001093,6.9898999645374715,144.1660999553278,3.921199997421354,14.635500032454729,12.865899945609272,7.392600004095584,0.4188999882899225,1,3,1,2,2,16515072,6643481
FCWD3:0039,FCWD3,H8_warp_student,6.45328426361084,"[6.402944087982178, 7.15489387512207, 6.45328426361084]",8,8,7,1,False,"[6956873, 7006926, 7056978, 7107021, 7157074, 7207126, 7257178, 7307222]",349,0.9126510339557763,33.3779999637045,37.919400027021766,7.243599975481629,78.54099996620789,3.368699981365353,11.99209998594597,10.761899990029633,6.38709997292608,0.37890003295615315,1,3,1,2,2,16515072,6643481
FCWD3:0040,FCWD3,H8_reference,6.918904781341553,"[6.247237205505371, 6.918904781341553, 6.926009654998779]",8,8,0,8,False,"[7007274, 7057274, 7107274, 7157274, 7207274, 7257274, 7307274, 7357274]",0,1.0,179.61699998704717,879.5045000151731,15.274399949703366,1074.3958999519236,0.03860000288113952,26.066199992783368,56.53529998380691,93.0742000346072,3.0885000014677644,8,12,12,0,0,16515072,32335666
FCWD3:0040,FCWD3,H8_warp,6.698925495147705,"[6.04995584487915, 6.698925495147705, 6.728353023529053]",8,8,7,1,False,"[7006926, 7056978, 7107021, 7157074, 7207126, 7257178, 7307222, 7357274]",348,0.8979020385651556,44.106599991209805,103.21470000781119,12.839999981224537,160.16129998024553,5.5884000030346215,16.671999997925013,11.938399984501302,8.276500040665269,0.6588000105693936,1,3,1,2,2,16515072,5198396
FCWD3:0040,FCWD3,H8_warp_student,6.311943054199219,"[6.181599140167236, 6.444575786590576, 6.311943054199219]",8,8,7,1,False,"[7006926, 7056978, 7107021, 7157074, 7207126, 7257178, 7307222, 7357274]",348,0.8979020385651556,36.84759995667264,44.35470001772046,9.80090000666678,91.00319998105988,4.87750000320375,13.61439999891445,8.796200039796531,7.493400014936924,1.3786000199615955,1,3,1,2,2,16515072,5198396
FCWD3:0041,FCWD3,H8_reference,6.514652729034424,"[6.277200698852539, 6.957270622253418, 6.514652729034424]",8,8,0,8,False,"[7057326, 7107326, 7157326, 7207326, 7257326, 7307326, 7357326, 7407326]",0,1.0,185.6887000030838,870.9649000084028,11.686499987263232,1068.3400999987498,0.04339998122304678,26.792999997269362,56.4872000250034,96.48309997282922,4.913299984764308,8,12,12,0,0,16515072,32365110
FCWD3:0041,FCWD3,H8_warp,6.2653632164001465,"[5.926417350769043, 6.5654377937316895, 6.2653632164001465]",8,8,7,1,False,"[7056978, 7107021, 7157074, 7207126, 7257178, 7307222, 7357274, 7407326]",348,0.8999217397490928,45.019199955277145,120.11419999180362,9.813200042117387,174.94659998919815,4.740000003948808,19.894499971996993,9.953000000678003,8.87340004555881,0.6438000127673149,1,3,1,2,2,16515072,4621722
FCWD3:0041,FCWD3,H8_warp_student,6.264993190765381,"[6.264993190765381, 6.522985458374023, 6.248380184173584]",8,8,7,1,False,"[7056978, 7107021, 7157074, 7207126, 7257178, 7307222, 7357274, 7407326]",348,0.8999217397490928,43.28360001090914,41.03600000962615,8.256600005552173,92.57620002608746,3.998100000899285,18.218400015030056,10.20219997735694,9.465200011618435,0.36509998608380556,1,3,1,2,2,16515072,4621722
FCWD3:0042,FCWD3,H8_reference,6.274935722351074,"[6.13485860824585, 6.462668418884277, 6.274935722351074]",8,8,0,8,False,"[7107370, 7157370, 7207370, 7257370, 7307370, 7357370, 7407370, 7457370]",0,1.0,234.25460001453757,842.2785000293516,12.074199970811605,1088.6073000147007,0.050799979362636805,33.44169998308644,75.81339997705072,116.85439996654168,6.0628000064753,8,12,12,0,0,16515072,32372828
FCWD3:0042,FCWD3,H8_warp,6.386685371398926,"[5.959931373596191, 6.4418559074401855, 6.386685371398926]",8,8,7,1,False,"[7107021, 7157074, 7207126, 7257178, 7307222, 7357274, 7407326, 7457370]",349,0.898549313601402,45.1621999964118,102.2209000075236,11.546500027179718,158.92960003111511,6.405499996617436,19.365200016181916,10.010700032580644,7.9005000297911465,0.532899983227253,1,3,1,2,2,16515072,5088542
FCWD3:0042,FCWD3,H8_warp_student,6.230690002441406,"[6.249936580657959, 6.130544185638428, 6.230690002441406]",8,8,7,1,False,"[7107021, 7157074, 7207126, 7257178, 7307222, 7357274, 7407326, 7457370]",349,0.898549313601402,42.20689996145666,51.535500038880855,9.111099992878735,102.85349999321625,4.881500033661723,17.555000027641654,10.33560000360012,8.19030002458021,0.4414999857544899,1,3,1,2,2,16515072,5088542
FCWD3:0043,FCWD3,H8_reference,6.3441619873046875,"[6.3441619873046875, 6.424353122711182, 6.319497585296631]",8,8,0,8,False,"[7157422, 7207422, 7257422, 7307422, 7357422, 7407422, 7457422, 7507422]",0,1.0,156.7640000139363,885.5795999988914,16.136599995661527,1058.4802000084892,0.042199972085654736,26.714300038293004,54.54500002088025,71.5288000064902,3.249600005801767,8,12,12,0,0,16515072,31669929
FCWD3:0043,FCWD3,H8_warp,6.35303258895874,"[6.185827732086182, 6.35303258895874, 6.353488922119141]",8,8,7,1,False,"[7157074, 7207126, 7257178, 7307222, 7357274, 7407326, 7457370, 7507422]",348,0.8945699358631402,35.42549995472655,97.84800000488758,7.540700025856495,140.81419998547062,5.299300013575703,14.048399985767901,7.774900004733354,6.876000028569251,0.5380999646149576,1,3,1,2,2,16515072,4616979
FCWD3:0043,FCWD3,H8_warp_student,6.220611572265625,"[6.253053665161133, 6.158310890197754, 6.220611572265625]",8,8,7,1,False,"[7157074, 7207126, 7257178, 7307222, 7357274, 7407326, 7457370, 7507422]",348,0.8945699358631402,19.965399987995625,29.463700018823147,5.419199995230883,54.848300002049655,2.6744999922811985,8.098599966615438,4.2928000329993665,3.9802000392228365,0.3217000048607588,1,3,1,2,2,16515072,4616979
FCWD3:0044,FCWD3,H8_reference,6.403055667877197,"[6.199500560760498, 6.799851417541504, 6.403055667877197]",8,8,0,8,False,"[7207475, 7257475, 7307475, 7357475, 7407475, 7457475, 7507475, 7557475]",0,1.0,117.62680002721027,623.9099999656901,10.095999983604997,751.6327999765053,0.028900045435875654,22.235499985981733,41.10999999102205,51.0068999719806,2.7324999682605267,8,12,12,0,0,16515072,31518901
FCWD3:0044,FCWD3,H8_warp,6.283943176269531,"[6.009389877319336, 6.38041353225708, 6.283943176269531]",8,8,7,1,False,"[7207126, 7257178, 7307222, 7357274, 7407326, 7457370, 7507422, 7557475]",349,0.8946978467237786,33.036000037100166,91.9125999789685,9.849199966993183,134.79779998306185,4.173499997705221,14.944800001103431,6.918200000654906,5.963300005532801,0.3497999859973788,1,3,1,2,2,16515072,4600115
FCWD3:0044,FCWD3,H8_warp_student,6.720210552215576,"[6.720210552215576, 6.742867946624756, 6.6525068283081055]",8,8,7,1,False,"[7207126, 7257178, 7307222, 7357274, 7407326, 7457370, 7507422, 7557475]",349,0.8946978467237786,32.616700045764446,41.64609999861568,7.833999989088625,82.09680003346875,3.9055999950505793,14.879199967253953,6.795499997679144,5.986600008327514,0.38059998769313097,1,3,1,2,2,16515072,4600115
FCWD3:0045,FCWD3,H8_reference,5.8242878913879395,"[5.718478202819824, 5.943649768829346, 5.8242878913879395]",8,8,0,8,False,"[7257518, 7307518, 7357518, 7407518, 7457518, 7507518, 7557518, 7607518]",0,1.0,205.22299996810034,660.0859999889508,10.690700029954314,875.9996999870054,0.04769995575770736,28.767600015271455,71.42409996595234,99.31369998957962,4.919799976050854,8,12,12,0,0,16515072,31902285
FCWD3:0045,FCWD3,H8_warp,6.025125503540039,"[5.797171592712402, 6.049302101135254, 6.025125503540039]",8,8,7,1,False,"[7257178, 7307222, 7357274, 7407326, 7457370, 7507422, 7557475, 7607518]",340,0.9095228162877471,33.993199991527945,100.5826999899,9.50450001982972,144.08040000125766,4.814799991436303,12.908299977425486,8.177199983038008,6.112799979746342,0.45300001511350274,1,3,1,2,2,16515072,4963320
FCWD3:0045,FCWD3,H8_warp_student,6.047944068908691,"[6.047944068908691, 5.947793960571289, 6.100405216217041]",8,8,7,1,False,"[7257178, 7307222, 7357274, 7407326, 7457370, 7507422, 7557475, 7607518]",340,0.9095228162877471,35.343100025784224,38.97039999719709,6.817099987529218,81.13060001051053,10.056600032839924,11.092500004451722,7.067600032314658,5.3743000025860965,0.949900015257299,1,3,1,2,2,16515072,4963320
FCWD3:0046,FCWD3,H8_reference,6.441911697387695,"[6.016937732696533, 6.441911697387695, 6.548879146575928]",8,8,0,8,False,"[7307570, 7357570, 7407570, 7457570, 7507570, 7557570, 7607570, 7657570]",0,1.0,150.31270001782104,750.3827000036836,13.411699968855828,914.1070999903604,0.026999972760677338,23.63780001178384,54.02630002936348,68.32950003445148,3.6947999615222216,8,12,12,0,0,16515072,31970081
FCWD3:0046,FCWD3,H8_warp,6.312100887298584,"[5.942407608032227, 6.312100887298584, 6.775592803955078]",8,8,7,1,False,"[7307222, 7357274, 7407326, 7457370, 7507422, 7557475, 7607518, 7657570]",348,0.9208951815482987,39.479599974583834,150.84570000180975,9.630800050217658,199.95610002661124,5.125499970745295,15.844099980313331,9.473200014326721,7.60499999159947,0.5599000141955912,1,3,1,2,2,16515072,4646763
FCWD3:0046,FCWD3,H8_warp_student,6.987294673919678,"[6.810753345489502, 6.987294673919678, 7.115983486175537]",8,8,7,1,False,"[7307222, 7357274, 7407326, 7457370, 7507422, 7557475, 7607518, 7657570]",348,0.9208951815482987,31.3120000064373,38.31899998476729,9.570599999278784,79.20159999048337,4.298499959986657,12.941399996634573,7.0109000080265105,5.995299958158284,0.34110003616660833,1,3,1,2,2,16515072,4646763
FCWD3:0047,FCWD3,H8_reference,6.123791694641113,"[5.978909492492676, 6.28772497177124, 6.123791694641113]",8,8,0,8,False,"[7357623, 7407623, 7457623, 7507623, 7557623, 7607623, 7657623, 7707623]",0,1.0,170.22410000208765,551.346399995964,10.642600012943149,732.2131000109948,0.04789995728060603,28.55360001558438,59.2420999892056,78.94489995669574,2.7759000076912344,8,12,12,0,0,16515072,32187953
FCWD3:0047,FCWD3,H8_warp,6.046102523803711,"[5.779231071472168, 6.046102523803711, 6.284890651702881]",8,8,7,1,False,"[7357274, 7407326, 7457370, 7507422, 7557475, 7607518, 7657570, 7707623]",349,0.9288238576477152,33.87530002510175,107.70320001756772,12.108299997635186,153.68680004030466,4.160500015132129,15.83979994757101,6.729000015184283,6.11610000487417,0.44439994962885976,1,3,1,2,2,16515072,4635866
FCWD3:0047,FCWD3,H8_warp_student,6.698739051818848,"[6.412561416625977, 6.716102600097656, 6.698739051818848]",8,8,7,1,False,"[7357274, 7407326, 7457370, 7507422, 7557475, 7607518, 7657570, 7707623]",349,0.9288238576477152,36.03140002815053,40.037899976596236,9.30760003393516,85.37690003868192,5.187299975659698,16.194600029848516,7.052100030705333,6.285099952947348,0.47740002628415823,1,3,1,2,2,16515072,4635866
FCWD3:0048,FCWD3,H8_reference,6.824082851409912,"[6.824082851409912, 6.728765487670898, 6.873181343078613]",8,8,0,8,False,"[7407666, 7457666, 7507666, 7557666, 7607666, 7657666, 7707666, 7757666]",0,1.0,173.33269998198375,671.0643999977037,12.092099990695715,856.4891999703832,0.04229997284710407,30.146899982355535,62.24669999210164,77.38759997300804,2.808000019285828,8,12,12,0,0,16515072,32915009
FCWD3:0048,FCWD3,H8_warp,6.513700485229492,"[6.513700485229492, 6.464722633361816, 6.722267150878906]",8,8,7,1,False,"[7407326, 7457370, 7507422, 7557475, 7607518, 7657570, 7707623, 7757666]",340,0.9402061855670103,43.730399978812784,107.18089999863878,11.484700022265315,162.39599999971688,9.106700017582625,17.13910000398755,8.472800021991134,7.01100000878796,1.2389999465085566,1,3,1,2,2,16515072,5165977
FCWD3:0048,FCWD3,H8_warp_student,6.689548015594482,"[6.601558685302734, 6.689548015594482, 6.829004287719727]",8,8,7,1,False,"[7407326, 7457370, 7507422, 7557475, 7607518, 7657570, 7707623, 7757666]",340,0.9402061855670103,37.03320003114641,44.53690000809729,11.0765999997966,92.6467000390403,5.234799988102168,15.651500027161092,7.900700031314045,6.2114999745972455,1.2605999945662916,1,3,1,2,2,16515072,5165977
FCWD3:0049,FCWD3,H8_reference,6.80944299697876,"[6.80944299697876, 6.786035060882568, 6.945739269256592]",8,8,0,8,False,"[7457718, 7507718, 7557718, 7607718, 7657718, 7707718, 7757718, 7807718]",0,1.0,186.32020003860816,590.4243999975733,12.044199975207448,788.788800011389,0.049399968702346087,32.461400027386844,67.72400002228096,81.86799997929484,3.499799990095198,8,12,12,0,0,16515072,33652112
FCWD3:0049,FCWD3,H8_warp,7.695513725280762,"[7.5483856201171875, 7.695513725280762, 7.732407093048096]",8,8,7,1,False,"[7457370, 7507422, 7557475, 7607518, 7657570, 7707623, 7757666, 7807718]",348,0.9385049577602589,37.53520001191646,93.61430001445115,9.329899970907718,140.47939999727532,4.691799986176193,16.183300002012402,8.871500031091273,6.682999955955893,0.3476000274531543,1,3,1,2,2,16515072,5453498
FCWD3:0049,FCWD3,H8_warp_student,7.510024547576904,"[7.3768839836120605, 7.5794358253479, 7.510024547576904]",8,8,7,1,False,"[7457370, 7507422, 7557475, 7607518, 7657570, 7707623, 7757666, 7807718]",348,0.9385049577602589,34.69930001301691,36.64040000876412,9.653299988713115,80.99300001049414,3.887799975927919,14.768399996683002,8.443799975793809,6.6003999672830105,0.33680000342428684,1,3,1,2,2,16515072,5453498
FCWD3:0050,FCWD3,H8_reference,6.5803937911987305,"[6.556992530822754, 6.5803937911987305, 6.637753486633301]",8,8,0,8,False,"[7507771, 7557771, 7607771, 7657771, 7707771, 7757771, 7807771, 7857771]",0,1.0,176.1570000089705,579.0076000266708,11.743899958673865,766.9084999943152,0.04409998655319214,29.635999992024153,63.853500003460795,78.125,3.7888000370003283,8,12,12,0,0,16515072,33480072
FCWD3:0050,FCWD3,H8_warp,6.615352630615234,"[6.538340091705322, 6.615352630615234, 6.722523212432861]",8,8,7,1,False,"[7507422, 7557475, 7607518, 7657570, 7707623, 7757666, 7807718, 7857771]",349,0.9302587511473864,38.86579995742068,105.60490004718304,7.549399975687265,152.02009998029098,4.600199987180531,15.665599959902465,9.425700001884252,7.924399978946894,0.4120999947190285,1,3,1,2,2,16515072,5249056
FCWD3:0050,FCWD3,H8_warp_student,6.547125816345215,"[6.518976211547852, 6.547125816345215, 6.654962062835693]",8,8,7,1,False,"[7507422, 7557475, 7607518, 7657570, 7707623, 7757666, 7807718, 7857771]",349,0.9302587511473864,33.649299992248416,35.160600033123046,8.64810001803562,77.45800004340708,4.268000018782914,14.444000029470772,7.3426999733783305,6.4002000144682825,0.34389999927952886,1,3,1,2,2,16515072,5249056
FCWD3:0051,FCWD3,H8_reference,6.4876251220703125,"[6.362868785858154, 6.526664733886719, 6.4876251220703125]",8,8,0,8,False,"[7557814, 7607814, 7657814, 7707814, 7757814, 7807814, 7857814, 7907814]",0,1.0,143.64429999841377,553.8773000007495,9.745699993800372,707.2672999929637,0.05019997479394078,20.727200026158243,50.70160003378987,68.70520004304126,2.8379999566823244,8,12,12,0,0,16515072,31826720
FCWD3:0051,FCWD3,H8_warp,6.644960403442383,"[6.47237491607666, 6.644960403442383, 6.734518051147461]",8,8,7,1,False,"[7557475, 7607518, 7657570, 7707623, 7757666, 7807718, 7857771, 7907814]",339,0.9328085752672469,26.195800048299134,95.16259998781607,9.531699994113296,130.8901000302285,4.1918999631889164,9.831000003032386,5.752499972004443,5.285100021865219,0.4002999630756676,1,3,1,2,2,16515072,4402269
FCWD3:0051,FCWD3,H8_warp_student,6.60540771484375,"[6.5696024894714355, 6.60540771484375, 6.751322269439697]",8,8,7,1,False,"[7557475, 7607518, 7657570, 7707623, 7757666, 7807718, 7857771, 7907814]",339,0.9328085752672469,25.464999955147505,36.16940003121272,8.972399984486401,70.60679997084662,4.358400008641183,9.626699960790575,5.097699991893023,5.433599988464266,0.38919999497011304,1,3,1,2,2,16515072,4402269
FCWD3:0052,FCWD3,H8_reference,5.991413593292236,"[5.8898444175720215, 6.023766994476318, 5.991413593292236]",8,8,0,8,False,"[7607866, 7657866, 7707866, 7757866, 7807866, 7857866, 7907866, 7957866]",0,1.0,147.8433000156656,470.9254000335932,10.803599958308041,629.5723000075668,0.03819999983534217,26.848500012420118,49.99119997955859,67.56299996050075,2.7987000066787004,8,12,12,0,0,16515072,30901852
FCWD3:0052,FCWD3,H8_warp,6.3196940422058105,"[6.159491062164307, 6.3196940422058105, 6.327535152435303]",8,8,7,1,False,"[7607518, 7657570, 7707623, 7757666, 7807718, 7857771, 7907814, 7957866]",348,0.9226108033240997,28.813600016292185,99.9123000074178,7.854699972085655,136.58059999579564,4.328700015321374,13.43649998307228,4.538899986073375,5.337500013411045,0.5019000382162631,1,3,1,2,2,16515072,4074849
FCWD3:0052,FCWD3,H8_warp_student,6.0822553634643555,"[6.0822553634643555, 6.0799126625061035, 6.220456123352051]",8,8,7,1,False,"[7607518, 7657570, 7707623, 7757666, 7807718, 7857771, 7907814, 7957866]",348,0.9226108033240997,27.60690002469346,46.97570001007989,8.601699955761433,83.18429999053478,3.9045000448822975,12.665999995078892,4.42420004401356,5.232900031842291,0.4224999574944377,1,3,1,2,2,16515072,4074849
FCWD3:0053,FCWD3,H8_reference,5.558043003082275,"[5.585360527038574, 5.50600528717041, 5.558043003082275]",8,8,0,8,False,"[7657919, 7707919, 7757919, 7807919, 7857919, 7907919, 7957919, 8007919]",0,1.0,213.113899983,676.6914000036195,6.23170001199469,896.0369999986142,0.05909998435527086,33.94240001216531,69.55680000828579,105.17130000516772,3.443600027821958,8,12,12,0,0,16515072,31908558
FCWD3:0053,FCWD3,H8_warp,5.570506572723389,"[5.570506572723389, 5.529351711273193, 5.598089218139648]",8,8,7,1,False,"[7657570, 7707623, 7757666, 7807718, 7857771, 7907814, 7957866, 8007919]",349,0.8988024962050936,26.20349999051541,60.357000038493425,5.7338000042364,92.29430003324524,3.056399989873171,11.063499958254397,5.926600017119199,5.255200027022511,0.4389999667182565,1,3,1,2,2,16515072,5316206
FCWD3:0053,FCWD3,H8_warp_student,5.557510852813721,"[5.587913990020752, 5.383228778839111, 5.557510852813721]",8,8,7,1,False,"[7657570, 7707623, 7757666, 7807718, 7857771, 7907814, 7957866, 8007919]",349,0.8988024962050936,28.113000036682934,38.460299954749644,11.073100031353533,77.64640002278611,3.2180999987758696,12.227299972437322,5.940600007306784,5.705200019292533,0.48669998068362474,1,3,1,2,2,16515072,5316206
FCWD3:0054,FCWD3,H8_reference,5.799012660980225,"[5.902232646942139, 5.799012660980225, 5.643827438354492]",8,8,0,8,False,"[7707962, 7757962, 7807962, 7857962, 7907962, 7957962, 8007962, 8057962]",0,1.0,181.0729000135325,550.0143999815919,6.860200024675578,737.9475000197999,0.033100019209086895,30.57750000152737,63.40179999824613,83.51510000647977,2.86239996785298,8,12,12,0,0,16515072,32662950
FCWD3:0054,FCWD3,H8_warp,5.670123100280762,"[5.756102085113525, 5.670123100280762, 5.5783514976501465]",8,8,7,1,False,"[7707623, 7757666, 7807718, 7857771, 7907814, 7957866, 8007919, 8057962]",339,0.9105899440386176,34.98039999976754,67.71189998835325,6.243799987714738,108.93609997583553,3.7051999825052917,14.249100000597537,9.499500039964914,6.394299969542772,0.4322999739088118,1,3,1,2,2,16515072,6368353
FCWD3:0054,FCWD3,H8_warp_student,5.46319580078125,"[5.562516689300537, 5.28704309463501, 5.46319580078125]",8,8,7,1,False,"[7707623, 7757666, 7807718, 7857771, 7907814, 7957866, 8007919, 8057962]",339,0.9105899440386176,31.49580000899732,26.704100018832833,5.842100013978779,64.04200004180893,3.151100012473762,12.670899974182248,8.959600003436208,5.831899994518608,0.4072000156156719,1,3,1,2,2,16515072,6368353
FCWD3:0055,FCWD3,H8_reference,5.8336591720581055,"[5.817460060119629, 5.8336591720581055, 5.8950581550598145]",8,8,0,8,False,"[7758015, 7808015, 7858015, 7908015, 7958015, 8008015, 8058015, 8108015]",0,1.0,127.22670001676306,614.882999972906,11.423500021919608,753.5332000115886,0.03509997623041272,21.09789999667555,42.94419998768717,59.617499995511025,3.0205000075511634,8,12,12,0,0,16515072,32002449
FCWD3:0055,FCWD3,H8_warp,5.895287990570068,"[5.7463059425354, 5.895287990570068, 5.939244747161865]",8,8,7,1,False,"[7757666, 7807718, 7857771, 7907814, 7957866, 8007919, 8057962, 8108015]",349,0.8994380853277836,32.000400009565055,83.70149997062981,7.871000037994236,123.5729000181891,4.1186000453308225,11.037200049031526,8.856700034812093,6.963100051507354,0.3834000090137124,1,3,1,2,2,16515072,5177520
FCWD3:0055,FCWD3,H8_warp_student,6.012509822845459,"[6.129497051239014, 5.942798137664795, 6.012509822845459]",8,8,7,1,False,"[7757666, 7807718, 7857771, 7907814, 7957866, 8007919, 8057962, 8108015]",349,0.8994380853277836,33.31100003561005,39.964199997484684,8.4567999583669,81.73199999146163,4.568000033032149,11.75790000706911,9.13839996792376,6.762300035916269,0.33220002660527825,1,3,1,2,2,16515072,5177520
FCWD3:0056,FCWD3,H8_reference,6.706373691558838,"[6.3861846923828125, 6.765305995941162, 6.706373691558838]",8,8,0,8,False,"[7808067, 7858067, 7908067, 7958067, 8008067, 8058067, 8108067, 8158067]",0,1.0,172.0540999667719,603.4360000048764,10.20379998954013,785.6938999611884,0.040300015825778246,26.7755999811925,56.917999987490475,84.72839999012649,2.929199952632189,8,12,12,0,0,16515072,31813171
FCWD3:0056,FCWD3,H8_warp,6.707026481628418,"[6.132592678070068, 6.798002243041992, 6.707026481628418]",8,8,7,1,False,"[7807718, 7857771, 7907814, 7957866, 8007919, 8057962, 8108015, 8158067]",349,0.9235958846348457,32.06630004569888,77.70239998353645,9.610800014343113,119.37950004357845,9.07200004439801,10.346900031436235,5.17379998927936,5.579200049396604,0.9868000051937997,1,3,1,2,2,16515072,3808085
FCWD3:0056,FCWD3,H8_warp_student,6.7060723304748535,"[6.583327770233154, 7.004887104034424, 6.7060723304748535]",8,8,7,1,False,"[7807718, 7857771, 7907814, 7957866, 8007919, 8057962, 8108015, 8158067]",349,0.9235958846348457,27.40979997906834,34.36390002025291,7.1066999807953835,68.88039998011664,6.454300018958747,9.510900010354817,4.820299975108355,5.1111000357195735,0.9156000451184809,1,3,1,2,2,16515072,3808085
FCWD3:0057,FCWD3,H8_reference,6.573090076446533,"[6.46850061416626, 6.573090076446533, 6.664965629577637]",8,8,0,8,False,"[7858110, 7908110, 7958110, 8008110, 8058110, 8108110, 8158110, 8208110]",0,1.0,132.95300002209842,406.4201000146568,8.2719000056386,547.6450000423938,0.05460000829771161,21.693099988624454,43.22779999347404,63.9456000062637,3.355399996507913,8,12,12,0,0,16515072,31301845
FCWD3:0057,FCWD3,H8_warp,6.776857852935791,"[6.5822625160217285, 6.776857852935791, 6.851768493652344]",8,8,7,1,False,"[7857771, 7907814, 7957866, 8007919, 8057962, 8108015, 8158067, 8208110]",339,0.9240790842872009,22.470599971711636,96.78510000230744,9.511100011877716,128.7667999858968,2.083799976389855,9.507599985226989,4.385599982924759,5.400999973062426,0.508100027218461,1,3,1,2,2,16515072,3909184
FCWD3:0057,FCWD3,H8_warp_student,6.54636812210083,"[6.37760591506958, 6.684726238250732, 6.54636812210083]",8,8,7,1,False,"[7857771, 7907814, 7957866, 8007919, 8057962, 8108015, 8158067, 8208110]",339,0.9240790842872009,27.110900031402707,32.751399965491146,5.8800000115297735,65.74230000842363,2.2554000024683774,11.964700010139495,5.416199972387403,6.385500018950552,0.4665000014938414,1,3,1,2,2,16515072,3909184
FCWD3:0058,FCWD3,H8_reference,7.019351959228516,"[6.93761682510376, 7.019351959228516, 7.089145660400391]",8,8,0,8,False,"[7908163, 7958163, 8008163, 8058163, 8108163, 8158163, 8208163, 8258163]",0,1.0,118.05430002277717,458.85629998520017,7.527499983552843,584.4380999915302,0.03090000245720148,23.71149999089539,36.00570000708103,55.020000028889626,2.7510999934747815,8,12,12,0,0,16515072,31596965
FCWD3:0058,FCWD3,H8_warp,6.918725490570068,"[6.828047275543213, 6.918725490570068, 7.061612606048584]",8,8,7,1,False,"[7907814, 7957866, 8007919, 8057962, 8108015, 8158067, 8208110, 8258163]",349,0.9369247205785667,29.81999999610707,79.77680000476539,7.568699948024005,117.16549994889647,4.1597000090405345,13.279299950227141,5.884999991394579,5.48930000513792,0.3890999942086637,1,3,1,2,2,16515072,4713828
FCWD3:0058,FCWD3,H8_warp_student,7.079927444458008,"[6.905201435089111, 7.122352600097656, 7.079927444458008]",8,8,7,1,False,"[7907814, 7957866, 8007919, 8057962, 8108015, 8158067, 8208110, 8258163]",349,0.9369247205785667,31.313100014813244,45.318499964196235,9.969500009901822,86.6010999889113,3.8871000288054347,13.792399957310408,6.490800005849451,6.1308000003919005,0.4121999954804778,1,3,1,2,2,16515072,4713828
FCWD3:0059,FCWD3,H8_reference,7.1529388427734375,"[6.912841796875, 7.1529388427734375, 7.378114223480225]",8,8,0,8,False,"[7958215, 8008215, 8058215, 8108215, 8158215, 8208215, 8258215, 8308215]",0,1.0,137.99010001821443,434.34069998329505,7.750399992801249,580.0811999943107,0.05259999306872487,29.586399963591248,45.99080001935363,59.05880004866049,2.6562000275589526,8,12,12,0,0,16515072,32245957
FCWD3:0059,FCWD3,H8_warp,7.088842868804932,"[6.698222637176514, 7.088842868804932, 7.266756057739258]",8,8,7,1,False,"[7957866, 8007919, 8057962, 8108015, 8158067, 8208110, 8258163, 8308215]",349,0.9138879000039556,36.50519996881485,73.48200003616512,6.549199984874576,116.53639998985454,3.9493999793194234,13.246099988464266,6.553199957124889,5.87749999249354,0.4343999898992479,1,3,1,2,2,16515072,5564814
FCWD3:0059,FCWD3,H8_warp_student,6.563661098480225,"[6.534774303436279, 6.563661098480225, 6.633177280426025]",8,8,7,1,False,"[7957866, 8007919, 8057962, 8108015, 8158067, 8208110, 8258163, 8308215]",349,0.9138879000039556,30.60870000626892,32.20989997498691,6.556699983775616,69.37529996503145,3.676899999845773,13.547899958211929,6.721900019329041,5.757999955676496,0.3124999930150807,1,3,1,2,2,16515072,5564814
FCWD3:0060,FCWD3,H8_reference,6.07621431350708,"[6.07621431350708, 5.979912757873535, 6.22322416305542]",8,8,0,8,False,"[8008258, 8058258, 8108258, 8158258, 8208258, 8258258, 8308258, 8358258]",0,1.0,145.91399999335408,437.17569997534156,7.772300043143332,590.862000011839,0.03550003748387098,29.774599999655038,48.422800027765334,63.87199996970594,3.2703999895602465,8,12,12,0,0,16515072,32779723
FCWD3:0060,FCWD3,H8_warp,6.131101608276367,"[6.131101608276367, 6.043948173522949, 6.2758684158325195]",8,8,7,1,False,"[8007919, 8057962, 8108015, 8158067, 8208110, 8258163, 8308215, 8358258]",339,0.8919753086419753,34.068599983584136,83.4305000025779,7.098999980371445,124.59809996653348,4.0840000146999955,14.831800013780594,7.636599999386817,6.529800011776388,0.36720000207424164,1,3,1,2,2,16515072,5813813
FCWD3:0060,FCWD3,H8_warp_student,6.260482311248779,"[6.260482311248779, 6.235653400421143, 6.337218761444092]",8,8,7,1,False,"[8007919, 8057962, 8108015, 8158067, 8208110, 8258163, 8308215, 8358258]",339,0.8919753086419753,32.532299985177815,36.00650001317263,7.966000004671514,76.50480000302196,4.071299976203591,14.128000009804964,7.396000029984862,5.967299977783114,0.36230002297088504,1,3,1,2,2,16515072,5813813
FCWD3:0061,FCWD3,H8_reference,6.1577911376953125,"[6.1577911376953125, 6.082034587860107, 6.246575355529785]",8,8,0,8,False,"[8058311, 8108311, 8158311, 8208311, 8258311, 8308311, 8358311, 8408311]",0,1.0,141.23559999279678,387.3252000194043,6.912300013937056,535.4731000261381,0.033800024539232254,27.758400014135987,46.87070002546534,62.76369997067377,3.2700999872758985,8,12,12,0,0,16515072,32846465
FCWD3:0061,FCWD3,H8_warp,6.4141764640808105,"[6.4141764640808105, 6.264186859130859, 6.548100471496582]",8,8,7,1,False,"[8057962, 8108015, 8158067, 8208110, 8258163, 8308215, 8358258, 8408311]",349,0.8495064595732327,30.628600041382015,82.51559996278957,8.517400012351573,121.66160001652315,3.3353999606333673,13.061300036497414,6.8644999992102385,6.02720002643764,0.44380000326782465,1,3,1,2,2,16515072,5765890
FCWD3:0061,FCWD3,H8_warp_student,6.651487827301025,"[6.588222980499268, 6.651487827301025, 6.7678937911987305]",8,8,7,1,False,"[8057962, 8108015, 8158067, 8208110, 8258163, 8308215, 8358258, 8408311]",349,0.8495064595732327,29.84259999357164,31.750000023748726,7.12500000372529,68.71760002104566,3.6272999714128673,12.960800027940422,6.454600021243095,5.861399986315519,0.34879997838288546,1,3,1,2,2,16515072,5765890
FCWD3:0062,FCWD3,H8_reference,5.551695346832275,"[5.461395740509033, 5.551695346832275, 5.681515693664551]",8,8,0,8,False,"[8108363, 8158363, 8208363, 8258363, 8308363, 8358363, 8408363, 8458363]",0,1.0,168.08499995386228,546.751799993217,6.588200049009174,721.4249999960884,0.0342000275850296,33.935299958102405,52.54950001835823,77.99550000345334,2.948199980892241,8,12,12,0,0,16515072,33203465
FCWD3:0062,FCWD3,H8_warp,5.380736351013184,"[5.202947616577148, 5.380736351013184, 5.423396587371826]",8,8,7,1,False,"[8108015, 8158067, 8208110, 8258163, 8308215, 8358258, 8408311, 8458363]",348,0.8503711140593065,31.471800000872463,72.25279998965561,6.162600009702146,109.88720000023022,3.918800037354231,13.74630001373589,6.91459997324273,5.855800001882017,0.3994000144302845,1,3,1,2,2,16515072,5877903
FCWD3:0062,FCWD3,H8_warp_student,5.592798709869385,"[5.55361795425415, 5.592798709869385, 5.716885089874268]",8,8,7,1,False,"[8108015, 8158067, 8208110, 8258163, 8308215, 8358258, 8408311, 8458363]",348,0.8503711140593065,34.23249995103106,27.840199996717274,6.122900056652725,68.19560000440106,3.7429999792948365,16.444000008050352,6.962500046938658,6.151399982627481,0.414899957831949,1,3,1,2,2,16515072,5877903
FCWD3:0063,FCWD3,H8_reference,5.183485984802246,"[5.072121620178223, 5.183485984802246, 5.282729148864746]",8,8,0,8,False,"[8158407, 8208407, 8258407, 8308407, 8358407, 8408407, 8458407, 8508407]",0,1.0,131.9060999667272,392.045600048732,7.62269995175302,531.5743999672122,0.0363999861292541,28.293500014115125,43.33700001006946,56.994899990968406,2.7298000059090555,8,12,12,0,0,16515072,33725501
FCWD3:0063,FCWD3,H8_warp,5.268568515777588,"[5.146890640258789, 5.268568515777588, 5.4130377769470215]",8,8,7,1,False,"[8158067, 8208110, 8258163, 8308215, 8358258, 8408311, 8458363, 8508407]",340,0.8303630825251217,35.683900001458824,84.43759998772293,7.788899994920939,127.9103999841027,4.488900012802333,15.121500007808208,8.180100005120039,6.734800001140684,0.4721999866887927,1,3,1,2,2,16515072,6122873
FCWD3:0063,FCWD3,H8_warp_student,5.6237311363220215,"[5.577738285064697, 5.6237311363220215, 5.741208076477051]",8,8,7,1,False,"[8158067, 8208110, 8258163, 8308215, 8358258, 8408311, 8458363, 8508407]",340,0.8303630825251217,32.2872000397183,29.432899958919734,6.5045999945141375,68.22469999315217,3.837199998088181,13.762500020675361,7.245199987664819,6.275499996263534,0.5953000509180129,1,3,1,2,2,16515072,6122873
FCWD3:0064,FCWD3,H8_reference,5.177688121795654,"[4.975620269775391, 5.177688121795654, 5.201354503631592]",8,8,0,8,False,"[8208459, 8258459, 8308459, 8358459, 8408459, 8458459, 8508459, 8558459]",0,1.0,162.78289997717366,468.6395000317134,9.710799960885197,641.1331999697722,0.03320001997053623,36.08779999194667,53.2729999977164,69.69049997860566,2.9254999826662242,8,12,12,0,0,16515072,35676115
FCWD3:0064,FCWD3,H8_warp,4.753730773925781,"[4.545143127441406, 4.753730773925781, 4.828433513641357]",8,8,7,1,False,"[8208110, 8258163, 8308215, 8358258, 8408311, 8458363, 8508407, 8558459]",349,0.8313148788927336,54.63010002858937,75.47689997591078,6.330800009891391,136.43780001439154,11.019200028385967,21.269100019708276,12.812700006179512,8.222200034651905,0.5878999945707619,1,3,1,2,2,16515072,6877605
FCWD3:0064,FCWD3,H8_warp_student,5.1759490966796875,"[5.128637790679932, 5.1759490966796875, 5.272908687591553]",8,8,7,1,False,"[8208110, 8258163, 8308215, 8358258, 8408311, 8458363, 8508407, 8558459]",349,0.8313148788927336,31.4545999863185,24.812799994833767,5.847400054335594,62.11480003548786,2.9198999982327223,14.001800038386136,7.97989999409765,5.732499994337559,0.35720004234462976,1,3,1,2,2,16515072,6877605
FCWD3:0065,FCWD3,H8_reference,5.8214521408081055,"[5.722579479217529, 5.8214521408081055, 5.88060188293457]",8,8,0,8,False,"[8258511, 8308511, 8358511, 8408511, 8458511, 8508511, 8558511, 8608511]",0,1.0,166.9058999978006,565.9067999804392,12.318300025071949,745.1310000033118,0.036299985367804766,38.45799999544397,56.35389999952167,67.88370001595467,3.2802000059746206,8,12,12,0,0,16515072,38099125
FCWD3:0065,FCWD3,H8_warp,5.277511119842529,"[5.143205642700195, 5.277511119842529, 5.384401798248291]",8,8,7,1,False,"[8258163, 8308215, 8358258, 8408311, 8458363, 8508407, 8558459, 8608511]",348,0.8131243944000802,45.389499980956316,70.59270003810525,7.384900003671646,123.36710002273321,4.2566999909467995,21.35599998291582,12.05139997182414,6.690100010018796,0.3561999765224755,1,3,1,2,2,16515072,8443849
FCWD3:0065,FCWD3,H8_warp_student,6.089386940002441,"[6.010093688964844, 6.105221748352051, 6.089386940002441]",8,8,7,1,False,"[8258163, 8308215, 8358258, 8408311, 8458363, 8508407, 8558459, 8608511]",348,0.8131243944000802,38.935700024012476,27.22869999706745,5.711899953894317,71.87629997497424,3.081000002566725,16.897000023163855,11.55809999909252,6.542299990542233,0.3533000126481056,1,3,1,2,2,16515072,8443849
FCWD3:0066,FCWD3,H8_reference,5.72406530380249,"[5.59642219543457, 5.781700611114502, 5.72406530380249]",8,8,0,8,False,"[8308555, 8358555, 8408555, 8458555, 8508555, 8558555, 8608555, 8658555]",0,1.0,186.95250002201647,525.3493000054732,8.75919999089092,721.0610000183806,0.03260001540184021,35.50679999170825,65.95199997536838,81.18300000205636,3.1223000260069966,8,12,12,0,0,16515072,39456473
FCWD3:0066,FCWD3,H8_warp,5.916724681854248,"[5.702159404754639, 6.063621520996094, 5.916724681854248]",8,8,7,1,False,"[8308215, 8358258, 8408311, 8458363, 8508407, 8558459, 8608511, 8658555]",340,0.8350178359096314,55.48059998545796,93.52679998846725,7.76659999974072,156.77399997366592,4.138199961744249,21.87590004177764,18.4667999856174,9.892200003378093,0.43969997204840183,1,3,1,2,2,16515072,9073274
FCWD3:0066,FCWD3,H8_warp_student,6.382527828216553,"[6.367829322814941, 6.677905082702637, 6.382527828216553]",8,8,7,1,False,"[8308215, 8358258, 8408311, 8458363, 8508407, 8558459, 8608511, 8658555]",340,0.8350178359096314,45.643199991900474,28.542199986986816,5.34709997009486,79.53249994898215,3.1447000219486654,22.15430000796914,13.02770001348108,6.454300018958747,0.35589997423812747,1,3,1,2,2,16515072,9073274
FCWD3:0067,FCWD3,H8_reference,5.7432475090026855,"[5.726173400878906, 5.841500759124756, 5.7432475090026855]",8,8,0,8,False,"[8358607, 8408607, 8458607, 8508607, 8558607, 8608607, 8658607, 8708607]",0,1.0,153.0491000157781,415.7166999648325,7.522500003688037,576.2882999842986,0.038300000596791506,37.74880000855774,52.26210004184395,58.91050002537668,2.8468999662436545,8,12,12,0,0,16515072,38984961
FCWD3:0067,FCWD3,H8_warp,5.747791290283203,"[5.643401145935059, 5.875543594360352, 5.747791290283203]",8,8,7,1,False,"[8358258, 8408311, 8458363, 8508407, 8558459, 8608511, 8658555, 8708607]",349,0.8472365702479339,43.30750001827255,86.10119996592402,6.983900035265833,136.3926000194624,4.077300021890551,17.633200041018426,12.212300032842904,8.16219998523593,0.5738000036217272,1,3,1,2,2,16515072,7263233
FCWD3:0067,FCWD3,H8_warp_student,6.344712734222412,"[6.344712734222412, 6.494607448577881, 6.249870777130127]",8,8,7,1,False,"[8358258, 8408311, 8458363, 8508407, 8558459, 8608511, 8658555, 8708607]",349,0.8472365702479339,41.92769998917356,30.977000016719103,6.863099988549948,79.76779999444261,3.5509999725036323,18.24320002924651,10.151599999517202,9.069700026884675,0.3705999697558582,1,3,1,2,2,16515072,7263233
FCWD3:0068,FCWD3,H8_reference,4.255194664001465,"[4.087549686431885, 4.321941375732422, 4.255194664001465]",8,8,0,8,False,"[8408659, 8458659, 8508659, 8558659, 8608659, 8658659, 8708659, 8758659]",0,1.0,198.4872999601066,510.8305999892764,7.12960003875196,716.447499988135,0.034400029107928276,38.01900002872571,73.29479994950816,82.33499998459592,3.3324999967589974,8,12,12,0,0,16515072,39523079
FCWD3:0068,FCWD3,H8_warp,4.729278087615967,"[4.510495185852051, 4.820840358734131, 4.729278087615967]",8,8,7,1,False,"[8408311, 8458363, 8508407, 8558459, 8608511, 8658555, 8708607, 8758659]",348,0.8713056926760027,28.728000004775822,62.037100025918335,6.7467999760992825,97.51190000679344,3.335000015795231,13.909899978898466,5.489200004376471,5.085499957203865,0.4233000217936933,1,3,1,2,2,16515072,5248342
FCWD3:0068,FCWD3,H8_warp_student,5.263680934906006,"[5.338996887207031, 5.263680934906006, 5.228001117706299]",8,8,7,1,False,"[8408311, 8458363, 8508407, 8558459, 8608511, 8658555, 8708607, 8758659]",348,0.8713056926760027,29.191600042395294,29.064200003631413,6.266999989748001,64.52280003577471,3.3475999953225255,12.472899979911745,6.070900009945035,6.44789997022599,0.38189999759197235,1,3,1,2,2,16515072,5248342
FCWD3:0069,FCWD3,H8_reference,6.0481133460998535,"[6.0481133460998535, 5.825129508972168, 6.1758503913879395]",8,8,0,8,False,"[8458712, 8508712, 8558712, 8608712, 8658712, 8708712, 8758712, 8808712]",0,1.0,201.18850003927946,461.7887999629602,7.195300015155226,670.1726000173949,0.03359996480867267,32.60840004077181,75.45040000695735,88.4877999778837,3.140099986921996,8,12,12,0,0,16515072,39923837
FCWD3:0069,FCWD3,H8_warp,5.565314292907715,"[5.565314292907715, 5.4867095947265625, 5.761457920074463]",8,8,7,1,False,"[8458363, 8508407, 8558459, 8608511, 8658555, 8708607, 8758659, 8808712]",349,0.8720010055567485,28.558799996972084,65.62470004428178,6.043299974408001,100.22680001566187,3.3842999837361276,12.416100013069808,5.8463000459596515,5.884300044272095,0.5175999831408262,1,3,1,2,2,16515072,4747063
FCWD3:0069,FCWD3,H8_warp_student,6.068320274353027,"[6.167256832122803, 6.048831462860107, 6.068320274353027]",8,8,7,1,False,"[8458363, 8508407, 8558459, 8608511, 8658555, 8708607, 8758659, 8808712]",349,0.8720010055567485,26.32679999805987,27.022499998565763,5.62409998383373,58.97339998045936,3.239199984818697,11.328699998557568,5.535700009204447,5.375900014769286,0.3609000123105943,1,3,1,2,2,16515072,4747063
FCWD3:0070,FCWD3,H8_reference,4.824227809906006,"[4.824227809906006, 4.714663028717041, 4.911528587341309]",8,8,0,8,False,"[8508755, 8558755, 8608755, 8658755, 8708755, 8758755, 8808755, 8858755]",0,1.0,181.2138999812305,526.197700004559,8.995099982712418,716.4066999685019,0.0295999925583601,33.38159999111667,64.74300002446398,78.7263999809511,2.799800015054643,8,12,12,0,0,16515072,40407793
FCWD3:0070,FCWD3,H8_warp,4.656242370605469,"[4.656242370605469, 4.577263355255127, 4.8420209884643555]",8,8,7,1,False,"[8508407, 8558459, 8608511, 8658555, 8708607, 8758659, 8808712, 8858755]",348,0.8749071858757528,36.369900044519454,65.49949996406212,6.08640001155436,107.95580002013594,7.812900003045797,15.238799969665706,6.002500012982637,6.1564999632537365,0.5200000014156103,1,3,1,2,2,16515072,4809912
FCWD3:0070,FCWD3,H8_warp_student,5.154821395874023,"[5.190221309661865, 5.059291362762451, 5.154821395874023]",8,8,7,1,False,"[8508407, 8558459, 8608511, 8658555, 8708607, 8758659, 8808712, 8858755]",348,0.8749071858757528,27.05829998012632,27.76110003469512,5.829699977766722,60.64909999258816,3.0203000060282648,12.533699977211654,5.155799968633801,5.515300028491765,0.3301000106148422,1,3,1,2,2,16515072,4809912
FCWD3:0071,FCWD3,H8_reference,5.405460357666016,"[5.405460357666016, 5.108002185821533, 5.559593677520752]",8,8,0,8,False,"[8558807, 8608807, 8658807, 8708807, 8758807, 8808807, 8858807, 8908807]",0,1.0,196.33070001145825,528.5350999911316,11.094299959950149,735.96009996254,0.031800009310245514,35.036400018725544,68.17780004348606,82.4271000456065,8.388300018850714,8,12,12,0,0,16515072,40251223
FCWD3:0071,FCWD3,H8_warp,4.939438819885254,"[4.939438819885254, 4.7372283935546875, 5.160604000091553]",8,8,7,1,False,"[8558459, 8608511, 8658555, 8708607, 8758659, 8808712, 8858755, 8908807]",348,0.8836468915493828,42.98879997804761,89.11380002973601,8.312299964018166,140.4148999718018,5.357699992600828,20.16030001686886,7.762399967759848,8.439500001259148,0.41639996925368905,1,3,1,2,2,16515072,5028855
FCWD3:0071,FCWD3,H8_warp_student,5.319191932678223,"[5.319191932678223, 5.189093589782715, 5.3635687828063965]",8,8,7,1,False,"[8558459, 8608511, 8658555, 8708607, 8758659, 8808712, 8858755, 8908807]",348,0.8836468915493828,35.57940002065152,34.77770002791658,6.790499959606677,77.14760000817478,4.3264999985694885,16.750700015109032,6.6877000499516726,6.701500038616359,0.4028999828733504,1,3,1,2,2,16515072,5028855
FCWD3:0072,FCWD3,H8_reference,5.742868900299072,"[5.742868900299072, 5.5741424560546875, 6.038504600524902]",8,8,0,8,False,"[8608860, 8658860, 8708860, 8758860, 8808860, 8858860, 8908860, 8958860]",0,1.0,151.44720004172996,401.21159999398515,7.05840002046898,559.7172000561841,0.03170000854879618,33.375500002875924,52.90329997660592,61.40199996298179,2.6731000398285687,8,12,12,0,0,16515072,39868332
FCWD3:0072,FCWD3,H8_warp,5.665777683258057,"[5.665777683258057, 5.457001686096191, 6.035854339599609]",8,8,7,1,False,"[8608511, 8658555, 8708607, 8758659, 8808712, 8858755, 8908807, 8958860]",349,0.8983933602375694,31.01740003330633,63.82569996640086,6.863999995402992,101.70709999511018,6.3387000118382275,12.967500020749867,4.656600009184331,5.335599998943508,1.175600045826286,1,3,1,2,2,16515072,5011107
FCWD3:0072,FCWD3,H8_warp_student,6.054294586181641,"[6.054294586181641, 5.970231533050537, 6.2548604011535645]",8,8,7,1,False,"[8608511, 8658555, 8708607, 8758659, 8808712, 8858755, 8908807, 8958860]",349,0.8983933602375694,24.262299994006753,25.834399973973632,5.433900048956275,55.53060001693666,2.7993000112473965,11.134399974253029,4.567899974063039,4.898299986962229,0.3842000151053071,1,3,1,2,2,16515072,5011107
FCWD3:0073,FCWD3,H8_reference,5.239675045013428,"[5.143078327178955, 5.239675045013428, 5.547764301300049]",8,8,0,8,False,"[8658903, 8708903, 8758903, 8808903, 8858903, 8908903, 8958903, 9008903]",0,1.0,154.15560000110418,394.17330001015216,6.134599971119314,554.4634999823757,0.0295999925583601,28.68520002812147,56.39280000468716,65.08359999861568,2.901999978348613,8,12,12,0,0,16515072,39509411
FCWD3:0073,FCWD3,H8_warp,5.090089797973633,"[5.037817001342773, 5.090089797973633, 5.4224042892456055]",8,8,7,1,False,"[8658555, 8708607, 8758659, 8808712, 8858755, 8908807, 8958860, 9008903]",348,0.8941204588910134,29.062799992971122,60.29799999669194,5.775799974799156,95.13659996446222,6.59170001745224,11.73719996586442,4.659000027459115,5.085799959488213,0.3326000296510756,1,3,1,2,2,16515072,5075146
FCWD3:0073,FCWD3,H8_warp_student,5.134184837341309,"[5.134184837341309, 5.133364200592041, 5.294990062713623]",8,8,7,1,False,"[8658555, 8708607, 8758659, 8808712, 8858755, 8908807, 8958860, 9008903]",348,0.8941204588910134,26.382500014733523,29.516899958252907,6.562200025655329,62.46159999864176,3.2322999904863536,11.014899995643646,5.128299992065877,6.102199957240373,0.3513999981805682,1,3,1,2,2,16515072,5075146
FCWD3:0074,FCWD3,H8_reference,5.253557205200195,"[5.187144756317139, 5.253557205200195, 5.429045677185059]",8,8,0,8,False,"[8708956, 8758956, 8808956, 8858956, 8908956, 8958956, 9008956, 9058956]",0,1.0,178.40749997412786,557.1480999933556,8.07179999537766,743.6273999628611,0.031000003218650818,34.3019999563694,62.641600030474365,74.99079999979585,5.014599999412894,8,12,12,0,0,16515072,38995229
FCWD3:0074,FCWD3,H8_warp,5.3023152351379395,"[5.158174991607666, 5.3023152351379395, 5.496459484100342]",8,8,7,1,False,"[8708607, 8758659, 8808712, 8858755, 8908807, 8958860, 9008903, 9058956]",349,0.8984850851163517,31.637300038710237,72.3786000162363,6.270799960475415,110.28670001542196,4.2995999683626,15.003599983174354,5.570699984673411,5.778499995358288,0.41099998634308577,1,3,1,2,2,16515072,4895983
FCWD3:0074,FCWD3,H8_warp_student,5.4758620262146,"[5.435715198516846, 5.4758620262146, 5.578135967254639]",8,8,7,1,False,"[8708607, 8758659, 8808712, 8858755, 8908807, 8958860, 9008903, 9058956]",349,0.8984850851163517,26.15759999025613,28.194700018502772,6.038899999111891,60.39120000787079,3.0067000188864768,12.290999991819263,4.8108999617397785,5.224800028372556,0.30969997169449925,1,3,1,2,2,16515072,4895983
FCWD3:0075,FCWD3,H8_reference,4.883081436157227,"[4.8369975090026855, 4.883081436157227, 4.887328624725342]",8,8,0,8,False,"[8759008, 8809008, 8859008, 8909008, 8959008, 9009008, 9059008, 9109008]",0,1.0,170.4361999873072,493.251700012479,7.8304000198841095,671.5183000196703,0.04140002420172095,29.927499999757856,62.896399991586804,71.89110002946109,4.145400016568601,8,12,12,0,0,16515072,38268207
FCWD3:0075,FCWD3,H8_warp,5.0088791847229,"[4.852348804473877, 5.020983695983887, 5.0088791847229]",8,8,7,1,False,"[8758659, 8808712, 8858755, 8908807, 8958860, 9008903, 9058956, 9109008]",349,0.8974772259559342,32.42760000284761,83.23119999840856,9.316800045780838,124.975600047037,4.098500008694828,13.74940003734082,6.579100037924945,6.7202000063844025,0.5576999974437058,1,3,1,2,2,16515072,4677312
FCWD3:0075,FCWD3,H8_warp_student,5.157830715179443,"[5.1383233070373535, 5.184027671813965, 5.157830715179443]",8,8,7,1,False,"[8758659, 8808712, 8858755, 8908807, 8958860, 9008903, 9058956, 9109008]",349,0.8974772259559342,33.94819999812171,37.70590003114194,7.317799958400428,78.97189998766407,4.203599994070828,14.517500007059425,6.90430001122877,7.352699991315603,0.3871999797411263,1,3,1,2,2,16515072,4677312
FCWD3:0076,FCWD3,H8_reference,5.319263458251953,"[5.3853254318237305, 5.319263458251953, 5.304754257202148]",8,8,0,8,False,"[8809052, 8859052, 8909052, 8959052, 9009052, 9059052, 9109052, 9159052]",0,1.0,170.77259998768568,487.3138999682851,6.377300014719367,664.4637999706902,0.03570003900676966,35.24729999480769,62.11520003853366,68.90460004797205,2.8610999579541385,8,12,12,0,0,16515072,37736804
FCWD3:0076,FCWD3,H8_warp,5.281800746917725,"[5.252862453460693, 5.28196907043457, 5.281800746917725]",8,8,7,1,False,"[8808712, 8858755, 8908807, 8958860, 9008903, 9058956, 9109008, 9159052]",340,0.8964463558171119,29.615099949296564,66.31780002498999,8.466799976304173,104.39969995059073,3.1882000039331615,12.6899000024423,6.979500001762062,5.943299969658256,0.3112000413239002,1,3,1,2,2,16515072,4913884
FCWD3:0076,FCWD3,H8_warp_student,5.305256366729736,"[5.318103313446045, 5.305256366729736, 5.279176712036133]",8,8,7,1,False,"[8808712, 8858755, 8908807, 8958860, 9008903, 9058956, 9109008, 9159052]",340,0.8964463558171119,30.881900049280375,27.54729997832328,6.2877999735064805,64.71700000111014,3.3111999509856105,13.58200004324317,7.210200012195855,5.988400022033602,0.29470003210008144,1,3,1,2,2,16515072,4913884
FCWD3:0077,FCWD3,H8_reference,5.176931858062744,"[5.407862663269043, 5.1572370529174805, 5.176931858062744]",8,8,0,8,False,"[8859104, 8909104, 8959104, 9009104, 9059104, 9109104, 9159104, 9209104]",0,1.0,171.2656999588944,479.95540004922077,8.450399967841804,659.671499975957,0.040700018871575594,37.00499999104068,61.64969998644665,68.36049997946247,2.849399985279888,8,12,12,0,0,16515072,37061547
FCWD3:0077,FCWD3,H8_warp,5.116074562072754,"[5.267712116241455, 5.044638156890869, 5.116074562072754]",8,8,7,1,False,"[8858755, 8908807, 8958860, 9008903, 9058956, 9109008, 9159052, 9209104]",349,0.8875623268698061,39.72450003493577,64.02380001964048,6.333599973004311,110.08190002758056,4.362999985460192,16.608199977781624,10.4243999812752,7.004500017501414,0.4366999492049217,1,3,1,2,2,16515072,5693283
FCWD3:0077,FCWD3,H8_warp_student,5.242519378662109,"[5.383677959442139, 5.2342329025268555, 5.242519378662109]",8,8,7,1,False,"[8858755, 8908807, 8958860, 9008903, 9058956, 9109008, 9159052, 9209104]",349,0.8875623268698061,33.987200004048645,32.23200002685189,6.512699997983873,72.73190002888441,2.975700015667826,14.463700004853308,8.9783999719657,6.709499983116984,0.3535000141710043,1,3,1,2,2,16515072,5693283
FCWD3:0078,FCWD3,H8_reference,4.436695575714111,"[4.486288070678711, 4.401705265045166, 4.436695575714111]",8,8,0,8,False,"[8909156, 8959156, 9009156, 9059156, 9109156, 9159156, 9209156, 9259156]",0,1.0,171.11480003222823,435.23020000429824,6.796399946324527,613.141399982851,0.03250001464039087,34.314599994104356,61.55330000910908,71.0071999928914,2.733799978159368,8,12,12,0,0,16515072,35568471
FCWD3:0078,FCWD3,H8_warp,4.431903839111328,"[4.431903839111328, 4.422008037567139, 4.461126327514648]",8,8,7,1,False,"[8908807, 8958860, 9008903, 9058956, 9109008, 9159052, 9209104, 9259156]",349,0.8691677517361112,37.697199964895844,71.14559999899939,9.596800024155527,118.43959998805076,3.788999980315566,14.184299972839653,11.014499992597848,7.734299986623228,0.38159999530762434,1,3,1,2,2,16515072,6251529
FCWD3:0078,FCWD3,H8_warp_student,4.5385026931762695,"[4.542003154754639, 4.521431922912598, 4.5385026931762695]",8,8,7,1,False,"[8908807, 8958860, 9008903, 9058956, 9109008, 9159052, 9209104, 9259156]",349,0.8691677517361112,36.876199999824166,29.926399991381913,6.441199977416545,73.24379996862262,3.2461999799124897,13.611100031994283,11.182899994309992,7.74000003002584,0.33299997448921204,1,3,1,2,2,16515072,6251529
FCWD3:0079,FCWD3,H8_reference,4.646299839019775,"[4.689059734344482, 4.5733723640441895, 4.646299839019775]",8,8,0,8,False,"[8959200, 9009200, 9059200, 9109200, 9159200, 9209200, 9259200, 9309200]",0,1.0,212.48479996575043,466.2246000370942,8.757299976423383,687.466699979268,0.03809999907389283,36.76779998932034,72.94099999126047,97.94249996775761,3.108800039626658,8,12,12,0,0,16515072,33716780
FCWD3:0079,FCWD3,H8_warp,4.643598556518555,"[4.666647434234619, 4.618980407714844, 4.643598556518555]",8,8,7,1,False,"[8958860, 9008903, 9058956, 9109008, 9159052, 9209104, 9259156, 9309200]",340,0.8608778828780954,51.46200000308454,86.14550001220778,7.530600007157773,145.1381000224501,9.951499989256263,18.31700000911951,12.588199984747916,9.451999969314784,0.4952999879606068,1,3,1,2,2,16515072,5670112
FCWD3:0079,FCWD3,H8_warp_student,4.70719051361084,"[4.760680198669434, 4.651957988739014, 4.70719051361084]",8,8,7,1,False,"[8958860, 9008903, 9058956, 9109008, 9159052, 9209104, 9259156, 9309200]",340,0.8608778828780954,40.39640002883971,33.66750001441687,7.49689998337999,81.56080002663657,4.373900010250509,14.807700004894286,11.692399973981082,8.471100009046495,0.35940000088885427,1,3,1,2,2,16515072,5670112
FCWD3:0080,FCWD3,H8_reference,5.644558906555176,"[5.80259895324707, 5.614187240600586, 5.644558906555176]",8,8,0,8,False,"[9009252, 9059252, 9109252, 9159252, 9209252, 9259252, 9309252, 9359252]",0,1.0,193.91580001683906,520.7848999998532,6.8731000064872205,721.5738000231795,0.03509997623041272,36.0281000030227,72.27240002248436,80.39839996490628,3.3458000398240983,8,12,12,0,0,16515072,33729717
FCWD3:0080,FCWD3,H8_warp,5.218832969665527,"[5.366112232208252, 5.2059526443481445, 5.218832969665527]",8,8,7,1,False,"[9008903, 9058956, 9109008, 9159052, 9209104, 9259156, 9309200, 9359252]",349,0.8711111111111111,34.26190000027418,64.61800000397488,6.201900017913431,105.0818000221625,3.4635000047273934,13.359900040086359,9.434000006876886,6.901599990669638,0.5640999879688025,1,3,1,2,2,16515072,5398622
FCWD3:0080,FCWD3,H8_warp_student,5.1825032234191895,"[5.317275524139404, 5.083919525146484, 5.1825032234191895]",8,8,7,1,False,"[9008903, 9058956, 9109008, 9159052, 9209104, 9259156, 9309200, 9359252]",349,0.8711111111111111,34.753299958538264,30.724500014912337,7.371600018814206,72.84939999226481,3.4933999995701015,12.972600001376122,9.92819998646155,7.426000025589019,0.33959996653720737,1,3,1,2,2,16515072,5398622
FCWD3:0081,FCWD3,H8_reference,5.492364406585693,"[5.539242267608643, 5.445841312408447, 5.492364406585693]",8,8,0,8,False,"[9059304, 9109304, 9159304, 9209304, 9259304, 9309304, 9359304, 9409304]",0,1.0,253.4587000263855,520.9958999766968,8.314300037454814,782.7689000405371,0.03609998384490609,46.866999997291714,96.22199996374547,105.03589996369556,3.285100043285638,8,12,12,0,0,16515072,34085867
FCWD3:0081,FCWD3,H8_warp,5.129692554473877,"[5.129692554473877, 5.073436737060547, 5.143239974975586]",8,8,7,1,False,"[9058956, 9109008, 9159052, 9209104, 9259156, 9309200, 9359252, 9409304]",348,0.8723749645700739,44.32960000121966,92.23860001657158,11.123700009193271,147.6919000269845,3.842800040729344,17.074600036721677,13.005899963900447,9.368999977596104,0.4206000012345612,1,3,1,2,2,16515072,5618942
FCWD3:0081,FCWD3,H8_warp_student,5.199697494506836,"[5.384230613708496, 5.123384475708008, 5.199697494506836]",8,8,7,1,False,"[9058956, 9109008, 9159052, 9209104, 9259156, 9309200, 9359252, 9409304]",348,0.8723749645700739,62.73980002151802,70.71780000114813,12.309900019317865,145.76750004198402,6.562599970493466,23.245599993970245,17.534199985675514,12.847800040617585,1.790099951904267,1,3,1,2,2,16515072,5618942
FCWD3:0082,FCWD3,H8_reference,6.202433109283447,"[6.346111297607422, 6.146698951721191, 6.202433109283447]",8,8,0,8,False,"[9109348, 9159348, 9209348, 9259348, 9309348, 9359348, 9409348, 9459348]",0,1.0,230.93130002962425,547.9996000067331,10.105299996212125,789.0362000325695,0.043199979700148106,43.31520001869649,83.17060000263155,95.7602999988012,6.177300005219877,8,12,12,0,0,16515072,34872338
FCWD3:0082,FCWD3,H8_warp,5.963005542755127,"[6.099625110626221, 5.92008638381958, 5.963005542755127]",8,8,7,1,False,"[9109008, 9159052, 9209104, 9259156, 9309200, 9359252, 9409304, 9459348]",340,0.8824609733700642,36.80460003670305,64.42739994963631,6.391200004145503,107.62319999048486,3.2748999656178057,14.446699991822243,11.22749998467043,6.963399995584041,0.3515999997034669,1,3,1,2,2,16515072,5909761
FCWD3:0082,FCWD3,H8_warp_student,6.076800346374512,"[6.123251914978027, 6.076800346374512, 5.941540718078613]",8,8,7,1,False,"[9109008, 9159052, 9209104, 9259156, 9309200, 9359252, 9409304, 9459348]",340,0.8824609733700642,35.52340000169352,32.36470004776493,6.5947999828495085,74.48290003230795,2.986299979966134,13.850899995304644,10.870400001294911,6.99180003721267,0.3328999737277627,1,3,1,2,2,16515072,5909761
FCWD3:0083,FCWD3,H8_reference,6.693839073181152,"[6.693839073181152, 6.771830081939697, 6.499026775360107]",8,8,0,8,False,"[9159400, 9209400, 9259400, 9309400, 9359400, 9409400, 9459400, 9509400]",0,1.0,193.89359996421263,574.6316000004299,9.840500017162412,778.3656999818049,0.03119994653388858,35.543100035283715,74.70290001947433,78.23599997209385,3.279399999883026,8,12,12,0,0,16515072,35789420
FCWD3:0083,FCWD3,H8_warp,6.638108253479004,"[6.6400146484375, 6.638108253479004, 6.442961692810059]",8,8,7,1,False,"[9159052, 9209104, 9259156, 9309200, 9359252, 9409304, 9459348, 9509400]",348,0.8661895892559554,54.02240005787462,88.60349998576567,9.035499999299645,151.66140004293993,4.899099993053824,20.332799991592765,17.124800011515617,10.440300044137985,0.520200002938509,1,3,1,2,2,16515072,6521931
FCWD3:0083,FCWD3,H8_warp_student,6.502752780914307,"[6.502752780914307, 6.723109245300293, 6.413632392883301]",8,8,7,1,False,"[9159052, 9209104, 9259156, 9309200, 9359252, 9409304, 9459348, 9509400]",348,0.8661895892559554,51.603500032797456,37.48579998500645,8.80519999191165,97.89450000971556,4.034199984744191,18.91990000149235,15.889600035734475,11.583399958908558,0.45360001968219876,1,3,1,2,2,16515072,6521931
FCWD3:0084,FCWD3,H8_reference,6.364830493927002,"[6.364830493927002, 6.365993022918701, 6.101562023162842]",8,8,0,8,False,"[9209452, 9259452, 9309452, 9359452, 9409452, 9459452, 9509452, 9559452]",0,1.0,286.9936000206508,589.5312000066042,9.58889996400103,886.113699991256,0.04499999340623617,50.284599943552166,127.20200000330806,102.60789998574182,3.652699990198016,8,12,12,0,0,16515072,36891394
FCWD3:0084,FCWD3,H8_warp,6.472916603088379,"[6.472916603088379, 6.516757488250732, 6.40265417098999]",8,8,7,1,False,"[9209104, 9259156, 9309200, 9359252, 9409304, 9459348, 9509400, 9559452]",348,0.8590124925639501,67.14519998058677,97.58639999199659,6.64510001661256,171.3766999891959,5.426899995654821,24.758299987297505,23.238199995830655,12.43530004285276,0.4795000422745943,1,3,1,2,2,16515072,7050019
FCWD3:0084,FCWD3,H8_warp_student,6.511943340301514,"[6.495890140533447, 6.731924533843994, 6.511943340301514]",8,8,7,1,False,"[9209104, 9259156, 9309200, 9359252, 9409304, 9459348, 9509400, 9559452]",348,0.8590124925639501,43.02159999497235,30.517400009557605,6.266399985179305,79.80539998970926,3.963099967222661,16.015700006391853,14.014999964274466,8.041499997489154,0.33080001594498754,1,3,1,2,2,16515072,7050019
FCWD3:0085,FCWD3,H8_reference,6.6012864112854,"[6.6012864112854, 6.625658988952637, 6.285257339477539]",8,8,0,8,False,"[9259496, 9309496, 9359496, 9409496, 9459496, 9509496, 9559496, 9609496]",0,1.0,246.74799997592345,489.5297000184655,8.063799992669374,744.3414999870583,0.03349996404722333,44.84859999502078,101.98640002636239,94.0736000193283,3.131799981929362,8,12,12,0,0,16515072,38183530
FCWD3:0085,FCWD3,H8_warp,6.3129425048828125,"[6.415295124053955, 6.3129425048828125, 6.229700565338135]",8,8,7,1,False,"[9259156, 9309200, 9359252, 9409304, 9459348, 9509400, 9559452, 9609496]",340,0.8439367230603695,56.38840002939105,88.41569995274767,7.194500009063631,151.99859999120235,4.803600022569299,21.103299979586154,18.128499970771372,11.070400010794401,0.562199973501265,1,3,1,2,2,16515072,7413938
FCWD3:0085,FCWD3,H8_warp_student,6.515758991241455,"[6.515758991241455, 6.710075855255127, 6.4990925788879395]",8,8,7,1,False,"[9259156, 9309200, 9359252, 9409304, 9459348, 9509400, 9559452, 9609496]",340,0.8439367230603695,49.82309998013079,33.82840001722798,7.1912999846972525,90.84279998205602,3.778299957048148,18.66529998369515,16.60610001999885,9.71479999134317,0.47560001257807016,1,3,1,2,2,16515072,7413938
FCWD3:0086,FCWD3,H8_reference,5.397907733917236,"[5.397907733917236, 5.362678527832031, 5.600536823272705]",8,8,0,8,False,"[9309548, 9359548, 9409548, 9459548, 9509548, 9559548, 9609548, 9659548]",0,1.0,316.20069994824007,693.2697000447661,6.5596000058576465,1016.0299999988638,0.0369000481441617,44.76570000406355,133.66779999341816,129.6161999925971,3.544400038663298,8,12,12,0,0,16515072,39122338
FCWD3:0086,FCWD3,H8_warp,4.922317028045654,"[4.758241653442383, 4.922317028045654, 5.118620872497559]",8,8,7,1,False,"[9309200, 9359252, 9409304, 9459348, 9509400, 9559452, 9609496, 9659548]",348,0.8295532191584563,47.336500021629035,69.8648999677971,6.5552000305615366,123.75660001998767,4.616799997165799,17.096699972171336,15.754199994262308,8.781299984548241,0.37869997322559357,1,3,1,2,2,16515072,7297879
FCWD3:0086,FCWD3,H8_warp_student,5.0398688316345215,"[4.993749618530273, 5.0398688316345215, 5.138669490814209]",8,8,7,1,False,"[9309200, 9359252, 9409304, 9459348, 9509400, 9559452, 9609496, 9659548]",348,0.8295532191584563,42.13680000975728,27.424300031270832,6.02859997889027,75.58970001991838,3.447399998549372,14.7626000107266,14.216399984434247,8.72519996482879,0.41909998981282115,1,3,1,2,2,16515072,7297879
FCWD3:0087,FCWD3,H8_reference,4.78220272064209,"[4.78220272064209, 4.667062282562256, 5.071152687072754]",8,8,0,8,False,"[9359601, 9409601, 9459601, 9509601, 9559601, 9609601, 9659601, 9709601]",0,1.0,280.9068999486044,598.8841000362299,7.938199967611581,887.7291999524459,0.036299985367804766,44.193999958224595,115.8974000136368,113.32079995190725,3.405400027986616,8,12,12,0,0,16515072,40832045
FCWD3:0087,FCWD3,H8_warp,4.840272903442383,"[4.716526985168457, 4.840272903442383, 5.144591808319092]",8,8,7,1,False,"[9359252, 9409304, 9459348, 9509400, 9559452, 9609496, 9659548, 9709601]",349,0.8150077160493827,50.436199991963804,67.89870001375675,6.5591000020504,124.89400000777096,8.383799984585494,17.07529998384416,15.46049996977672,8.330699987709522,0.5789000424556434,1,3,1,2,2,16515072,7528212
FCWD3:0087,FCWD3,H8_warp_student,5.1681413650512695,"[5.1681413650512695, 5.104228496551514, 5.380369663238525]",8,8,7,1,False,"[9359252, 9409304, 9459348, 9509400, 9559452, 9609496, 9659548, 9709601]",349,0.8150077160493827,42.165799997746944,28.45699997851625,6.128200038801879,76.75100001506507,3.064999997150153,15.853699995204806,14.387200004421175,7.944500015582889,0.38819998735561967,1,3,1,2,2,16515072,7528212
FCWD3:0088,FCWD3,H8_reference,5.732172966003418,"[5.732172966003418, 5.537119388580322, 5.785881996154785]",8,8,0,8,False,"[9409653, 9459653, 9509653, 9559653, 9609653, 9659653, 9709653, 9759653]",0,1.0,233.1333999754861,393.4887000359595,7.026900013443083,633.6490000248887,0.028200040105730295,36.15550004178658,99.02010002406314,92.30799996294081,3.451800032053143,8,12,12,0,0,16515072,42629642
FCWD3:0088,FCWD3,H8_warp,6.58941125869751,"[6.58941125869751, 6.343511581420898, 6.680453777313232]",8,8,7,1,False,"[9409304, 9459348, 9509400, 9559452, 9609496, 9659548, 9709601, 9759653]",349,0.815364774077332,64.19509998522699,78.80399998975918,6.459900003392249,149.45899997837842,3.589100029785186,19.96629999484867,24.925600038841367,14.215499977581203,0.6388999754562974,1,3,1,2,2,16515072,8176201
FCWD3:0088,FCWD3,H8_warp_student,7.027822971343994,"[7.045761585235596, 6.812098026275635, 7.027822971343994]",8,8,7,1,False,"[9409304, 9459348, 9509400, 9559452, 9609496, 9659548, 9709601, 9759653]",349,0.815364774077332,59.86089998623356,30.15639999648556,6.645600020419806,96.66290000313893,3.086899989284575,19.015299971215427,22.48490002239123,14.15359997190535,0.37429999792948365,1,3,1,2,2,16515072,8176201
FCWD3:0089,FCWD3,H8_reference,4.800851345062256,"[4.850884437561035, 4.6851019859313965, 4.800851345062256]",8,8,0,8,False,"[9459696, 9509696, 9559696, 9609696, 9659696, 9709696, 9759696, 9809696]",0,1.0,292.0438000001013,491.91240000072867,9.435600019060075,793.3918000198901,0.03779999678954482,40.54359998553991,135.0523000000976,110.46560003887862,3.033999993931502,8,12,12,0,0,16515072,42706890
FCWD3:0089,FCWD3,H8_warp,5.800435543060303,"[5.800435543060303, 5.616169452667236, 5.806614398956299]",8,8,7,1,False,"[9459348, 9509400, 9559452, 9609496, 9659548, 9709601, 9759653, 9809696]",348,0.7990396403759705,57.66869999933988,83.02909997291863,8.22890002746135,148.92669999971986,5.161700013559312,19.764199969358742,19.90369998384267,11.650800006464124,0.444800010882318,1,3,1,2,2,16515072,6799796
FCWD3:0089,FCWD3,H8_warp_student,5.688680648803711,"[5.688680648803711, 5.563526630401611, 5.692900657653809]",8,8,7,1,False,"[9459348, 9509400, 9559452, 9609496, 9659548, 9709601, 9759653, 9809696]",348,0.7990396403759705,42.13509999681264,31.0514000011608,6.6577999969013035,79.84429999487475,3.390900033991784,14.89890000084415,14.445999986492097,8.491999993566424,0.3491999814286828,1,3,1,2,2,16515072,6799796
FCWD3:0090,FCWD3,H8_reference,4.245111465454102,"[4.245111465454102, 4.221096992492676, 4.436396598815918]",8,8,0,8,False,"[9509749, 9559749, 9609749, 9659749, 9709749, 9759749, 9809749, 9859749]",0,1.0,260.28930000029504,441.06189999729395,7.663999975193292,709.0151999727823,0.03609998384490609,39.12480000872165,119.45530003868043,95.93929996481165,2.879599982406944,8,12,12,0,0,16515072,42495580
FCWD3:0090,FCWD3,H8_warp,4.725681304931641,"[4.648740291595459, 4.725681304931641, 4.981160640716553]",8,8,7,1,False,"[9509400, 9559452, 9609496, 9659548, 9709601, 9759653, 9809696, 9859749]",349,0.8070699543573434,40.03610002109781,71.40899996738881,6.94870000006631,118.39379998855293,4.441400000359863,16.903100011404604,10.20400004927069,7.532100018579513,0.3459000145085156,1,3,1,2,2,16515072,5582766
FCWD3:0090,FCWD3,H8_warp_student,5.1728620529174805,"[5.1728620529174805, 5.100655555725098, 5.258261680603027]",8,8,7,1,False,"[9509400, 9559452, 9609496, 9659548, 9709601, 9759653, 9809696, 9859749]",349,0.8070699543573434,34.058400022331625,27.903400012291968,6.603699992410839,68.56550002703443,3.4049999667331576,13.301200000569224,9.64669999666512,6.881900015287101,0.31540001509711146,1,3,1,2,2,16515072,5582766
FCWD3:0091,FCWD3,H8_reference,4.963033199310303,"[4.963033199310303, 4.880399227142334, 4.995570182800293]",8,8,0,8,False,"[9559801, 9609801, 9659801, 9709801, 9759801, 9809801, 9859801, 9909801]",0,1.0,243.49740002071485,477.3993999697268,8.301900001242757,729.1986999916844,0.031400006264448166,39.25949998665601,108.58449997613207,90.38750000763685,2.6997000095434487,8,12,12,0,0,16515072,42941065
FCWD3:0091,FCWD3,H8_warp,5.36397123336792,"[5.3158464431762695, 5.36397123336792, 5.51438570022583]",8,8,7,1,False,"[9559452, 9609496, 9659548, 9709601, 9759653, 9809696, 9859749, 9909801]",349,0.8384358639852261,42.374399956315756,81.39970002230257,7.866900006774813,131.64099998539314,4.1671000071801245,17.339899961370975,11.728200013749301,8.011199999600649,0.4786999779753387,1,3,1,2,2,16515072,6515046
FCWD3:0091,FCWD3,H8_warp_student,5.540069103240967,"[5.540069103240967, 5.394495010375977, 5.634308338165283]",8,8,7,1,False,"[9559452, 9609496, 9659548, 9709601, 9759653, 9809696, 9859749, 9909801]",349,0.8384358639852261,39.8509000078775,34.88379996269941,7.343600038439035,82.07830000901595,3.3278000191785395,16.174400050658733,11.739900044631213,7.718700042460114,0.33299997448921204,1,3,1,2,2,16515072,6515046
FCWD3:0092,FCWD3,H8_reference,4.606940269470215,"[4.606940269470215, 4.527861595153809, 4.704898834228516]",8,8,0,8,False,"[9609844, 9659844, 9709844, 9759844, 9809844, 9859844, 9909844, 9959844]",0,1.0,311.4144999999553,512.8999000298791,9.054899972397834,833.3693000022322,0.04150002496317029,48.08000003686175,145.99160000216216,110.92770000686869,3.1349000055342913,8,12,12,0,0,16515072,44044824
FCWD3:0092,FCWD3,H8_warp,5.002959251403809,"[5.002959251403809, 4.9897589683532715, 5.204130172729492]",8,8,7,1,False,"[9609496, 9659548, 9709601, 9759653, 9809696, 9859749, 9909801, 9959844]",348,0.8462037786818872,48.8661999697797,91.02470002835616,9.274500014726073,149.16540001286194,4.084599961061031,20.7012000028044,14.481299964245409,8.61110002733767,0.3577999887056649,1,3,1,2,2,16515072,7200758
FCWD3:0092,FCWD3,H8_warp_student,5.259820461273193,"[5.259820461273193, 5.086793422698975, 5.356561660766602]",8,8,7,1,False,"[9609496, 9659548, 9709601, 9759653, 9809696, 9859749, 9909801, 9959844]",348,0.8462037786818872,45.8762000198476,34.98490003403276,7.271399954333901,88.13250000821427,3.7586999824270606,19.01759998872876,13.854000018909574,8.293500053696334,0.36130001535639167,1,3,1,2,2,16515072,7200758
FCWD3:0093,FCWD3,H8_reference,4.557432651519775,"[4.557432651519775, 4.498213291168213, 4.648507118225098]",8,8,0,8,False,"[9659897, 9709897, 9759897, 9809897, 9859897, 9909897, 9959897, 10009897]",0,1.0,316.49530003778636,557.7076000045054,7.751199998892844,881.9541000411846,0.056500022765249014,60.33579999348149,153.1855000066571,97.31440001633018,2.6095000212080777,8,12,12,0,0,16515072,45780728
FCWD3:0093,FCWD3,H8_warp,5.0636372566223145,"[5.0636372566223145, 5.033796310424805, 5.2415056228637695]",8,8,7,1,False,"[9659548, 9709601, 9759653, 9809696, 9859749, 9909801, 9959844, 10009897]",349,0.8727146225503459,98.9558000001125,92.4038999946788,7.707500015385449,199.06720001017675,8.357399958185852,59.55730000277981,18.720499996561557,10.29120001476258,1.407400006428361,1,3,1,2,2,16515072,8190277
FCWD3:0093,FCWD3,H8_warp_student,5.348604679107666,"[5.348604679107666, 5.212690830230713, 5.466062068939209]",8,8,7,1,False,"[9659548, 9709601, 9759653, 9809696, 9859749, 9909801, 9959844, 10009897]",349,0.8727146225503459,60.69539999589324,37.78579999925569,7.716999971307814,106.19819996645674,7.035000016912818,24.067699967417866,17.40279997466132,9.881600039079785,1.4621000154875219,1,3,1,2,2,16515072,8190277
FCWD3:0094,FCWD3,H8_reference,4.303104877471924,"[4.303104877471924, 4.202710151672363, 4.426961898803711]",8,8,0,8,False,"[9709949, 9759949, 9809949, 9859949, 9909949, 9959949, 10009949, 10059949]",0,1.0,435.32310001319274,639.4271000172012,10.723099985625595,1085.4733000160195,0.039000005926936865,65.8203000202775,214.79870000621304,145.082300005015,5.1021999679505825,8,12,12,0,0,16515072,47220560
FCWD3:0094,FCWD3,H8_warp,4.82221794128418,"[4.82221794128418, 4.81895112991333, 5.05612850189209]",8,8,7,1,False,"[9709601, 9759653, 9809696, 9859749, 9909801, 9959844, 10009897, 10059949]",348,0.8819659735349716,58.60930000199005,95.68289999151602,8.091899973805994,162.38409996731207,3.92920000012964,21.64940000511706,20.458700018934906,11.437500012107193,0.5026000435464084,1,3,1,2,2,16515072,8782336
FCWD3:0094,FCWD3,H8_warp_student,5.203596115112305,"[5.203596115112305, 5.141506195068359, 5.388025283813477]",8,8,7,1,False,"[9709601, 9759653, 9809696, 9859749, 9909801, 9959844, 10009897, 10059949]",348,0.8819659735349716,70.39339997572824,49.356000032275915,18.313799984753132,138.0631999927573,4.730999993626028,29.122200037818402,22.906400030478835,12.27960002142936,0.6137999589554965,1,3,1,2,2,16515072,8782336
FCWD3:0095,FCWD3,H8_reference,3.8533918857574463,"[3.8533918857574463, 3.785116672515869, 4.011297225952148]",8,8,0,8,False,"[9759992, 9809992, 9859992, 9909992, 9959992, 10009992, 10059992, 10109992]",0,1.0,348.54139998788014,521.8773999949917,8.054600039031357,878.4734000219032,0.05059997783973813,60.273999988567084,163.44420000677928,115.72629999136552,5.887600011192262,8,12,12,0,0,16515072,47474183
FCWD3:0095,FCWD3,H8_warp,4.263725280761719,"[4.196470737457275, 4.263725280761719, 4.498778343200684]",8,8,7,1,False,"[9759653, 9809696, 9859749, 9909801, 9959844, 10009897, 10059949, 10109992]",339,0.8753891211847704,60.064799967221916,100.67990003153682,9.002999984659255,169.747699983418,4.570299992337823,20.93220001552254,18.609299964737147,11.391700012609363,3.597999981138855,1,3,1,2,2,16515072,7611886
FCWD3:0095,FCWD3,H8_warp_student,4.4416823387146,"[4.359701156616211, 4.4416823387146, 4.61397647857666]",8,8,7,1,False,"[9759653, 9809696, 9859749, 9909801, 9959844, 10009897, 10059949, 10109992]",339,0.8753891211847704,46.02039995370433,29.314700048416853,6.361799954902381,81.69689995702356,4.073899996001273,17.14650000212714,15.21589996991679,8.530099992640316,0.40120002813637257,1,3,1,2,2,16515072,7611886
FCWD3:0096,FCWD3,H8_reference,3.816706657409668,"[3.8186092376708984, 3.7315897941589355, 3.816706657409668]",8,8,0,8,False,"[9810045, 9860045, 9910045, 9960045, 10010045, 10060045, 10110045, 10160045]",0,1.0,276.7242999980226,542.931400006637,10.279099980834872,829.9347999854945,0.047200010158121586,41.81560000870377,125.78699999721721,102.54019999410957,3.5177000099793077,8,12,12,0,0,16515072,46791701
FCWD3:0096,FCWD3,H8_warp,4.134822845458984,"[4.105494499206543, 4.134822845458984, 4.29741907119751]",8,8,7,1,False,"[9809696, 9859749, 9909801, 9959844, 10009897, 10059949, 10109992, 10160045]",349,0.8690031600114909,44.0078999963589,75.2587000024505,6.67159998556599,125.93819998437539,5.109600024297833,16.88849995844066,12.083199981134385,8.649100025650114,0.5867999861948192,1,3,1,2,2,16515072,6096166
FCWD3:0096,FCWD3,H8_warp_student,4.402825832366943,"[4.389763832092285, 4.402825832366943, 4.527806282043457]",8,8,7,1,False,"[9809696, 9859749, 9909801, 9959844, 10009897, 10059949, 10109992, 10160045]",349,0.8690031600114909,34.049600013531744,27.7934999903664,6.442000041715801,68.28510004561394,2.9486000421456993,13.341600017156452,9.759999986272305,7.147600001189858,0.3577999887056649,1,3,1,2,2,16515072,6096166
FCWD3:0097,FCWD3,H8_reference,3.6905486583709717,"[3.7222352027893066, 3.6265437602996826, 3.6905486583709717]",8,8,0,8,False,"[9860097, 9910097, 9960097, 10010097, 10060097, 10110097, 10160097, 10210097]",0,1.0,283.9741999632679,582.8688000328839,7.418799970764667,874.2617999669164,0.03509997623041272,40.63020000467077,119.41250000381842,117.67950002104044,3.257000003941357,8,12,12,0,0,16515072,45670568
FCWD3:0097,FCWD3,H8_warp,4.12718391418457,"[4.12718391418457, 4.051443576812744, 4.229588985443115]",8,8,7,1,False,"[9859749, 9909801, 9959844, 10009897, 10059949, 10109992, 10160045, 10210097]",348,0.8473241014688119,35.56039999239147,77.10420002695173,7.0454999804496765,119.71009999979287,3.574600035790354,13.0559999961406,9.633100009523332,8.182100020349026,0.5727000534534454,1,3,1,2,2,16515072,5241627
FCWD3:0097,FCWD3,H8_warp_student,4.286768436431885,"[4.2812042236328125, 4.286768436431885, 4.34454870223999]",8,8,7,1,False,"[9859749, 9909801, 9959844, 10009897, 10059949, 10109992, 10160045, 10210097]",348,0.8473241014688119,36.40610002912581,35.80589999910444,8.469599997624755,80.681600025855,4.067200003191829,13.392900000326335,9.650500025600195,8.305099967401475,0.35859999479725957,1,3,1,2,2,16515072,5241627
FCWD3:0098,FCWD3,H8_reference,4.560956001281738,"[4.737200736999512, 4.427140712738037, 4.560956001281738]",8,8,0,8,False,"[9910141, 9960141, 10010141, 10060141, 10110141, 10160141, 10210141, 10260141]",0,1.0,278.36860000388697,564.425399992615,11.51789998402819,854.3118999805301,0.051099981646984816,40.91869998956099,120.94910000450909,110.51960004260764,2.8294999501667917,8,12,12,0,0,16515072,44813122
FCWD3:0098,FCWD3,H8_warp,5.23427152633667,"[5.265368938446045, 5.014379501342773, 5.23427152633667]",8,8,7,1,False,"[9909801, 9959844, 10009897, 10059949, 10109992, 10160045, 10210097, 10260141]",340,0.8264462809917356,60.930299980100244,182.1125000133179,14.112100005149841,257.154899998568,5.510799994226545,24.155699997209013,15.96440002322197,13.41460004914552,0.7020000484772027,1,3,1,2,2,16515072,5430378
FCWD3:0098,FCWD3,H8_warp_student,5.3430562019348145,"[5.379907608032227, 5.276185512542725, 5.3430562019348145]",8,8,7,1,False,"[9909801, 9959844, 10009897, 10059949, 10109992, 10160045, 10210097, 10260141]",340,0.8264462809917356,73.08040000498295,80.18540003104135,11.201400018762797,164.4672000547871,7.547800021711737,26.37089998461306,19.56300000892952,15.367999963928014,3.3826999715529382,1,3,1,2,2,16515072,5430378
FCWD3:0099,FCWD3,H8_reference,3.8979506492614746,"[4.060539722442627, 3.776094913482666, 3.8979506492614746]",8,8,0,8,False,"[9960193, 10010193, 10060193, 10110193, 10160193, 10210193, 10260193, 10310193]",0,1.0,429.37719996552914,695.2438000007533,10.984199994709343,1135.6051999609917,0.05449994932860136,67.26390001131222,175.5626000231132,178.26439999043941,4.355699988082051,8,12,12,0,0,16515072,44442216
FCWD3:0099,FCWD3,H8_warp,4.447556972503662,"[4.474895000457764, 4.323017597198486, 4.447556972503662]",8,8,7,1,False,"[9959844, 10009897, 10059949, 10109992, 10160045, 10210097, 10260141, 10310193]",349,0.8359183673469388,71.87069999054074,156.09350003069267,11.383799952454865,239.34799997368827,9.983399999327958,22.48510002391413,23.508199956268072,14.083899965044111,1.074699976015836,1,3,1,2,2,16515072,6065787
FCWD3:0099,FCWD3,H8_warp_student,4.718214511871338,"[4.737606048583984, 4.684634685516357, 4.718214511871338]",8,8,7,1,False,"[9959844, 10009897, 10059949, 10109992, 10160045, 10210097, 10260141, 10310193]",349,0.8359183673469388,74.99380002263933,56.5540999523364,10.624000045936555,142.1719000209123,7.546300010289997,25.896299979649484,22.293199959676713,15.476499975193292,2.4210999836213887,1,3,1,2,2,16515072,6065787
FCWD3:0100,FCWD3,H8_reference,3.6523330211639404,"[3.7715818881988525, 3.6149675846099854, 3.6523330211639404]",8,8,0,8,False,"[10010245, 10060245, 10110245, 10160245, 10210245, 10260245, 10310245, 10360245]",0,1.0,403.37060001911595,737.361499981489,11.127399979159236,1151.8594999797642,0.047600013203918934,51.341399957891554,164.8156000301242,177.39580001216382,6.078099948354065,8,12,12,0,0,16515072,43259509
FCWD3:0100,FCWD3,H8_warp,3.985563039779663,"[3.985563039779663, 3.9398746490478516, 4.014063358306885]",8,8,7,1,False,"[10009897, 10059949, 10109992, 10160045, 10210097, 10260141, 10310193, 10360245]",348,0.8378154266389178,61.70570000540465,117.62450000969693,8.008599979802966,187.33879999490455,5.034799978602678,23.95149995572865,19.008199975360185,12.439400015864521,0.5142999580129981,1,3,1,2,2,16515072,5984459
FCWD3:0100,FCWD3,H8_warp_student,4.519769191741943,"[4.519769191741943, 4.495193958282471, 4.540793418884277]",8,8,7,1,False,"[10009897, 10059949, 10109992, 10160045, 10210097, 10260141, 10310193, 10360245]",348,0.8378154266389178,58.69959999108687,70.8835000405088,12.628500000573695,142.21160003216937,4.428700020071119,23.054899997077882,17.886499990709126,11.961199983488768,0.451300002168864,1,3,1,2,2,16515072,5984459
FCWD3:0101,FCWD3,H8_reference,4.009429931640625,"[4.129738807678223, 3.921898603439331, 4.009429931640625]",8,8,0,8,False,"[10060289, 10110289, 10160289, 10210289, 10260289, 10310289, 10360289, 10410289]",0,1.0,417.1764000202529,926.123799989,20.407099975273013,1363.707299984526,0.05019997479394078,45.72039999766275,150.911399978213,208.21289997547865,9.148599987383932,8,12,12,0,0,16515072,41878072
FCWD3:0101,FCWD3,H8_warp,4.365142822265625,"[4.369236946105957, 4.258338928222656, 4.365142822265625]",8,8,7,1,False,"[10059949, 10109992, 10160045, 10210097, 10260141, 10310193, 10360245, 10410289]",340,0.8464,126.44619995262474,209.21460003592074,21.244300005491823,356.9050999940373,14.02779994532466,50.87059998186305,39.17519998503849,17.613999953027815,3.4730000188574195,1,3,1,2,2,16515072,5657583
FCWD3:0101,FCWD3,H8_warp_student,4.820000648498535,"[4.8475565910339355, 4.760108470916748, 4.820000648498535]",8,8,7,1,False,"[10059949, 10109992, 10160045, 10210097, 10260141, 10310193, 10360245, 10410289]",340,0.8464,66.36639998760074,110.58909998973832,21.608500042930245,198.5640000202693,6.628400005865842,22.1354000386782,20.521500031463802,14.01439995970577,2.1259000059217215,1,3,1,2,2,16515072,5657583
FCWD3:0102,FCWD3,H8_reference,3.8579142093658447,"[4.051591873168945, 3.7315266132354736, 3.8579142093658447]",8,8,0,8,False,"[10110341, 10160341, 10210341, 10260341, 10310341, 10360341, 10410341, 10460341]",0,1.0,649.7166000190191,1166.6358999791555,17.840699991211295,1834.193199989386,0.06749999010935426,58.22559999069199,316.1282000364736,254.4674000237137,14.739199948962778,8,12,12,0,0,16515072,42026482
FCWD3:0102,FCWD3,H8_warp,4.224952220916748,"[4.258904457092285, 4.1623382568359375, 4.224952220916748]",8,8,7,1,False,"[10109992, 10160045, 10210097, 10260141, 10310193, 10360245, 10410289, 10460341]",349,0.8481463544189098,108.93849999411032,144.28479998605326,23.052800039295107,276.2761000194587,11.83660002425313,26.94450004491955,24.89539998350665,29.85880000051111,4.522599978372455,1,3,1,2,2,16515072,5561448
FCWD3:0102,FCWD3,H8_warp_student,4.728785037994385,"[4.785758972167969, 4.695038795471191, 4.728785037994385]",8,8,7,1,False,"[10109992, 10160045, 10210097, 10260141, 10310193, 10360245, 10410289, 10460341]",349,0.8481463544189098,70.07310003973544,106.54959996463731,16.23559999279678,192.85829999716952,8.182299963664263,24.14110000245273,21.50269999401644,12.823399971239269,2.2978000342845917,1,3,1,2,2,16515072,5561448
FCWD3:0103,FCWD3,H8_reference,3.6366066932678223,"[3.820545196533203, 3.5328116416931152, 3.6366066932678223]",8,8,0,8,False,"[10160394, 10210394, 10260394, 10310394, 10360394, 10410394, 10460394, 10510394]",0,1.0,620.1493000262417,1247.4532999913208,14.012400002684444,1881.615000020247,0.06980000762268901,57.66959994798526,304.0694000083022,240.8451999654062,13.056199997663498,8,12,12,0,0,16515072,41988079
FCWD3:0103,FCWD3,H8_warp,3.7733898162841797,"[3.7733898162841797, 3.715546131134033, 3.8084781169891357]",8,8,7,1,False,"[10160045, 10210097, 10260141, 10310193, 10360245, 10410289, 10460341, 10510394]",349,0.8565321030372933,65.40530000347644,254.05459996545687,22.196700039785355,341.65660000871867,5.6597000220790505,22.119599976576865,21.817200002260506,14.25320003181696,0.6044000037945807,1,3,1,2,2,16515072,5673087
FCWD3:0103,FCWD3,H8_warp_student,4.275382041931152,"[4.275382041931152, 4.258815765380859, 4.301565647125244]",8,8,7,1,False,"[10160045, 10210097, 10260141, 10310193, 10360245, 10410289, 10460341, 10510394]",349,0.8565321030372933,74.72859998233616,47.105200006626546,11.531000025570393,133.3648000145331,7.322799996472895,27.518299990333617,25.05229995585978,12.233500019647181,1.4987000031396747,1,3,1,2,2,16515072,5673087
FCWD3:0104,FCWD3,H8_reference,3.4327688217163086,"[3.53078293800354, 3.3513247966766357, 3.4327688217163086]",8,8,0,8,False,"[10210437, 10260437, 10310437, 10360437, 10410437, 10460437, 10510437, 10560437]",0,1.0,471.2862999876961,982.2842000285164,46.47439997643232,1500.0448999926448,0.04810001701116562,45.61079997802153,150.48479998949915,265.385199978482,6.2895999872125685,8,12,12,0,0,16515072,41476991
FCWD3:0104,FCWD3,H8_warp,3.861898422241211,"[3.861898422241211, 3.8161046504974365, 3.9155848026275635]",8,8,7,1,False,"[10210097, 10260141, 10310193, 10360245, 10410289, 10460341, 10510394, 10560437]",340,0.8515227858857203,103.42910001054406,186.8978999555111,12.421599996741861,302.748599962797,13.635499984957278,33.1923000048846,36.022899963427335,17.581799998879433,0.7510000141337514,1,3,1,2,2,16515072,6012322
FCWD3:0104,FCWD3,H8_warp_student,4.260345935821533,"[4.260345935821533, 4.249670028686523, 4.309200763702393]",8,8,7,1,False,"[10210097, 10260141, 10310193, 10360245, 10410289, 10460341, 10510394, 10560437]",340,0.8515227858857203,54.46679994929582,52.11100005544722,12.399400002323091,118.97720000706613,6.462199962697923,20.629199978429824,15.075900009833276,9.927100036293268,1.4086999581195414,1,3,1,2,2,16515072,6012322
FCWD3:0105,FCWD3,H8_reference,3.005894660949707,"[3.037691593170166, 2.9752535820007324, 3.005894660949707]",8,8,0,8,False,"[10260489, 10310489, 10360489, 10410489, 10460489, 10510489, 10560489, 10610489]",0,1.0,395.4001000383869,1100.939899974037,14.20999999390915,1510.550000006333,0.04710000939667225,45.58279999764636,145.22350003244355,196.8596000224352,5.043999990448356,8,12,12,0,0,16515072,42069713
FCWD3:0105,FCWD3,H8_warp,3.3969738483428955,"[3.3969738483428955, 3.387347936630249, 3.492236852645874]",8,8,7,1,False,"[10260141, 10310193, 10360245, 10410289, 10460341, 10510394, 10560437, 10610489]",348,0.8402777777777778,101.332199992612,201.0215999907814,10.993700008839369,313.34749999223277,6.296500039752573,25.155300041660666,40.558400040026754,26.606000028550625,1.1962000280618668,1,3,1,2,2,16515072,7317123
FCWD3:0105,FCWD3,H8_warp_student,3.7991065979003906,"[3.7675015926361084, 3.7991065979003906, 3.8675484657287598]",8,8,7,1,False,"[10260141, 10310193, 10360245, 10410289, 10460341, 10510394, 10560437, 10610489]",348,0.8402777777777778,74.56690003164113,41.89659998519346,10.188199987169355,126.65170000400394,5.522700026631355,24.132999998982996,26.77699999185279,16.607999976258725,0.3948000376112759,1,3,1,2,2,16515072,7317123
FCWD3:0106,FCWD3,H8_reference,3.0152697563171387,"[3.0428829193115234, 2.9717235565185547, 3.0152697563171387]",8,8,0,8,False,"[10310542, 10360542, 10410542, 10460542, 10510542, 10560542, 10610542, 10660542]",0,1.0,572.0689000445418,1325.306599959731,36.75520000979304,1934.130700014066,0.05500001134350896,44.70860003493726,249.59290004335344,269.58630001172423,4.84790001064539,8,12,12,0,0,16515072,41647875
FCWD3:0106,FCWD3,H8_warp,3.149510622024536,"[3.149510622024536, 3.1421329975128174, 3.2472336292266846]",8,8,7,1,False,"[10310193, 10360245, 10410289, 10460341, 10510394, 10560437, 10610489, 10660542]",349,0.8357234350634886,107.51459997845814,297.0638999831863,17.88890000898391,422.4673999706283,7.0167999947443604,31.786800012923777,42.888499971013516,23.707699961960316,0.6238000351004303,1,3,1,2,2,16515072,8308444
FCWD3:0106,FCWD3,H8_warp_student,3.481170892715454,"[3.4792299270629883, 3.481170892715454, 3.5541741847991943]",8,8,7,1,False,"[10310193, 10360245, 10410289, 10460341, 10510394, 10560437, 10610489, 10660542]",349,0.8357234350634886,188.70669999159873,56.85480003012344,11.418399983085692,256.97990000480786,12.274199980311096,78.9871999877505,67.54120002733544,26.624899997841567,1.6052999999374151,1,3,1,2,2,16515072,8308444
FCWD3:0107,FCWD3,H8_reference,3.0244452953338623,"[3.056912660598755, 2.992304563522339, 3.0244452953338623]",8,8,0,8,False,"[10360585, 10410585, 10460585, 10510585, 10560585, 10610585, 10660585, 10710585]",0,1.0,512.7744000055827,822.8722999920137,12.848400045186281,1348.4951000427827,0.05199998850002885,43.47459995187819,161.45509999478236,299.94240001542494,4.887400020379573,8,12,12,0,0,16515072,40802669
FCWD3:0107,FCWD3,H8_warp,3.2192299365997314,"[3.2192299365997314, 3.206846237182617, 3.29046630859375]",8,8,7,1,False,"[10360245, 10410289, 10460341, 10510394, 10560437, 10610489, 10660542, 10710585]",340,0.8313148788927336,82.89610000792891,103.73799997614697,9.200100030284375,195.83420001436025,5.598100018687546,22.895600006449968,32.56710001733154,19.91550001548603,0.6605999660678208,1,3,1,2,2,16515072,7480935
FCWD3:0107,FCWD3,H8_warp_student,3.4075586795806885,"[3.4075586795806885, 3.3909919261932373, 3.445366621017456]",8,8,7,1,False,"[10360245, 10410289, 10460341, 10510394, 10560437, 10610489, 10660542, 10710585]",340,0.8313148788927336,74.60890000220388,43.08380000293255,10.930899996310472,128.6236000014469,5.0873999716714025,21.838099986780435,30.91100003803149,15.221800014842302,0.41959999362006783,1,3,1,2,2,16515072,7480935
FCWD3:0108,FCWD3,H8_reference,2.9579861164093018,"[2.996344804763794, 2.9426238536834717, 2.9579861164093018]",8,8,0,8,False,"[10410637, 10460637, 10510637, 10560637, 10610637, 10660637, 10710637, 10760637]",0,1.0,487.7431000350043,1067.8652999922633,12.4350999831222,1568.0435000103898,0.06729998858645558,45.31690001022071,247.26460000965744,188.76240000827238,3.749099967535585,8,12,12,0,0,16515072,40385574
FCWD3:0108,FCWD3,H8_warp,3.1536478996276855,"[3.1536478996276855, 3.146677017211914, 3.196748971939087]",8,8,7,1,False,"[10410289, 10460341, 10510394, 10560437, 10610489, 10660542, 10710585, 10760637]",348,0.8264462809917356,62.53429997013882,108.8168999995105,7.689099991694093,179.0402999613434,5.945199984125793,20.516699994914234,22.257600037846714,12.507899955380708,0.4988000146113336,1,3,1,2,2,16515072,6351438
FCWD3:0108,FCWD3,H8_warp_student,3.2829220294952393,"[3.2829220294952393, 3.2681446075439453, 3.2923121452331543]",8,8,7,1,False,"[10410289, 10460341, 10510394, 10560437, 10610489, 10660542, 10710585, 10760637]",348,0.8264462809917356,50.03550002584234,39.27389997988939,9.83490003272891,99.14430003846064,4.462899989448488,15.882899984717369,17.508299963083118,11.102400021627545,0.41689997306093574,1,3,1,2,2,16515072,6351438
FCWD3:0109,FCWD3,H8_reference,3.1920435428619385,"[3.2883381843566895, 3.1721158027648926, 3.1920435428619385]",8,8,0,8,False,"[10460690, 10510690, 10560690, 10610690, 10660690, 10710690, 10760690, 10810690]",0,1.0,426.5628000139259,719.698500004597,11.719999951310456,1157.9812999698333,0.04379998426884413,32.049500034190714,160.21760000148788,219.96860002400354,9.232299984432757,8,12,12,0,0,16515072,40386679
FCWD3:0109,FCWD3,H8_warp,3.390430450439453,"[3.434734344482422, 3.390430450439453, 3.3677358627319336]",8,8,7,1,False,"[10460341, 10510394, 10560437, 10610489, 10660542, 10710585, 10760637, 10810690]",349,0.8223044411043023,56.73609999939799,115.74539996217936,13.730800012126565,186.21229997370392,7.965199998579919,18.89629999641329,16.340099973604083,10.92079997761175,1.8245999817736447,1,3,1,2,2,16515072,5687384
FCWD3:0109,FCWD3,H8_warp_student,3.4254939556121826,"[3.466264247894287, 3.4254939556121826, 3.407130718231201]",8,8,7,1,False,"[10460341, 10510394, 10560437, 10610489, 10660542, 10710585, 10760637, 10810690]",349,0.8223044411043023,59.709399996791035,44.46419997839257,10.133100033272058,114.30670000845566,6.502499978523701,20.308599981945008,19.07849998679012,11.685200035572052,1.2115000281482935,1,3,1,2,2,16515072,5687384
FCWD3:0110,FCWD3,H8_reference,3.1895456314086914,"[3.2655837535858154, 3.187917709350586, 3.1895456314086914]",8,8,0,8,False,"[10510733, 10560733, 10610733, 10660733, 10710733, 10760733, 10810733, 10860733]",0,1.0,458.62940000370145,814.3376000225544,11.777599982451648,1284.7446000087075,0.04630000330507755,47.31769999489188,186.65620003594086,214.52790003968403,5.4296000162139535,8,12,12,0,0,16515072,40874222
FCWD3:0110,FCWD3,H8_warp,3.3832671642303467,"[3.429417848587036, 3.3832671642303467, 3.360734224319458]",8,8,7,1,False,"[10510394, 10560437, 10610489, 10660542, 10710585, 10760637, 10810690, 10860733]",339,0.8176776822091444,49.8410000000149,110.65829999279231,11.359800002537668,171.85909999534488,4.57079999614507,18.114699982106686,15.343000006396323,10.514699970372021,0.47849997645244,1,3,1,2,2,16515072,5745269
FCWD3:0110,FCWD3,H8_warp_student,3.436265230178833,"[3.4957151412963867, 3.436265230178833, 3.3991591930389404]",8,8,7,1,False,"[10510394, 10560437, 10610489, 10660542, 10710585, 10760637, 10810690, 10860733]",339,0.8176776822091444,42.02519997488707,47.28880000766367,6.736000010278076,96.04999999282882,4.471299995202571,15.841900021769106,12.138499994762242,8.42869997723028,0.4755000118166208,1,3,1,2,2,16515072,5745269
FCWD3:0111,FCWD3,H8_reference,3.2634730339050293,"[3.3469226360321045, 3.2080016136169434, 3.2634730339050293]",8,8,0,8,False,"[10560786, 10610786, 10660786, 10710786, 10760786, 10810786, 10860786, 10910786]",0,1.0,267.5327999750152,734.586099977605,8.639700012281537,1010.7585999649018,0.031000003218650818,30.459899979177862,109.77689997525886,121.779199980665,3.4916999866254628,8,12,12,0,0,16515072,41006890
FCWD3:0111,FCWD3,H8_warp,3.4194469451904297,"[3.4900004863739014, 3.4094491004943848, 3.4194469451904297]",8,8,7,1,False,"[10560437, 10610489, 10660542, 10710585, 10760637, 10810690, 10860733, 10910786]",349,0.8258664204370576,51.98950000340119,90.02960001816973,9.266900015063584,151.2860000366345,4.660399979911745,18.969299970194697,16.858400020282716,10.09850000264123,0.5190999945625663,1,3,1,2,2,16515072,6031090
FCWD3:0111,FCWD3,H8_warp_student,3.504011869430542,"[3.5788698196411133, 3.504011869430542, 3.468838930130005]",8,8,7,1,False,"[10560437, 10610489, 10660542, 10710585, 10760637, 10810690, 10860733, 10910786]",349,0.8258664204370576,50.33870000625029,40.168599982280284,7.869899971410632,98.37719995994121,8.67179996566847,14.78490000590682,15.03690000390634,9.687200014013797,1.4494999777525663,1,3,1,2,2,16515072,6031090
FCWD3:0112,FCWD3,H8_reference,3.232851505279541,"[3.353379964828491, 3.1558172702789307, 3.232851505279541]",8,8,0,8,False,"[10610838, 10660838, 10710838, 10760838, 10810838, 10860838, 10910838, 10960838]",0,1.0,304.19070000061765,658.5068000131287,10.804499965161085,973.5019999789074,0.040899962186813354,37.29250002652407,133.2671000272967,126.25070003559813,4.638599988538772,8,12,12,0,0,16515072,41075417
FCWD3:0112,FCWD3,H8_warp,3.3939905166625977,"[3.4886417388916016, 3.3847177028656006, 3.3939905166625977]",8,8,7,1,False,"[10610489, 10660542, 10710585, 10760637, 10810690, 10860733, 10910786, 10960838]",349,0.8287277051129608,39.3294999958016,74.5566000114195,10.166299995034933,124.05240000225604,3.399500041268766,14.464700012467802,12.79800001066178,7.784699962940067,0.3659999929368496,1,3,1,2,2,16515072,6249761
FCWD3:0112,FCWD3,H8_warp_student,3.543430805206299,"[3.6355319023132324, 3.543430805206299, 3.5222575664520264]",8,8,7,1,False,"[10610489, 10660542, 10710585, 10760637, 10810690, 10860733, 10910786, 10960838]",349,0.8287277051129608,39.30380003293976,31.218499992974102,7.321899989619851,77.84420001553372,3.523500054143369,14.374400023370981,12.533099972642958,7.957199995871633,0.3206999972462654,1,3,1,2,2,16515072,6249761
FCWD3:0113,FCWD3,H8_reference,3.1719655990600586,"[3.3284554481506348, 3.0672781467437744, 3.1719655990600586]",8,8,0,8,False,"[10660881, 10710881, 10760881, 10810881, 10860881, 10910881, 10960881, 11010881]",0,1.0,347.96839999035,598.2406999683008,7.87930004298687,954.0884000016376,0.046200002543628216,36.50180000113323,132.70309998188168,171.10789997968823,4.725300008431077,8,12,12,0,0,16515072,41541829
FCWD3:0113,FCWD3,H8_warp,3.359440326690674,"[3.475219488143921, 3.319721221923828, 3.359440326690674]",8,8,7,1,False,"[10660542, 10710585, 10760637, 10810690, 10860733, 10910786, 10960838, 11010881]",339,0.8253260557311117,43.65569999208674,65.18279999727383,5.902100005187094,114.74059999454767,3.730399999767542,15.091400011442602,15.117500035557896,8.695799973793328,0.42100000428035855,1,3,1,2,2,16515072,6525467
FCWD3:0113,FCWD3,H8_warp_student,3.503560781478882,"[3.5867233276367188, 3.503560781478882, 3.493856191635132]",8,8,7,1,False,"[10660542, 10710585, 10760637, 10810690, 10860733, 10910786, 10960838, 11010881]",339,0.8253260557311117,37.28259995114058,26.38150000711903,5.953699990641326,69.61779994890094,3.20320000173524,13.018300000112504,12.739099969621748,7.539300015196204,0.30419998802244663,1,3,1,2,2,16515072,6525467
FCWD3:0114,FCWD3,H8_reference,3.130065679550171,"[3.3486268520355225, 3.0446786880493164, 3.130065679550171]",8,8,0,8,False,"[10710934, 10760934, 10810934, 10860934, 10910934, 10960934, 11010934, 11060934]",0,1.0,311.25109997810796,643.0234999861568,8.413200033828616,962.6877999980934,0.03219995414838195,29.963700042571872,114.90600003162399,158.34930003620684,4.759900039061904,8,12,12,0,0,16515072,42164386
FCWD3:0114,FCWD3,H8_warp,3.4178364276885986,"[3.565164804458618, 3.400657892227173, 3.4178364276885986]",8,8,7,1,False,"[10710585, 10760637, 10810690, 10860733, 10910786, 10960838, 11010881, 11060934]",349,0.8275522645160569,58.214400021824986,81.92610001424327,6.7544999765232205,146.89500001259148,4.008499963674694,15.801700006704777,22.033999965060502,15.080499986652285,0.4143000114709139,1,3,1,2,2,16515072,6743662
FCWD3:0114,FCWD3,H8_warp_student,3.64547061920166,"[3.734787940979004, 3.64547061920166, 3.643162250518799]",8,8,7,1,False,"[10710585, 10760637, 10810690, 10860733, 10910786, 10960838, 11010881, 11060934]",349,0.8275522645160569,50.32270000083372,28.652500011958182,6.224900018423796,85.2001000312157,3.2919999794103205,14.492099988274276,19.52169998548925,12.0203000260517,0.28659997042268515,1,3,1,2,2,16515072,6743662
FCWD3:0115,FCWD3,H8_reference,3.57236647605896,"[3.901932716369629, 3.4967730045318604, 3.57236647605896]",8,8,0,8,False,"[10760986, 10810986, 10860986, 10910986, 10960986, 11010986, 11060986, 11110986]",0,1.0,301.5534000005573,749.6073000365868,9.408599988091737,1060.5693000252359,0.03530003596097231,32.456599990837276,119.20430004829541,141.50440000230446,4.108199966140091,8,12,12,0,0,16515072,43139319
FCWD3:0115,FCWD3,H8_warp,3.9428255558013916,"[4.161867618560791, 3.9366533756256104, 3.9428255558013916]",8,8,7,1,False,"[10760637, 10810690, 10860733, 10910786, 10960838, 11010881, 11060934, 11110986]",349,0.818310682132964,64.21159999445081,83.79350003087893,8.39039997663349,156.39550000196323,3.874799993354827,15.486000047530979,26.52650000527501,16.92590001039207,0.5462000262923539,1,3,1,2,2,16515072,7150744
FCWD3:0115,FCWD3,H8_warp_student,4.401736736297607,"[4.619682788848877, 4.401736736297607, 4.40068244934082]",8,8,7,1,False,"[10760637, 10810690, 10860733, 10910786, 10960838, 11010881, 11060934, 11110986]",349,0.818310682132964,67.581599985715,35.32899997662753,7.306700048502535,110.21730001084507,8.595799969043583,17.326399974990636,25.82420001272112,14.012700004968792,0.9386000456288457,1,3,1,2,2,16515072,7150744
FCWD3:0116,FCWD3,H8_reference,3.5538036823272705,"[3.7637970447540283, 3.464245557785034, 3.5538036823272705]",8,8,0,8,False,"[10811029, 10861029, 10911029, 10961029, 11011029, 11061029, 11111029, 11161029]",0,1.0,359.3608000082895,584.0692999772727,7.505899993702769,950.935999979265,0.035999983083456755,37.91090002050623,143.79490003921092,172.9549000156112,2.6578999822959304,8,12,12,0,0,16515072,44191262
FCWD3:0116,FCWD3,H8_warp,3.768231153488159,"[3.818178176879883, 3.7469310760498047, 3.768231153488159]",8,8,7,1,False,"[10810690, 10860733, 10910786, 10960838, 11010881, 11060934, 11110986, 11161029]",339,0.81,61.24159996397793,78.63810000708327,8.194199996069074,148.07389996713027,3.5091000027023256,16.694999998435378,26.33669995702803,13.596600037999451,0.362000020686537,1,3,1,2,2,16515072,7708089
FCWD3:0116,FCWD3,H8_warp_student,4.171417236328125,"[4.254953861236572, 4.171417236328125, 4.1670026779174805]",8,8,7,1,False,"[10810690, 10860733, 10910786, 10960838, 11010881, 11060934, 11110986, 11161029]",339,0.81,70.0139999971725,54.965300019830465,9.654900000896305,134.63420001789927,3.5037000197917223,17.502999980933964,30.127099948003888,17.52290001604706,0.44490001164376736,1,3,1,2,2,16515072,7708089
FCWD3:0117,FCWD3,H8_reference,3.0818614959716797,"[3.1361145973205566, 2.947707414627075, 3.0818614959716797]",8,8,0,8,False,"[10861082, 10911082, 10961082, 11011082, 11061082, 11111082, 11161082, 11211082]",0,1.0,448.70830001309514,684.1498999856412,7.9839000245556235,1140.842100023292,0.05299999611452222,41.795399971306324,166.47130000637844,233.7239000480622,3.652100043836981,8,12,12,0,0,16515072,44345486
FCWD3:0117,FCWD3,H8_warp,3.3571176528930664,"[3.3571176528930664, 3.343690872192383, 3.4069924354553223]",8,8,7,1,False,"[10860733, 10910786, 10960838, 11010881, 11060934, 11110986, 11161029, 11211082]",349,0.7963867969876622,62.007099972106516,90.17280000261962,7.410000020172447,159.5898999948986,4.4668999616988,16.12739998381585,24.626900034490973,15.555499994661659,0.3334000357426703,1,3,1,2,2,16515072,7223776
FCWD3:0117,FCWD3,H8_warp_student,3.6052300930023193,"[3.6052300930023193, 3.5979111194610596, 3.641777992248535]",8,8,7,1,False,"[10860733, 10910786, 10960838, 11010881, 11060934, 11110986, 11161029, 11211082]",349,0.7963867969876622,60.78169995453209,41.04440001538023,9.586900006979704,111.41299997689202,3.9708000258542597,16.31249999627471,25.02880000974983,14.208399981725961,0.38320000749081373,1,3,1,2,2,16515072,7223776
FCWD3:0118,FCWD3,H8_reference,3.0051138401031494,"[3.0724263191223145, 2.9304561614990234, 3.0051138401031494]",8,8,0,8,False,"[10911134, 10961134, 11011134, 11061134, 11111134, 11161134, 11211134, 11261134]",0,1.0,466.48239996284246,737.8579000360332,12.35809997888282,1216.6983999777585,0.04980002995580435,43.29189995769411,163.22149999905378,253.06319998344406,4.3963000061921775,8,12,12,0,0,16515072,43498274
FCWD3:0118,FCWD3,H8_warp,3.1978728771209717,"[3.1978728771209717, 3.1616873741149902, 3.235297203063965]",8,8,7,1,False,"[10910786, 10960838, 11010881, 11060934, 11110986, 11161029, 11211082, 11261134]",348,0.7882784522665734,112.51679999986663,112.9629000206478,8.334200014360249,233.81390003487468,5.057699978351593,22.54390000598505,52.70060000475496,29.970899980980903,1.251300040166825,1,3,1,2,2,16515072,6605112
FCWD3:0118,FCWD3,H8_warp_student,3.4092187881469727,"[3.4092187881469727, 3.386835813522339, 3.4512386322021484]",8,8,7,1,False,"[10910786, 10960838, 11010881, 11060934, 11110986, 11161029, 11211082, 11261134]",348,0.7882784522665734,51.87989998375997,69.82880004215986,20.03409998724237,141.7428000131622,4.2995999683626,16.512000001966953,18.421699991449714,11.566999950446188,0.42749999556690454,1,3,1,2,2,16515072,6605112
FCWD3:0119,FCWD3,H8_reference,2.7442123889923096,"[2.8022570610046387, 2.692241907119751, 2.7442123889923096]",8,8,0,8,False,"[10961186, 11011186, 11061186, 11111186, 11161186, 11211186, 11261186, 11311186]",0,1.0,457.65930000925437,830.9709999593906,9.161700028926134,1297.791999997571,0.10710000060498714,50.739699974656105,173.1411999789998,226.06039996026084,5.053500004578382,8,12,12,0,0,16515072,43076470
FCWD3:0119,FCWD3,H8_warp,2.9057393074035645,"[2.9057393074035645, 2.873288154602051, 2.955169439315796]",8,8,7,1,False,"[10960838, 11010881, 11060934, 11110986, 11161029, 11211082, 11261134, 11311186]",348,0.7865031937079745,49.120399984531105,79.16630001273006,7.576300005894154,135.86300000315532,4.071700037457049,17.429100000299513,16.78810000885278,9.860999998636544,0.396600051317364,1,3,1,2,2,16515072,7051532
FCWD3:0119,FCWD3,H8_warp_student,3.026052713394165,"[3.026052713394165, 3.0067694187164307, 3.066943883895874]",8,8,7,1,False,"[10960838, 11010881, 11060934, 11110986, 11161029, 11211082, 11261134, 11311186]",348,0.7865031937079745,55.57540000882,42.15909994672984,8.195800008252263,105.9302999638021,8.089100010693073,16.35839999653399,18.585800018627197,10.746699990704656,1.0763999889604747,1,3,1,2,2,16515072,7051532
FCWD3:0120,FCWD3,H8_reference,2.7697432041168213,"[2.8505945205688477, 2.7697432041168213, 2.759276866912842]",8,8,0,8,False,"[11011230, 11061230, 11111230, 11161230, 11211230, 11261230, 11311230, 11361230]",0,1.0,387.3824999900535,679.3231000192463,8.045199967455119,1074.750799976755,0.03940000897273421,38.41540002031252,141.66950003709644,200.12700004735962,3.9575000409968197,8,12,12,0,0,16515072,43319995
FCWD3:0120,FCWD3,H8_warp,2.928924322128296,"[2.928924322128296, 2.9210612773895264, 2.92981219291687]",8,8,7,1,False,"[11010881, 11060934, 11110986, 11161029, 11211082, 11261134, 11311186, 11361230]",349,0.7801014736993079,62.4569000210613,82.00579998083413,6.894599995575845,151.35729999747127,3.9852000190876424,18.615600012708455,23.92340003279969,14.572399959433824,0.5302000208757818,1,3,1,2,2,16515072,7332287
FCWD3:0120,FCWD3,H8_warp_student,2.952486276626587,"[2.952486276626587, 2.9295830726623535, 2.9773895740509033]",8,8,7,1,False,"[11010881, 11060934, 11110986, 11161029, 11211082, 11261134, 11311186, 11361230]",349,0.7801014736993079,62.728799995966256,42.88209998048842,9.036900009959936,114.64779998641461,3.4618000499904156,16.57010003691539,24.008800042793155,16.832799999974668,1.0738000273704529,1,3,1,2,2,16515072,7332287
FCWD3:0121,FCWD3,H8_reference,2.8009800910949707,"[2.879213809967041, 2.785543918609619, 2.8009800910949707]",8,8,0,8,False,"[11061282, 11111282, 11161282, 11211282, 11261282, 11311282, 11361282, 11411282]",0,1.0,502.00139998923987,690.0094000156969,8.402900013606995,1200.4137000185438,0.03709999145939946,38.64489996340126,187.9897000035271,268.4261000249535,3.5812999703921378,8,12,12,0,0,16515072,44108540
FCWD3:0121,FCWD3,H8_warp,3.018244504928589,"[3.018244504928589, 3.0057575702667236, 3.0415806770324707]",8,8,7,1,False,"[11060934, 11110986, 11161029, 11211082, 11261134, 11311186, 11361230, 11411282]",348,0.7688358373251004,65.37069997284561,82.92640000581741,7.189000025391579,155.4861000040546,3.9738999912515283,18.14389997161925,26.33969997987151,15.692099987063557,0.4246999742463231,1,3,1,2,2,16515072,7388149
FCWD3:0121,FCWD3,H8_warp_student,3.07466197013855,"[3.077850341796875, 3.0390701293945312, 3.07466197013855]",8,8,7,1,False,"[11060934, 11110986, 11161029, 11211082, 11261134, 11311186, 11361230, 11411282]",348,0.7688358373251004,56.88150000059977,33.57010002946481,7.203100016340613,97.6547000464052,3.7782000144943595,15.070999972522259,23.270400008186698,13.627499982248992,0.3165999660268426,1,3,1,2,2,16515072,7388149
FCWD3:0122,FCWD3,H8_reference,2.854092597961426,"[2.9411447048187256, 2.808201789855957, 2.854092597961426]",8,8,0,8,False,"[11111335, 11161335, 11211335, 11261335, 11311335, 11361335, 11411335, 11461335]",0,1.0,429.653600032907,776.8282999750227,8.173200010787696,1214.6551000187173,0.03550003748387098,45.55149999214336,141.29330002469942,235.93579995213076,3.999900014605373,8,12,12,0,0,16515072,45238037
FCWD3:0122,FCWD3,H8_warp,3.0673413276672363,"[3.1078388690948486, 3.0301289558410645, 3.0673413276672363]",8,8,7,1,False,"[11110986, 11161029, 11211082, 11261134, 11311186, 11361230, 11411282, 11461335]",349,0.7675173782690663,87.01209997525439,102.66420000698417,10.069700016174465,199.74599999841303,4.771099949721247,20.635200024116784,33.82340003736317,26.31800004746765,0.39080000715330243,1,3,1,2,2,16515072,7584788
FCWD3:0122,FCWD3,H8_warp_student,3.195397138595581,"[3.2333481311798096, 3.165541648864746, 3.195397138595581]",8,8,7,1,False,"[11110986, 11161029, 11211082, 11261134, 11311186, 11361230, 11411282, 11461335]",349,0.7675173782690663,92.4112000502646,82.99599995370954,10.621300025377423,186.02850002935156,13.839399965945631,23.3635000186041,33.66980003193021,19.111800007522106,1.2620000052265823,1,3,1,2,2,16515072,7584788
FCWD3:0123,FCWD3,H8_reference,2.703901767730713,"[2.7312233448028564, 2.604979991912842, 2.703901767730713]",8,8,0,8,False,"[11161378, 11211378, 11261378, 11311378, 11361378, 11411378, 11461378, 11511378]",0,1.0,575.1611000159755,710.8910999959335,8.180100005120039,1294.232300017029,0.046600005589425564,52.988999988883734,216.76699997624382,281.40939999138936,12.59360002586618,8,12,12,0,0,16515072,46297069
FCWD3:0123,FCWD3,H8_warp,2.7917590141296387,"[2.8445327281951904, 2.7820730209350586, 2.7917590141296387]",8,8,7,1,False,"[11161029, 11211082, 11261134, 11311186, 11361230, 11411282, 11461335, 11511378]",349,0.766861374445402,95.06740001961589,102.58940001949668,8.636999991722405,206.29380003083497,4.898700048215687,25.44350002426654,36.83820000151172,26.269900030456483,0.49919995944947004,1,3,1,2,2,16515072,7923139
FCWD3:0123,FCWD3,H8_warp_student,3.0196404457092285,"[3.0787148475646973, 3.0039846897125244, 3.0196404457092285]",8,8,7,1,False,"[11161029, 11211082, 11261134, 11311186, 11361230, 11411282, 11461335, 11511378]",349,0.766861374445402,75.25689998874441,39.08380004577339,7.500099949538708,121.8407999840565,3.8574000354856253,17.83860003342852,30.903899983968586,21.27879997715354,0.36529998760670424,1,3,1,2,2,16515072,7923139
FCWD3:0124,FCWD3,H8_reference,2.637058973312378,"[2.6744656562805176, 2.517873525619507, 2.637058973312378]",8,8,0,8,False,"[11211430, 11261430, 11311430, 11361430, 11411430, 11461430, 11511430, 11561430]",0,1.0,534.3770000035875,784.6693000174128,24.665399978403002,1343.7116999994032,0.03779999678954482,47.769099997822195,207.0642000180669,270.76990000205114,3.0433000065386295,8,12,12,0,0,16515072,47124238
FCWD3:0124,FCWD3,H8_warp,2.6404972076416016,"[2.666835308074951, 2.595313310623169, 2.6404972076416016]",8,8,7,1,False,"[11211082, 11261134, 11311186, 11361230, 11411282, 11461335, 11511378, 11561430]",348,0.774792250215315,99.7930999728851,114.17570000048727,10.598300024867058,224.56709999823943,8.444400038570166,30.648099957033992,36.73829999752343,21.399699966423213,0.5861999816261232,1,3,1,2,2,16515072,7914979
FCWD3:0124,FCWD3,H8_warp_student,2.7923998832702637,"[2.828341484069824, 2.7633681297302246, 2.7923998832702637]",8,8,7,1,False,"[11211082, 11261134, 11311186, 11361230, 11411282, 11461335, 11511378, 11561430]",348,0.774792250215315,82.29879999998957,71.04110001819208,20.893000008072704,174.23290002625436,4.262100032065064,20.68620000500232,33.9551999932155,21.58389997202903,0.4385000211186707,1,3,1,2,2,16515072,7914979
FCWD3:0125,FCWD3,H8_reference,2.604228973388672,"[2.6350371837615967, 2.4850995540618896, 2.604228973388672]",8,8,0,8,False,"[11261483, 11311483, 11361483, 11411483, 11461483, 11511483, 11561483, 11611483]",0,1.0,634.4127000193112,670.7025999785401,6.607000017538667,1311.72230001539,0.047900015488266945,51.45039997296408,260.1126999943517,312.9882999928668,6.127599976025522,8,12,12,0,0,16515072,47675582
FCWD3:0125,FCWD3,H8_warp,2.519535541534424,"[2.531111717224121, 2.450822114944458, 2.519535541534424]",8,8,7,1,False,"[11261134, 11311186, 11361230, 11411282, 11461335, 11511378, 11561430, 11611483]",349,0.7734359166823044,70.95530000515282,89.83479999005795,10.92229998903349,171.71239998424426,3.566899977158755,16.711600008420646,26.40219999011606,17.77599996421486,0.5685000214725733,1,3,1,2,2,16515072,7618686
FCWD3:0125,FCWD3,H8_warp_student,2.5316646099090576,"[2.5327389240264893, 2.4840874671936035, 2.5316646099090576]",8,8,7,1,False,"[11261134, 11311186, 11361230, 11411282, 11461335, 11511378, 11561430, 11611483]",349,0.7734359166823044,120.84460002370179,94.55699997488409,11.516100028529763,226.91770002711564,4.953700001351535,28.89279997907579,54.78960002074018,30.09910002583638,0.7947999984025955,1,3,1,2,2,16515072,7618686
FCWD3:0126,FCWD3,H8_reference,2.474346876144409,"[2.5215442180633545, 2.4205853939056396, 2.474346876144409]",8,8,0,8,False,"[11311526, 11361526, 11411526, 11461526, 11511526, 11561526, 11611526, 11661526]",0,1.0,586.2005999661051,703.7200999911875,9.094500041101128,1299.0151999983937,0.07010000990703702,44.45870005292818,193.9589999965392,326.9332000054419,13.000899984035641,8,12,12,0,0,16515072,47967540
FCWD3:0126,FCWD3,H8_warp,2.495648145675659,"[2.525543451309204, 2.4663822650909424, 2.495648145675659]",8,8,7,1,False,"[11311186, 11361230, 11411282, 11461335, 11511378, 11561430, 11611483, 11661526]",340,0.7810737764791819,93.29359995899722,127.95610004104674,7.923699973616749,229.1733999736607,4.800800001248717,22.621699958108366,34.639300021808594,22.654100030194968,0.4202999989502132,1,3,1,2,2,16515072,7386245
FCWD3:0126,FCWD3,H8_warp_student,2.503796339035034,"[2.5071568489074707, 2.4573073387145996, 2.503796339035034]",8,8,7,1,False,"[11311186, 11361230, 11411282, 11461335, 11511378, 11561430, 11611483, 11661526]",340,0.7810737764791819,140.98020002711564,47.15759999817237,8.885799965355545,197.02359999064356,4.607500042766333,24.806800007354468,50.101000000722706,59.69269998604432,0.48179994337260723,1,3,1,2,2,16515072,7386245
FCWD3:0127,FCWD3,H8_reference,2.505139112472534,"[2.5659914016723633, 2.4641036987304688, 2.505139112472534]",8,8,0,8,False,"[11361579, 11411579, 11461579, 11511579, 11561579, 11611579, 11661579, 11711579]",0,1.0,940.6109999981709,798.2182999840006,11.87500002561137,1750.7043000077829,0.05519995465874672,101.15110001061112,454.60300002014264,367.4563000095077,10.251600004266948,8,12,12,0,0,16515072,48261895
FCWD3:0127,FCWD3,H8_warp,2.533480644226074,"[2.5606582164764404, 2.5225183963775635, 2.533480644226074]",8,8,7,1,False,"[11361230, 11411282, 11461335, 11511378, 11561430, 11611483, 11661526, 11711579]",349,0.7932871111111112,90.4922999907285,90.18670005025342,8.159299963153899,188.83830000413582,8.073000004515052,20.77780000399798,35.87510000215843,24.072400003205985,0.5815000040456653,1,3,1,2,2,16515072,7358586
FCWD3:0127,FCWD3,H8_warp_student,2.5862698554992676,"[2.6081533432006836, 2.5481953620910645, 2.5862698554992676]",8,8,7,1,False,"[11361230, 11411282, 11461335, 11511378, 11561430, 11611483, 11661526, 11711579]",349,0.7932871111111112,84.1397000476718,38.667499960865825,13.62630003131926,136.43350003985688,7.352699991315603,19.191599974874407,32.80869999434799,22.355499968398362,1.3479000190272927,1,3,1,2,2,16515072,7358586
FCWD3:0128,FCWD3,H8_reference,2.3728487491607666,"[2.4122653007507324, 2.3593459129333496, 2.3728487491607666]",8,8,0,8,False,"[11411631, 11461631, 11511631, 11561631, 11611631, 11661631, 11711631, 11761631]",0,1.0,662.6359999645501,661.9084000121802,8.607499999925494,1333.1518999766558,0.04900002386420965,50.10190000757575,314.6070000366308,284.860200015828,4.7827999806031585,8,12,12,0,0,16515072,48617739
FCWD3:0128,FCWD3,H8_warp,2.3824844360351562,"[2.4049904346466064, 2.3824844360351562, 2.376152276992798]",8,8,7,1,False,"[11411282, 11461335, 11511378, 11561430, 11611483, 11661526, 11711579, 11761631]",349,0.7927042927554213,96.21069999411702,121.13300000783056,9.208100032992661,226.55180003494024,4.67739999294281,22.74250000482425,38.41249999823049,28.512999997474253,0.6711999885737896,1,3,1,2,2,16515072,7802966
FCWD3:0128,FCWD3,H8_warp_student,2.428206205368042,"[2.4411187171936035, 2.391300678253174, 2.428206205368042]",8,8,7,1,False,"[11411282, 11461335, 11511378, 11561430, 11611483, 11661526, 11711579, 11761631]",349,0.7927042927554213,144.41259996965528,42.73879999527708,10.324500035494566,197.47590000042692,5.173400044441223,52.70220001693815,56.255600007716566,28.573399991728365,0.3589999978430569,1,3,1,2,2,16515072,7802966
FCWD3:0129,FCWD3,H8_reference,2.2632369995117188,"[2.2910516262054443, 2.261737108230591, 2.2632369995117188]",8,8,0,8,False,"[11461674, 11511674, 11561674, 11611674, 11661674, 11711674, 11761674, 11811674]",0,1.0,655.099599971436,660.3557000053115,8.761500008404255,1324.2167999851517,0.04179996903985739,64.97960002161562,303.8444999838248,276.5713999979198,3.2638999982737005,8,12,12,0,0,16515072,48580951
FCWD3:0129,FCWD3,H8_warp,2.30997896194458,"[2.3202602863311768, 2.30997896194458, 2.3040244579315186]",8,8,7,1,False,"[11461335, 11511378, 11561430, 11611483, 11661526, 11711579, 11761631, 11811674]",339,0.78759950549774,101.76859999774024,106.71620001085103,8.477299998048693,216.96210000663996,4.291099961847067,22.813500021584332,44.77440001210198,28.20359996985644,0.48420001985505223,1,3,1,2,2,16515072,8008734
FCWD3:0129,FCWD3,H8_warp_student,2.369266986846924,"[2.380537986755371, 2.332336902618408, 2.369266986846924]",8,8,7,1,False,"[11461335, 11511378, 11561430, 11611483, 11661526, 11711579, 11761631, 11811674]",339,0.78759950549774,81.40480000292882,42.37340000690892,12.156800017692149,135.9350000275299,7.821700011845678,19.765099976211786,33.27959997113794,18.56480003334582,1.0272000217810273,1,3,1,2,2,16515072,8008734
FCWD3:0130,FCWD3,H8_reference,2.2614831924438477,"[2.275003433227539, 2.2477309703826904, 2.2614831924438477]",8,8,0,8,False,"[11511727, 11561727, 11611727, 11661727, 11711727, 11761727, 11811727, 11861727]",0,1.0,616.5240999544039,721.2529000244103,9.882799990009516,1347.6597999688238,0.05790003342553973,49.36879995511845,261.57360000070184,295.66020000493154,3.9136999985203147,8,12,12,0,0,16515072,49352530
FCWD3:0130,FCWD3,H8_warp,2.2896835803985596,"[2.299470901489258, 2.2835171222686768, 2.2896835803985596]",8,8,7,1,False,"[11511378, 11561430, 11611483, 11661526, 11711579, 11761631, 11811674, 11861727]",349,0.7911163859498498,89.43459996953607,90.35960002802312,8.096400008071214,187.8906000056304,9.527500020340085,20.84330003708601,36.74080001655966,20.36339999176562,0.9500000160187483,1,3,1,2,2,16515072,7942672
FCWD3:0130,FCWD3,H8_warp_student,2.3639261722564697,"[2.3815526962280273, 2.325028896331787, 2.3639261722564697]",8,8,7,1,False,"[11511378, 11561430, 11611483, 11661526, 11711579, 11761631, 11811674, 11861727]",349,0.7911163859498498,136.37779996497557,112.8827000502497,13.37000000057742,262.6305000158027,6.668500020168722,19.48149997042492,45.628299994859844,60.18739996943623,2.7250999701209366,1,3,1,2,2,16515072,7942672
FCWD3:0131,FCWD3,H8_reference,2.2858762741088867,"[2.320683240890503, 2.2791316509246826, 2.2858762741088867]",8,8,0,8,False,"[11561779, 11611779, 11661779, 11711779, 11761779, 11811779, 11861779, 11911779]",0,1.0,1088.4726999793202,1064.7355999681167,7.419700035825372,2160.6279999832623,0.05269999383017421,65.04680000944063,492.489900032524,521.9540999969468,4.63600002694875,8,12,12,0,0,16515072,50130943
FCWD3:0131,FCWD3,H8_warp,2.294372797012329,"[2.3188955783843994, 2.294372797012329, 2.288874626159668]",8,8,7,1,False,"[11561430, 11611483, 11661526, 11711579, 11761631, 11811674, 11861727, 11911779]",349,0.7818741051712005,168.05060004116967,148.07489997474477,8.92669998575002,325.05220000166446,9.153000020887703,21.893400000408292,68.83830000879243,65.26119995396584,1.2107000220566988,1,3,1,2,2,16515072,8156209
FCWD3:0131,FCWD3,H8_warp_student,2.3143677711486816,"[2.3332431316375732, 2.26983904838562, 2.3143677711486816]",8,8,7,1,False,"[11561430, 11611483, 11661526, 11711579, 11761631, 11811674, 11861727, 11911779]",349,0.7818741051712005,89.63750000111759,92.19510003458709,25.01250000204891,206.84510003775358,4.742500022985041,22.210999974049628,37.99029998481274,23.181999975349754,0.39300002390518785,1,3,1,2,2,16515072,8156209
FCWD3:0132,FCWD3,H8_reference,2.357997179031372,"[2.404278516769409, 2.344882011413574, 2.357997179031372]",8,8,0,8,False,"[11611822, 11661822, 11711822, 11761822, 11811822, 11861822, 11911822, 11961822]",0,1.0,1259.536699973978,1069.2748000146821,10.315300023648888,2339.126800012309,0.048600020818412304,52.70689999451861,484.0793000184931,706.2170000281185,11.41129998723045,8,12,12,0,0,16515072,50747601
FCWD3:0132,FCWD3,H8_warp,2.3691141605377197,"[2.392965316772461, 2.3631153106689453, 2.3691141605377197]",8,8,7,1,False,"[11611483, 11661526, 11711579, 11761631, 11811674, 11861727, 11911779, 11961822]",339,0.7735520394832341,163.0705000134185,112.83289996208623,30.493800004478544,306.39719997998327,5.027599981985986,24.144900031387806,72.43330002529547,59.04640001244843,0.7078999769873917,1,3,1,2,2,16515072,8447657
FCWD3:0132,FCWD3,H8_warp_student,2.3800346851348877,"[2.4091930389404297, 2.3267457485198975, 2.3800346851348877]",8,8,7,1,False,"[11611483, 11661526, 11711579, 11761631, 11811674, 11861727, 11911779, 11961822]",339,0.7735520394832341,201.40859996899962,100.76499998103827,14.658100029919297,316.8316999799572,16.115000005811453,54.47440000716597,57.338599988725036,67.3843999975361,2.410800021607429,1,3,1,2,2,16515072,8447657
FCWD3:0133,FCWD3,H8_reference,2.351968765258789,"[2.4183549880981445, 2.351810932159424, 2.351968765258789]",8,8,0,8,False,"[11661875, 11711875, 11761875, 11811875, 11861875, 11911875, 11961875, 12011875]",0,1.0,869.4041999988258,753.0526000191458,7.0192000130191445,1629.4760000309907,0.049400026910007,89.08609999343753,367.19040002208203,401.6888999613002,5.9714000090025365,8,12,12,0,0,16515072,51537506
FCWD3:0133,FCWD3,H8_warp,2.332080841064453,"[2.3542609214782715, 2.3207778930664062, 2.332080841064453]",8,8,7,1,False,"[11661526, 11711579, 11761631, 11811674, 11861727, 11911779, 11961822, 12011875]",349,0.7615032039871841,86.31220000097528,100.97899998072535,12.91519997175783,200.20639995345846,4.307500028517097,18.049400008749217,31.601599999703467,24.927399994339794,0.4765999619849026,1,3,1,2,2,16515072,8745786
FCWD3:0133,FCWD3,H8_warp_student,2.328275680541992,"[2.3541312217712402, 2.2718358039855957, 2.328275680541992]",8,8,7,1,False,"[11661526, 11711579, 11761631, 11811674, 11861727, 11911779, 11961822, 12011875]",349,0.7615032039871841,114.46810001507401,41.95420001633465,8.911399985663593,165.33370001707226,5.130999954417348,26.286299980711192,51.07280000811443,29.874700005166233,0.4097999772056937,1,3,1,2,2,16515072,8745786
FCWD3:0134,FCWD3,H8_reference,2.561169147491455,"[2.638634204864502, 2.52163028717041, 2.561169147491455]",8,8,0,8,False,"[11711927, 11761927, 11811927, 11861927, 11911927, 11961927, 12011927, 12061927]",0,1.0,750.1671999925748,690.6097999890335,8.04370001424104,1448.8206999958493,0.04060001811012626,48.52359998039901,260.81329997396097,430.81019999226555,4.724099999293685,8,12,12,0,0,16515072,52527909
FCWD3:0134,FCWD3,H8_warp,2.5225274562835693,"[2.5539252758026123, 2.4681785106658936, 2.5225274562835693]",8,8,7,1,False,"[11711579, 11761631, 11811674, 11861727, 11911779, 11961822, 12011875, 12061927]",348,0.7535204475308642,91.2811000016518,87.6564999925904,7.283800048753619,186.2214000429958,3.5872000153176486,19.062899984419346,37.83310001017526,28.96080003120005,0.37369999336078763,1,3,1,2,2,16515072,9183859
FCWD3:0134,FCWD3,H8_warp_student,2.54419207572937,"[2.6045985221862793, 2.47849440574646, 2.54419207572937]",8,8,7,1,False,"[11711579, 11761631, 11811674, 11861727, 11911779, 11961822, 12011875, 12061927]",348,0.7535204475308642,88.16330000991002,35.96750000724569,9.94139997055754,134.07219998771325,3.7958999746479094,19.376100040972233,36.319400009233505,26.863700011745095,0.3741000546142459,1,3,1,2,2,16515072,9183859
FCWD3:0135,FCWD3,H8_reference,2.5266759395599365,"[2.620011568069458, 2.49355149269104, 2.5266759395599365]",8,8,0,8,False,"[11761971, 11811971, 11861971, 11911971, 11961971, 12011971, 12061971, 12111971]",0,1.0,664.2418000265025,648.8964000018314,10.705599968787283,1323.843799997121,0.04099996294826269,49.11630001151934,236.70660000061616,369.9090000009164,3.3004999859258533,8,12,12,0,0,16515072,53657338
FCWD3:0135,FCWD3,H8_warp,2.5172171592712402,"[2.586819887161255, 2.4706437587738037, 2.5172171592712402]",8,8,7,1,False,"[11761631, 11811674, 11861727, 11911779, 11961822, 12011875, 12061927, 12111971]",340,0.7542587707796649,146.73119998769835,95.58810002636164,7.521799998357892,249.84110001241788,6.014799990225583,27.53989998018369,51.48710001958534,58.51599999004975,0.9353000205010176,1,3,1,2,2,16515072,9723490
FCWD3:0135,FCWD3,H8_warp_student,2.4950451850891113,"[2.548527956008911, 2.4209465980529785, 2.4950451850891113]",8,8,7,1,False,"[11761631, 11811674, 11861727, 11911779, 11961822, 12011875, 12061927, 12111971]",340,0.7542587707796649,96.60910000093281,35.06090003065765,8.427799970377237,140.0978000019677,3.7798999692313373,22.095899970736355,38.67300000274554,30.213999969419092,0.381799996830523,1,3,1,2,2,16515072,9723490
FCWD3:0136,FCWD3,H8_reference,2.2438440322875977,"[2.245905876159668, 2.2094314098358154, 2.2438440322875977]",8,8,0,8,False,"[11812023, 11862023, 11912023, 11962023, 12012023, 12062023, 12112023, 12162023]",0,1.0,858.5178999928758,681.4128999831155,14.100200030952692,1554.031000006944,0.051499984692782164,49.770599987823516,281.0225999564864,515.4336999985389,6.112799979746342,8,12,12,0,0,16515072,54637881
FCWD3:0136,FCWD3,H8_warp,2.255218982696533,"[2.269404411315918, 2.2106845378875732, 2.255218982696533]",8,8,7,1,False,"[11811674, 11861727, 11911779, 11961822, 12011875, 12061927, 12111971, 12162023]",349,0.7483015506304331,101.26840003067628,94.87349999835715,12.047299998812377,208.1892000278458,4.684399988036603,23.81089999107644,40.99800001131371,29.852200008463115,0.3648999845609069,1,3,1,2,2,16515072,10022809
FCWD3:0136,FCWD3,H8_warp_student,2.248591184616089,"[2.261923313140869, 2.17788028717041, 2.248591184616089]",8,8,7,1,False,"[11811674, 11861727, 11911779, 11961822, 12011875, 12061927, 12111971, 12162023]",349,0.7483015506304331,131.81679998524487,100.41960002854466,9.879499964881688,242.11589997867122,5.139600019901991,26.268300018273294,53.65479999454692,41.51790001196787,2.648899971973151,1,3,1,2,2,16515072,10022809
FCWD3:0137,FCWD3,H8_reference,2.1995933055877686,"[2.2186553478240967, 2.180976152420044, 2.1995933055877686]",8,8,0,8,False,"[11862075, 11912075, 11962075, 12012075, 12062075, 12112075, 12162075, 12212075]",0,1.0,737.3112999484874,684.237600013148,8.297900028992444,1429.846799990628,0.03290001768618822,42.940900020767,200.42770000873134,479.14579999633133,7.963099982589483,8,12,12,0,0,16515072,55887517
FCWD3:0137,FCWD3,H8_warp,2.2070934772491455,"[2.233351469039917, 2.194387912750244, 2.2070934772491455]",8,8,7,1,False,"[11861727, 11911779, 11961822, 12011875, 12061927, 12111971, 12162023, 12212075]",348,0.7389314686358569,93.42360001755878,65.36409998079762,7.346400001551956,166.13409999990836,4.469100036658347,22.573099995497614,38.41510001802817,26.23479999601841,0.28550002025440335,1,3,1,2,2,16515072,10121426
FCWD3:0137,FCWD3,H8_warp_student,2.1689510345458984,"[2.1737656593322754, 2.107236385345459, 2.1689510345458984]",8,8,7,1,False,"[11861727, 11911779, 11961822, 12011875, 12061927, 12111971, 12162023, 12212075]",348,0.7389314686358569,116.53280002065003,62.453199992887676,9.474500024225563,188.46050003776327,3.4739000257104635,21.911899966653436,49.019599973689765,38.912200019694865,0.4771000239998102,1,3,1,2,2,16515072,10121426
FCWD3:0138,FCWD3,H8_reference,2.1606147289276123,"[2.184586763381958, 2.153226613998413, 2.1606147289276123]",8,8,0,8,False,"[11912128, 11962128, 12012128, 12062128, 12112128, 12162128, 12212128, 12262128]",0,1.0,997.7867000270635,720.9987999522127,11.677700036671013,1730.4632000159472,0.04480005009099841,53.13630000455305,394.1983000258915,540.2994999894872,3.097500011790544,8,12,12,0,0,16515072,57541838
FCWD3:0138,FCWD3,H8_warp,2.145343065261841,"[2.149493932723999, 2.1428654193878174, 2.145343065261841]",8,8,7,1,False,"[11911779, 11961822, 12011875, 12061927, 12111971, 12162023, 12212075, 12262128]",349,0.7367663557250066,113.30510000698268,108.04229998029768,9.372800006531179,230.72019999381155,7.7043999917805195,22.55729999160394,42.37090004608035,37.71569998934865,1.2368999887257814,1,3,1,2,2,16515072,10508312
FCWD3:0138,FCWD3,H8_warp_student,2.127084255218506,"[2.1335952281951904, 2.077345848083496, 2.127084255218506]",8,8,7,1,False,"[11911779, 11961822, 12011875, 12061927, 12111971, 12162023, 12212075, 12262128]",349,0.7367663557250066,149.98330001253635,108.96879999199882,12.606800009962171,271.55890001449734,3.909600025508553,23.20499997586012,47.225199989043176,70.35589998122305,1.1223999899812043,1,3,1,2,2,16515072,10508312
FCWD3:0139,FCWD3,H8_reference,2.178706169128418,"[2.226442575454712, 2.178706169128418, 2.169537305831909]",8,8,0,8,False,"[11962171, 12012171, 12062171, 12112171, 12162171, 12212171, 12262171, 12312171]",0,1.0,1223.5839999630116,902.5040999986231,12.840800045523793,2138.9289000071585,0.050099974032491446,62.51429999247193,491.4219999918714,655.3336999495514,6.20200001867488,8,12,12,0,0,16515072,59759046
FCWD3:0139,FCWD3,H8_warp,2.181788444519043,"[2.186027765274048, 2.181788444519043, 2.1605522632598877]",8,8,7,1,False,"[11961822, 12011875, 12061927, 12111971, 12162023, 12212075, 12262128, 12312171]",349,0.7351999521890581,164.39699998591095,114.15910004870966,8.149499946739525,286.70559998136014,5.384900025092065,25.904999987687916,53.17430000286549,77.16190000064671,0.5566999898292124,1,3,1,2,2,16515072,11250583
FCWD3:0139,FCWD3,H8_warp_student,2.125126600265503,"[2.1383228302001953, 2.0829460620880127, 2.125126600265503]",8,8,7,1,False,"[11961822, 12011875, 12061927, 12111971, 12162023, 12212075, 12262128, 12312171]",349,0.7351999521890581,115.46770000131801,89.22490000259131,13.058100012131035,217.75070001604035,3.811699978541583,22.28159998776391,44.414900010451674,42.239599977619946,0.5073999636806548,1,3,1,2,2,16515072,11250583
FCWD3:0140,FCWD3,H8_reference,2.2604665756225586,"[2.3170976638793945, 2.2604665756225586, 2.246354818344116]",8,8,0,8,False,"[12012223, 12062223, 12112223, 12162223, 12212223, 12262223, 12312223, 12362223]",0,1.0,1046.7210999922827,856.072900001891,7.673399988561869,1910.4673999827355,0.09310001041740179,76.28520001890138,327.923400036525,629.8883000272326,5.73969999095425,8,12,12,0,0,16515072,62173233
FCWD3:0140,FCWD3,H8_warp,2.216560125350952,"[2.2166337966918945, 2.216560125350952, 2.1893696784973145]",8,8,7,1,False,"[12011875, 12061927, 12111971, 12162023, 12212075, 12262128, 12312171, 12362223]",348,0.7307492195629552,134.0242000296712,150.2982000238262,7.955999986734241,292.27840004023165,3.839300014078617,23.53789994958788,55.20639999303967,47.65459999907762,0.4387999651953578,1,3,1,2,2,16515072,11991426
FCWD3:0140,FCWD3,H8_warp_student,2.1340525150299072,"[2.155200958251953, 2.091855049133301, 2.1340525150299072]",8,8,7,1,False,"[12011875, 12061927, 12111971, 12162023, 12212075, 12262128, 12312171, 12362223]",348,0.7307492195629552,134.54450003337115,64.05719998292625,11.286599969025701,209.8882999853231,3.63880000077188,25.004399998579174,48.66879998007789,54.572599998209625,0.5667999503202736,1,3,1,2,2,16515072,11991426
FCWD3:0141,FCWD3,H8_reference,2.1200509071350098,"[2.165708065032959, 2.1198904514312744, 2.1200509071350098]",8,8,0,8,False,"[12062276, 12112276, 12162276, 12212276, 12262276, 12312276, 12362276, 12412276]",0,1.0,1182.9358999966644,623.0687000206672,6.5932999714277685,1812.5978999887593,0.04210002953186631,61.7121999966912,420.141100010369,689.9411000194959,3.372900013346225,8,12,12,0,0,16515072,64363122
FCWD3:0141,FCWD3,H8_warp,2.1123430728912354,"[2.1123430728912354, 2.1161093711853027, 2.0963735580444336]",8,8,7,1,False,"[12061927, 12111971, 12162023, 12212075, 12262128, 12312171, 12362223, 12412276]",349,0.7231694463388927,135.5374999693595,103.23190002236515,7.428199984133244,246.19759997585788,8.940500032622367,23.629400006029755,50.55829999037087,49.147000012453645,0.5636999849230051,1,3,1,2,2,16515072,12414573
FCWD3:0141,FCWD3,H8_warp_student,2.054370164871216,"[2.074530601501465, 2.0128819942474365, 2.054370164871216]",8,8,7,1,False,"[12061927, 12111971, 12162023, 12212075, 12262128, 12312171, 12362223, 12412276]",349,0.7231694463388927,119.07229997450486,41.86430003028363,10.874699975829571,171.81129998061806,3.731900011189282,24.755200021900237,46.21920001227409,42.026700044516474,0.4225000157020986,1,3,1,2,2,16515072,12414573
FCWD3:0142,FCWD3,H8_reference,2.0170669555664062,"[2.047502040863037, 2.013252019882202, 2.0170669555664062]",8,8,0,8,False,"[12112319, 12162319, 12212319, 12262319, 12312319, 12362319, 12412319, 12462319]",0,1.0,1067.160699982196,628.6226999945939,6.975000025704503,1702.7584000024945,0.05460000829771161,58.75030002789572,309.4231000286527,685.8966000145301,4.863400012254715,8,12,12,0,0,16515072,66693227
FCWD3:0142,FCWD3,H8_warp,2.018489360809326,"[2.0208630561828613, 2.018489360809326, 2.0069262981414795]",8,8,7,1,False,"[12111971, 12162023, 12212075, 12262128, 12312171, 12362223, 12412276, 12462319]",348,0.7192344674556213,104.83700002077967,72.20850000157952,7.1418999577872455,184.18739998014644,3.3363999682478607,20.997999992687255,41.75549995852634,36.68600000673905,0.35370001569390297,1,3,1,2,2,16515072,12531499
FCWD3:0142,FCWD3,H8_warp_student,1.974316954612732,"[1.9918826818466187, 1.9322901964187622, 1.974316954612732]",8,8,7,1,False,"[12111971, 12162023, 12212075, 12262128, 12312171, 12362223, 12412276, 12462319]",348,0.7192344674556213,137.16799998655915,68.53679998312145,12.38179998472333,218.08659995440394,3.132800047751516,22.68480003112927,49.092100001871586,57.37669998779893,0.7983999676071107,1,3,1,2,2,16515072,12531499
FCWD3:0143,FCWD3,H8_reference,1.952263355255127,"[1.9661825895309448, 1.9482241868972778, 1.952263355255127]",8,8,0,8,False,"[12162371, 12212371, 12262371, 12312371, 12362371, 12412371, 12462371, 12512371]",0,1.0,1285.1321999914944,665.8459000173025,7.045000034850091,1958.023100043647,0.04859996261075139,78.44190002651885,399.2121000192128,784.5884999842383,4.06850001309067,8,12,12,0,0,16515072,69261723
FCWD3:0143,FCWD3,H8_warp,1.959053635597229,"[1.9669713973999023, 1.959053635597229, 1.9476383924484253]",8,8,7,1,False,"[12162023, 12212075, 12262128, 12312171, 12362223, 12412276, 12462319, 12512371]",348,0.7218610435864097,119.50500000966713,87.27770001860335,7.3105000192299485,214.09320004750043,3.5462999949231744,23.12480000546202,48.21429995354265,42.27149998769164,0.39499998092651367,1,3,1,2,2,16515072,12832042
FCWD3:0143,FCWD3,H8_warp_student,1.9038822650909424,"[1.9195382595062256, 1.8625411987304688, 1.9038822650909424]",8,8,7,1,False,"[12162023, 12212075, 12262128, 12312171, 12362223, 12412276, 12462319, 12512371]",348,0.7218610435864097,122.63430003076792,44.51590002281591,8.316999999806285,175.46720005339012,3.6196999717503786,24.29999999003485,47.68189997412264,44.647399976383895,0.41690003126859665,1,3,1,2,2,16515072,12832042
FCWD3:0144,FCWD3,H8_reference,1.9127105474472046,"[1.9359748363494873, 1.9127105474472046, 1.9103094339370728]",8,8,0,8,False,"[12212424, 12262424, 12312424, 12362424, 12412424, 12462424, 12512424, 12562424]",0,1.0,1065.6049000099301,622.9318999685347,8.881699992343783,1697.4184999708086,0.049600028432905674,68.89979995321482,288.9394999947399,694.6613999898545,3.4935999428853393,8,12,12,0,0,16515072,72153576
FCWD3:0144,FCWD3,H8_warp,1.9044355154037476,"[1.9044355154037476, 1.9097251892089844, 1.8945609331130981]",8,8,7,1,False,"[12212075, 12262128, 12312171, 12362223, 12412276, 12462319, 12512371, 12562424]",349,0.7243762164792388,124.19679999584332,76.96639996720478,6.7828000173904,207.9459999804385,4.025799978990108,27.22459996584803,46.97879997547716,43.734600010793656,0.33009995240718126,1,3,1,2,2,16515072,13612019
FCWD3:0144,FCWD3,H8_warp_student,1.8549089431762695,"[1.8709250688552856, 1.817949652671814, 1.8549089431762695]",8,8,7,1,False,"[12212075, 12262128, 12312171, 12362223, 12412276, 12462319, 12512371, 12562424]",349,0.7243762164792388,120.67849998129532,43.94440003670752,8.533399959560484,173.15629997756332,4.069499962497503,23.62849999917671,45.154199993703514,45.32400000607595,0.42450003093108535,1,3,1,2,2,16515072,13612019
FCWD3:0145,FCWD3,H8_reference,1.893601417541504,"[1.9182566404342651, 1.893601417541504, 1.887723684310913]",8,8,0,8,False,"[12262467, 12312467, 12362467, 12412467, 12462467, 12512467, 12562467, 12612467]",0,1.0,1154.7615000163205,640.8275999710895,8.305500028654933,1803.894600016065,0.04110002191737294,62.49549996573478,352.8245000052266,726.0651999968104,2.9841999639756978,8,12,12,0,0,16515072,74869666
FCWD3:0145,FCWD3,H8_warp,1.9072896242141724,"[1.9072896242141724, 1.9161529541015625, 1.8962430953979492]",8,8,7,1,False,"[12262128, 12312171, 12362223, 12412276, 12462319, 12512371, 12562424, 12612467]",339,0.7058387413280163,145.12619999004528,103.75019995262846,8.736100047826767,257.6124999905005,3.770900017116219,27.078400016762316,55.26970000937581,56.42229999648407,0.4526999546214938,1,3,1,2,2,16515072,14052710
FCWD3:0145,FCWD3,H8_warp_student,1.8782724142074585,"[1.8991643190383911, 1.8437907695770264, 1.8782724142074585]",8,8,7,1,False,"[12262128, 12312171, 12362223, 12412276, 12462319, 12512371, 12562424, 12612467]",339,0.7058387413280163,123.64309997064993,32.987900020089,7.4967999826185405,164.12779997335747,3.9481999701820314,26.78760001435876,46.46949999732897,43.795700010377914,0.4476999747566879,1,3,1,2,2,16515072,14052710
FCWD3:0146,FCWD3,H8_reference,1.8786441087722778,"[1.8975739479064941, 1.8786441087722778, 1.877490758895874]",8,8,0,8,False,"[12312520, 12362520, 12412520, 12462520, 12512520, 12562520, 12612520, 12662520]",0,1.0,1114.7037000046112,669.1116000292823,7.297899981494993,1791.1132000153884,0.0377000542357564,62.06890003522858,308.3974000182934,730.0562000018544,2.8037999873049557,8,12,12,0,0,16515072,77491032
FCWD3:0146,FCWD3,H8_warp,1.9117538928985596,"[1.9117538928985596, 1.911954402923584, 1.8823537826538086]",8,8,7,1,False,"[12312171, 12362223, 12412276, 12462319, 12512371, 12562424, 12612467, 12662520]",349,0.6939664238463567,138.77219997812063,87.97069999855012,9.33570001507178,236.07859999174252,7.3222999926656485,25.90730000520125,52.58359998697415,49.426899990066886,1.1024000123143196,1,3,1,2,2,16515072,14086727
FCWD3:0146,FCWD3,H8_warp_student,1.8768209218978882,"[1.9005231857299805, 1.8431696891784668, 1.8768209218978882]",8,8,7,1,False,"[12312171, 12362223, 12412276, 12462319, 12512371, 12562424, 12612467, 12662520]",349,0.6939664238463567,200.08290000259876,78.34869995713234,12.288700032513589,290.7202999922447,8.440200006589293,32.55260002333671,64.84979996457696,84.78669996839017,3.231499984394759,1,3,1,2,2,16515072,14086727
FCWD3:0147,FCWD3,H8_reference,1.8189893960952759,"[1.8826298713684082, 1.8167743682861328, 1.8189893960952759]",8,8,0,8,False,"[12362572, 12412572, 12462572, 12512572, 12562572, 12612572, 12662572, 12712572]",0,1.0,1339.7128999931738,683.8298999937251,8.367100032046437,2031.9099000189453,0.04350004019215703,70.91790001140907,391.0813999827951,859.6843999694102,6.026500021107495,8,12,12,0,0,16515072,80362060
FCWD3:0147,FCWD3,H8_warp,1.8309524059295654,"[1.8346965312957764, 1.8309524059295654, 1.8071160316467285]",8,8,7,1,False,"[12362223, 12412276, 12462319, 12512371, 12562424, 12612467, 12662520, 12712572]",349,0.6972531147615323,137.3114999732934,83.06309999898076,9.64830000884831,230.02289998112246,3.665100026410073,26.908300002105534,51.3121000258252,52.70179995568469,0.4952999879606068,1,3,1,2,2,16515072,14676270
FCWD3:0147,FCWD3,H8_warp_student,1.8874837160110474,"[1.914362907409668, 1.8514072895050049, 1.8874837160110474]",8,8,7,1,False,"[12362223, 12412276, 12462319, 12512371, 12562424, 12612467, 12662520, 12712572]",349,0.6972531147615323,245.39709999226034,122.74439999600872,22.633499989751726,390.7749999780208,4.317799990531057,35.313399974256754,94.88959994632751,102.34600002877414,1.0785000049509108,1,3,1,2,2,16515072,14676270
FCWD3:0148,FCWD3,H8_reference,1.7852072715759277,"[1.8392620086669922, 1.7852072715759277, 1.7791855335235596]",8,8,0,8,False,"[12412615, 12462615, 12512615, 12562615, 12612615, 12662615, 12712615, 12762615]",0,1.0,1546.0409999941476,737.0383000234142,9.98309999704361,2293.0624000146054,0.05400000372901559,72.07629998447374,436.91109999781474,1021.0875999764539,4.845299990847707,8,12,12,0,0,16515072,83460735
FCWD3:0148,FCWD3,H8_warp,1.791183352470398,"[1.808290719985962, 1.791183352470398, 1.7587933540344238]",8,8,7,1,False,"[12412276, 12462319, 12512371, 12562424, 12612467, 12662520, 12712572, 12762615]",339,0.6867623460157704,198.5127999796532,94.80660001281649,7.099499984178692,300.4188999766484,5.608699982985854,38.16060000099242,61.4256999688223,88.16189999924973,0.8001999813131988,1,3,1,2,2,16515072,15686495
FCWD3:0148,FCWD3,H8_warp_student,1.8353919982910156,"[1.8596333265304565, 1.7991664409637451, 1.8353919982910156]",8,8,7,1,False,"[12412276, 12462319, 12512371, 12562424, 12612467, 12662520, 12712572, 12762615]",339,0.6867623460157704,150.73280001524836,41.61249997559935,8.717000018805265,201.06230000965297,3.297699964605272,29.735299991443753,56.952100014314055,57.96039995038882,0.3952999832108617,1,3,1,2,2,16515072,15686495
FCWD3:0149,FCWD3,H8_reference,1.75730299949646,"[1.7964123487472534, 1.75730299949646, 1.7351387739181519]",8,8,0,8,False,"[12462668, 12512668, 12562668, 12612668, 12662668, 12712668, 12762668, 12812668]",0,1.0,1646.0966999875382,767.2722000279464,8.761400007642806,2422.1303000231273,0.042899977415800095,76.30680000875145,568.9161999616772,980.867899954319,4.628300026524812,8,12,12,0,0,16515072,87186234
FCWD3:0149,FCWD3,H8_warp,1.763376235961914,"[1.7722398042678833, 1.763376235961914, 1.718978762626648]",8,8,7,1,False,"[12462319, 12512371, 12562424, 12612467, 12662520, 12712572, 12762615, 12812668]",349,0.676974843775036,212.12630002992228,92.92119997553527,6.690200010780245,311.7377000162378,4.293099977076054,34.41059996839613,63.73729999177158,103.65669999737293,0.7089999853633344,1,3,1,2,2,16515072,16851165
FCWD3:0149,FCWD3,H8_warp_student,1.7583811283111572,"[1.77860689163208, 1.7248966693878174, 1.7583811283111572]",8,8,7,1,False,"[12462319, 12512371, 12562424, 12612467, 12662520, 12712572, 12762615, 12812668]",349,0.676974843775036,163.6459000292234,63.46569996094331,9.209600044414401,236.32120003458112,3.400699992198497,28.487099974881858,58.162499975878745,70.31709997681901,0.4317000275477767,1,3,1,2,2,16515072,16851165
FCWD3:0150,FCWD3,H8_reference,1.8446941375732422,"[1.8784350156784058, 1.8446941375732422, 1.8355116844177246]",8,8,0,8,False,"[12512720, 12562720, 12612720, 12662720, 12712720, 12762720, 12812720, 12862720]",0,1.0,1776.9202999770641,674.6615000301972,8.669500006362796,2460.251300013624,0.047600013203918934,84.97909997822717,500.5415999912657,1171.7895999900065,4.073899996001273,8,12,12,0,0,16515072,91387852
FCWD3:0150,FCWD3,H8_warp,1.8203002214431763,"[1.8281548023223877, 1.8203002214431763, 1.7715376615524292]",8,8,7,1,False,"[12512371, 12562424, 12612467, 12662520, 12712572, 12762615, 12812668, 12862720]",349,0.6678228696959186,244.5313999778591,124.10660000750795,9.162499976810068,377.8004999621771,3.7866999628022313,35.91099998448044,77.48340000398457,122.87550000473857,1.1500000255182385,1,3,1,2,2,16515072,18051263
FCWD3:0150,FCWD3,H8_warp_student,1.80661940574646,"[1.832606315612793, 1.7719697952270508, 1.80661940574646]",8,8,7,1,False,"[12512371, 12562424, 12612467, 12662520, 12712572, 12762615, 12812668, 12862720]",349,0.6678228696959186,226.18950001196936,45.29679997358471,8.540700015146285,280.02700000070035,4.082899948116392,35.062999988440424,70.60909998835996,111.18199996417388,1.1185999610461295,1,3,1,2,2,16515072,18051263
FCWD3:0151,FCWD3,H8_reference,1.7879829406738281,"[1.844142198562622, 1.7879829406738281, 1.779053807258606]",8,8,0,8,False,"[12562764, 12612764, 12662764, 12712764, 12762764, 12812764, 12862764, 12912764]",0,1.0,2003.9847000152804,772.2959999809973,7.401700015179813,2783.6824000114575,0.042199972085654736,88.05690001463518,659.5301000052132,1231.5652999677695,5.63610001699999,8,12,12,0,0,16515072,95789033
FCWD3:0151,FCWD3,H8_warp,1.7614213228225708,"[1.7850910425186157, 1.7614213228225708, 1.723577857017517]",8,8,7,1,False,"[12562424, 12612467, 12662520, 12712572, 12762615, 12812668, 12862720, 12912764]",340,0.6592470483403876,243.40069998288527,112.66949999844655,9.126399992965162,365.196599974297,3.8544999551959336,35.793400020338595,68.0718999938108,131.3228000071831,0.7083999807946384,1,3,1,2,2,16515072,19100843
FCWD3:0151,FCWD3,H8_warp_student,1.830870270729065,"[1.861818790435791, 1.794987440109253, 1.830870270729065]",8,8,7,1,False,"[12562424, 12612467, 12662520, 12712572, 12762615, 12812668, 12862720, 12912764]",340,0.6592470483403876,255.27389999479055,70.52529999054968,8.742500038351864,334.5417000236921,10.656799946445972,41.672400024253875,78.26540002133697,117.2237999853678,1.6325999749824405,1,3,1,2,2,16515072,19100843
FCWD3:0152,FCWD3,H8_reference,1.7527589797973633,"[1.8339389562606812, 1.7527589797973633, 1.751309871673584]",8,8,0,8,False,"[12612816, 12662816, 12712816, 12762816, 12812816, 12862816, 12912816, 12962816]",0,1.0,1951.7797000007704,811.8541000294499,13.495499966666102,2777.1292999968864,0.04409998655319214,81.10079995822161,668.513200012967,1181.1791000072844,4.370099981315434,8,12,12,0,0,16515072,99985670
FCWD3:0152,FCWD3,H8_warp,1.6963598728179932,"[1.7388734817504883, 1.6963598728179932, 1.6687376499176025]",8,8,7,1,False,"[12612467, 12662520, 12712572, 12762615, 12812668, 12862720, 12912764, 12962816]",349,0.6600097032997466,300.18449999624863,86.58380003180355,6.9892999599687755,393.75759998802096,5.470600037369877,44.527400052174926,116.88169999979436,128.41910001588985,0.6834999658167362,1,3,1,2,2,16515072,19841329
FCWD3:0152,FCWD3,H8_warp_student,1.8348288536071777,"[1.8684417009353638, 1.798496961593628, 1.8348288536071777]",8,8,7,1,False,"[12612467, 12662520, 12712572, 12762615, 12812668, 12862720, 12912764, 12962816]",349,0.6600097032997466,248.64000000525266,52.001400035806,18.658199987839907,319.29960002889857,3.574899979867041,36.63069999311119,85.34619997953996,118.69660002412274,0.5851999740116298,1,3,1,2,2,16515072,19841329
FCWD3:0153,FCWD3,H8_reference,1.777134656906128,"[1.8534997701644897, 1.769482970237732, 1.777134656906128]",8,8,0,8,False,"[12662868, 12712868, 12762868, 12812868, 12862868, 12912868, 12962868, 13012868]",0,1.0,2403.4468000172637,901.7695999937132,9.111399995163083,3314.32780000614,0.054999953135848045,109.23589998856187,746.7610000167042,1520.6314999959432,6.984399980865419,8,12,12,0,0,16515072,104256121
FCWD3:0153,FCWD3,H8_warp,1.7090051174163818,"[1.751123070716858, 1.7090051174163818, 1.684903621673584]",8,8,7,1,False,"[12662520, 12712572, 12762615, 12812668, 12862720, 12912764, 12962816, 13012868]",348,0.6584551824225211,391.17280003847554,162.32149995630607,10.186800034716725,563.6811000294983,4.0487999795004725,44.16689998470247,144.89930000854656,187.12600000435486,1.8557999865151942,1,3,1,2,2,16515072,20476398
FCWD3:0153,FCWD3,H8_warp_student,1.8165584802627563,"[1.850206971168518, 1.780959963798523, 1.8165584802627563]",8,8,7,1,False,"[12662520, 12712572, 12762615, 12812668, 12862720, 12912764, 12962816, 13012868]",348,0.6584551824225211,450.57009998708963,76.27770002000034,9.58890002220869,536.4367000292987,6.528300000354648,74.91720002144575,203.69360002223402,158.28479995252565,1.9398999866098166,1,3,1,2,2,16515072,20476398
FCWD3:0154,FCWD3,H8_reference,1.735443115234375,"[1.8088726997375488, 1.7287659645080566, 1.735443115234375]",8,8,0,8,False,"[12712912, 12762912, 12812912, 12862912, 12912912, 12962912, 13012912, 13062912]",0,1.0,2312.2816999675706,676.8189000431448,9.577399992849678,2998.678000003565,0.05600001895800233,106.067200016696,772.706699965056,1395.8388000028208,8.475800044834614,8,12,12,0,0,16515072,109109553
FCWD3:0154,FCWD3,H8_warp,1.6841927766799927,"[1.7310080528259277, 1.6841927766799927, 1.667218804359436]",8,8,6,2,False,"[12712912, 12762615, 12812668, 12862720, 12912764, 12962816, 13012868, 13062912]",297,0.6899350768575436,295.36609997740015,163.82920002797619,6.686899985652417,465.88219999102876,8.100500039290637,38.53479999816045,83.9329999871552,159.06320000067353,1.422200002707541,2,6,1,5,5,16515072,21545035
FCWD3:0154,FCWD3,H8_warp_student,1.7690736055374146,"[1.8021762371063232, 1.7378822565078735, 1.7690736055374146]",8,8,6,2,False,"[12712912, 12762615, 12812668, 12862720, 12912764, 12962816, 13012868, 13062912]",297,0.6899350768575436,272.56900002248585,88.60019996063784,7.9818000085651875,369.1509999916889,8.343599969521165,39.29510002490133,82.26250001462176,137.52469996688887,0.8000999805517495,2,6,1,5,5,16515072,21545035
FCWD3:0155,FCWD3,H8_reference,1.727791428565979,"[1.7916632890701294, 1.727791428565979, 1.7276601791381836]",8,8,0,8,False,"[12762964, 12812964, 12862964, 12912964, 12962964, 13012964, 13062964, 13112964]",0,1.0,2592.9692999925464,853.0116000329144,9.671700012404472,3455.6526000378653,0.03960001049563289,97.0136999967508,893.9904000144452,1552.4173000012524,6.7128000082448125,8,12,12,0,0,16515072,114464587
FCWD3:0155,FCWD3,H8_warp,1.6876649856567383,"[1.738712191581726, 1.6876649856567383, 1.664503574371338]",8,8,6,2,False,"[12762964, 12812668, 12862720, 12912764, 12962816, 13012868, 13062912, 13112964]",296,0.6897073323191526,498.0064000119455,147.11279998300597,8.000799978617579,653.1199999735691,12.254900007974356,73.96479998715222,199.90890001645312,200.73010004125535,1.9169999868609011,2,6,1,5,5,16515072,22721469
FCWD3:0155,FCWD3,H8_warp_student,1.759219765663147,"[1.794074535369873, 1.7312580347061157, 1.759219765663147]",8,8,6,2,False,"[12762964, 12812668, 12862720, 12912764, 12962816, 13012868, 13062912, 13112964]",296,0.6897073323191526,397.1000000019558,122.59490002179518,9.109699982218444,528.8046000059694,9.318699943833053,49.049400025978684,138.0109000019729,188.86210001073778,2.0850999862886965,2,6,1,5,5,16515072,22721469
FCWD3:0156,FCWD3,H8_reference,1.7595572471618652,"[1.8353153467178345, 1.7543628215789795, 1.7595572471618652]",8,8,0,8,False,"[12813016, 12863016, 12913016, 12963016, 13013016, 13063016, 13113016, 13163016]",0,1.0,2578.0163000454195,736.9672999484465,9.348400053568184,3324.332000047434,0.04210002953186631,101.3024999992922,808.5619999910705,1619.7985000326298,6.207300000824034,8,12,12,0,0,16515072,119790330
FCWD3:0156,FCWD3,H8_warp,1.695863127708435,"[1.7567130327224731, 1.695863127708435, 1.6738394498825073]",8,8,6,2,False,"[12813016, 12862720, 12912764, 12962816, 13012868, 13062912, 13112964, 13163016]",296,0.6756341827364555,432.9230999574065,224.74940004758537,7.933499990031123,665.605999995023,8.583999995607883,46.68789997231215,149.25919997040182,210.89559997199103,1.063500007148832,2,6,1,5,5,16515072,23494119
FCWD3:0156,FCWD3,H8_warp_student,1.788755178451538,"[1.829617977142334, 1.7631675004959106, 1.788755178451538]",8,8,6,2,False,"[12813016, 12862720, 12912764, 12962816, 13012868, 13062912, 13112964, 13163016]",296,0.6756341827364555,362.4831999768503,97.85339998779818,9.29720001295209,469.6337999776006,9.16980003239587,45.19490001257509,120.58379995869473,181.80450005456805,0.9890000219456851,2,6,1,5,5,16515072,23494119
FCWD3:0157,FCWD3,H8_reference,1.7895557880401611,"[1.8570048809051514, 1.7737778425216675, 1.7895557880401611]",8,8,0,8,False,"[12863060, 12913060, 12963060, 13013060, 13063060, 13113060, 13163060, 13213060]",0,1.0,2812.5595999881625,758.2853999920189,9.301300044171512,3580.146300024353,0.038300000596791506,111.06359999394044,864.4068000139669,1797.7384999976493,2.8383000171743333,8,12,12,0,0,16515072,124895685
FCWD3:0157,FCWD3,H8_warp,1.6847529411315918,"[1.7479194402694702, 1.6847529411315918, 1.671244740486145]",8,8,6,2,False,"[12863060, 12912764, 12962816, 13012868, 13062912, 13112964, 13163016, 13213060]",296,0.6643638150377987,1755.3913000156172,205.84549999330193,8.337099978234619,1969.5738999871537,10.43939997907728,497.6520999916829,887.293400010094,330.3145000245422,1.1291000409983099,2,6,2,4,4,16515072,124895685
FCWD3:0157,FCWD3,H8_warp_student,1.788346529006958,"[1.8314380645751953, 1.764522910118103, 1.788346529006958]",8,8,6,2,False,"[12863060, 12912764, 12962816, 13012868, 13062912, 13112964, 13163016, 13213060]",296,0.6643638150377987,1771.6347000095993,138.5947999660857,18.28309998381883,1928.5125999595039,8.934199984651059,470.85250000236556,942.4944000202231,297.0004999660887,1.4344999799504876,2,6,2,4,4,16515072,124895685
FCWD3:0158,FCWD3,H8_reference,1.809403896331787,"[1.8739416599273682, 1.7933833599090576, 1.809403896331787]",8,8,0,8,False,"[12913112, 12963112, 13013112, 13063112, 13113112, 13163112, 13213112, 13263112]",0,1.0,2323.5306999995373,538.2578000426292,11.230300005991012,2873.0188000481576,0.047900015488266945,108.70310000609607,672.4877000087872,1517.8858000435866,4.388800007291138,8,12,12,0,0,16515072,130699213
FCWD3:0158,FCWD3,H8_warp,1.7402344942092896,"[1.7995305061340332, 1.7402344942092896, 1.7318334579467773]",8,8,6,2,False,"[12913112, 12962816, 13012868, 13062912, 13112964, 13163016, 13213060, 13263112]",296,0.6600371903041331,1197.527699987404,138.45760002732277,5.943699972704053,1341.9289999874309,13.45289999153465,107.95859998324886,790.4409000184387,259.81389998923987,1.118500018492341,2,6,2,4,4,16515072,130699213
FCWD3:0158,FCWD3,H8_warp_student,1.8079466819763184,"[1.8542990684509277, 1.7842267751693726, 1.8079466819763184]",8,8,6,2,False,"[12913112, 12962816, 13012868, 13062912, 13112964, 13163016, 13213060, 13263112]",296,0.6600371903041331,987.8712000208907,105.96509999595582,7.639799965545535,1101.476099982392,6.456999981310219,69.17849997989833,619.4801999954507,248.7577999709174,1.3353999820537865,2,6,2,4,4,16515072,130699213
FCWD3:0159,FCWD3,H8_reference,1.8718582391738892,"[1.914078950881958, 1.8512847423553467, 1.8718582391738892]",8,8,0,8,False,"[12963165, 13013165, 13063165, 13113165, 13163165, 13213165, 13263165, 13313165]",0,1.0,2509.1872999910265,620.8661000127904,7.0665000239387155,3137.1199000277556,0.053200055845081806,96.22140001738444,764.1791999922134,1580.6062000337988,5.864800012204796,8,12,12,0,0,16515072,0
FCWD3:0159,FCWD3,H8_warp,1.7706269025802612,"[1.8209232091903687, 1.7706269025802612, 1.768045425415039]",8,8,6,2,False,"[12963165, 13012868, 13062912, 13112964, 13163016, 13213060, 13263112, 13313165]",297,0.6575134444631129,1306.7929000244476,136.6777999792248,6.562200025655329,1450.0329000293277,6.402399973012507,69.50729998061433,949.8781000147574,238.68480004603043,0.7136000203900039,2,6,2,4,4,16515072,0
FCWD3:0159,FCWD3,H8_warp_student,1.8143588304519653,"[1.862135410308838, 1.7889045476913452, 1.8143588304519653]",8,8,6,2,False,"[12963165, 13012868, 13062912, 13112964, 13163016, 13213060, 13263112, 13313165]",297,0.6575134444631129,1143.469400005415,114.04719995334744,11.164600029587746,1268.6811999883503,6.676199962384999,69.69430000754073,761.0564999631606,266.5807000012137,1.1366000398993492,2,6,2,4,4,16515072,0
FCWD3:0160,FCWD3,H8_reference,1.9944782257080078,"[2.038893699645996, 1.9791288375854492, 1.9944782257080078]",8,8,0,8,False,"[13013208, 13063208, 13113208, 13163208, 13213208, 13263208, 13313208, 13363208]",0,1.0,2789.780899998732,496.1016000015661,8.071299991570413,3293.9537999918684,0.04930002614855766,489.3684000126086,745.8835999714211,1509.548999951221,3.1334999948740005,8,12,12,0,0,16515072,0
FCWD3:0160,FCWD3,H8_warp,1.8774359226226807,"[1.9290919303894043, 1.8774359226226807, 1.8772703409194946]",8,8,6,2,False,"[13013208, 13062912, 13112964, 13163016, 13213060, 13263112, 13313165, 13363208]",296,0.6519590709076893,1521.7016999959014,141.70739997643977,5.964500014670193,1669.3735999870114,7.74590001674369,415.8657999942079,817.9516999516636,239.44790003588423,1.110199955292046,2,6,2,4,4,16515072,0
FCWD3:0160,FCWD3,H8_warp_student,1.8142210245132446,"[1.8630001544952393, 1.7871835231781006, 1.8142210245132446]",8,8,6,2,False,"[13013208, 13062912, 13112964, 13163016, 13213060, 13263112, 13313165, 13363208]",296,0.6519590709076893,1571.7726000002585,81.00730000296608,8.0790999927558,1660.8589999959804,5.815999989863485,363.845499989111,877.5061000487767,285.57599999476224,0.8959000115282834,2,6,2,4,4,16515072,0
FCWD3:0161,FCWD3,H8_reference,1.9062104225158691,"[1.9543871879577637, 1.8938382863998413, 1.9062104225158691]",8,8,0,8,False,"[13063260, 13113260, 13163260, 13213260, 13263260, 13313260, 13363260, 13413260]",0,1.0,3655.157800007146,619.6753999684006,8.337300037965178,4283.170500013512,0.2862000255845487,532.3200999991968,1054.8453000374138,2017.820999957621,4.173799999989569,8,12,12,0,0,16515072,0
FCWD3:0161,FCWD3,H8_warp,1.8578131198883057,"[1.9007267951965332, 1.8443734645843506, 1.8578131198883057]",8,8,5,3,False,"[13063260, 13113260, 13163016, 13213060, 13263112, 13313165, 13363208, 13413260]",244,0.6950293628808865,2211.9945000158623,247.12329998146743,8.851000049617141,2467.968800046947,11.872600007336587,505.987600015942,1215.3885000152513,408.3729999838397,1.4791999710723758,3,9,3,6,6,16515072,0
FCWD3:0161,FCWD3,H8_warp_student,1.7826119661331177,"[1.830763339996338, 1.7585841417312622, 1.7826119661331177]",8,8,5,3,False,"[13063260, 13113260, 13163016, 13213060, 13263112, 13313165, 13363208, 13413260]",244,0.6950293628808865,2150.7106999633834,142.52390002366155,10.448099987115711,2303.6826999741606,13.380900025367737,472.46889997040853,1128.0930999782868,450.7332000066526,1.7154000233858824,3,9,3,6,6,16515072,0
FCWD3:0162,FCWD3,H8_reference,2.001707077026367,"[2.062453508377075, 2.001707077026367, 1.993839979171753]",8,8,0,8,False,"[13113313, 13163313, 13213313, 13263313, 13313313, 13363313, 13413313, 13463313]",0,1.0,4049.8072000336833,1057.0167999831028,29.082699969876558,5135.906699986663,0.048600020818412304,528.1843999982812,1239.5789000438526,2158.4781000274234,7.775600010063499,8,12,12,0,0,16515072,0
FCWD3:0162,FCWD3,H8_warp,1.9620743989944458,"[2.037478446960449, 1.9618014097213745, 1.9620743989944458]",8,8,6,2,False,"[13113260, 13163313, 13213060, 13263112, 13313165, 13363208, 13413260, 13463313]",253,0.6964199025999124,2498.7740000360645,174.5365000097081,7.787599985022098,2681.0981000307947,24.239499995019287,826.0758999967948,1233.8963000220247,335.6278000283055,1.5595000004395843,2,6,2,4,4,16515072,0
FCWD3:0162,FCWD3,H8_warp_student,1.855061411857605,"[1.9143414497375488, 1.8296093940734863, 1.855061411857605]",8,8,6,2,False,"[13113260, 13163313, 13213060, 13263112, 13313165, 13363208, 13413260, 13463313]",253,0.6964199025999124,1865.1775000034831,76.77139999577776,7.938200025819242,1949.8871000250801,6.424700026400387,530.0001999712549,926.619199977722,360.21399998571724,1.2546000070869923,2,6,2,4,4,16515072,0
FCWD3:0163,FCWD3,H8_reference,1.9798157215118408,"[2.0395469665527344, 1.9798157215118408, 1.9786880016326904]",8,8,0,8,False,"[13163356, 13213356, 13263356, 13313356, 13363356, 13413356, 13463356, 13513356]",0,1.0,3343.527399993036,394.11629998357967,6.01980002829805,3743.6635000049137,0.039300008211284876,576.5829999581911,970.9236999624409,1756.140899960883,2.6083000120706856,8,12,12,0,0,16515072,0
FCWD3:0163,FCWD3,H8_warp,1.9071590900421143,"[1.9766846895217896, 1.9055567979812622, 1.9071590900421143]",8,8,7,1,False,"[13163313, 13213060, 13263112, 13313165, 13363208, 13413260, 13463313, 13513356]",296,0.6571548615244565,230.66270002163947,49.59359997883439,4.863200010731816,285.1195000112057,2.9556999797932804,70.62630000291392,72.8316999739036,80.45579999452457,0.38430001586675644,1,3,1,2,2,16515072,31761474
FCWD3:0163,FCWD3,H8_warp_student,1.827397346496582,"[1.8845949172973633, 1.7995473146438599, 1.827397346496582]",8,8,7,1,False,"[13163313, 13213060, 13263112, 13313165, 13363208, 13413260, 13463313, 13513356]",296,0.6571548615244565,243.63659997470677,31.379299995023757,6.4211999997496605,281.4370999694802,2.2841999889351428,59.04829996870831,80.65720001468435,96.9020000193268,0.33190002432093024,1,3,1,2,2,16515072,31761474
FCWD3:0164,FCWD3,H8_reference,2.255032539367676,"[2.3233063220977783, 2.254091739654541, 2.255032539367676]",8,8,0,8,False,"[13213408, 13263408, 13313408, 13363408, 13413408, 13463408, 13513408, 13563408]",0,1.0,2553.078800032381,321.9048999599181,5.140600027516484,2880.1243000198156,0.03190001007169485,409.2123999726027,591.9245000113733,1512.935800012201,2.4709999561309814,8,12,12,0,0,16515072,0
FCWD3:0164,FCWD3,H8_warp,2.19888973236084,"[2.2869956493377686, 2.19888973236084, 2.1866841316223145]",8,8,6,2,False,"[13213408, 13263112, 13313165, 13363208, 13413260, 13463313, 13513356, 13563408]",296,0.6701354990587273,1080.9894999838434,127.58189998567104,5.099600006360561,1213.670999975875,5.08050003554672,361.29829997662455,442.43490003282204,211.0077000106685,0.8399999933317304,2,6,2,4,4,16515072,0
FCWD3:0164,FCWD3,H8_warp_student,2.050530195236206,"[2.1452817916870117, 2.018099308013916, 2.050530195236206]",8,8,6,2,False,"[13213408, 13263112, 13313165, 13363208, 13413260, 13463313, 13513356, 13563408]",296,0.6701354990587273,1005.603700003121,69.3934999871999,6.796300003770739,1081.7934999940917,4.397700016852468,266.5168999810703,457.01870002085343,229.15909998118877,0.8295999723486602,2,6,2,4,4,16515072,0
FCWD3:0165,FCWD3,H8_reference,2.348653793334961,"[2.4071006774902344, 2.348653793334961, 2.3178775310516357]",8,8,0,8,False,"[13263461, 13313461, 13363461, 13413461, 13463461, 13513461, 13563461, 13613461]",0,1.0,2130.9113000170328,335.8903999906033,5.1515999948605895,2471.9533000024967,0.033800024539232254,397.94740005163476,453.67100002476946,1243.9886999782175,2.4415000225417316,8,12,12,0,0,16515072,0
FCWD3:0165,FCWD3,H8_warp,2.271655559539795,"[2.3384363651275635, 2.271655559539795, 2.2285568714141846]",8,8,6,2,False,"[13263461, 13313165, 13363208, 13413260, 13463313, 13513356, 13563408, 13613461]",296,0.6900091949425161,987.5627000001259,74.93639999302104,3.8309000083245337,1066.3300000014715,5.17230003606528,323.1186000048183,480.7213000021875,151.24710003146902,0.9550999966450036,2,6,2,4,4,16515072,0
FCWD3:0165,FCWD3,H8_warp_student,2.035224676132202,"[2.1247904300689697, 2.0060653686523438, 2.035224676132202]",8,8,6,2,False,"[13263461, 13313165, 13363208, 13413260, 13463313, 13513356, 13563408, 13613461]",296,0.6900091949425161,874.3446000153199,46.17550002876669,5.956899956800044,926.4770000008866,3.723400004673749,261.7303999722935,418.55160001432523,158.9733000146225,0.5806999979540706,2,6,2,4,4,16515072,0
FCWD3:0166,FCWD3,H8_reference,2.1682987213134766,"[2.20686411857605, 2.1471097469329834, 2.1682987213134766]",8,8,0,8,False,"[13313504, 13363504, 13413504, 13463504, 13513504, 13563504, 13613504, 13663504]",0,1.0,2270.5382000422105,320.8671999746002,4.358200007118285,2595.763600023929,0.028699985705316067,364.32680004509166,469.67010002117604,1396.2349999928847,2.9258999857120216,8,12,12,0,0,16515072,0
FCWD3:0166,FCWD3,H8_warp,2.0479736328125,"[2.086796283721924, 2.0354459285736084, 2.0479736328125]",8,8,7,1,False,"[13313165, 13363208, 13413260, 13463313, 13513356, 13563408, 13613461, 13663504]",339,0.6647594103107797,213.51730002788827,44.76509999949485,4.139899974688888,262.422300002072,2.105599967762828,57.42070003179833,72.79040000867099,77.44319998892024,0.29450003057718277,1,3,1,2,2,16515072,33047031
FCWD3:0166,FCWD3,H8_warp_student,1.944225549697876,"[2.0120625495910645, 1.905967116355896, 1.944225549697876]",8,8,7,1,False,"[13313165, 13363208, 13413260, 13463313, 13513356, 13563408, 13613461, 13663504]",339,0.6647594103107797,207.1047000354156,17.19849999062717,3.658299974631518,227.96150000067428,2.1797000081278384,55.760899966116995,70.0762000051327,75.51140000578016,0.271800032351166,1,3,1,2,2,16515072,33047031
FCWD3:0167,FCWD3,H8_reference,2.5405995845794678,"[2.643373489379883, 2.492041826248169, 2.5405995845794678]",8,8,0,8,False,"[13363556, 13413556, 13463556, 13513556, 13563556, 13613556, 13663556, 13713556]",0,1.0,1811.9421000010334,263.07720004115254,4.292499972507358,2079.3118000146933,0.024300010409206152,325.87190001504496,452.71530002355576,1005.7769999839365,2.363000006880611,8,12,12,0,0,16515072,0
FCWD3:0167,FCWD3,H8_warp,2.369260311126709,"[2.490065574645996, 2.3643999099731445, 2.369260311126709]",8,8,7,1,False,"[13363208, 13413260, 13463313, 13513356, 13563408, 13613461, 13663504, 13713556]",348,0.6854160102919554,203.5846000071615,47.6636000094004,4.586800001561642,255.83500001812354,2.2403000039048493,38.13599998829886,77.11699994979426,82.27870002156124,0.3638000343926251,1,3,1,2,2,16515072,32499920
FCWD3:0167,FCWD3,H8_warp_student,2.2875328063964844,"[2.4262983798980713, 2.249307632446289, 2.2875328063964844]",8,8,7,1,False,"[13363208, 13413260, 13463313, 13513356, 13563408, 13613461, 13663504, 13713556]",348,0.6854160102919554,191.35480001568794,18.88180000241846,4.086799977812916,214.32339999591932,2.1723000099882483,34.67700001783669,73.09890002943575,77.74370000697672,0.2978999982587993,1,3,1,2,2,16515072,32499920
FCWD3:0168,FCWD3,H8_reference,2.890122652053833,"[3.1041786670684814, 2.890122652053833, 2.875918388366699]",8,8,0,8,False,"[13413609, 13463609, 13513609, 13563609, 13613609, 13663609, 13713609, 13763609]",0,1.0,1947.6205999962986,318.9227999537252,4.859000036958605,2271.4023999869823,0.02269999822601676,337.5402000383474,486.1105000018142,1089.954100025352,2.813900006003678,8,12,12,0,0,16515072,0
FCWD3:0168,FCWD3,H8_warp,2.798107147216797,"[3.0355606079101562, 2.798107147216797, 2.7658543586730957]",8,8,7,1,False,"[13413260, 13463313, 13513356, 13563408, 13613461, 13663504, 13713556, 13763609]",349,0.7130864197530864,235.8560999855399,51.39880004571751,4.838599998038262,292.0935000292957,3.051700012292713,45.010200003162026,90.24970000609756,93.39990001171827,0.4694000235758722,1,3,1,2,2,16515072,32012972
FCWD3:0168,FCWD3,H8_warp_student,2.5819649696350098,"[2.8014442920684814, 2.5653281211853027, 2.5819649696350098]",8,8,7,1,False,"[13413260, 13463313, 13513356, 13563408, 13613461, 13663504, 13713556, 13763609]",349,0.7130864197530864,200.91269997647032,19.470400002319366,4.241099988576025,224.6241999673657,2.2848000517114997,35.69900000002235,77.07920001121238,81.98260003700852,0.30999997397884727,1,3,1,2,2,16515072,32012972
FCWD3:0169,FCWD3,H8_reference,2.8396434783935547,"[2.965127468109131, 2.8396434783935547, 2.79022479057312]",8,8,0,8,False,"[13463661, 13513661, 13563661, 13613661, 13663661, 13713661, 13763661, 13813661]",0,1.0,2647.8192000067793,326.0590999852866,5.161500012036413,2979.0398000041023,0.02459995448589325,489.04610000317916,735.4106999700889,1383.9752999483608,2.7718000346794724,8,12,12,0,0,16515072,0
FCWD3:0169,FCWD3,H8_warp,2.7789721488952637,"[2.9568381309509277, 2.7789721488952637, 2.7176899909973145]",8,8,7,1,False,"[13463313, 13513356, 13563408, 13613461, 13663504, 13713556, 13763609, 13813661]",348,0.743944013176257,201.35230000596493,52.40990000311285,4.5409000013023615,258.30310001038015,2.220399968791753,37.39170002518222,73.7331000273116,84.12260003387928,0.38350000977516174,1,3,1,2,2,16515072,32293914
FCWD3:0169,FCWD3,H8_warp_student,2.3756418228149414,"[2.5118653774261475, 2.3516578674316406, 2.3756418228149414]",8,8,7,1,False,"[13463313, 13513356, 13563408, 13613461, 13663504, 13713556, 13763609, 13813661]",348,0.743944013176257,210.87720000650734,24.233800009824336,5.173299985472113,240.28430000180379,2.2544999956153333,38.269000011496246,76.36780000757426,89.88300000783056,0.3083999617956579,1,3,1,2,2,16515072,32293914
FCWD3:0170,FCWD3,H8_reference,2.4611334800720215,"[2.5271806716918945, 2.448622465133667, 2.4611334800720215]",8,8,0,8,False,"[13513705, 13563705, 13613705, 13663705, 13713705, 13763705, 13813705, 13863705]",0,1.0,2935.2888999856077,535.638100001961,8.387200010474771,3479.3141999980435,0.028900045435875654,490.50369998440146,552.0223000203259,1800.5173000274226,3.462799999397248,8,12,12,0,0,16515072,0
FCWD3:0170,FCWD3,H8_warp,2.389899730682373,"[2.473515033721924, 2.356239080429077, 2.389899730682373]",8,8,7,1,False,"[13513356, 13563408, 13613461, 13663504, 13713556, 13763609, 13813661, 13863705]",349,0.7667588391634674,359.54159998800606,121.9091999810189,7.66290002502501,489.11369999404997,3.8514999905601144,58.42570000095293,126.32800004212186,162.86089998902753,0.6084999768063426,1,3,1,2,2,16515072,32394996
FCWD3:0170,FCWD3,H8_warp_student,2.1483073234558105,"[2.2211496829986572, 2.100639581680298, 2.1483073234558105]",8,8,7,1,False,"[13513356, 13563408, 13613461, 13663504, 13713556, 13763609, 13813661, 13863705]",349,0.7667588391634674,242.10919998586178,36.99260001303628,7.751600001938641,286.8534000008367,3.515099990181625,47.6943000103347,90.84900002926588,95.0592000153847,0.47610001638531685,1,3,1,2,2,16515072,32394996
FCWD3:0171,FCWD3,H8_reference,2.449002504348755,"[2.491421937942505, 2.449002504348755, 2.4461190700531006]",8,8,0,8,False,"[13563757, 13613757, 13663757, 13713757, 13763757, 13813757, 13863757, 13913757]",0,1.0,3231.841799977701,462.9827000317164,6.313999998383224,3701.1385000078008,0.03739999374374747,657.3833999573253,807.2757999761961,1716.426600003615,3.365500015206635,8,12,12,0,0,16515072,0
FCWD3:0171,FCWD3,H8_warp,2.430410385131836,"[2.4830572605133057, 2.4178919792175293, 2.430410385131836]",8,8,7,1,False,"[13563408, 13613461, 13663504, 13713556, 13763609, 13813661, 13863705, 13913757]",349,0.7864293345405161,254.89220005692914,100.33259994816035,7.660200004465878,362.88500000955537,2.8691000188700855,45.35470000701025,96.02200001245365,105.3294999874197,0.43979997280985117,1,3,1,2,2,16515072,32496401
FCWD3:0171,FCWD3,H8_warp_student,2.0794692039489746,"[2.1454641819000244, 2.023186206817627, 2.0794692039489746]",8,8,7,1,False,"[13563408, 13613461, 13663504, 13713556, 13763609, 13813661, 13863705, 13913757]",349,0.7864293345405161,273.0197999626398,48.01030003000051,7.951600011438131,328.98170000407845,3.5633999505080283,50.19239999819547,100.80730001209304,112.34629998216406,0.5439000087790191,1,3,1,2,2,16515072,32496401
FCWD3:0172,FCWD3,H8_reference,2.512737274169922,"[2.560567617416382, 2.512737274169922, 2.4938910007476807]",8,8,0,8,False,"[13613810, 13663810, 13713810, 13763810, 13813810, 13863810, 13913810, 13963810]",0,1.0,3181.7337999818847,516.4297000155784,7.133699953556061,3705.297199951019,0.03940000897273421,605.5085000116378,624.1942999768071,1887.8349000005983,4.310599993914366,8,12,12,0,0,16515072,0
FCWD3:0172,FCWD3,H8_warp,2.4218921661376953,"[2.44759464263916, 2.3611948490142822, 2.4218921661376953]",8,8,7,1,False,"[13613461, 13663504, 13713556, 13763609, 13813661, 13863705, 13913757, 13963810]",349,0.7952689349578848,291.68600001139566,126.53210002463311,8.885599963832647,427.1036999998614,3.192499978467822,55.95720000565052,110.27690005721524,115.70109997410327,0.5369000136852264,1,3,1,2,2,16515072,32879547
FCWD3:0172,FCWD3,H8_warp_student,2.057598352432251,"[2.129288911819458, 2.0023691654205322, 2.057598352432251]",8,8,7,1,False,"[13613461, 13663504, 13713556, 13763609, 13813661, 13863705, 13913757, 13963810]",349,0.7952689349578848,312.09750002017245,73.75470001716167,11.16080000065267,397.0130000379868,8.10889998683706,57.62249999679625,111.99820000911132,125.84569997852668,1.4178999699652195,1,3,1,2,2,16515072,32879547
FCWD3:0173,FCWD3,H8_reference,2.2860348224639893,"[2.345019578933716, 2.2860348224639893, 2.2708940505981445]",8,8,0,8,False,"[13663853, 13713853, 13763853, 13813853, 13863853, 13913853, 13963853, 14013853]",0,1.0,3189.6638000034727,430.24469999363646,5.302299978211522,3625.2107999753207,0.04579999949783087,656.0529999551363,736.8275999906473,1734.0895000379533,7.023400045000017,8,12,12,0,0,16515072,0
FCWD3:0173,FCWD3,H8_warp,2.2592716217041016,"[2.2929418087005615, 2.202672243118286, 2.2592716217041016]",8,8,7,1,False,"[13663504, 13713556, 13763609, 13813661, 13863705, 13913757, 13963810, 14013853]",349,0.7958285950022934,218.0415000184439,65.17459999304265,4.994400020223111,288.21050003170967,2.450800035148859,39.26079999655485,84.70110001508147,87.29970001149923,0.596500001847744,1,3,1,2,2,16515072,33479188
FCWD3:0173,FCWD3,H8_warp_student,2.0198333263397217,"[2.097850799560547, 1.9679360389709473, 2.0198333263397217]",8,8,7,1,False,"[13663504, 13713556, 13763609, 13813661, 13863705, 13913757, 13963810, 14013853]",349,0.7958285950022934,212.4925999669358,29.63520004414022,5.457499995827675,247.5853000069037,2.465199970174581,38.35700004128739,80.33070003148168,87.18119998229668,0.3347000456415117,1,3,1,2,2,16515072,33479188
FCWD3:0174,FCWD3,H8_reference,2.24823260307312,"[2.313819646835327, 2.2221109867095947, 2.24823260307312]",8,8,0,8,False,"[13713905, 13763905, 13813905, 13863905, 13913905, 13963905, 14013905, 14063905]",0,1.0,2279.0143999736756,385.33339998684824,4.790200036950409,2669.1379999974743,0.029800052288919687,451.5885000000708,572.4025000235997,1213.9728000038303,2.792600018437952,8,12,12,0,0,16515072,0
FCWD3:0174,FCWD3,H8_warp,2.1850929260253906,"[2.225003242492676, 2.1400225162506104, 2.1850929260253906]",8,8,7,1,False,"[13713556, 13763609, 13813661, 13863705, 13913757, 13963810, 14013853, 14063905]",349,0.7991057057155502,216.1991000175476,67.32480000937358,4.929999995511025,288.4539000224322,2.4388000019825995,38.923999993130565,83.92930001718923,86.6894000209868,0.41689997306093574,1,3,1,2,2,16515072,32801211
FCWD3:0174,FCWD3,H8_warp_student,2.090899705886841,"[2.1934993267059326, 2.051705837249756, 2.090899705886841]",8,8,7,1,False,"[13713556, 13763609, 13813661, 13863705, 13913757, 13963810, 14013853, 14063905]",349,0.7991057057155502,208.03460001479834,26.977400004398078,5.054099950939417,240.06609997013584,2.319999970495701,35.95400002086535,82.4331000330858,83.38670001830906,0.3375000087544322,1,3,1,2,2,16515072,32801211
FCWD3:0175,FCWD3,H8_reference,2.440185546875,"[2.4979968070983887, 2.3739702701568604, 2.440185546875]",8,8,0,8,False,"[13763958, 13813958, 13863958, 13913958, 13963958, 14013958, 14063958, 14113958]",0,1.0,2288.722300028894,422.32589999912307,5.239200021605939,2716.287400049623,0.02870004391297698,515.7523000380024,512.5848999596201,1219.4962999783456,3.305699967313558,8,12,12,0,0,16515072,0
FCWD3:0175,FCWD3,H8_warp,2.3416388034820557,"[2.405241012573242, 2.3115832805633545, 2.3416388034820557]",8,8,7,1,False,"[13763609, 13813661, 13863705, 13913757, 13963810, 14013853, 14063905, 14113958]",349,0.8010036397605391,191.60740001825616,64.90599998505786,5.037299997638911,261.55070000095293,2.3675999836996198,32.79269998893142,71.88280002446845,80.27999999467283,0.4692000220529735,1,3,1,2,2,16515072,29361125
FCWD3:0175,FCWD3,H8_warp_student,2.1926662921905518,"[2.3205933570861816, 2.166717529296875, 2.1926662921905518]",8,8,7,1,False,"[13763609, 13813661, 13863705, 13913757, 13963810, 14013853, 14063905, 14113958]",349,0.8010036397605391,175.3671999904327,24.738800013437867,4.732400004286319,204.8384000081569,3.0052000074647367,30.509899952448905,67.6021000253968,70.81679999828339,0.3829000052064657,1,3,1,2,2,16515072,29361125
FCWD3:0176,FCWD3,H8_reference,2.667085647583008,"[2.7542500495910645, 2.5718588829040527, 2.667085647583008]",8,8,0,8,False,"[13814001, 13864001, 13914001, 13964001, 14014001, 14064001, 14114001, 14164001]",0,1.0,1952.4007000145502,344.9312000302598,5.3100999793969095,2302.642000024207,0.026300025638192892,372.1693999832496,499.65099996188655,1049.0333999623545,2.7581999893300235,8,12,12,0,0,16515072,0
FCWD3:0176,FCWD3,H8_warp,2.480073928833008,"[2.5975286960601807, 2.480073928833008, 2.479313611984253]",8,8,7,1,False,"[13813661, 13863705, 13913757, 13963810, 14013853, 14063905, 14113958, 14164001]",340,0.7972437419040115,162.51219995319843,57.19880003016442,4.55740001052618,224.26839999388903,2.2698999964632094,29.68119998695329,61.207099992316216,66.04740000329912,0.32700004521757364,1,3,1,2,2,16515072,26308248
FCWD3:0176,FCWD3,H8_warp_student,2.375560998916626,"[2.54787015914917, 2.368795156478882, 2.375560998916626]",8,8,7,1,False,"[13813661, 13863705, 13913757, 13963810, 14013853, 14063905, 14113958, 14164001]",340,0.7972437419040115,160.00550001626834,24.809799971990287,4.475700028706342,189.29100001696497,2.111000008881092,28.779199987184256,61.074000026565045,64.95410000206903,0.28119998751208186,1,3,1,2,2,16515072,26308248
FCWD3:0177,FCWD3,H8_reference,2.7275948524475098,"[2.826362371444702, 2.6633756160736084, 2.7275948524475098]",8,8,0,8,False,"[13864053, 13914053, 13964053, 14014053, 14064053, 14114053, 14164053, 14214053]",0,1.0,2055.491400009487,372.11609998485073,5.072100029792637,2432.67960002413,0.02039998071268201,387.9826000193134,495.7275000051595,1136.8538999813609,2.633600030094385,8,12,12,0,0,16515072,0
FCWD3:0177,FCWD3,H8_warp,2.4659993648529053,"[2.541111707687378, 2.4629456996917725, 2.4659993648529053]",8,8,7,1,False,"[13863705, 13913757, 13963810, 14013853, 14063905, 14113958, 14164001, 14214053]",348,0.8197398157889428,157.2812999947928,67.57050001760945,5.304399994201958,230.1562000066042,2.278400002978742,28.05109997279942,58.57649998506531,65.04670000867918,0.347500026691705,1,3,1,2,2,16515072,24762659
FCWD3:0177,FCWD3,H8_warp_student,2.348010540008545,"[2.4812159538269043, 2.348010540008545, 2.344149351119995]",8,8,7,1,False,"[13863705, 13913757, 13963810, 14013853, 14063905, 14113958, 14164001, 14214053]",348,0.8197398157889428,164.304300036747,28.04080001078546,5.1769999554380774,197.52210000297055,2.8731999918818474,31.247700040694326,61.62490003043786,65.28970005456358,0.30499999411404133,1,3,1,2,2,16515072,24762659
FCWD3:0178,FCWD3,H8_reference,2.907632827758789,"[3.0223543643951416, 2.889008045196533, 2.907632827758789]",8,8,0,8,False,"[13914106, 13964106, 14014106, 14064106, 14114106, 14164106, 14214106, 14264106]",0,1.0,1828.8557000341825,366.6246999637224,5.4110000492073596,2200.8914000471123,0.026799971237778664,389.9600000004284,460.77750000404194,949.0717999869958,2.6625000173226,8,12,12,0,0,16515072,0
FCWD3:0178,FCWD3,H8_warp,2.809858798980713,"[2.890817403793335, 2.809858798980713, 2.7720885276794434]",8,8,7,1,False,"[13913757, 13963810, 14013853, 14063905, 14113958, 14164001, 14214053, 14264106]",349,0.8439848371571564,152.4628999759443,66.89070002175868,6.514800013974309,225.8684000116773,1.3503999798558652,28.097899979911745,58.255899988580495,61.444499995559454,0.32970000756904483,1,3,1,2,2,16515072,23093667
FCWD3:0178,FCWD3,H8_warp_student,2.7113029956817627,"[2.8797426223754883, 2.7113029956817627, 2.667565107345581]",8,8,7,1,False,"[13913757, 13963810, 14013853, 14063905, 14113958, 14164001, 14214053, 14264106]",349,0.8439848371571564,173.83909999625757,35.8972999965772,6.562500027939677,216.29890002077445,1.6774999676272273,33.30930002266541,64.47670003399253,70.63900004141033,0.3383999573998153,1,3,1,2,2,16515072,23093667
FCWD3:0179,FCWD3,H8_reference,3.440035343170166,"[3.643935441970825, 3.413593053817749, 3.440035343170166]",8,8,0,8,False,"[13964149, 14014149, 14064149, 14114149, 14164149, 14214149, 14264149, 14314149]",0,1.0,1819.1596000106074,375.2745999954641,5.271399975754321,2199.705599981826,0.02889998722821474,346.89220000291243,449.02170001296327,992.7316000103019,2.902899985201657,8,12,12,0,0,16515072,0
FCWD3:0179,FCWD3,H8_warp,3.2665488719940186,"[3.4367663860321045, 3.2665488719940186, 3.231410264968872]",8,8,7,1,False,"[13963810, 14013853, 14063905, 14113958, 14164001, 14214053, 14264106, 14314149]",339,0.8685831935988889,138.76559998607263,60.806999972555786,4.871400014963001,204.44399997359142,1.2984999921172857,26.230000017676502,51.84620001818985,56.2878999626264,0.28909998945891857,1,3,1,2,2,16515072,21633945
FCWD3:0179,FCWD3,H8_warp_student,2.9028751850128174,"[3.0517325401306152, 2.9028751850128174, 2.8215811252593994]",8,8,7,1,False,"[13963810, 14013853, 14063905, 14113958, 14164001, 14214053, 14264106, 14314149]",339,0.8685831935988889,138.12989997677505,27.398400008678436,5.154899961780757,170.68319994723424,1.317799964454025,25.79340001102537,51.53579998295754,56.55410001054406,0.39000000106170774,1,3,1,2,2,16515072,21633945
FCWD3:0180,FCWD3,H8_reference,3.205988883972168,"[3.3473660945892334, 3.186713457107544, 3.205988883972168]",8,8,0,8,False,"[14014201, 14064201, 14114201, 14164201, 14214201, 14264201, 14314201, 14364201]",0,1.0,1734.2929000151344,380.57219999609515,5.207499954849482,2120.072599966079,0.026399968191981316,383.7829999974929,452.4708000244573,869.9221999850124,2.6288999943062663,8,12,12,0,0,16515072,0
FCWD3:0180,FCWD3,H8_warp,3.1117494106292725,"[3.2570228576660156, 3.1117494106292725, 3.0992681980133057]",8,8,7,1,False,"[14013853, 14063905, 14113958, 14164001, 14214053, 14264106, 14314149, 14364201]",348,0.9009408616118559,129.80509997578338,59.06729999696836,4.983100050594658,193.8555000233464,0.10280002607032657,24.11739999661222,48.908299999311566,54.08309999620542,0.28410000959411263,1,3,1,2,2,16515072,20384156
FCWD3:0180,FCWD3,H8_warp_student,2.826551914215088,"[2.928004264831543, 2.826551914215088, 2.7623491287231445]",8,8,7,1,False,"[14013853, 14063905, 14113958, 14164001, 14214053, 14264106, 14314149, 14364201]",348,0.9009408616118559,146.26539999153465,34.897000005003065,6.784599972888827,187.94699996942654,0.10629999451339245,27.081800042651594,53.771000006236136,62.231099989730865,0.3129999968223274,1,3,1,2,2,16515072,20384156
FCWD3:0181,FCWD3,H8_reference,3.4294650554656982,"[3.599186897277832, 3.424065589904785, 3.4294650554656982]",8,8,0,8,False,"[14064254, 14114254, 14164254, 14214254, 14264254, 14314254, 14364254, 14414254]",0,1.0,1740.734999999404,490.41979998582974,6.018600019160658,2237.1734000043944,0.039000005926936865,392.7618999732658,389.1526000224985,925.2714000176638,2.8717999812215567,8,12,12,0,0,16515072,0
FCWD3:0181,FCWD3,H8_warp,3.339203357696533,"[3.512242078781128, 3.339203357696533, 3.3265223503112793]",8,8,7,1,False,"[14063905, 14113958, 14164001, 14214053, 14264106, 14314149, 14364201, 14414254]",349,0.9323797361724031,119.86809998052195,56.81380000896752,4.499300033785403,181.18120002327487,0.11870003072544932,24.424800009001046,45.45239999424666,47.297999961301684,0.28790003852918744,1,3,1,2,2,16515072,18885215
FCWD3:0181,FCWD3,H8_warp_student,3.156445026397705,"[3.290029764175415, 3.156445026397705, 3.0701301097869873]",8,8,7,1,False,"[14063905, 14113958, 14164001, 14214053, 14264106, 14314149, 14364201, 14414254]",349,0.9323797361724031,114.36609999509528,24.96980002615601,4.563900001812726,143.89980002306402,0.09280000813305378,21.227400051429868,43.269600020721555,47.268399968743324,0.3443000023253262,1,3,1,2,2,16515072,18885215
FCWD3:0182,FCWD3,H8_reference,3.6635079383850098,"[3.8368122577667236, 3.65476393699646, 3.6635079383850098]",8,8,0,8,False,"[14114297, 14164297, 14214297, 14264297, 14314297, 14364297, 14414297, 14464297]",0,1.0,1483.64049999509,367.26400000043213,5.394899984821677,1856.2993999803439,0.02819998189806938,313.4278000216,396.7896999674849,743.6320999986492,2.8407000354491174,8,12,12,0,0,16515072,0
FCWD3:0182,FCWD3,H8_warp,3.6316709518432617,"[3.7865264415740967, 3.6316709518432617, 3.611783027648926]",8,8,7,1,False,"[14113958, 14164001, 14214053, 14264106, 14314149, 14364201, 14414254, 14464297]",339,0.9658939958101063,105.96839996287599,57.44500004220754,4.514099971856922,167.92749997694045,0.10720000136643648,20.84739995189011,38.12219999963418,44.72369997529313,0.3446000046096742,1,3,1,2,2,16515072,17251974
FCWD3:0182,FCWD3,H8_warp_student,3.4923291206359863,"[3.633363962173462, 3.4923291206359863, 3.379753351211548]",8,8,7,1,False,"[14113958, 14164001, 14214053, 14264106, 14314149, 14364201, 14414254, 14464297]",339,0.9658939958101063,100.56130000157282,25.740199955180287,4.57530003041029,130.8767999871634,0.09679998038336635,19.042600004468113,35.528299980796874,43.66450000088662,0.2865000278688967,1,3,1,2,2,16515072,17251974
FCWD3:0183,FCWD3,H8_reference,3.7394940853118896,"[3.905911445617676, 3.7394940853118896, 3.692857265472412]",8,8,0,8,False,"[14164350, 14214350, 14264350, 14314350, 14364350, 14414350, 14464350, 14514350]",0,1.0,1451.8797000055201,364.9149999837391,5.23900002008304,1822.0337000093423,0.026799971237778664,311.3465000060387,375.7272000075318,739.6102000493556,2.536200045142323,8,12,12,0,0,16515072,0
FCWD3:0183,FCWD3,H8_warp,3.7357442378997803,"[3.867116928100586, 3.7357442378997803, 3.6666834354400635]",8,8,7,1,False,"[14164001, 14214053, 14264106, 14314149, 14364201, 14414254, 14464297, 14514350]",349,1.0,98.39330002432689,58.3115000044927,4.904799978248775,161.60960000706837,0.1018000184558332,19.612899981439114,34.47519999463111,41.993800026830286,0.4016000311821699,1,3,1,2,2,16515072,16648814
FCWD3:0183,FCWD3,H8_warp_student,3.8680901527404785,"[4.034377574920654, 3.8680901527404785, 3.75646710395813]",8,8,7,1,False,"[14164001, 14214053, 14264106, 14314149, 14364201, 14414254, 14464297, 14514350]",349,1.0,99.04509998159483,25.366100016981363,4.686900007072836,129.09810000564903,0.09779998799785972,19.556500017642975,34.54690001672134,42.611600016243756,0.3875000402331352,1,3,1,2,2,16515072,16648814
FCWD3:0184,FCWD3,H8_reference,4.326972961425781,"[4.496458530426025, 4.326972961425781, 4.230709552764893]",8,8,0,8,False,"[14214402, 14264402, 14314402, 14364402, 14414402, 14464402, 14514402, 14564402]",0,1.0,1509.767199982889,351.0651999968104,5.4228000226430595,1866.2552000023425,0.025100016500800848,277.0955999731086,371.07140000443906,834.2046000179835,2.136999974027276,8,12,12,0,0,16515072,0
FCWD3:0184,FCWD3,H8_warp,4.323360443115234,"[4.463142395019531, 4.323360443115234, 4.195927143096924]",8,8,7,1,False,"[14214053, 14264106, 14314149, 14364201, 14414254, 14464297, 14514350, 14564402]",349,1.0,97.1865999745205,57.95930000022054,4.740600008517504,159.88649998325855,0.10230002226307988,19.79869999922812,33.631699974648654,41.445499984547496,0.3690000157803297,1,3,1,2,2,16515072,16251762
FCWD3:0184,FCWD3,H8_warp_student,3.933476686477661,"[4.0677595138549805, 3.933476686477661, 3.8571858406066895]",8,8,7,1,False,"[14214053, 14264106, 14314149, 14364201, 14414254, 14464297, 14514350, 14564402]",349,1.0,97.23910002503544,25.702000013552606,4.665799962822348,127.6069000014104,0.09960000170394778,18.953200022224337,34.437499998603016,41.46889998810366,0.3744999994523823,1,3,1,2,2,16515072,16251762
FCWD3:0185,FCWD3,H8_reference,4.337742328643799,"[4.459376811981201, 4.337742328643799, 4.294071197509766]",8,8,0,8,False,"[14264446, 14314446, 14364446, 14414446, 14464446, 14514446, 14564446, 14614446]",0,1.0,1283.5824000067078,361.4561999565922,4.948800022248179,1649.987399985548,0.02139998832717538,273.12730002449825,352.85800002748147,634.5473999972455,2.410000015515834,8,12,12,0,0,16515072,0
FCWD3:0185,FCWD3,H8_warp,4.344943523406982,"[4.437378406524658, 4.344943523406982, 4.284119606018066]",8,8,7,1,False,"[14264106, 14314149, 14364201, 14414254, 14464297, 14514350, 14564402, 14614446]",340,1.0,88.99090002523735,57.4866000097245,4.614599980413914,151.09210001537576,0.10040000779554248,17.086700012441725,31.88089997274801,37.90360002312809,0.33950002398341894,1,3,1,2,2,16515072,14751444
FCWD3:0185,FCWD3,H8_warp_student,4.128625392913818,"[4.245525360107422, 4.128625392913818, 4.08353328704834]",8,8,7,1,False,"[14264106, 14314149, 14364201, 14414254, 14464297, 14514350, 14564402, 14614446]",340,1.0,87.84260001266375,25.17559996340424,4.5690000406466424,117.58720001671463,0.09769998723641038,17.13009999366477,30.665299971587956,37.892799999099225,0.31999999191612005,1,3,1,2,2,16515072,14751444
FCWD3:0186,FCWD3,H8_reference,4.60635232925415,"[4.7335638999938965, 4.561337471008301, 4.60635232925415]",8,8,0,8,False,"[14314498, 14364498, 14414498, 14464498, 14514498, 14564498, 14614498, 14664498]",0,1.0,1356.764500029385,353.53109997231513,4.725000006146729,1715.020600007847,0.024900014977902174,243.06469998555258,322.61400000425056,775.6186000187881,2.7022999711334705,8,12,12,0,0,16515072,131612980
FCWD3:0186,FCWD3,H8_warp,4.605838775634766,"[4.720605373382568, 4.578734397888184, 4.605838775634766]",8,8,7,1,False,"[14314149, 14364201, 14414254, 14464297, 14514350, 14564402, 14614446, 14664498]",349,1.0,77.12520001223311,57.43869999423623,4.556900006718934,139.12080001318827,0.10550004662945867,14.679300016723573,26.527200010605156,33.87119999388233,0.4153999616391957,1,3,1,2,2,16515072,12559923
FCWD3:0186,FCWD3,H8_warp_student,4.593607425689697,"[4.805816650390625, 4.593607425689697, 4.593479633331299]",8,8,7,1,False,"[14314149, 14364201, 14414254, 14464297, 14514350, 14564402, 14614446, 14664498]",349,1.0,83.16939999349415,25.45109996572137,4.565700015518814,113.18619997473434,0.09739998495206237,14.391099975910038,30.930800014175475,35.8530999510549,0.4249000339768827,1,3,1,2,2,16515072,12559923
FCWD3:0187,FCWD3,H8_reference,5.191226482391357,"[5.401072025299072, 5.063966751098633, 5.191226482391357]",8,8,0,8,False,"[14364550, 14414550, 14464550, 14514550, 14564550, 14614550, 14664550, 14714550]",0,1.0,919.1656999755651,360.6900000013411,5.157999985385686,1285.0136999622919,0.025200017262250185,42.245800024829805,274.9498999910429,588.9022999908775,2.5016999570652843,8,12,12,0,0,16515072,120597014
FCWD3:0187,FCWD3,H8_warp,5.193364143371582,"[5.387392997741699, 5.08064603805542, 5.193364143371582]",8,8,7,1,False,"[14364201, 14414254, 14464297, 14514350, 14564402, 14614446, 14664498, 14714550]",349,1.0,67.94219999574125,58.76179999904707,4.747200000565499,131.45119999535382,0.10050000855699182,13.742999988608062,23.564599978271872,28.712400002405047,0.4120999947190285,1,3,1,2,2,16515072,10471473
FCWD3:0187,FCWD3,H8_warp_student,4.843588352203369,"[5.056577205657959, 4.796713829040527, 4.843588352203369]",8,8,7,1,False,"[14364201, 14414254, 14464297, 14514350, 14564402, 14614446, 14664498, 14714550]",349,1.0,61.76929996581748,25.73560003656894,4.662099992856383,92.1669999952428,0.09629997657611966,12.170500005595386,19.579899962991476,28.214999998454005,0.28709997422993183,1,3,1,2,2,16515072,10471473
FCWD3:0188,FCWD3,H8_reference,5.401599884033203,"[5.541621208190918, 5.243673801422119, 5.401599884033203]",8,8,0,8,False,"[14414602, 14464602, 14514602, 14564602, 14614602, 14664602, 14714602, 14764602]",0,1.0,836.8909999844618,387.28809996973723,5.279900040477514,1229.4589999946766,0.02600002335384488,41.20459995465353,264.82530002249405,517.3168000183068,2.2151999874040484,8,12,12,0,0,16515072,111292370
FCWD3:0188,FCWD3,H8_warp,5.403793811798096,"[5.531485080718994, 5.247668743133545, 5.403793811798096]",8,8,7,1,False,"[14414254, 14464297, 14514350, 14564402, 14614446, 14664498, 14714550, 14764602]",348,1.0,60.66720001399517,60.92970003373921,4.703899961896241,126.30080000963062,0.10220002150163054,12.454100011382252,20.059800008311868,26.3103999895975,0.3860999713651836,1,3,1,2,2,16515072,9002129
FCWD3:0188,FCWD3,H8_warp_student,5.53338098526001,"[5.768240928649902, 5.397890567779541, 5.53338098526001]",8,8,7,1,False,"[14414254, 14464297, 14514350, 14564402, 14614446, 14664498, 14714550, 14764602]",348,1.0,56.66660005226731,25.159499957226217,4.501199990045279,86.32729999953881,0.09709998266771436,11.808899987954646,19.02110001537949,24.26150004612282,0.30830001924186945,1,3,1,2,2,16515072,9002129
FCWD3:0189,FCWD3,H8_reference,6.440876007080078,"[6.652493953704834, 6.120932102203369, 6.440876007080078]",8,8,0,8,False,"[14464646, 14514646, 14564646, 14614646, 14664646, 14714646, 14764646, 14814646]",0,1.0,803.3801999990828,306.28230003640056,4.990399989765137,1114.6529000252485,0.026499968953430653,39.80440000304952,246.4128999854438,504.07119997544214,2.6527000009082258,8,12,12,0,0,16515072,102818720
FCWD3:0189,FCWD3,H8_warp,6.438399314880371,"[6.620994567871094, 6.099630355834961, 6.438399314880371]",8,8,7,1,False,"[14464297, 14514350, 14564402, 14614446, 14664498, 14714550, 14764602, 14814646]",349,1.0,54.77940000128001,57.313399971462786,4.538699984550476,116.63149995729327,0.09920005686581135,11.956400005146861,18.385900009889156,22.824399988166988,0.2847999567165971,1,3,1,2,2,16515072,8494594
FCWD3:0189,FCWD3,H8_warp_student,6.542718887329102,"[6.792384624481201, 6.236416339874268, 6.542718887329102]",8,8,7,1,False,"[14464297, 14514350, 14564402, 14614446, 14664498, 14714550, 14764602, 14814646]",349,1.0,54.98399998759851,25.321300025098026,4.611799959093332,84.91709997178987,0.09619997581467032,11.968200036790222,18.20880000013858,23.203000018838793,0.30149996746331453,1,3,1,2,2,16515072,8494594
FCWD3:0190,FCWD3,H8_reference,8.386159896850586,"[8.940385818481445, 7.703099727630615, 8.386159896850586]",8,8,0,8,False,"[14514698, 14564698, 14614698, 14664698, 14714698, 14764698, 14814698, 14864698]",0,1.0,717.0022999634966,330.69090003846213,5.235499993432313,1052.928699995391,0.025900022592395544,31.87939996132627,223.45749998930842,449.4078999850899,3.190399962477386,8,12,12,0,0,16515072,94576984
FCWD3:0190,FCWD3,H8_warp,8.474553108215332,"[8.973252296447754, 7.696394443511963, 8.474553108215332]",8,8,7,1,False,"[14514350, 14564402, 14614446, 14664498, 14714550, 14764602, 14814646, 14864698]",348,1.0,58.9250999619253,64.74370002979413,4.74860001122579,128.41740000294521,0.10689999908208847,12.148300011176616,20.143300003837794,24.677899957168847,0.3493999829515815,1,3,1,2,2,16515072,8044383
FCWD3:0190,FCWD3,H8_warp_student,8.204933166503906,"[8.285140991210938, 7.477412223815918, 8.204933166503906]",8,8,7,1,False,"[14514350, 14564402, 14614446, 14664498, 14714550, 14764602, 14814646, 14864698]",348,1.0,51.11669999314472,25.92210000148043,4.592199984472245,81.6309999790974,0.10050000855699182,10.149799985811114,17.254000005777925,22.130199999082834,0.29830000130459666,1,3,1,2,2,16515072,8044383
FCWD3:0191,FCWD3,H8_reference,8.445505142211914,"[8.445505142211914, 8.14826774597168, 8.871689796447754]",8,8,0,8,False,"[14564751, 14614751, 14664751, 14714751, 14764751, 14814751, 14864751, 14914751]",0,1.0,661.1974999541417,395.26860002661124,5.257199984043837,1061.7232999647968,0.026500027161091566,31.541500007733703,204.6701000072062,412.8006999962963,2.6532000047154725,8,12,12,0,0,16515072,86736737
FCWD3:0191,FCWD3,H8_warp,8.474729537963867,"[8.474729537963867, 8.19364070892334, 9.015682220458984]",8,8,7,1,False,"[14564402, 14614446, 14664498, 14714550, 14764602, 14814646, 14864698, 14914751]",349,1.0,48.94440004136413,64.73129999358207,5.091200000606477,118.76690003555268,0.10439998004585505,10.652000026311725,15.480800007935613,21.289800002705306,0.30369998421519995,1,3,1,2,2,16515072,7010477
FCWD3:0191,FCWD3,H8_warp_student,7.458235263824463,"[7.458235263824463, 7.160863399505615, 7.744397163391113]",8,8,7,1,False,"[14564402, 14614446, 14664498, 14714550, 14764602, 14814646, 14864698, 14914751]",349,1.0,49.04890002217144,27.765499951783568,4.858800035435706,81.67320000939071,0.10770000517368317,10.598499968182296,16.10499998787418,20.788999972864985,0.3100000321865082,1,3,1,2,2,16515072,7010477
FCWD3:0192,FCWD3,H8_reference,7.794419765472412,"[7.794419765472412, 7.690419673919678, 8.067591667175293]",8,8,0,8,False,"[14614794, 14664794, 14714794, 14764794, 14814794, 14864794, 14914794, 14964794]",0,1.0,578.199100040365,377.0012999884784,5.002699967008084,960.2030999958515,0.027500034775584936,24.536499986425042,192.59480002801865,350.3734999685548,2.639200014527887,8,12,12,0,0,16515072,78109135
FCWD3:0192,FCWD3,H8_warp,7.776656150817871,"[7.776656150817871, 7.681640625, 8.135977745056152]",8,8,7,1,False,"[14614446, 14664498, 14714550, 14764602, 14814646, 14864698, 14914751, 14964794]",348,1.0,35.9098999761045,56.829100009053946,4.531399987172335,97.27039997233078,0.09889999637380242,6.834400002844632,11.972500011324883,15.745500044431537,0.3522000042721629,1,3,1,2,2,16515072,5180427
FCWD3:0192,FCWD3,H8_warp_student,7.304533004760742,"[7.304533004760742, 7.184765338897705, 7.590356826782227]",8,8,7,1,False,"[14614446, 14664498, 14714550, 14764602, 14814646, 14864698, 14914751, 14964794]",348,1.0,34.796300053130835,25.08209994994104,4.6036000130698085,64.48200001614168,0.10010000551119447,6.451599998399615,11.155300016980618,15.880799968726933,0.2875999780371785,1,3,1,2,2,16515072,5180427
FCWD3:0193,FCWD3,H8_reference,7.600856304168701,"[7.600856304168701, 7.557830333709717, 8.005669593811035]",8,8,0,8,False,"[14664846, 14714846, 14764846, 14814846, 14864846, 14914846, 14964846, 15014846]",0,1.0,538.9912000391632,379.90719999652356,5.355599976610392,924.2540000122972,0.028799986466765404,19.593100005295128,166.13069997401908,342.85609994549304,2.6002000086009502,8,12,12,0,0,16515072,69939547
FCWD3:0193,FCWD3,H8_warp,7.595473289489746,"[7.595473289489746, 7.560109615325928, 8.091465950012207]",8,8,7,1,False,"[14664498, 14714550, 14764602, 14814646, 14864698, 14914751, 14964794, 15014846]",348,1.0,24.16490000905469,62.13089998345822,4.8649999662302434,91.16079995874316,0.1050999853760004,5.260200006887317,7.8066999558359385,9.819700033403933,0.39790000300854445,1,3,1,2,2,16515072,3592474
FCWD3:0193,FCWD3,H8_warp_student,7.382348537445068,"[7.382348537445068, 7.171669960021973, 7.613162517547607]",8,8,7,1,False,"[14664498, 14714550, 14764602, 14814646, 14864698, 14914751, 14964794, 15014846]",348,1.0,24.028100015129894,26.75469999667257,4.93519997689873,55.717999988701195,0.10039994958788157,5.174799996893853,7.8996000229381025,9.905299986712635,0.3532999544404447,1,3,1,2,2,16515072,3592474
FCWD3:0194,FCWD3,H8_reference,9.775134086608887,"[8.37010383605957, 9.775134086608887, 10.194127082824707]",8,8,0,8,False,"[14714899, 14764899, 14814899, 14864899, 14914899, 14964899, 15014899, 15064899]",0,1.0,495.4975000000559,367.9413999780081,5.324499972630292,868.7633999506943,0.02729997504502535,19.565100024919957,154.89570004865527,312.1883000130765,2.7456999523565173,8,12,12,0,0,16515072,62070281
FCWD3:0194,FCWD3,H8_warp,9.773258209228516,"[8.354893684387207, 9.773258209228516, 10.501567840576172]",8,8,7,1,False,"[14714550, 14764602, 14814646, 14864698, 14914751, 14964794, 15014846, 15064899]",349,1.0,21.552500023972243,64.64220001362264,4.90409997291863,91.09880001051351,0.11029996676370502,4.969700006768107,6.463399971835315,9.091600019019097,0.3331999760121107,1,3,1,2,2,16515072,2820963
FCWD3:0194,FCWD3,H8_warp_student,9.089348793029785,"[9.089348793029785, 8.807283401489258, 10.011463165283203]",8,8,7,1,False,"[14714550, 14764602, 14814646, 14864698, 14914751, 14964794, 15014846, 15064899]",349,1.0,21.24460000777617,27.783599973190576,5.168700008653104,54.19689998961985,0.1066999975591898,4.864700022153556,6.569599965587258,8.832300023641437,0.2962999860756099,1,3,1,2,2,16515072,2820963
FCWD3:0195,FCWD3,H8_reference,11.145639419555664,"[7.734777450561523, 11.145639419555664, 12.215986251831055]",8,8,0,8,False,"[14764942, 14814942, 14864942, 14914942, 14964942, 15014942, 15064942, 15114942]",0,1.0,535.3801000164822,410.51190003054217,5.038200004491955,950.9302000515163,0.029799994081258774,30.364799953531474,151.70500002568588,342.7844999823719,2.5639000232331455,8,12,12,0,0,16515072,57550542
FCWD3:0195,FCWD3,H8_warp,11.081695556640625,"[7.668848037719727, 11.081695556640625, 12.697854042053223]",8,8,7,1,False,"[14764602, 14814646, 14864698, 14914751, 14964794, 15014846, 15064899, 15114942]",340,1.0,37.7036000136286,56.88449996523559,4.561499983537942,99.14959996240214,0.0934000127017498,10.9402000089176,10.78459998825565,14.597399975173175,0.3798999823629856,1,3,1,2,2,16515072,4851205
FCWD3:0195,FCWD3,H8_warp_student,8.59698486328125,"[8.001615524291992, 8.59698486328125, 9.915068626403809]",8,8,7,1,False,"[14764602, 14814646, 14864698, 14914751, 14964794, 15014846, 15064899, 15114942]",340,1.0,36.670400004368275,24.807300011161715,4.584999987855554,66.06270000338554,0.09669997962191701,10.079700034111738,10.621699970215559,14.594700012821704,0.2791999722830951,1,3,1,2,2,16515072,4851205
FCWD3:0196,FCWD3,H8_reference,6.586570739746094,"[5.098219394683838, 6.586570739746094, 6.690942764282227]",8,8,0,8,False,"[14814995, 14864995, 14914995, 14964995, 15014995, 15064995, 15114995, 15164995]",0,1.0,463.00869999686256,400.374400021974,5.230899958405644,868.6139999772422,0.028099981136620045,40.769900020677596,137.75799999712035,275.48999997088686,2.5610000011511147,8,12,12,0,0,16515072,56646465
FCWD3:0196,FCWD3,H8_warp,6.550135135650635,"[5.078359603881836, 6.550135135650635, 6.822836875915527]",8,8,7,1,False,"[14814646, 14864698, 14914751, 14964794, 15014846, 15064899, 15114942, 15164995]",349,1.0,73.52229999378324,58.132899983320385,4.885700007434934,136.54089998453856,0.09929999941959977,17.712100001517683,24.253499985206872,29.69589998247102,0.4243000294081867,1,3,1,2,2,16515072,11247200
FCWD3:0196,FCWD3,H8_warp_student,8.105030059814453,"[7.000010013580322, 8.105030059814453, 8.637874603271484]",8,8,7,1,False,"[14814646, 14864698, 14914751, 14964794, 15014846, 15064899, 15114942, 15164995]",349,1.0,72.2925000009127,24.98889999696985,4.702900012489408,101.98430001037195,0.09950000094249845,17.230199999175966,23.532900027930737,29.768000007607043,0.2959999837912619,1,3,1,2,2,16515072,11247200
FCWD3:0197,FCWD3,H8_reference,6.659389495849609,"[5.776522159576416, 7.193139553070068, 6.659389495849609]",8,8,0,8,False,"[14865047, 14915047, 14965047, 15015047, 15065047, 15115047, 15165047, 15215047]",0,1.0,484.78050000267103,429.00649999501184,6.152899994049221,919.9398999917321,0.029699993319809437,58.52330004563555,148.1764999916777,268.65310000721365,2.5872999685816467,8,12,12,0,0,16515072,62433248
FCWD3:0197,FCWD3,H8_warp,6.753399848937988,"[5.781073570251465, 7.163585662841797, 6.753399848937988]",8,8,7,1,False,"[14864698, 14914751, 14964794, 15014846, 15064899, 15114942, 15164995, 15215047]",349,1.0,153.3206999883987,69.99539997195825,4.8905000439845026,228.20660000434145,0.11870003072544932,34.324899956118315,54.62940002325922,61.07759999576956,0.41010003769770265,1,3,1,2,2,16515072,21131391
FCWD3:0197,FCWD3,H8_warp_student,7.531337738037109,"[6.636570930480957, 7.531337738037109, 7.834718704223633]",8,8,7,1,False,"[14864698, 14914751, 14964794, 15014846, 15064899, 15114942, 15164995, 15215047]",349,1.0,136.21829997282475,26.21819998603314,4.840100009460002,167.2765999683179,0.10280002607032657,29.75960000185296,49.43569999886677,54.16469997726381,0.2761000068858266,1,3,1,2,2,16515072,21131391
