query_id,sequence_id,variant,truth_ttc_seconds,ttc,MiD,signed_error_s,absolute_error_s,band,reused,computed,approximate_voxel_hits,min_source_roi_iou
FCWD1:0000,FCWD1,H8_reference,28.9226189494698,7.850772380828857,93.55926447668676,-21.071846568640943,21.071846568640943,outside,0.0,8.0,0.0,1.0
FCWD1:0000,FCWD1,H8_warp,28.9226189494698,7.850772380828857,93.55926447668676,-21.071846568640943,21.071846568640943,outside,0.0,8.0,0.0,1.0
FCWD1:0000,FCWD1,H8_warp_student,28.9226189494698,9.368919372558594,72.67468393836931,-19.553699576911207,19.553699576911207,outside,0.0,8.0,0.0,1.0
FCWD1:0001,FCWD1,H8_reference,27.768378826285748,8.889430046081543,77.05348734011709,-18.878948780204205,18.878948780204205,outside,0.0,8.0,0.0,1.0
FCWD1:0001,FCWD1,H8_warp,27.768378826285748,9.385995864868164,71.03614005104372,-18.382382961417584,18.382382961417584,outside,7.0,1.0,2.0,0.9826843100189036
FCWD1:0001,FCWD1,H8_warp_student,27.768378826285748,10.734543800354004,57.516637725513064,-17.033835025931744,17.033835025931744,outside,7.0,1.0,2.0,0.9826843100189036
FCWD1:0002,FCWD1,H8_reference,26.6141387031017,7.425719738006592,97.93728489353329,-19.188418965095106,19.188418965095106,outside,0.0,8.0,0.0,1.0
FCWD1:0002,FCWD1,H8_warp,26.6141387031017,7.202466011047363,102.16941584003452,-19.411672692054335,19.411672692054335,outside,7.0,1.0,2.0,0.9599376696491404
FCWD1:0002,FCWD1,H8_warp_student,26.6141387031017,7.457239151000977,97.36033616353447,-19.15689955210072,19.15689955210072,outside,7.0,1.0,2.0,0.9599376696491404
FCWD1:0003,FCWD1,H8_reference,26.06917738645454,12.442363739013672,42.26205552236732,-13.62681364744087,13.62681364744087,outside,0.0,8.0,0.0,1.0
FCWD1:0003,FCWD1,H8_warp,26.06917738645454,7.240090847015381,100.64930530591378,-18.82908653943916,18.82908653943916,outside,7.0,1.0,2.0,0.9316446124763704
FCWD1:0003,FCWD1,H8_warp_student,26.06917738645454,13.802868843078612,34.27918444508909,-12.26630854337593,12.26630854337593,outside,7.0,1.0,2.0,0.9316446124763704
FCWD1:0004,FCWD1,H8_reference,25.5243031730307,7.964540958404541,87.09610171202183,-17.559762214626158,17.559762214626158,outside,0.0,8.0,0.0,1.0
FCWD1:0004,FCWD1,H8_warp,25.5243031730307,6.228489398956299,122.60009824396946,-19.2958137740744,19.2958137740744,outside,7.0,1.0,2.0,0.9457602375978456
FCWD1:0004,FCWD1,H8_warp_student,25.5243031730307,8.598273277282715,77.72872885309847,-16.926029895747984,16.926029895747984,outside,7.0,1.0,2.0,0.9457602375978456
FCWD1:0005,FCWD1,H8_reference,24.62487189294075,6.199513912200928,121.92603420765438,-18.425357980739822,18.425357980739822,outside,0.0,8.0,0.0,1.0
FCWD1:0005,FCWD1,H8_warp,24.62487189294075,6.218080997467041,121.43650174062276,-18.40679089547371,18.40679089547371,outside,7.0,1.0,2.0,0.9457602375978456
FCWD1:0005,FCWD1,H8_warp_student,24.62487189294075,8.973705291748047,71.37021862651352,-15.651166601192703,15.651166601192703,outside,7.0,1.0,2.0,0.9457602375978456
FCWD1:0006,FCWD1,H8_reference,23.7254406128508,4.504611968994141,182.25794690572053,-19.22082864385666,19.22082864385666,outside,0.0,8.0,0.0,1.0
FCWD1:0006,FCWD1,H8_warp,23.7254406128508,5.445713996887207,143.09966424799532,-18.279726615963593,18.279726615963593,outside,7.0,1.0,2.0,0.9488678962363172
FCWD1:0006,FCWD1,H8_warp_student,23.7254406128508,7.396193981170654,93.8890877235425,-16.329246631680146,16.329246631680146,outside,7.0,1.0,2.0,0.9488678962363172
FCWD1:0007,FCWD1,H8_reference,22.96174145138112,5.60316276550293,136.43661312509096,-17.35857868587819,17.35857868587819,outside,0.0,8.0,0.0,1.0
FCWD1:0007,FCWD1,H8_warp,22.96174145138112,6.053008079528809,122.94118996106187,-16.90873337185231,16.90873337185231,outside,7.0,1.0,2.0,0.943724093624329
FCWD1:0007,FCWD1,H8_warp_student,22.96174145138112,8.474628448486328,75.05517731787576,-14.487113002894791,14.487113002894791,outside,7.0,1.0,2.0,0.943724093624329
FCWD1:0008,FCWD1,H8_reference,22.1979202054799,7.679501056671143,85.9210033441761,-14.518419148808757,14.518419148808757,outside,0.0,8.0,0.0,1.0
FCWD1:0008,FCWD1,H8_warp,22.1979202054799,5.813973426818848,128.34474011288887,-16.383946778661052,16.383946778661052,outside,7.0,1.0,2.0,0.9156510107015458
FCWD1:0008,FCWD1,H8_warp_student,22.1979202054799,7.070080280303955,97.29987918691067,-15.127839925175945,15.127839925175945,outside,7.0,1.0,2.0,0.9156510107015458
FCWD1:0009,FCWD1,H8_reference,21.45564606642724,7.925463676452637,80.26162529604942,-13.530182389974602,13.530182389974602,outside,0.0,8.0,0.0,1.0
FCWD1:0009,FCWD1,H8_warp,21.45564606642724,6.873943328857422,99.82872593159648,-14.581702737569817,14.581702737569817,outside,7.0,1.0,2.0,0.9000657462195923
FCWD1:0009,FCWD1,H8_warp_student,21.45564606642724,8.0579252243042,78.161182291692,-13.39772084212304,13.39772084212304,outside,7.0,1.0,2.0,0.9000657462195923
FCWD1:0010,FCWD1,H8_reference,20.7135202250069,7.165452003479004,92.1469636398857,-13.548068221527895,13.548068221527895,outside,0.0,8.0,0.0,1.0
FCWD1:0010,FCWD1,H8_warp,20.7135202250069,6.446793079376221,107.93695788042855,-14.266727145630679,14.266727145630679,outside,7.0,1.0,2.0,0.8823740362201901
FCWD1:0010,FCWD1,H8_warp_student,20.7135202250069,8.547606468200684,69.2869955960096,-12.165913756806216,12.165913756806216,outside,7.0,1.0,2.0,0.8823740362201901
FCWD1:0011,FCWD1,H8_reference,20.0786210359946,6.7209296226501465,99.9782986102881,-13.357691413344455,13.357691413344455,outside,0.0,8.0,0.0,1.0
FCWD1:0011,FCWD1,H8_warp,20.0786210359946,6.215285778045654,112.27338566379173,-13.863335257948947,13.863335257948947,outside,7.0,1.0,2.0,0.8982368122723655
FCWD1:0011,FCWD1,H8_warp_student,20.0786210359946,9.29969310760498,58.18409464852447,-10.77892792838962,10.77892792838962,outside,7.0,1.0,2.0,0.8982368122723655
FCWD1:0012,FCWD1,H8_reference,19.4437218469823,6.672967433929443,99.4293962351879,-12.770754413052856,12.770754413052856,outside,0.0,8.0,0.0,1.0
FCWD1:0012,FCWD1,H8_warp,19.4437218469823,6.133497714996338,112.81962869593069,-13.310224131985962,13.310224131985962,outside,7.0,1.0,2.0,0.9005847953216374
FCWD1:0012,FCWD1,H8_warp_student,19.4437218469823,9.705476760864258,52.00589706235458,-9.738245086118042,9.738245086118042,outside,7.0,1.0,2.0,0.9005847953216374
FCWD1:0013,FCWD1,H8_reference,18.802449164511245,8.012441635131836,72.26477426751215,-10.790007529379409,10.790007529379409,outside,0.0,8.0,0.0,1.0
FCWD1:0013,FCWD1,H8_warp,18.802449164511245,8.169370651245117,69.83731797523183,-10.633078513266128,10.633078513266128,outside,7.0,1.0,2.0,0.9163963432615748
FCWD1:0013,FCWD1,H8_warp_student,18.802449164511245,9.605355262756348,51.3278174953138,-9.197093901754897,9.197093901754897,outside,7.0,1.0,2.0,0.9163963432615748
FCWD1:0014,FCWD1,H8_reference,18.1610739686228,10.290155410766602,42.440566548660215,-7.8709185578562,7.8709185578562,outside,0.0,8.0,0.0,1.0
FCWD1:0014,FCWD1,H8_warp,18.1610739686228,9.270674705505373,53.23801907463273,-8.890399263117429,8.890399263117429,outside,7.0,1.0,2.0,0.9224923889431734
FCWD1:0014,FCWD1,H8_warp_student,18.1610739686228,11.255437850952148,34.02799996311858,-6.905636117670653,6.905636117670653,outside,7.0,1.0,2.0,0.9224923889431734
FCWD1:0015,FCWD1,H8_reference,17.655148534096508,9.18925666809082,52.61746237223157,-8.465891866005688,8.465891866005688,outside,0.0,8.0,0.0,1.0
FCWD1:0015,FCWD1,H8_warp,17.655148534096508,8.150396347045898,66.65059897501025,-9.50475218705061,9.50475218705061,outside,7.0,1.0,2.0,0.9233847913093196
FCWD1:0015,FCWD1,H8_warp_student,17.655148534096508,10.94785213470459,34.96012649791023,-6.707296399391918,6.707296399391918,outside,7.0,1.0,2.0,0.9233847913093196
FCWD1:0016,FCWD1,H8_reference,17.1493241775145,7.422835826873779,77.1530906665083,-9.726488350640722,9.726488350640722,outside,0.0,8.0,0.0,1.0
FCWD1:0016,FCWD1,H8_warp,17.1493241775145,8.648185729980469,57.82290622822324,-8.501138447534032,8.501138447534032,outside,7.0,1.0,2.0,0.9449667290250776
FCWD1:0016,FCWD1,H8_warp_student,17.1493241775145,10.48335075378418,37.36520894140222,-6.665973423730321,6.665973423730321,outside,7.0,1.0,2.0,0.9449667290250776
FCWD1:0017,FCWD1,H8_reference,16.728105074623453,9.398694038391112,47.008802584736124,-7.329411036232342,7.329411036232342,outside,0.0,8.0,0.0,1.0
FCWD1:0017,FCWD1,H8_warp,16.728105074623453,9.353976249694824,47.52293295949857,-7.374128824928629,7.374128824928629,outside,7.0,1.0,2.0,0.9497989083596668
FCWD1:0017,FCWD1,H8_warp_student,16.728105074623453,10.14639949798584,39.08698925492859,-6.581705576637614,6.581705576637614,outside,7.0,1.0,2.0,0.9497989083596668
FCWD1:0018,FCWD1,H8_reference,16.3068775561026,9.620755195617676,42.97329198297476,-6.686122360484923,6.686122360484923,outside,0.0,8.0,0.0,1.0
FCWD1:0018,FCWD1,H8_warp,16.3068775561026,10.109223365783691,37.89945047966768,-6.197654190318907,6.197654190318907,outside,7.0,1.0,2.0,0.9339029729538876
FCWD1:0018,FCWD1,H8_warp_student,16.3068775561026,10.780632019042969,31.679208885233002,-5.52624553705963,5.52624553705963,outside,7.0,1.0,2.0,0.9339029729538876
FCWD1:0019,FCWD1,H8_reference,16.011175220715586,9.515549659729004,42.99501789869505,-6.495625560986582,6.495625560986582,outside,0.0,8.0,0.0,1.0
FCWD1:0019,FCWD1,H8_warp,16.011175220715586,9.095057487487791,47.90650984325812,-6.916117733227795,6.916117733227795,outside,7.0,1.0,2.0,0.9339029729538876
FCWD1:0019,FCWD1,H8_warp_student,16.011175220715586,9.553471565246582,42.57344362171827,-6.457703655469004,6.457703655469004,outside,7.0,1.0,2.0,0.9339029729538876
FCWD1:0020,FCWD1,H8_reference,15.7154197046436,8.179569244384766,59.17421360917452,-7.535850460258834,7.535850460258834,outside,0.0,8.0,0.0,1.0
FCWD1:0020,FCWD1,H8_warp,15.7154197046436,8.583706855773926,53.34862679920903,-7.1317128488696735,7.1317128488696735,outside,7.0,1.0,2.0,0.9184027777777778
FCWD1:0020,FCWD1,H8_warp_student,15.7154197046436,9.656740188598633,40.259437355926245,-6.0586795160449665,6.0586795160449665,outside,7.0,1.0,2.0,0.9184027777777778
FCWD1:0021,FCWD1,H8_reference,15.281668219860146,6.464009761810303,90.25894377615019,-8.817658458049843,8.817658458049843,outside,0.0,8.0,0.0,1.0
FCWD1:0021,FCWD1,H8_warp,15.281668219860146,7.053287506103516,77.13958223183113,-8.22838071375663,8.22838071375663,outside,7.0,1.0,2.0,0.9344444444444444
FCWD1:0021,FCWD1,H8_warp_student,15.281668219860146,8.100412368774414,58.56591023975539,-7.181255851085732,7.181255851085732,outside,7.0,1.0,2.0,0.9344444444444444
FCWD1:0022,FCWD1,H8_reference,14.847986063213,8.471086502075195,51.17389749067464,-6.3768995611378045,6.3768995611378045,outside,0.0,8.0,0.0,1.0
FCWD1:0022,FCWD1,H8_warp,14.847986063213,8.520532608032227,50.480681663832605,-6.327453455180773,6.327453455180773,outside,7.0,1.0,2.0,0.9190629055392392
FCWD1:0022,FCWD1,H8_warp_student,14.847986063213,9.476545333862305,38.50737670969346,-5.371440729350695,5.371440729350695,outside,7.0,1.0,2.0,0.9190629055392392
FCWD1:0023,FCWD1,H8_reference,14.510834289323853,8.140473365783691,54.45115673022932,-6.3703609235401615,6.3703609235401615,outside,0.0,8.0,0.0,1.0
FCWD1:0023,FCWD1,H8_warp,14.510834289323853,8.201092720031738,53.531897489080954,-6.309741569292115,6.309741569292115,outside,7.0,1.0,2.0,0.9197124428916956
FCWD1:0023,FCWD1,H8_warp_student,14.510834289323853,8.757238388061523,45.69565961424851,-5.7535959012623294,5.7535959012623294,outside,7.0,1.0,2.0,0.9197124428916956
FCWD1:0024,FCWD1,H8_reference,14.1736757794047,8.9547758102417,41.49707631955553,-5.218899969163001,5.218899969163001,outside,0.0,8.0,0.0,1.0
FCWD1:0024,FCWD1,H8_warp,14.1736757794047,8.816557884216309,43.26769966862621,-5.3571178951883915,5.3571178951883915,outside,7.0,1.0,2.0,0.905567117585848
FCWD1:0024,FCWD1,H8_warp_student,14.1736757794047,10.977927207946776,20.70590706316251,-3.1957485714579246,3.1957485714579246,outside,7.0,1.0,2.0,0.905567117585848
FCWD1:0025,FCWD1,H8_reference,13.869447343848105,7.426614284515381,63.20351390695856,-6.442833059332724,6.442833059332724,outside,0.0,8.0,0.0,1.0
FCWD1:0025,FCWD1,H8_warp,13.869447343848105,6.515727519989014,82.30261003504671,-7.353719823859091,7.353719823859091,outside,7.0,1.0,2.0,0.8509704945616249
FCWD1:0025,FCWD1,H8_warp_student,13.869447343848105,7.15744686126709,68.3377107952461,-6.712000482581015,6.712000482581015,outside,7.0,1.0,2.0,0.8509704945616249
FCWD1:0026,FCWD1,H8_reference,13.5651641942272,7.169323921203613,66.47378577320906,-6.3958402730235875,6.3958402730235875,outside,0.0,8.0,0.0,1.0
FCWD1:0026,FCWD1,H8_warp,13.5651641942272,7.132408142089844,67.20595904142921,-6.432756052137357,6.432756052137357,outside,7.0,1.0,2.0,0.8779837559675119
FCWD1:0026,FCWD1,H8_warp_student,13.5651641942272,7.026721954345703,69.34494454943518,-6.538442239881498,6.538442239881498,outside,7.0,1.0,2.0,0.8779837559675119
FCWD1:0027,FCWD1,H8_reference,13.25182119743036,7.822098255157471,52.91967109077896,-5.429722942272889,5.429722942272889,outside,0.0,8.0,0.0,1.0
FCWD1:0027,FCWD1,H8_warp,13.25182119743036,7.647082805633545,55.883885657529994,-5.604738391796815,5.604738391796815,outside,7.0,1.0,2.0,0.8653326122228231
FCWD1:0027,FCWD1,H8_warp_student,13.25182119743036,8.813494682312012,38.363479695586406,-4.438326515118348,4.438326515118348,outside,7.0,1.0,2.0,0.8653326122228231
FCWD1:0028,FCWD1,H8_reference,12.9385408028745,7.197625637054443,62.32019049368255,-5.7409151658200575,5.7409151658200575,outside,0.0,8.0,0.0,1.0
FCWD1:0028,FCWD1,H8_warp,12.9385408028745,7.059520244598389,65.0768442324542,-5.879020558276112,5.879020558276112,outside,7.0,1.0,2.0,0.8928017856035712
FCWD1:0028,FCWD1,H8_warp_student,12.9385408028745,7.709341049194336,52.972697334045726,-5.229199753680165,5.229199753680165,outside,7.0,1.0,2.0,0.8928017856035712
FCWD1:0029,FCWD1,H8_reference,12.6892137436572,10.260964393615724,18.81546700092912,-2.428249350041476,2.428249350041476,outside,0.0,8.0,0.0,1.0
FCWD1:0029,FCWD1,H8_warp,12.6892137436572,10.060635566711426,20.775329748299026,-2.6285781769457746,2.6285781769457746,outside,7.0,1.0,2.0,0.8798149149690523
FCWD1:0029,FCWD1,H8_warp_student,12.6892137436572,9.952720642089844,21.863949690063798,-2.7364931015673566,2.7364931015673566,outside,7.0,1.0,2.0,0.8798149149690523
FCWD1:0030,FCWD1,H8_reference,12.4398866844399,7.866242408752441,47.229032382669345,-4.5736442756874585,4.5736442756874585,outside,0.0,8.0,0.0,1.0
FCWD1:0030,FCWD1,H8_warp,12.4398866844399,7.715671062469482,49.74214677597134,-4.7242156219704174,4.7242156219704174,outside,7.0,1.0,2.0,0.9228098456196911
FCWD1:0030,FCWD1,H8_warp_student,12.4398866844399,7.811468601226807,48.13195161634993,-4.628418083213093,4.628418083213093,outside,7.0,1.0,2.0,0.9228098456196911
FCWD1:0031,FCWD1,H8_reference,12.236523681703853,9.840596199035645,20.081397798298735,-2.395927482668208,2.395927482668208,outside,0.0,8.0,0.0,1.0
FCWD1:0031,FCWD1,H8_warp,12.236523681703853,9.359681129455566,25.357781414360755,-2.876842552248286,2.876842552248286,outside,7.0,1.0,2.0,0.9244900393653824
FCWD1:0031,FCWD1,H8_warp_student,12.236523681703853,9.492668151855469,23.844944612911295,-2.7438555298483838,2.7438555298483838,outside,7.0,1.0,2.0,0.9244900393653824
FCWD1:0032,FCWD1,H8_reference,12.0331281694957,9.37301254272461,23.81134706801735,-2.6601156267710913,2.6601156267710913,outside,0.0,8.0,0.0,1.0
FCWD1:0032,FCWD1,H8_warp,12.0331281694957,9.635658264160156,20.87231535425879,-2.3974699053355444,2.3974699053355444,outside,7.0,1.0,2.0,0.8980535520205514
FCWD1:0032,FCWD1,H8_warp_student,12.0331281694957,10.341773986816406,13.714595052247738,-1.6913541826792944,1.6913541826792944,outside,7.0,1.0,2.0,0.8980535520205514
FCWD1:0033,FCWD1,H8_reference,11.810184529024646,10.496320724487305,10.695023324070567,-1.3138638045373412,1.3138638045373412,outside,0.0,8.0,0.0,1.0
FCWD1:0033,FCWD1,H8_warp,11.810184529024646,7.304404258728027,52.816285618204546,-4.5057802702966185,4.5057802702966185,outside,7.0,1.0,2.0,0.8980535520205514
FCWD1:0033,FCWD1,H8_warp_student,11.810184529024646,7.889736175537109,42.5238505959767,-3.9204483534875365,3.9204483534875365,outside,7.0,1.0,2.0,0.8980535520205514
FCWD1:0034,FCWD1,H8_reference,11.587245342705,9.510957717895508,19.02218336359073,-2.076287624809492,2.076287624809492,outside,0.0,8.0,0.0,1.0
FCWD1:0034,FCWD1,H8_warp,11.587245342705,7.527413368225098,47.061734423500745,-4.059831974479902,4.059831974479902,outside,7.0,1.0,2.0,0.8962153267512929
FCWD1:0034,FCWD1,H8_warp_student,11.587245342705,10.242385864257812,11.436896837264399,-1.3448594784471872,1.3448594784471872,outside,7.0,1.0,2.0,0.8962153267512929
FCWD1:0035,FCWD1,H8_reference,11.376908161661651,9.111385345458984,22.073602434138362,-2.265522816202667,2.265522816202667,outside,0.0,8.0,0.0,1.0
FCWD1:0035,FCWD1,H8_warp,11.376908161661651,8.573390007019043,29.039637039276478,-2.8035181546426085,2.8035181546426085,outside,7.0,1.0,2.0,0.917728237791932
FCWD1:0035,FCWD1,H8_warp_student,11.376908161661651,10.595908164978027,6.5382989284489685,-0.7809999966836241,0.7809999966836241,outside,7.0,1.0,2.0,0.917728237791932
FCWD1:0036,FCWD1,H8_reference,11.166528949329,7.580135345458984,42.84494609146787,-3.5863936038700164,3.5863936038700164,outside,0.0,8.0,0.0,1.0
FCWD1:0036,FCWD1,H8_warp,11.166528949329,7.928834915161133,36.96727957542419,-3.237694034167868,3.237694034167868,outside,7.0,1.0,2.0,0.9110347955679388
FCWD1:0036,FCWD1,H8_warp_student,11.166528949329,10.970101356506348,1.6181380369884555,-0.1964275928226531,0.1964275928226531,outside,7.0,1.0,2.0,0.9110347955679388
FCWD1:0037,FCWD1,H8_reference,10.922790521669825,8.502257347106934,26.33961194804373,-2.420533174562891,2.420533174562891,outside,0.0,8.0,0.0,1.0
FCWD1:0037,FCWD1,H8_warp,10.922790521669825,7.651881217956543,39.574925402857104,-3.2709093037132817,3.2709093037132817,outside,7.0,1.0,2.0,0.9251340064770482
FCWD1:0037,FCWD1,H8_warp_student,10.922790521669825,9.250720977783203,16.714847156302937,-1.6720695438866215,1.6720695438866215,outside,7.0,1.0,2.0,0.9251340064770482
FCWD1:0038,FCWD1,H8_reference,10.6790959213472,7.763820171356201,35.55719582316076,-2.9152757499909985,2.9152757499909985,outside,0.0,8.0,0.0,1.0
FCWD1:0038,FCWD1,H8_warp,10.6790959213472,7.32072639465332,43.45793491111288,-3.3583695266938793,3.3583695266938793,outside,7.0,1.0,2.0,0.9291730493960472
FCWD1:0038,FCWD1,H8_warp_student,10.6790959213472,9.85629940032959,7.894077956236024,-0.8227965210176098,0.8227965210176098,outside,7.0,1.0,2.0,0.9291730493960472
FCWD1:0039,FCWD1,H8_reference,10.491458718235869,6.8633341789245605,51.000862791659024,-3.628124539311308,3.628124539311308,outside,0.0,8.0,0.0,1.0
FCWD1:0039,FCWD1,H8_warp,10.491458718235869,6.237372875213623,65.85020931536877,-4.254085843022246,4.254085843022246,outside,7.0,1.0,2.0,0.9239829337179256
FCWD1:0039,FCWD1,H8_warp_student,10.491458718235869,6.947813034057617,49.203234004000805,-3.5436456841782515,3.5436456841782515,outside,7.0,1.0,2.0,0.9239829337179256
FCWD1:0040,FCWD1,H8_reference,10.3038252638949,7.673045635223389,33.65769252804728,-2.6307796286715117,2.6307796286715117,outside,0.0,8.0,0.0,1.0
FCWD1:0040,FCWD1,H8_warp,10.3038252638949,7.084717273712158,44.629164752013324,-3.219107990182742,3.219107990182742,outside,7.0,1.0,2.0,0.9239829337179256
FCWD1:0040,FCWD1,H8_warp_student,10.3038252638949,8.131657600402832,26.21321781409648,-2.1721676634920684,2.1721676634920684,outside,7.0,1.0,2.0,0.9239829337179256
FCWD1:0041,FCWD1,H8_reference,10.148746922630176,7.736074924468994,31.08425901050989,-2.4126719981611817,2.4126719981611817,outside,0.0,8.0,0.0,1.0
FCWD1:0041,FCWD1,H8_warp,10.148746922630176,7.102783203125,42.76737643640219,-3.045963719505176,3.045963719505176,outside,7.0,1.0,2.0,0.9389459768042786
FCWD1:0041,FCWD1,H8_warp_student,10.148746922630176,8.81201457977295,15.107247659657714,-1.3367323428572266,1.3367323428572266,outside,7.0,1.0,2.0,0.9389459768042786
FCWD1:0042,FCWD1,H8_reference,9.99363759234775,8.355653762817383,19.833702225322494,-1.6379838295303664,1.6379838295303664,l,0.0,8.0,0.0,1.0
FCWD1:0042,FCWD1,H8_warp,9.99363759234775,8.55006217956543,17.07988875465253,-1.4435754127823195,1.4435754127823195,l,7.0,1.0,2.0,0.9394082840236686
FCWD1:0042,FCWD1,H8_warp_student,9.99363759234775,8.806543350219727,13.633888745922494,-1.1870942421280226,1.1870942421280226,l,7.0,1.0,2.0,0.9394082840236686
FCWD1:0043,FCWD1,H8_reference,9.864544915258644,7.011227130889893,41.764827836562546,-2.853317784368752,2.853317784368752,l,0.0,8.0,0.0,1.0
FCWD1:0043,FCWD1,H8_warp,9.864544915258644,7.307801723480225,35.894470452140574,-2.55674319177842,2.55674319177842,l,7.0,1.0,2.0,0.954378698224852
FCWD1:0043,FCWD1,H8_warp_student,9.864544915258644,7.437647819519043,33.4726727354758,-2.4268970957396014,2.4268970957396014,l,7.0,1.0,2.0,0.954378698224852
FCWD1:0044,FCWD1,H8_reference,9.73547545071037,8.142945289611816,20.317680104703378,-1.5925301610985532,1.5925301610985532,l,0.0,8.0,0.0,1.0
FCWD1:0044,FCWD1,H8_warp,9.73547545071037,7.893656730651855,24.24498187784972,-1.841818720058515,1.841818720058515,l,7.0,1.0,2.0,0.9547229182448576
FCWD1:0044,FCWD1,H8_warp_student,9.73547545071037,7.935278415679932,23.572002738658746,-1.800197035030438,1.800197035030438,l,7.0,1.0,2.0,0.9547229182448576
FCWD1:0045,FCWD1,H8_reference,9.576817596036244,7.535455703735352,28.62657762775594,-2.041361892300893,2.041361892300893,l,0.0,8.0,0.0,1.0
FCWD1:0045,FCWD1,H8_warp,9.576817596036244,7.392701148986816,31.223958471378964,-2.184116447049428,2.184116447049428,l,7.0,1.0,2.0,0.9547229182448576
FCWD1:0045,FCWD1,H8_warp_student,9.576817596036244,7.7052178382873535,25.66390285156593,-1.871599757748891,1.871599757748891,l,7.0,1.0,2.0,0.9547229182448576
FCWD1:0046,FCWD1,H8_reference,9.41816291115923,8.066667556762695,17.996200492323077,-1.3514953543965351,1.3514953543965351,l,0.0,8.0,0.0,1.0
FCWD1:0046,FCWD1,H8_warp,9.41816291115923,8.17302417755127,16.362886869234448,-1.245138733607961,1.245138733607961,l,7.0,1.0,2.0,0.9647756335735876
FCWD1:0046,FCWD1,H8_warp_student,9.41816291115923,8.279949188232422,14.76340012706608,-1.1382137229268086,1.1382137229268086,l,7.0,1.0,2.0,0.9647756335735876
FCWD1:0047,FCWD1,H8_reference,9.28843917195566,8.271547317504883,13.388655406986333,-1.016891854450778,1.016891854450778,l,0.0,8.0,0.0,1.0
FCWD1:0047,FCWD1,H8_warp,9.28843917195566,8.276433944702148,13.31640170795177,-1.0120052272535123,1.0120052272535123,l,7.0,1.0,2.0,0.9407541409915768
FCWD1:0047,FCWD1,H8_warp_student,9.28843917195566,8.799552917480469,6.048348494667594,-0.48888625447519196,0.48888625447519196,l,7.0,1.0,2.0,0.9407541409915768
FCWD1:0048,FCWD1,H8_reference,9.15868951029756,7.446633338928223,25.412323162655042,-1.712056171369337,1.712056171369337,l,0.0,8.0,0.0,1.0
FCWD1:0048,FCWD1,H8_warp,9.15868951029756,7.750256061553955,20.081256836618124,-1.4084334487436045,1.4084334487436045,l,7.0,1.0,2.0,0.9130864197530864
FCWD1:0048,FCWD1,H8_warp_student,9.15868951029756,7.767767429351807,19.786583062672193,-1.390922080945753,1.390922080945753,l,7.0,1.0,2.0,0.9130864197530864
FCWD1:0049,FCWD1,H8_reference,9.043660525036914,7.9456610679626465,15.462955777836799,-1.097999457074268,1.097999457074268,l,0.0,8.0,0.0,1.0
FCWD1:0049,FCWD1,H8_warp,9.043660525036914,8.278365135192871,10.341743489566749,-0.7652953898440433,0.7652953898440433,l,7.0,1.0,2.0,0.9272976680384089
FCWD1:0049,FCWD1,H8_warp_student,9.043660525036914,8.601029396057129,5.755740341292729,-0.4426311289797855,0.4426311289797855,l,7.0,1.0,2.0,0.9272976680384089
FCWD1:0050,FCWD1,H8_reference,8.92865222348256,7.924130916595459,14.368951600237066,-1.004521306887101,1.004521306887101,l,0.0,8.0,0.0,1.0
FCWD1:0050,FCWD1,H8_warp,8.92865222348256,8.483546257019043,5.94457283446705,-0.4451059664635171,0.4451059664635171,l,7.0,1.0,2.0,0.9004209068144281
FCWD1:0050,FCWD1,H8_warp_student,8.92865222348256,8.477380752563477,6.031325143971335,-0.4512714709190835,0.4512714709190835,l,7.0,1.0,2.0,0.9004209068144281
FCWD1:0051,FCWD1,H8_reference,8.824433488886486,7.888000011444092,13.616592467436059,-0.9364334774423941,0.9364334774423941,l,0.0,8.0,0.0,1.0
FCWD1:0051,FCWD1,H8_warp,8.824433488886486,7.7162275314331055,16.475398525819685,-1.1082059574533805,1.1082059574533805,l,7.0,1.0,2.0,0.9143268154936331
FCWD1:0051,FCWD1,H8_warp_student,8.824433488886486,7.771881103515625,15.535228132539588,-1.052552385370861,1.052552385370861,l,7.0,1.0,2.0,0.9143268154936331
FCWD1:0052,FCWD1,H8_reference,8.72021683645801,8.006935119628906,10.339537035514955,-0.713281716829103,0.713281716829103,l,0.0,8.0,0.0,1.0
FCWD1:0052,FCWD1,H8_warp,8.72021683645801,7.811652183532715,13.501682804970514,-0.9085646529252944,0.9085646529252944,l,7.0,1.0,2.0,0.901123713505566
FCWD1:0052,FCWD1,H8_warp_student,8.72021683645801,7.865962982177734,12.606385213487936,-0.8542538542802749,0.8542538542802749,l,7.0,1.0,2.0,0.901123713505566
FCWD1:0053,FCWD1,H8_reference,8.598426102067643,7.806940078735352,11.936666973147194,-0.7914860233322916,0.7914860233322916,l,0.0,8.0,0.0,1.0
FCWD1:0053,FCWD1,H8_warp,8.598426102067643,7.487668991088867,17.470819686814956,-1.110757110978776,1.110757110978776,l,7.0,1.0,2.0,0.9143268154936331
FCWD1:0053,FCWD1,H8_warp_student,8.598426102067643,7.738053321838379,13.09184022120994,-0.8603727802292642,0.8603727802292642,l,7.0,1.0,2.0,0.9143268154936331
FCWD1:0054,FCWD1,H8_reference,8.47665483394986,8.58937931060791,1.5665772207561908,0.11272447665804997,0.11272447665804997,l,0.0,8.0,0.0,1.0
FCWD1:0054,FCWD1,H8_warp,8.47665483394986,8.426278114318848,0.7137382524786788,-0.050376719631012534,0.050376719631012534,l,7.0,1.0,2.0,0.915532322343564
FCWD1:0054,FCWD1,H8_warp_student,8.47665483394986,8.329026222229004,2.1161752820381476,-0.14762861172085628,0.14762861172085628,l,7.0,1.0,2.0,0.915532322343564
FCWD1:0055,FCWD1,H8_reference,8.343589662097763,7.719488620758057,9.812124726407655,-0.6241010413397063,0.6241010413397063,l,0.0,8.0,0.0,1.0
FCWD1:0055,FCWD1,H8_warp,8.343589662097763,7.555355072021484,12.663658857641948,-0.7882345900762786,0.7882345900762786,l,7.0,1.0,2.0,0.9298469387755102
FCWD1:0055,FCWD1,H8_warp_student,8.343589662097763,7.523976802825928,13.223062579694362,-0.8196128592718352,0.8196128592718352,l,7.0,1.0,2.0,0.9298469387755102
FCWD1:0056,FCWD1,H8_reference,8.21052449024566,8.004151344299316,3.1794938758043614,-0.20637314594634404,0.20637314594634404,l,0.0,8.0,0.0,1.0
FCWD1:0056,FCWD1,H8_warp,8.21052449024566,8.119029998779297,1.3895431407980399,-0.09149449146636357,0.09149449146636357,l,7.0,1.0,2.0,0.9167043911272068
FCWD1:0056,FCWD1,H8_warp_student,8.21052449024566,8.61916446685791,5.843860482091165,0.4086399766122497,0.4086399766122497,l,7.0,1.0,2.0,0.9167043911272068
FCWD1:0057,FCWD1,H8_reference,8.05393418321318,7.172037601470947,15.471378885191493,-0.8818965817422324,0.8818965817422324,l,0.0,8.0,0.0,1.0
FCWD1:0057,FCWD1,H8_warp,8.05393418321318,7.217917919158935,14.57260509429771,-0.836016264054245,0.836016264054245,l,7.0,1.0,2.0,0.9440671998390424
FCWD1:0057,FCWD1,H8_warp_student,8.05393418321318,7.208190441131592,14.762199338049735,-0.8457437420815879,0.8457437420815879,l,7.0,1.0,2.0,0.9440671998390424
FCWD1:0058,FCWD1,H8_reference,7.8973188437601,6.893505573272705,18.692756687151995,-1.0038132704873952,1.0038132704873952,l,0.0,8.0,0.0,1.0
FCWD1:0058,FCWD1,H8_warp,7.8973188437601,7.09060525894165,14.601847383403488,-0.8067135848184499,0.8067135848184499,l,7.0,1.0,2.0,0.930817298155128
FCWD1:0058,FCWD1,H8_warp_student,7.8973188437601,7.094984531402588,14.5135528498639,-0.8023343123575124,0.8023343123575124,l,7.0,1.0,2.0,0.930817298155128
FCWD1:0059,FCWD1,H8_reference,7.766340076819543,7.197356224060059,10.317224469742897,-0.5689838527594846,0.5689838527594846,l,0.0,8.0,0.0,1.0
FCWD1:0059,FCWD1,H8_warp,7.766340076819543,7.87843132019043,1.855682005348358,0.1120912433708865,0.1120912433708865,l,7.0,1.0,2.0,0.9178443933688688
FCWD1:0059,FCWD1,H8_warp_student,7.766340076819543,7.797142028808594,0.5152802829863461,0.030801951989050558,0.030801951989050558,l,7.0,1.0,2.0,0.9178443933688688
FCWD1:0060,FCWD1,H8_reference,7.63538224470947,6.482239246368408,23.635563540532427,-1.1531429983410622,1.1531429983410622,l,0.0,8.0,0.0,1.0
FCWD1:0060,FCWD1,H8_warp,7.63538224470947,7.3470354080200195,5.2096781383360184,-0.2883468366894508,0.2883468366894508,l,7.0,1.0,2.0,0.8926991676575505
FCWD1:0060,FCWD1,H8_warp_student,7.63538224470947,7.284072399139404,6.402503154258662,-0.35130984557006606,0.35130984557006606,l,7.0,1.0,2.0,0.8926991676575505
FCWD1:0061,FCWD1,H8_reference,7.512052067370158,6.967597007751465,10.547986836276259,-0.5444550596186932,0.5444550596186932,l,0.0,8.0,0.0,1.0
FCWD1:0061,FCWD1,H8_warp,7.512052067370158,7.0482048988342285,8.882818760458429,-0.46384716853592955,0.46384716853592955,l,7.0,1.0,2.0,0.9064083317695628
FCWD1:0061,FCWD1,H8_warp_student,7.512052067370158,6.964361190795898,10.615641747112742,-0.5476908765742596,0.5476908765742596,l,7.0,1.0,2.0,0.9064083317695628
FCWD1:0062,FCWD1,H8_reference,7.38872189003085,6.542348861694336,17.76488659835195,-0.8463730283365143,0.8463730283365143,l,0.0,8.0,0.0,1.0
FCWD1:0062,FCWD1,H8_warp,7.38872189003085,6.813912868499756,11.580493397912155,-0.5748090215310944,0.5748090215310944,l,7.0,1.0,2.0,0.90702947845805
FCWD1:0062,FCWD1,H8_warp_student,7.38872189003085,6.920145511627197,9.294276585039805,-0.46857637840365296,0.46857637840365296,l,7.0,1.0,2.0,0.90702947845805
FCWD1:0063,FCWD1,H8_reference,7.273705483619834,6.814897537231445,9.389272149089509,-0.4588079463883883,0.4588079463883883,l,0.0,8.0,0.0,1.0
FCWD1:0063,FCWD1,H8_warp,7.273705483619834,6.778962135314941,10.178744730339698,-0.4947433483048922,0.4947433483048922,l,7.0,1.0,2.0,0.8955002026935723
FCWD1:0063,FCWD1,H8_warp_student,7.273705483619834,6.677278518676758,12.459044937836502,-0.5964269649430758,0.5964269649430758,l,7.0,1.0,2.0,0.8955002026935723
FCWD1:0064,FCWD1,H8_reference,7.15867069076386,6.564413547515869,12.833177337959363,-0.5942571432479911,0.5942571432479911,l,0.0,8.0,0.0,1.0
FCWD1:0064,FCWD1,H8_warp,7.15867069076386,6.530665397644043,13.632607930228938,-0.6280052931198172,0.6280052931198172,l,7.0,1.0,2.0,0.8836
FCWD1:0064,FCWD1,H8_warp_student,7.15867069076386,6.489278316497803,14.624430579976925,-0.6693923742660575,0.6693923742660575,l,7.0,1.0,2.0,0.8836
FCWD1:0065,FCWD1,H8_reference,7.029760855418206,6.6927361488342285,7.269384338726166,-0.33702470658397754,0.33702470658397754,l,0.0,8.0,0.0,1.0
FCWD1:0065,FCWD1,H8_warp,7.029760855418206,6.603129386901856,9.327974925091853,-0.4266314685163497,0.4266314685163497,l,7.0,1.0,2.0,0.8843471777553616
FCWD1:0065,FCWD1,H8_warp_student,7.029760855418206,6.531421184539795,11.016375193951337,-0.49833967087841113,0.49833967087841113,l,7.0,1.0,2.0,0.8843471777553616
FCWD1:0066,FCWD1,H8_reference,6.90087162421789,6.874580383300781,0.5623575428953704,-0.026291240917108993,0.026291240917108993,l,0.0,8.0,0.0,1.0
FCWD1:0066,FCWD1,H8_warp,6.90087162421789,6.504668712615967,8.960298112841384,-0.39620291160192345,0.39620291160192345,l,7.0,1.0,2.0,0.8850848337950139
FCWD1:0066,FCWD1,H8_warp_student,6.90087162421789,6.517233848571777,8.659274419049249,-0.3836377756461129,0.3836377756461129,l,7.0,1.0,2.0,0.8850848337950139
FCWD1:0067,FCWD1,H8_reference,6.796527259432062,6.643346309661865,3.4438403052455304,-0.15318094977019658,0.15318094977019658,l,0.0,8.0,0.0,1.0
FCWD1:0067,FCWD1,H8_warp,6.796527259432062,6.486147880554199,7.148445160002071,-0.3103793788778626,0.3103793788778626,l,7.0,1.0,2.0,0.8865322988699612
FCWD1:0067,FCWD1,H8_warp_student,6.796527259432062,6.491712093353272,7.014229684384459,-0.30481516607878945,0.30481516607878945,l,7.0,1.0,2.0,0.8865322988699612
FCWD1:0068,FCWD1,H8_reference,6.69218289464623,6.0420026779174805,16.33722534817996,-0.6501802167287494,0.6501802167287494,l,0.0,8.0,0.0,1.0
FCWD1:0068,FCWD1,H8_warp,6.69218289464623,6.101462364196777,14.697314560283905,-0.5907205304494525,0.5907205304494525,l,7.0,1.0,2.0,0.8872424557752341
FCWD1:0068,FCWD1,H8_warp_student,6.69218289464623,6.235132217407227,11.125793954838876,-0.4570506772390033,0.4570506772390033,l,7.0,1.0,2.0,0.8872424557752341
FCWD1:0069,FCWD1,H8_reference,6.600141750467439,6.551064014434815,1.1525900805021625,-0.049077736032623775,0.049077736032623775,l,0.0,8.0,0.0,1.0
FCWD1:0069,FCWD1,H8_warp,6.600141750467439,6.564525604248047,0.8347162667508672,-0.03561614621939224,0.03561614621939224,l,7.0,1.0,2.0,0.8766684246825429
FCWD1:0069,FCWD1,H8_warp_student,6.600141750467439,6.655663013458252,1.2832678631165273,0.055521262990812836,0.055521262990812836,l,7.0,1.0,2.0,0.8766684246825429
FCWD1:0070,FCWD1,H8_reference,6.50808589265358,6.007568836212158,13.009909565438877,-0.5005170564414216,0.5005170564414216,l,0.0,8.0,0.0,1.0
FCWD1:0070,FCWD1,H8_warp,6.50808589265358,6.3077898025512695,4.956493707220198,-0.2002960901023103,0.2002960901023103,l,7.0,1.0,2.0,0.8893206216952412
FCWD1:0070,FCWD1,H8_warp_student,6.50808589265358,6.477505207061768,0.7367618353371248,-0.030580685591812262,0.030580685591812262,l,7.0,1.0,2.0,0.8893206216952412
FCWD1:0071,FCWD1,H8_reference,6.405548672864254,6.322366237640381,2.086769167018998,-0.08318243522387281,0.08318243522387281,l,0.0,8.0,0.0,1.0
FCWD1:0071,FCWD1,H8_warp,6.405548672864254,6.547938346862793,3.4480706489071338,0.1423896739985393,0.1423896739985393,l,7.0,1.0,2.0,0.87890625
FCWD1:0071,FCWD1,H8_warp_student,6.405548672864254,6.659237861633301,6.039811575647095,0.2536891887690471,0.2536891887690471,l,7.0,1.0,2.0,0.87890625
FCWD1:0072,FCWD1,H8_reference,6.30302784198563,6.876768589019775,13.441125958539631,0.5737407470341456,0.5737407470341456,l,0.0,8.0,0.0,1.0
FCWD1:0072,FCWD1,H8_warp,6.30302784198563,6.6438822746276855,8.267301053231177,0.3408544326420557,0.3408544326420557,l,7.0,1.0,2.0,0.8906640625
FCWD1:0072,FCWD1,H8_warp_student,6.30302784198563,6.765951633453369,11.023956171367574,0.4629237914677393,0.4629237914677393,l,7.0,1.0,2.0,0.8906640625
FCWD1:0073,FCWD1,H8_reference,6.207938884037292,6.715768814086914,12.372548898706722,0.5078299300496223,0.5078299300496223,l,0.0,8.0,0.0,1.0
FCWD1:0073,FCWD1,H8_warp,6.207938884037292,6.538847923278809,8.28195484168485,0.3309090392415168,0.3309090392415168,l,7.0,1.0,2.0,0.9025
FCWD1:0073,FCWD1,H8_warp_student,6.207938884037292,6.579187393188477,9.234156833854302,0.3712485091511848,0.3712485091511848,l,7.0,1.0,2.0,0.9025
FCWD1:0074,FCWD1,H8_reference,6.11284992608895,5.908988952636719,5.739382567745942,-0.20386097345223142,0.20386097345223142,l,0.0,8.0,0.0,1.0
FCWD1:0074,FCWD1,H8_warp,6.11284992608895,5.7270355224609375,11.21015450817428,-0.38581440362801267,0.38581440362801267,l,7.0,1.0,2.0,0.9283071837120218
FCWD1:0074,FCWD1,H8_warp_student,6.11284992608895,5.835812091827393,7.898214346472137,-0.2770378342615576,0.2770378342615576,l,7.0,1.0,2.0,0.9283071837120218
FCWD1:0075,FCWD1,H8_reference,6.025356299112974,5.32520055770874,22.213986151365766,-0.7001557414042336,0.7001557414042336,l,0.0,8.0,0.0,1.0
FCWD1:0075,FCWD1,H8_warp,6.025356299112974,5.626885414123535,11.958417199466956,-0.3984708849894387,0.3984708849894387,l,7.0,1.0,2.0,0.9268546738165966
FCWD1:0075,FCWD1,H8_warp_student,6.025356299112974,5.345596790313721,21.483797736527137,-0.6797595087992532,0.6797595087992532,l,7.0,1.0,2.0,0.9268546738165966
FCWD1:0076,FCWD1,H8_reference,5.93784868546495,5.6152753829956055,9.84505829216189,-0.3225733024693449,0.3225733024693449,s,0.0,8.0,0.0,1.0
FCWD1:0076,FCWD1,H8_warp,5.93784868546495,5.818244457244873,3.521909641971584,-0.11960422822007732,0.11960422822007732,s,7.0,1.0,2.0,0.94308182947603
FCWD1:0076,FCWD1,H8_warp_student,5.93784868546495,5.993898868560791,1.6016956998928662,0.056050183095840644,0.056050183095840644,s,7.0,1.0,2.0,0.94308182947603
FCWD1:0077,FCWD1,H8_reference,5.839342599024738,5.430807113647461,13.115595909800811,-0.4085354853772767,0.4085354853772767,s,0.0,8.0,0.0,1.0
FCWD1:0077,FCWD1,H8_warp,5.839342599024738,5.259644508361816,19.222092543747586,-0.5796980906629212,0.5796980906629212,s,7.0,1.0,2.0,0.9281677572873288
FCWD1:0077,FCWD1,H8_warp_student,5.839342599024738,5.520575523376465,10.065735384209018,-0.3187670756482728,0.3187670756482728,s,7.0,1.0,2.0,0.9281677572873288
FCWD1:0078,FCWD1,H8_reference,5.74085225718397,5.307243824005127,14.494347108193924,-0.43360843317884346,0.43360843317884346,s,0.0,8.0,0.0,1.0
FCWD1:0078,FCWD1,H8_warp,5.74085225718397,5.45831298828125,9.180683120821355,-0.2825392689027204,0.2825392689027204,s,7.0,1.0,2.0,0.9174408477282624
FCWD1:0078,FCWD1,H8_warp_student,5.74085225718397,5.553059101104736,5.996984916129579,-0.18779315607923408,0.18779315607923408,s,7.0,1.0,2.0,0.9174408477282624
FCWD1:0079,FCWD1,H8_reference,5.662271816993134,5.913417816162109,7.632551463183403,0.2511459991689753,0.2511459991689753,s,0.0,8.0,0.0,1.0
FCWD1:0079,FCWD1,H8_warp,5.662271816993134,6.051300525665283,11.551273446424663,0.3890287086721491,0.3890287086721491,s,7.0,1.0,2.0,0.8957270408163265
FCWD1:0079,FCWD1,H8_warp_student,5.662271816993134,6.027167320251465,10.87844477482329,0.36489550325833076,0.36489550325833076,s,7.0,1.0,2.0,0.8957270408163265
FCWD1:0080,FCWD1,H8_reference,5.5836913768023,5.232213020324707,12.257624382024552,-0.3514783564775934,0.3514783564775934,s,0.0,8.0,0.0,1.0
FCWD1:0080,FCWD1,H8_warp,5.5836913768023,5.330403327941895,8.669016992070357,-0.253288048860405,0.253288048860405,s,7.0,1.0,2.0,0.8851580827001856
FCWD1:0080,FCWD1,H8_warp_student,5.5836913768023,5.431304931640625,5.117764215481213,-0.15238644516167543,0.15238644516167543,s,7.0,1.0,2.0,0.8851580827001856
FCWD1:0081,FCWD1,H8_reference,5.489835439251447,5.490510940551758,0.022826400177602957,0.000675501300310799,0.000675501300310799,s,0.0,8.0,0.0,1.0
FCWD1:0081,FCWD1,H8_warp,5.489835439251447,5.629564762115479,4.604020517178959,0.1397293228640324,0.1397293228640324,s,7.0,1.0,2.0,0.8545497566252028
FCWD1:0081,FCWD1,H8_warp_student,5.489835439251447,5.639025688171387,4.907432017360221,0.1491902489199397,0.1491902489199397,s,7.0,1.0,2.0,0.8545497566252028
FCWD1:0082,FCWD1,H8_reference,5.39596449795388,5.981458187103272,18.465838788040077,0.5854936891493923,0.5854936891493923,s,0.0,8.0,0.0,1.0
FCWD1:0082,FCWD1,H8_warp,5.39596449795388,6.465587615966797,31.18891593254404,1.0696231180129168,1.0696231180129168,s,7.0,1.0,2.0,0.8864607913546049
FCWD1:0082,FCWD1,H8_warp_student,5.39596449795388,6.301671028137207,27.10179559432282,0.9057065301833269,0.9057065301833269,s,7.0,1.0,2.0,0.8864607913546049
FCWD1:0083,FCWD1,H8_reference,5.314058718911291,6.6724724769592285,38.96932468021492,1.3584137580479378,1.3584137580479378,s,0.0,8.0,0.0,1.0
FCWD1:0083,FCWD1,H8_warp,5.314058718911291,6.965981483459473,45.37804279284659,1.651922764548182,1.651922764548182,s,7.0,1.0,2.0,0.856156691769058
FCWD1:0083,FCWD1,H8_warp_student,5.314058718911291,6.976792812347412,45.6037345637731,1.6627340934361214,1.6627340934361214,s,7.0,1.0,2.0,0.856156691769058
FCWD1:0084,FCWD1,H8_reference,5.23215457624972,6.6916279792785645,42.40757841328666,1.459473403028844,1.459473403028844,s,0.0,8.0,0.0,1.0
FCWD1:0084,FCWD1,H8_warp,5.23215457624972,6.239643096923828,31.412199220407917,1.0074885206741078,1.0074885206741078,s,7.0,1.0,2.0,0.8782367346938775
FCWD1:0084,FCWD1,H8_warp_student,5.23215457624972,6.340014934539795,33.990434112843964,1.1078603582900746,1.1078603582900746,s,7.0,1.0,2.0,0.8782367346938775
FCWD1:0085,FCWD1,H8_reference,5.136383676269721,5.831238269805908,23.632032414690023,0.6948545935361876,0.6948545935361876,s,0.0,8.0,0.0,1.0
FCWD1:0085,FCWD1,H8_warp,5.136383676269721,5.825655460357666,23.464822057155942,0.6892717840879454,0.6892717840879454,s,7.0,1.0,2.0,0.8795684509559832
FCWD1:0085,FCWD1,H8_warp_student,5.136383676269721,6.128439426422119,32.09004752733446,0.9920557501523986,0.9920557501523986,s,7.0,1.0,2.0,0.8795684509559832
FCWD1:0086,FCWD1,H8_reference,5.04059555234032,6.495644092559815,45.23694618005326,1.4550485402194955,1.4550485402194955,s,0.0,8.0,0.0,1.0
FCWD1:0086,FCWD1,H8_warp,5.04059555234032,6.622015476226807,48.22033237876699,1.5814199238864868,1.5814199238864868,s,7.0,1.0,2.0,0.8808713835398396
FCWD1:0086,FCWD1,H8_warp_student,5.04059555234032,6.6755452156066895,49.449751222140854,1.6349496632663696,1.6349496632663696,s,7.0,1.0,2.0,0.8808713835398396
FCWD1:0087,FCWD1,H8_reference,4.990296981197205,5.766505718231201,27.48739275482113,0.7762087370339961,0.7762087370339961,s,0.0,8.0,0.0,1.0
FCWD1:0087,FCWD1,H8_warp,4.990296981197205,5.8852219581604,31.046611377341904,0.8949249769631953,0.8949249769631953,s,7.0,1.0,2.0,0.8622448979591837
FCWD1:0087,FCWD1,H8_warp_student,4.990296981197205,5.788727283477783,28.164818215469406,0.7984303022805781,0.7984303022805781,s,7.0,1.0,2.0,0.8622448979591837
FCWD1:0088,FCWD1,H8_reference,4.94000845911631,5.245644569396973,12.03090807774726,0.3056361102806626,0.3056361102806626,s,0.0,8.0,0.0,1.0
FCWD1:0088,FCWD1,H8_warp,4.94000845911631,5.019266128540039,3.262001215041388,0.07925766942372903,0.07925766942372903,s,7.0,1.0,2.0,0.863687381852552
FCWD1:0088,FCWD1,H8_warp_student,4.94000845911631,5.558722019195557,22.97045853655928,0.6187135600792466,0.6187135600792466,s,7.0,1.0,2.0,0.863687381852552
FCWD1:0089,FCWD1,H8_reference,4.896003949611688,5.122279644012451,9.206512720150752,0.2262756944007629,0.2262756944007629,s,0.0,8.0,0.0,1.0
FCWD1:0089,FCWD1,H8_warp,4.896003949611688,4.922149181365967,1.107475539221872,0.02614523175427852,0.02614523175427852,s,7.0,1.0,2.0,0.8361977751722954
FCWD1:0089,FCWD1,H8_warp_student,4.896003949611688,5.579756259918213,25.518186571620443,0.6837523103065246,0.6837523103065246,s,7.0,1.0,2.0,0.8361977751722954
FCWD1:0090,FCWD1,H8_reference,4.85199856093122,4.774664402008057,3.4089940069407727,-0.07733415892316309,0.07733415892316309,s,0.0,8.0,0.0,1.0
FCWD1:0090,FCWD1,H8_warp,4.85199856093122,4.8023762702941895,2.1746608925308704,-0.049622290637030275,0.049622290637030275,s,7.0,1.0,2.0,0.8475686570924666
FCWD1:0090,FCWD1,H8_warp_student,4.85199856093122,4.719596862792969,5.905281110458599,-0.13240169813825098,0.13240169813825098,s,7.0,1.0,2.0,0.8475686570924666
FCWD1:0091,FCWD1,H8_reference,4.791769487961034,5.240435123443604,18.23151835868373,0.44866563548257066,0.44866563548257066,s,0.0,8.0,0.0,1.0
FCWD1:0091,FCWD1,H8_warp,4.791769487961034,5.0357208251953125,10.320025619010194,0.24395133723427875,0.24395133723427875,s,7.0,1.0,2.0,0.8394780844823333
FCWD1:0091,FCWD1,H8_warp_student,4.791769487961034,5.588549137115479,30.341947954751063,0.7967796491544457,0.7967796491544457,s,7.0,1.0,2.0,0.8394780844823333
FCWD1:0092,FCWD1,H8_reference,4.73152837952675,4.439444065093994,14.215559827544348,-0.2920843144327563,0.2920843144327563,s,0.0,8.0,0.0,1.0
FCWD1:0092,FCWD1,H8_warp,4.73152837952675,4.38377571105957,17.142336011250098,-0.3477526684671801,0.3477526684671801,s,7.0,1.0,2.0,0.8587758011019435
FCWD1:0092,FCWD1,H8_warp_student,4.73152837952675,4.946071147918701,9.361078828940133,0.21454276839195074,0.21454276839195074,s,7.0,1.0,2.0,0.8587758011019435
FCWD1:0093,FCWD1,H8_reference,4.6843063545196175,4.2050604820251465,24.891605209213797,-0.47924587249447104,0.47924587249447104,s,0.0,8.0,0.0,1.0
FCWD1:0093,FCWD1,H8_warp,4.6843063545196175,4.322700500488281,18.264307815862754,-0.36160585403133627,0.36160585403133627,s,7.0,1.0,2.0,0.8630571516612591
FCWD1:0093,FCWD1,H8_warp_student,4.6843063545196175,4.973228454589844,12.664664283647992,0.28892210007022623,0.28892210007022623,s,7.0,1.0,2.0,0.8630571516612591
FCWD1:0094,FCWD1,H8_reference,4.63709282064621,3.886197566986084,42.677918434065006,-0.7508952536601257,0.7508952536601257,s,0.0,8.0,0.0,1.0
FCWD1:0094,FCWD1,H8_warp,4.63709282064621,4.105278491973877,28.593050312358365,-0.5318143286723327,0.5318143286723327,s,7.0,1.0,2.0,0.8617791019365822
FCWD1:0094,FCWD1,H8_warp_student,4.63709282064621,4.664943695068359,1.3157888209719415,0.02785087442214973,0.02785087442214973,s,7.0,1.0,2.0,0.8617791019365822
FCWD1:0095,FCWD1,H8_reference,4.590671756188078,3.614213943481445,60.34454570259775,-0.976457812706633,0.976457812706633,s,0.0,8.0,0.0,1.0
FCWD1:0095,FCWD1,H8_warp,4.590671756188078,3.430372714996338,75.6063109619736,-1.16029904119174,1.16029904119174,s,7.0,1.0,2.0,0.8677666623359751
FCWD1:0095,FCWD1,H8_warp_student,4.590671756188078,4.176505565643311,22.10702114919933,-0.41416619054476644,0.41416619054476644,s,7.0,1.0,2.0,0.8677666623359751
FCWD1:0096,FCWD1,H8_reference,4.54425161916815,4.678092002868652,6.435466339837874,0.13384038370050266,0.13384038370050266,s,0.0,8.0,0.0,1.0
FCWD1:0096,FCWD1,H8_warp,4.54425161916815,4.695034980773926,7.223689660313289,0.1507833616057761,0.1507833616057761,s,7.0,1.0,2.0,0.8815049062921453
FCWD1:0096,FCWD1,H8_warp_student,4.54425161916815,5.30164098739624,32.09321077502755,0.7573893682280906,0.7573893682280906,s,7.0,1.0,2.0,0.8815049062921453
FCWD1:0097,FCWD1,H8_reference,4.4953682429631,4.3294291496276855,8.72393124024394,-0.1659390933354148,0.1659390933354148,s,0.0,8.0,0.0,1.0
FCWD1:0097,FCWD1,H8_warp,4.4953682429631,4.167628288269043,17.907458097297276,-0.32773995469405737,0.32773995469405737,s,7.0,1.0,2.0,0.8841612831365561
FCWD1:0097,FCWD1,H8_warp_student,4.4953682429631,4.798494815826416,14.361897123852108,0.3031265728633157,0.3031265728633157,s,7.0,1.0,2.0,0.8841612831365561
FCWD1:0098,FCWD1,H8_reference,4.44647607531098,5.054064750671387,27.62050824452248,0.6075886753604065,0.6075886753604065,s,0.0,8.0,0.0,1.0
FCWD1:0098,FCWD1,H8_warp,4.44647607531098,5.147608757019043,31.287999740689312,0.7011326817080628,0.7011326817080628,s,7.0,1.0,2.0,0.8680785246876859
FCWD1:0098,FCWD1,H8_warp_student,4.44647607531098,5.569766044616699,46.2926469919624,1.123289969305719,1.123289969305719,s,7.0,1.0,2.0,0.8680785246876859
FCWD1:0099,FCWD1,H8_reference,4.401428973287,5.948255062103272,60.27395086438025,1.5468260888162728,1.5468260888162728,s,0.0,8.0,0.0,1.0
FCWD1:0099,FCWD1,H8_warp,4.401428973287,5.34331750869751,40.89661958387253,0.9418885354105102,0.9418885354105102,s,7.0,1.0,2.0,0.8513850965016686
FCWD1:0099,FCWD1,H8_warp_student,4.401428973287,5.96408748626709,60.72785824981715,1.5626585129800903,1.5626585129800903,s,7.0,1.0,2.0,0.8513850965016686
FCWD1:0100,FCWD1,H8_reference,4.35639087114355,5.312338352203369,42.18813975208509,0.9559474810598187,0.9559474810598187,s,0.0,8.0,0.0,1.0
FCWD1:0100,FCWD1,H8_warp,4.35639087114355,4.994633197784424,29.97708455224745,0.6382423266408734,0.6382423266408734,s,7.0,1.0,2.0,0.8351686087772716
FCWD1:0100,FCWD1,H8_warp_student,4.35639087114355,5.34527063369751,43.37007546421172,0.9888797625539594,0.9888797625539594,s,7.0,1.0,2.0,0.8351686087772716
FCWD1:0101,FCWD1,H8_reference,4.310931398306652,5.6189961433410645,55.130843776392545,1.3080647450344127,1.3080647450344127,s,0.0,8.0,0.0,1.0
FCWD1:0101,FCWD1,H8_warp,4.310931398306652,5.1503729820251465,38.630871259587444,0.8394415837184948,0.8394415837184948,s,7.0,1.0,2.0,0.8280137463219605
FCWD1:0101,FCWD1,H8_warp_student,4.310931398306652,5.906667232513428,63.95152383877237,1.595735834206776,1.595735834206776,s,7.0,1.0,2.0,0.8280137463219605
FCWD1:0102,FCWD1,H8_reference,4.26547283369649,4.414120197296143,8.08115167014685,0.14864736359965214,0.14864736359965214,s,0.0,8.0,0.0,1.0
FCWD1:0102,FCWD1,H8_warp,4.26547283369649,4.195365905761719,4.012489538366242,-0.07010692793477169,0.07010692793477169,s,7.0,1.0,2.0,0.8303126910647218
FCWD1:0102,FCWD1,H8_warp_student,4.26547283369649,4.4630866050720215,10.623970810831572,0.19761377137553104,0.19761377137553104,s,7.0,1.0,2.0,0.8303126910647218
FCWD1:0103,FCWD1,H8_reference,4.22844148435276,5.637073993682861,60.34576367079273,1.4086325093301015,1.4086325093301015,s,0.0,8.0,0.0,1.0
FCWD1:0103,FCWD1,H8_warp,4.22844148435276,5.403940677642822,52.551363783506844,1.1754991932900625,1.1754991932900625,s,7.0,1.0,2.0,0.8287064507925744
FCWD1:0103,FCWD1,H8_warp_student,4.22844148435276,5.521543025970459,56.56621717432902,1.2931015416176992,1.2931015416176992,s,7.0,1.0,2.0,0.8287064507925744
FCWD1:0104,FCWD1,H8_reference,4.19141605386931,5.262607097625732,49.62657096427486,1.0711910437564223,1.0711910437564223,s,0.0,8.0,0.0,1.0
FCWD1:0104,FCWD1,H8_warp,4.19141605386931,5.025944232940674,40.50138942314992,0.8345281790713637,0.8345281790713637,s,7.0,1.0,2.0,0.814489301408682
FCWD1:0104,FCWD1,H8_warp_student,4.19141605386931,5.185919761657715,46.761792848337286,0.9945037077884047,0.9945037077884047,s,7.0,1.0,2.0,0.814489301408682
FCWD1:0105,FCWD1,H8_reference,4.130072979944691,4.469791412353516,18.841251513163453,0.3397184324088247,0.3397184324088247,s,0.0,8.0,0.0,1.0
FCWD1:0105,FCWD1,H8_warp,4.130072979944691,4.476084232330322,19.16297247926368,0.34601125238563135,0.34601125238563135,s,7.0,1.0,2.0,0.8098032836950532
FCWD1:0105,FCWD1,H8_warp_student,4.130072979944691,4.920418739318848,39.77755709729476,0.7903457593741567,0.7903457593741567,s,7.0,1.0,2.0,0.8098032836950532
FCWD1:0106,FCWD1,H8_reference,4.06872990602007,4.3727850914001465,17.505018124849627,0.3040551853800766,0.3040551853800766,s,0.0,8.0,0.0,1.0
FCWD1:0106,FCWD1,H8_warp,4.06872990602007,4.691285610198975,33.3817976858421,0.6225557041789047,0.6225557041789047,s,7.0,1.0,2.0,0.8327682247517558
FCWD1:0106,FCWD1,H8_warp_student,4.06872990602007,5.047003269195557,48.72105735219259,0.9782733631754867,0.9782733631754867,s,7.0,1.0,2.0,0.8327682247517558
FCWD1:0107,FCWD1,H8_reference,4.025917591130569,4.073028087615967,2.945744866313521,0.04711049648539767,0.04711049648539767,s,0.0,8.0,0.0,1.0
FCWD1:0107,FCWD1,H8_warp,4.025917591130569,4.338251113891602,18.321660143856068,0.31233352276103243,0.31233352276103243,s,7.0,1.0,2.0,0.8433184292186741
FCWD1:0107,FCWD1,H8_warp_student,4.025917591130569,4.565405368804932,30.05441637845944,0.5394877776743625,0.5394877776743625,s,7.0,1.0,2.0,0.8433184292186741
FCWD1:0108,FCWD1,H8_reference,3.98309843229336,4.338849067687988,21.092819521855052,0.3557506353946285,0.3557506353946285,s,0.0,8.0,0.0,1.0
FCWD1:0108,FCWD1,H8_warp,3.98309843229336,4.566965103149414,32.86954131753051,0.5838666708560543,0.5838666708560543,s,7.0,1.0,2.0,0.8664617798993003
FCWD1:0108,FCWD1,H8_warp_student,3.98309843229336,5.27748441696167,62.9637353937091,1.2943859846683101,1.2943859846683101,s,7.0,1.0,2.0,0.8664617798993003
FCWD1:0109,FCWD1,H8_reference,3.940427187426735,3.949886560440064,0.6235691946837942,0.009459373013328776,0.009459373013328776,s,0.0,8.0,0.0,1.0
FCWD1:0109,FCWD1,H8_warp,3.940427187426735,4.322345733642578,22.98119379551513,0.381918546215843,0.381918546215843,s,7.0,1.0,2.0,0.873286169218741
FCWD1:0109,FCWD1,H8_warp_student,3.940427187426735,4.688462257385254,41.458294578188145,0.7480350699585188,0.7480350699585188,s,7.0,1.0,2.0,0.873286169218741
FCWD1:0110,FCWD1,H8_reference,3.89776276286617,3.230806827545166,54.505628891107875,-0.666955935321004,0.666955935321004,s,0.0,8.0,0.0,1.0
FCWD1:0110,FCWD1,H8_warp,3.89776276286617,3.5450940132141118,26.22894480175539,-0.3526687496520582,0.3526687496520582,s,7.0,1.0,2.0,0.8748699464922711
FCWD1:0110,FCWD1,H8_warp_student,3.89776276286617,3.8270881175994873,4.86376916065269,-0.07067464526668266,0.07067464526668266,s,7.0,1.0,2.0,0.8748699464922711
FCWD1:0111,FCWD1,H8_reference,3.854733676226499,3.103357553482056,64.69198058383145,-0.7513761227444431,0.7513761227444431,s,0.0,8.0,0.0,1.0
FCWD1:0111,FCWD1,H8_warp,3.854733676226499,3.279502391815185,46.82435338877234,-0.5752312844113141,0.5752312844113141,s,7.0,1.0,2.0,0.8611210858948578
FCWD1:0111,FCWD1,H8_warp_student,3.854733676226499,3.399425983428955,35.735182896947,-0.45530769279754413,0.45530769279754413,s,7.0,1.0,2.0,0.8611210858948578
FCWD1:0112,FCWD1,H8_reference,3.81170458958683,3.668977975845337,10.486103411783548,-0.14272661374149287,0.14272661374149287,s,0.0,8.0,0.0,1.0
FCWD1:0112,FCWD1,H8_warp,3.81170458958683,3.9197418689727774,7.423036024459782,0.10803727938594765,0.10803727938594765,s,7.0,1.0,2.0,0.83265625
FCWD1:0112,FCWD1,H8_warp_student,3.81170458958683,4.153998374938965,22.175716428917866,0.34229378535213506,0.34229378535213506,s,7.0,1.0,2.0,0.83265625
FCWD1:0113,FCWD1,H8_reference,3.774385448528802,3.544790983200073,17.642865505376506,-0.2295944653287294,0.2295944653287294,s,0.0,8.0,0.0,1.0
FCWD1:0113,FCWD1,H8_warp,3.774385448528802,3.5836424827575684,14.496190409434735,-0.19074296577123384,0.19074296577123384,s,7.0,1.0,2.0,0.8055798172534265
FCWD1:0113,FCWD1,H8_warp_student,3.774385448528802,3.778231143951416,0.27701011911580864,0.003845695422613815,0.003845695422613815,s,7.0,1.0,2.0,0.8055798172534265
FCWD1:0114,FCWD1,H8_reference,3.73705885005594,3.5131874084472656,17.53588874250013,-0.22387144160867445,0.22387144160867445,s,0.0,8.0,0.0,1.0
FCWD1:0114,FCWD1,H8_warp,3.73705885005594,3.577131748199463,12.299964728449998,-0.15992710185647718,0.15992710185647718,s,7.0,1.0,2.0,0.807815240374371
FCWD1:0114,FCWD1,H8_warp_student,3.73705885005594,3.926905393600464,13.28352837277235,0.1898465435445238,0.1898465435445238,s,7.0,1.0,2.0,0.807815240374371
FCWD1:0115,FCWD1,H8_reference,3.689409611505909,3.363733530044556,27.010190364267565,-0.32567608146135285,0.32567608146135285,s,0.0,8.0,0.0,1.0
FCWD1:0115,FCWD1,H8_warp,3.689409611505909,3.444340944290161,19.842182027968448,-0.24506866721574783,0.24506866721574783,s,7.0,1.0,2.0,0.81
FCWD1:0115,FCWD1,H8_warp_student,3.689409611505909,3.73007607460022,3.036894773994561,0.04066646309431121,0.04066646309431121,s,7.0,1.0,2.0,0.81
FCWD1:0116,FCWD1,H8_reference,3.64176798891345,3.851082563400269,15.334284229003083,0.209314574486819,0.209314574486819,s,0.0,8.0,0.0,1.0
FCWD1:0116,FCWD1,H8_warp,3.64176798891345,3.944890737533569,21.671689175000452,0.3031227486201189,0.3031227486201189,s,7.0,1.0,2.0,0.8192754143948507
FCWD1:0116,FCWD1,H8_warp_student,3.64176798891345,4.241335391998291,39.83364281447816,0.599567403084841,0.599567403084841,s,7.0,1.0,2.0,0.8192754143948507
FCWD1:0117,FCWD1,H8_reference,3.5987487618224847,4.111708164215088,35.59383763680111,0.5129594023926032,0.5129594023926032,s,0.0,8.0,0.0,1.0
FCWD1:0117,FCWD1,H8_warp,3.5987487618224847,4.027472496032715,30.37892130315918,0.42872373421023013,0.42872373421023013,s,7.0,1.0,2.0,0.8212890625
FCWD1:0117,FCWD1,H8_warp_student,3.5987487618224847,4.422083854675293,53.07425328199843,0.8233350928528083,0.8233350928528083,s,7.0,1.0,2.0,0.8212890625
FCWD1:0118,FCWD1,H8_reference,3.55572953473152,3.318030834197998,20.751867621449648,-0.23769870053352182,0.23769870053352182,s,0.0,8.0,0.0,1.0
FCWD1:0118,FCWD1,H8_warp,3.55572953473152,3.3886892795562744,14.27445646149699,-0.16704025517524546,0.16704025517524546,s,7.0,1.0,2.0,0.823905325443787
FCWD1:0118,FCWD1,H8_warp_student,3.55572953473152,3.825117588043213,20.358774717188986,0.269388053311693,0.269388053311693,s,7.0,1.0,2.0,0.823905325443787
FCWD1:0119,FCWD1,H8_reference,3.5085140159420627,3.218329429626465,26.488283648411077,-0.29018458631559785,0.29018458631559785,s,0.0,8.0,0.0,1.0
FCWD1:0119,FCWD1,H8_warp,3.5085140159420627,3.320808172225952,16.596987590566346,-0.18770584371611054,0.18770584371611054,s,7.0,1.0,2.0,0.8202207191171236
FCWD1:0119,FCWD1,H8_warp_student,3.5085140159420627,3.6184566020965576,8.910129184189312,0.10994258615449493,0.10994258615449493,s,7.0,1.0,2.0,0.8202207191171236
FCWD1:0120,FCWD1,H8_reference,3.4612909493117,2.979785680770874,48.18988816274516,-0.48150526854082587,0.48150526854082587,s,0.0,8.0,0.0,1.0
FCWD1:0120,FCWD1,H8_warp,3.4612909493117,3.1235945224761963,32.21551436958299,-0.3376964268355036,0.3376964268355036,s,7.0,1.0,2.0,0.8227636433990686
FCWD1:0120,FCWD1,H8_warp_student,3.4612909493117,3.238616943359375,20.47615416395941,-0.2226740059523249,0.2226740059523249,s,7.0,1.0,2.0,0.8227636433990686
FCWD1:0121,FCWD1,H8_reference,3.418641519974143,2.821007013320923,64.04143530488189,-0.59763450665322,0.59763450665322,s,0.0,8.0,0.0,1.0
FCWD1:0121,FCWD1,H8_warp,3.418641519974143,2.902667284011841,53.70764888170357,-0.5159742359623021,0.5159742359623021,s,7.0,1.0,2.0,0.81859410430839
FCWD1:0121,FCWD1,H8_warp_student,3.418641519974143,3.1349096298217773,27.309620731872236,-0.28373189015236555,0.28373189015236555,s,7.0,1.0,2.0,0.81859410430839
FCWD1:0122,FCWD1,H8_reference,3.37599975955819,2.836923360824585,58.172998773635754,-0.5390763987336049,0.5390763987336049,s,0.0,8.0,0.0,1.0
FCWD1:0122,FCWD1,H8_warp,3.37599975955819,2.9763283729553223,41.07428034166708,-0.3996713866028676,0.3996713866028676,s,7.0,1.0,2.0,0.8087055535427773
FCWD1:0122,FCWD1,H8_warp_student,3.37599975955819,3.0826785564422607,29.08726072682506,-0.29332120311592913,0.29332120311592913,s,7.0,1.0,2.0,0.8087055535427773
FCWD1:0123,FCWD1,H8_reference,3.3279201312488818,2.7080020904541016,71.17165352583963,-0.6199180407947802,0.6199180407947802,s,0.0,8.0,0.0,1.0
FCWD1:0123,FCWD1,H8_warp,3.3279201312488818,2.8496813774108887,52.126323913205404,-0.4782387538379931,0.4782387538379931,s,7.0,1.0,2.0,0.8049016649061919
FCWD1:0123,FCWD1,H8_warp_student,3.3279201312488818,2.942368268966675,40.6767251382701,-0.38555186228220695,0.38555186228220695,s,7.0,1.0,2.0,0.8049016649061919
FCWD1:0124,FCWD1,H8_reference,3.27984146351393,2.9887173175811768,30.679901056928223,-0.2911241459327534,0.2911241459327534,s,0.0,8.0,0.0,1.0
FCWD1:0124,FCWD1,H8_warp,3.27984146351393,3.0745537281036377,21.019956440484627,-0.20528773541029244,0.20528773541029244,s,7.0,1.0,2.0,0.7956391360827496
FCWD1:0124,FCWD1,H8_warp_student,3.27984146351393,3.1276190280914307,15.317642427774974,-0.15222243542249947,0.15222243542249947,s,7.0,1.0,2.0,0.7956391360827496
FCWD1:0125,FCWD1,H8_reference,3.227575943969431,2.870373010635376,39.86890145584427,-0.35720293333405495,0.35720293333405495,s,0.0,8.0,0.0,1.0
FCWD1:0125,FCWD1,H8_warp,3.227575943969431,2.8961877822875977,36.65203177287996,-0.33138816168183327,0.33138816168183327,s,7.0,1.0,2.0,0.7982900532587003
FCWD1:0125,FCWD1,H8_warp_student,3.227575943969431,2.963423252105713,28.54125794974731,-0.26415269186371804,0.26415269186371804,s,7.0,1.0,2.0,0.7982900532587003
FCWD1:0126,FCWD1,H8_reference,3.17530206929432,2.8740928173065186,34.13664176972898,-0.30120925198780135,0.30120925198780135,s,0.0,8.0,0.0,1.0
FCWD1:0126,FCWD1,H8_warp,3.17530206929432,2.856668472290039,36.33563241537338,-0.31863359700428084,0.31863359700428084,s,7.0,1.0,2.0,0.8069520252800919
FCWD1:0126,FCWD1,H8_warp_student,3.17530206929432,2.877483367919922,33.71189782255486,-0.29781870137439803,0.29781870137439803,s,7.0,1.0,2.0,0.8069520252800919
FCWD1:0127,FCWD1,H8_reference,3.144385678116752,3.040868759155273,11.188114813243319,-0.10351691896147885,0.10351691896147885,s,0.0,8.0,0.0,1.0
FCWD1:0127,FCWD1,H8_warp,3.144385678116752,3.0906968116760254,5.707581122886205,-0.05368886644072646,0.05368886644072646,s,7.0,1.0,2.0,0.8040111111111111
FCWD1:0127,FCWD1,H8_warp_student,3.144385678116752,3.0787479877471924,7.005378266425194,-0.06563769036955946,0.06563769036955946,s,7.0,1.0,2.0,0.8040111111111111
FCWD1:0128,FCWD1,H8_reference,3.11347422842263,3.0128173828125,11.092868956750976,-0.10065684561013022,0.10065684561013022,s,0.0,8.0,0.0,1.0
FCWD1:0128,FCWD1,H8_warp,3.11347422842263,3.08487319946289,3.077114633137021,-0.028601028959740038,0.028601028959740038,s,7.0,1.0,2.0,0.8064512638504155
FCWD1:0128,FCWD1,H8_warp_student,3.11347422842263,3.23403549194336,12.3630902241164,0.1205612635207296,0.1205612635207296,s,7.0,1.0,2.0,0.8064512638504155
FCWD1:0129,FCWD1,H8_reference,3.063052796768089,2.825403213500977,28.42721900260317,-0.23764958326711216,0.23764958326711216,s,0.0,8.0,0.0,1.0
FCWD1:0129,FCWD1,H8_warp,3.063052796768089,2.8969712257385254,19.36682151520798,-0.16608157102956378,0.16608157102956378,s,7.0,1.0,2.0,0.8094175804610342
FCWD1:0129,FCWD1,H8_warp_student,3.063052796768089,2.97488021850586,10.00787717215193,-0.08817257826222935,0.08817257826222935,s,7.0,1.0,2.0,0.8094175804610342
FCWD1:0130,FCWD1,H8_reference,3.01263136511355,2.8268892765045166,22.58428384908043,-0.1857420886090333,0.1857420886090333,s,0.0,8.0,0.0,1.0
FCWD1:0130,FCWD1,H8_warp,3.01263136511355,2.984225273132324,3.2686268085507786,-0.02840609198122568,0.02840609198122568,s,7.0,1.0,2.0,0.8117261582745562
FCWD1:0130,FCWD1,H8_warp_student,3.01263136511355,3.0525941848754883,4.493698667155099,0.039962819761938384,0.039962819761938384,s,7.0,1.0,2.0,0.8117261582745562
FCWD1:0131,FCWD1,H8_reference,2.9618248403098013,3.068422555923462,12.13182721665193,0.1065977156136606,0.1065977156136606,c,0.0,8.0,0.0,1.0
FCWD1:0131,FCWD1,H8_warp,2.9618248403098013,3.142139434814453,20.03213841312017,0.18031459450465182,0.18031459450465182,c,7.0,1.0,2.0,0.8094358349465905
FCWD1:0131,FCWD1,H8_warp_student,2.9618248403098013,3.1654269695281982,22.45015676994852,0.20360212921839693,0.20360212921839693,c,7.0,1.0,2.0,0.8094358349465905
FCWD1:0132,FCWD1,H8_reference,2.9110264361046,2.865377902984619,5.6689559589783585,-0.04564853311998096,0.04564853311998096,c,0.0,8.0,0.0,1.0
FCWD1:0132,FCWD1,H8_warp,2.9110264361046,2.9115548133850098,0.06455841105972027,0.0005283772804096643,0.0005283772804096643,c,7.0,1.0,2.0,0.8017136094674556
FCWD1:0132,FCWD1,H8_warp_student,2.9110264361046,3.0048763751983643,11.104558624567968,0.09384993909376416,0.09384993909376416,c,7.0,1.0,2.0,0.8017136094674556
FCWD1:0133,FCWD1,H8_reference,2.8527065449503906,2.707603931427002,19.487372086578887,-0.1451026135233886,0.1451026135233886,c,0.0,8.0,0.0,1.0
FCWD1:0133,FCWD1,H8_warp,2.8527065449503906,2.824241399765014,3.662108371675216,-0.02846514518537635,0.02846514518537635,c,7.0,1.0,2.0,0.7895285963129627
FCWD1:0133,FCWD1,H8_warp_student,2.8527065449503906,2.8233237266540527,3.781420428036059,-0.02938281829633782,0.02938281829633782,c,7.0,1.0,2.0,0.7895285963129627
FCWD1:0134,FCWD1,H8_reference,2.79438548861015,2.794984102249145,0.07948877586268221,0.0005986136389952712,0.0005986136389952712,c,0.0,8.0,0.0,1.0
FCWD1:0134,FCWD1,H8_warp,2.79438548861015,2.92199969291687,16.195985576848287,0.12761420430672032,0.12761420430672032,c,7.0,1.0,2.0,0.7877875424529953
FCWD1:0134,FCWD1,H8_warp_student,2.79438548861015,2.979122877120972,22.988327302923064,0.18473738851082233,0.18473738851082233,c,7.0,1.0,2.0,0.7877875424529953
FCWD1:0135,FCWD1,H8_reference,2.743975220423134,2.750663042068481,0.9195385521867244,0.006687821645347203,0.006687821645347203,c,0.0,8.0,0.0,1.0
FCWD1:0135,FCWD1,H8_warp,2.743975220423134,2.8129429817199707,9.26886449037892,0.0689677612968369,0.0689677612968369,c,7.0,1.0,2.0,0.7809626825310979
FCWD1:0135,FCWD1,H8_warp_student,2.743975220423134,2.876002788543701,17.347671360062044,0.13202756812056737,0.13202756812056737,c,7.0,1.0,2.0,0.7809626825310979
FCWD1:0136,FCWD1,H8_reference,2.69355588618465,2.7044150829315186,1.548086149191219,0.010859196746868527,0.010859196746868527,c,0.0,8.0,0.0,1.0
FCWD1:0136,FCWD1,H8_warp,2.69355588618465,2.8214335441589355,17.460233140974974,0.12787765797428552,0.12787765797428552,c,7.0,1.0,2.0,0.7794367346938775
FCWD1:0136,FCWD1,H8_warp_student,2.69355588618465,2.790945291519165,13.445370826252537,0.09738940533451501,0.09738940533451501,c,7.0,1.0,2.0,0.7794367346938775
FCWD1:0137,FCWD1,H8_reference,2.646571008068877,2.735964775085449,12.822198216759158,0.08939376701657231,0.08939376701657231,c,0.0,8.0,0.0,1.0
FCWD1:0137,FCWD1,H8_warp,2.646571008068877,2.843195676803589,27.11979681364593,0.19662466873471196,0.19662466873471196,c,7.0,1.0,2.0,0.7730163489458401
FCWD1:0137,FCWD1,H8_warp_student,2.646571008068877,2.7978005409240723,21.20330522308464,0.15122953285519536,0.15122953285519536,c,7.0,1.0,2.0,0.7730163489458401
FCWD1:0138,FCWD1,H8_reference,2.59959551697848,2.656027317047119,8.49644241307644,0.05643180006863924,0.05643180006863924,c,0.0,8.0,0.0,1.0
FCWD1:0138,FCWD1,H8_warp,2.59959551697848,2.7206618785858154,17.786598181539283,0.12106636160733553,0.12106636160733553,c,7.0,1.0,2.0,0.7808488271268637
FCWD1:0138,FCWD1,H8_warp_student,2.59959551697848,2.6373534202575684,5.725922402556039,0.037757903279088456,0.037757903279088456,c,7.0,1.0,2.0,0.7808488271268637
FCWD1:0139,FCWD1,H8_reference,2.5495038548089743,2.5816988945007324,5.089729736960577,0.032195039691758076,0.032195039691758076,c,0.0,8.0,0.0,1.0
FCWD1:0139,FCWD1,H8_warp,2.5495038548089743,2.614839792251587,10.19547592303431,0.06533593744261257,0.06533593744261257,c,7.0,1.0,2.0,0.7842140041131792
FCWD1:0139,FCWD1,H8_warp_student,2.5495038548089743,2.5319783687591557,2.826137713139512,-0.017525486049818628,0.017525486049818628,c,7.0,1.0,2.0,0.7842140041131792
FCWD1:0140,FCWD1,H8_reference,2.49941119184705,2.501528739929199,0.3527893308440805,0.0021175480821491455,0.0021175480821491455,c,0.0,8.0,0.0,1.0
FCWD1:0140,FCWD1,H8_warp,2.49941119184705,2.5064263343811035,1.1664108364384251,0.007015142534053442,0.007015142534053442,c,7.0,1.0,2.0,0.7922431700076907
FCWD1:0140,FCWD1,H8_warp_student,2.49941119184705,2.457489013671875,7.112167952118206,-0.04192217817517507,0.04192217817517507,c,7.0,1.0,2.0,0.7922431700076907
FCWD1:0141,FCWD1,H8_reference,2.4580715377452105,2.443840503692627,2.469791279325756,-0.014231034052583524,0.014231034052583524,c,0.0,8.0,0.0,1.0
FCWD1:0141,FCWD1,H8_warp,2.4580715377452105,2.3999505043029785,10.27536301802176,-0.05812103344223196,0.05812103344223196,c,7.0,1.0,2.0,0.7911634349030471
FCWD1:0141,FCWD1,H8_warp_student,2.4580715377452105,2.367513656616211,16.234138819861478,-0.09055788112899954,0.09055788112899954,c,7.0,1.0,2.0,0.7911634349030471
FCWD1:0142,FCWD1,H8_reference,2.41672362281686,2.3758559226989746,7.427576751086809,-0.04086770011788543,0.04086770011788543,c,0.0,8.0,0.0,1.0
FCWD1:0142,FCWD1,H8_warp,2.41672362281686,2.34391713142395,13.416675906885445,-0.07280649139290984,0.07280649139290984,c,7.0,1.0,2.0,0.7901234567901234
FCWD1:0142,FCWD1,H8_warp_student,2.41672362281686,2.3330516815185547,15.492361698017376,-0.08367194129830535,0.08367194129830535,c,7.0,1.0,2.0,0.7901234567901234
FCWD1:0143,FCWD1,H8_reference,2.371095887057595,2.192106246948242,36.017428118168134,-0.1789896401093527,0.1789896401093527,c,0.0,8.0,0.0,1.0
FCWD1:0143,FCWD1,H8_warp,2.371095887057595,2.187294006347656,37.06909759721697,-0.18380188070993908,0.18380188070993908,c,7.0,1.0,2.0,0.7851305880467874
FCWD1:0143,FCWD1,H8_warp_student,2.371095887057595,2.222986459732056,29.379759183149197,-0.14810942732553878,0.14810942732553878,c,7.0,1.0,2.0,0.7851305880467874
FCWD1:0144,FCWD1,H8_reference,2.32547635575813,2.16878080368042,32.51800938116008,-0.15669555207771024,0.15669555207771024,c,0.0,8.0,0.0,1.0
FCWD1:0144,FCWD1,H8_warp,2.32547635575813,2.160926818847656,34.2750171162056,-0.16454953691047436,0.16454953691047436,c,7.0,1.0,2.0,0.7842380139105468
FCWD1:0144,FCWD1,H8_warp_student,2.32547635575813,2.1884841918945312,28.167014838292523,-0.13699216386359891,0.13699216386359891,c,7.0,1.0,2.0,0.7842380139105468
FCWD1:0145,FCWD1,H8_reference,2.277804430418825,2.227854013442993,10.300472920055508,-0.049950416975832024,0.049950416975832024,c,0.0,8.0,0.0,1.0
FCWD1:0145,FCWD1,H8_warp,2.277804430418825,2.2291858196258545,10.019705423675168,-0.048618610792970696,0.048618610792970696,c,7.0,1.0,2.0,0.779054405461469
FCWD1:0145,FCWD1,H8_warp_student,2.277804430418825,2.2447409629821777,6.765660394397951,-0.03306346743664745,0.03306346743664745,c,7.0,1.0,2.0,0.779054405461469
FCWD1:0146,FCWD1,H8_reference,2.23013155263156,2.245478630065918,3.2080466055085797,0.015347077434357814,0.015347077434357814,c,0.0,8.0,0.0,1.0
FCWD1:0146,FCWD1,H8_warp,2.23013155263156,2.2620229721069336,6.616475833046143,0.03189141947537344,0.03189141947537344,c,7.0,1.0,2.0,0.7671920301205849
FCWD1:0146,FCWD1,H8_warp_student,2.23013155263156,2.230746030807495,0.12931446296320093,0.0006144781759349627,0.0006144781759349627,c,7.0,1.0,2.0,0.7671920301205849
FCWD1:0147,FCWD1,H8_reference,2.1864116695595297,2.319978952407837,27.556086099866096,0.1335672828483072,0.1335672828483072,c,0.0,8.0,0.0,1.0
FCWD1:0147,FCWD1,H8_warp,2.1864116695595297,2.323661088943481,28.269863423169355,0.1372494193839513,0.1372494193839513,c,7.0,1.0,2.0,0.7559674203030846
FCWD1:0147,FCWD1,H8_warp_student,2.1864116695595297,2.2893989086151123,21.537444796026207,0.1029872390555826,0.1029872390555826,c,7.0,1.0,2.0,0.7559674203030846
FCWD1:0148,FCWD1,H8_reference,2.14268392367057,2.208148002624512,14.503029980976883,0.06546407895394202,0.06546407895394202,c,0.0,8.0,0.0,1.0
FCWD1:0148,FCWD1,H8_warp,2.14268392367057,2.1776106357574463,7.8488468951595785,0.034926712086876144,0.034926712086876144,c,7.0,1.0,2.0,0.7458677685950413
FCWD1:0148,FCWD1,H8_warp_student,2.14268392367057,2.1586899757385254,3.6292256327161154,0.016006052067955245,0.016006052067955245,c,7.0,1.0,2.0,0.7458677685950413
FCWD1:0149,FCWD1,H8_reference,2.092352333965249,2.0998218059539795,1.7852644277109586,0.007469471988730714,0.007469471988730714,c,0.0,8.0,0.0,1.0
FCWD1:0149,FCWD1,H8_warp,2.092352333965249,2.1135826110839844,5.040351667915527,0.021230277118735597,0.021230277118735597,c,7.0,1.0,2.0,0.7396
FCWD1:0149,FCWD1,H8_warp_student,2.092352333965249,2.112562417984009,4.800518862174696,0.02021008401876001,0.02021008401876001,c,7.0,1.0,2.0,0.7396
FCWD1:0150,FCWD1,H8_reference,2.04203079991887,2.059253931045532,4.30578746022578,0.01722313112666196,0.01722313112666196,c,0.0,8.0,0.0,1.0
FCWD1:0150,FCWD1,H8_warp,2.04203079991887,2.0712156295776367,7.253009197271954,0.029184829658766898,0.029184829658766898,c,7.0,1.0,2.0,0.7373582230623819
FCWD1:0150,FCWD1,H8_warp_student,2.04203079991887,2.0749878883361816,8.175223279728167,0.03295708841731182,0.03295708841731182,c,7.0,1.0,2.0,0.7373582230623819
FCWD1:0151,FCWD1,H8_reference,1.9859584587957952,2.0111563205718994,6.641122947797714,0.02519786177610417,0.02519786177610417,c,0.0,8.0,0.0,1.0
FCWD1:0151,FCWD1,H8_warp,1.9859584587957952,2.009446144104004,6.195796986300378,0.02348768530820866,0.02348768530820866,c,7.0,1.0,2.0,0.7253842286699225
FCWD1:0151,FCWD1,H8_warp_student,1.9859584587957952,1.9947201013565063,2.3287393199946522,0.008761642560711103,0.008761642560711103,c,7.0,1.0,2.0,0.7253842286699225
FCWD1:0152,FCWD1,H8_reference,1.92988499739099,2.02795934677124,26.393630837544674,0.09807434938024984,0.09807434938024984,c,0.0,8.0,0.0,1.0
FCWD1:0152,FCWD1,H8_warp,1.92988499739099,2.0264546871185303,26.008496829358698,0.09656968972754032,0.09656968972754032,c,7.0,1.0,2.0,0.7140948364182774
FCWD1:0152,FCWD1,H8_warp_student,1.92988499739099,2.0108721256256104,21.985191809126768,0.0809871282346204,0.0809871282346204,c,7.0,1.0,2.0,0.7140948364182774
FCWD1:0153,FCWD1,H8_reference,1.884771421311645,2.0842418670654297,53.47933925535876,0.1994704457537846,0.1994704457537846,c,0.0,8.0,0.0,1.0
FCWD1:0153,FCWD1,H8_warp,1.884771421311645,2.070656538009644,50.17230042229412,0.1858851166979989,0.1858851166979989,c,7.0,1.0,2.0,0.7107473816743519
FCWD1:0153,FCWD1,H8_warp_student,1.884771421311645,2.0370748043060303,41.80342866687177,0.15230338299438517,0.15230338299438517,c,7.0,1.0,2.0,0.7107473816743519
FCWD1:0154,FCWD1,H8_reference,1.83966595723951,2.0199339389801025,51.16865226298124,0.18026798174059255,0.18026798174059255,c,0.0,8.0,0.0,1.0
FCWD1:0154,FCWD1,H8_warp,1.83966595723951,2.016187191009521,50.20069014195022,0.17652123377001105,0.17652123377001105,c,7.0,1.0,2.0,0.7103608523975128
FCWD1:0154,FCWD1,H8_warp_student,1.83966595723951,2.004437208175659,47.14102934861894,0.1647712509361492,0.1647712509361492,c,7.0,1.0,2.0,0.7103608523975128
FCWD1:0155,FCWD1,H8_reference,1.7930748173258444,1.9493415355682373,47.236344030000055,0.1562667182423929,0.1562667182423929,c,0.0,8.0,0.0,1.0
FCWD1:0155,FCWD1,H8_warp,1.7930748173258444,1.93485426902771,43.18677320566226,0.14177945170186557,0.14177945170186557,c,7.0,1.0,2.0,0.7132304994455517
FCWD1:0155,FCWD1,H8_warp_student,1.7930748173258444,1.9542700052261357,48.59992454525876,0.1611951879002913,0.1611951879002913,c,7.0,1.0,2.0,0.7132304994455517
FCWD1:0156,FCWD1,H8_reference,1.74648460824829,1.915239214897156,53.372243335500016,0.16875460664886588,0.16875460664886588,c,0.0,8.0,0.0,1.0
FCWD1:0156,FCWD1,H8_warp,1.74648460824829,1.9277644157409668,56.95089281499907,0.1812798074926767,0.1812798074926767,c,7.0,1.0,2.0,0.7048479616841167
FCWD1:0156,FCWD1,H8_warp_student,1.74648460824829,1.914936900138855,53.285272647745,0.16845229189056488,0.16845229189056488,c,7.0,1.0,2.0,0.7048479616841167
FCWD1:0157,FCWD1,H8_reference,1.706407661750213,1.8501536846160889,48.248536083120854,0.1437460228658758,0.1437460228658758,c,0.0,8.0,0.0,1.0
FCWD1:0157,FCWD1,H8_warp,1.706407661750213,1.8583834171295168,50.778528808408595,0.15197575537930375,0.15197575537930375,c,7.0,1.0,2.0,0.6969674012931446
FCWD1:0157,FCWD1,H8_warp_student,1.706407661750213,1.86018180847168,51.32832698105751,0.15377414672146683,0.15377414672146683,c,7.0,1.0,2.0,0.6969674012931446
FCWD1:0158,FCWD1,H8_reference,1.66632270675015,1.8290600776672363,56.64316469814898,0.1627373709170863,0.1627373709170863,c,0.0,8.0,0.0,1.0
FCWD1:0158,FCWD1,H8_warp,1.66632270675015,1.8321328163146973,57.613088291991396,0.16581010956454723,0.16581010956454723,c,7.0,1.0,2.0,0.6929754983840816
FCWD1:0158,FCWD1,H8_warp_student,1.66632270675015,1.871004343032837,69.60022034663733,0.20468163628268687,0.20468163628268687,c,7.0,1.0,2.0,0.6929754983840816
FCWD1:0159,FCWD1,H8_reference,1.6280892723084766,1.7803679704666138,55.81719874570658,0.15227869815813722,0.15227869815813722,c,0.0,8.0,0.0,1.0
FCWD1:0159,FCWD1,H8_warp,1.6280892723084766,1.7860537767410278,57.71151286973294,0.15796450443255128,0.15796450443255128,c,7.0,1.0,2.0,0.6915837082698598
FCWD1:0159,FCWD1,H8_warp_student,1.6280892723084766,1.8652671575546265,82.86740453064684,0.2371778852461499,0.2371778852461499,c,7.0,1.0,2.0,0.6915837082698598
FCWD1:0160,FCWD1,H8_reference,1.58986271273514,1.7095273733139038,46.87328219436147,0.1196646605787639,0.1196646605787639,c,0.0,8.0,0.0,1.0
FCWD1:0160,FCWD1,H8_warp,1.58986271273514,1.6976618766784668,42.52987376582258,0.10779916394332689,0.10779916394332689,c,7.0,1.0,2.0,0.693049277655727
FCWD1:0160,FCWD1,H8_warp_student,1.58986271273514,1.8528478145599363,94.81664877647428,0.2629851018247964,0.2629851018247964,c,7.0,1.0,2.0,0.693049277655727
FCWD1:0161,FCWD1,H8_reference,1.5478356171964749,1.6853615045547483,56.20191954713416,0.13752588735827342,0.13752588735827342,c,0.0,8.0,0.0,1.0
FCWD1:0161,FCWD1,H8_warp,1.5478356171964749,1.651163101196289,43.12903607101869,0.10332748399981417,0.10332748399981417,c,7.0,1.0,2.0,0.6761674596318519
FCWD1:0161,FCWD1,H8_warp_student,1.5478356171964749,1.8462791442871092,111.0279628986726,0.29844352709063426,0.29844352709063426,c,7.0,1.0,2.0,0.6761674596318519
FCWD1:0162,FCWD1,H8_reference,1.50580936130969,1.7315270900726318,92.3005158519144,0.22571772876294194,0.22571772876294194,c,0.0,8.0,0.0,1.0
FCWD1:0162,FCWD1,H8_warp,1.50580936130969,1.6727157831192017,70.72740591516504,0.16690642180951176,0.16690642180951176,c,7.0,1.0,2.0,0.6606316670763555
FCWD1:0162,FCWD1,H8_warp_student,1.50580936130969,1.8221863508224487,122.74886490980096,0.31637698951275883,0.31637698951275883,c,7.0,1.0,2.0,0.6606316670763555
FCWD1:0163,FCWD1,H8_reference,1.470363454151092,1.7239980697631836,106.78618850821685,0.25363461561209166,0.25363461561209166,c,0.0,8.0,0.0,1.0
FCWD1:0163,FCWD1,H8_warp,1.470363454151092,1.6799744367599487,90.63708852511863,0.2096109826088568,0.2096109826088568,c,7.0,1.0,2.0,0.6535856714190491
FCWD1:0163,FCWD1,H8_warp_student,1.470363454151092,1.8048651218414309,134.3375422618097,0.33450166769033896,0.33450166769033896,c,7.0,1.0,2.0,0.6535856714190491
FCWD1:0164,FCWD1,H8_reference,1.43491046390252,1.6395297050476074,93.05779363410981,0.20461924114508734,0.20461924114508734,c,0.0,8.0,0.0,1.0
FCWD1:0164,FCWD1,H8_warp,1.43491046390252,1.5517454147338867,56.2442682394318,0.11683495083136664,0.11683495083136664,c,7.0,1.0,2.0,0.6683183791351514
FCWD1:0164,FCWD1,H8_warp_student,1.43491046390252,1.7715541124343872,141.3484037082452,0.3366436485318671,0.3366436485318671,c,7.0,1.0,2.0,0.6683183791351514
FCWD1:0165,FCWD1,H8_reference,1.4050404609865943,1.636088490486145,107.629731474706,0.23104802949955072,0.23104802949955072,c,0.0,8.0,0.0,1.0
FCWD1:0165,FCWD1,H8_warp,1.4050404609865943,1.5305590629577637,62.64307043926054,0.12551860197116937,0.12551860197116937,c,7.0,1.0,2.0,0.6523668639053254
FCWD1:0165,FCWD1,H8_warp_student,1.4050404609865943,1.804110407829285,168.07653533115175,0.3990699468426906,0.3990699468426906,c,7.0,1.0,2.0,0.6523668639053254
FCWD1:0166,FCWD1,H8_reference,1.37517523230593,1.6252620220184326,119.94724321245876,0.25008678971250253,0.25008678971250253,c,0.0,8.0,0.0,1.0
FCWD1:0166,FCWD1,H8_warp,1.37517523230593,1.5402793884277344,83.70851888404904,0.1651041561218043,0.1651041561218043,c,6.0,2.0,5.0,0.6706464123016478
FCWD1:0166,FCWD1,H8_warp_student,1.37517523230593,1.774223804473877,174.84181933279635,0.39904857216794687,0.39904857216794687,c,6.0,2.0,5.0,0.6706464123016478
FCWD1:0167,FCWD1,H8_reference,1.3527147878320047,1.6281660795211792,134.14599371976476,0.2754512916891745,0.2754512916891745,c,0.0,8.0,0.0,1.0
FCWD1:0167,FCWD1,H8_warp,1.3527147878320047,1.5517606735229492,101.87373327169749,0.1990458856909445,0.1990458856909445,c,6.0,2.0,5.0,0.6686356664089808
FCWD1:0167,FCWD1,H8_warp_student,1.3527147878320047,1.7489372491836548,179.23172284030827,0.39622246135165007,0.39622246135165007,c,6.0,2.0,5.0,0.6686356664089808
FCWD1:0168,FCWD1,H8_reference,1.33025434335808,1.662873148918152,161.28198916953176,0.33261880556007206,0.33261880556007206,c,0.0,8.0,0.0,1.0
FCWD1:0168,FCWD1,H8_warp,1.33025434335808,1.5884037017822266,131.23882125673572,0.25814935842414655,0.25814935842414655,c,6.0,2.0,4.0,0.6684730971470221
FCWD1:0168,FCWD1,H8_warp_student,1.33025434335808,1.762979507446289,197.54826160448553,0.43272516408820905,0.43272516408820905,c,6.0,2.0,4.0,0.6684730971470221
FCWD1:0169,FCWD1,H8_reference,1.3115864145473528,1.7287027835845947,197.1938923880328,0.4171163690372419,0.4171163690372419,c,0.0,8.0,0.0,1.0
FCWD1:0169,FCWD1,H8_warp,1.3115864145473528,1.6268575191497805,158.6828325022066,0.3152711046024277,0.3152711046024277,c,6.0,2.0,4.0,0.6650372407783118
FCWD1:0169,FCWD1,H8_warp_student,1.3115864145473528,1.7788397073745728,214.48423189005229,0.46725329282721995,0.46725329282721995,c,6.0,2.0,4.0,0.6650372407783118
FCWD1:0170,FCWD1,H8_reference,1.29291550149415,1.7227907180786133,207.01281046547345,0.42987521658446326,0.42987521658446326,c,0.0,8.0,0.0,1.0
FCWD1:0170,FCWD1,H8_warp,1.29291550149415,1.648883581161499,179.35394663861612,0.355968079667349,0.355968079667349,c,5.0,3.0,7.0,0.696758431231717
FCWD1:0170,FCWD1,H8_warp_student,1.29291550149415,1.7823219299316406,227.57405978800813,0.4894064284374906,0.4894064284374906,c,5.0,3.0,7.0,0.696758431231717
FCWD1:0171,FCWD1,H8_reference,1.2779597655302806,1.775780200958252,235.19915598254178,0.4978204354279714,0.4978204354279714,c,0.0,8.0,0.0,1.0
FCWD1:0171,FCWD1,H8_warp,1.2779597655302806,1.7007702589035034,208.84626640848586,0.42281049337322285,0.42281049337322285,c,7.0,1.0,2.0,0.6510820451843043
FCWD1:0171,FCWD1,H8_warp_student,1.2779597655302806,1.7654560804367063,231.70891928869398,0.48749631490642575,0.48749631490642575,c,7.0,1.0,2.0,0.6510820451843043
FCWD1:0172,FCWD1,H8_reference,1.26300671880208,1.863849759101868,273.4118412654079,0.600843040299788,0.600843040299788,c,0.0,8.0,0.0,1.0
FCWD1:0172,FCWD1,H8_warp,1.26300671880208,1.7962075471878052,252.03892826377125,0.5332008283857252,0.5332008283857252,c,6.0,2.0,4.0,0.6590257488802139
FCWD1:0172,FCWD1,H8_warp_student,1.26300671880208,1.7866700887680054,248.8913419612032,0.5236633699659254,0.5236633699659254,c,6.0,2.0,4.0,0.6590257488802139
FCWD1:0173,FCWD1,H8_reference,1.245921677921751,1.878253936767578,289.55647726050216,0.6323322588458269,0.6323322588458269,c,0.0,8.0,0.0,1.0
FCWD1:0173,FCWD1,H8_warp,1.245921677921751,1.8190544843673704,271.2385676769212,0.5731328064456194,0.5731328064456194,c,6.0,2.0,4.0,0.6654199334869203
FCWD1:0173,FCWD1,H8_warp_student,1.245921677921751,1.7592626810073853,251.44833095298316,0.5133410030856342,0.5133410030856342,c,6.0,2.0,4.0,0.6654199334869203
FCWD1:0174,FCWD1,H8_reference,1.22883697838042,1.8527675867080688,293.95798814595685,0.6239306083276488,0.6239306083276488,c,0.0,8.0,0.0,1.0
FCWD1:0174,FCWD1,H8_warp,1.22883697838042,1.7843348979949951,272.05322962754184,0.5554979196145751,0.5554979196145751,c,6.0,2.0,4.0,0.6697320879877615
FCWD1:0174,FCWD1,H8_warp_student,1.22883697838042,1.793565273284912,275.1082026949009,0.5647282949044921,0.5647282949044921,c,6.0,2.0,4.0,0.6697320879877615
FCWD1:0175,FCWD1,H8_reference,1.2178929002381045,1.926681399345398,323.7849717815969,0.7087884991072935,0.7087884991072935,c,0.0,8.0,0.0,1.0
FCWD1:0175,FCWD1,H8_warp,1.2178929002381045,1.8637733459472656,305.2900757878572,0.6458804457091611,0.6458804457091611,c,6.0,2.0,4.0,0.677122432755823
FCWD1:0175,FCWD1,H8_warp_student,1.2178929002381045,1.8930898904800413,314.0663095157629,0.6751969902419368,0.6751969902419368,c,6.0,2.0,4.0,0.677122432755823
FCWD1:0176,FCWD1,H8_reference,1.20695100859373,2.112612247467041,379.96245317834695,0.905661238873311,0.905661238873311,c,0.0,8.0,0.0,1.0
FCWD1:0176,FCWD1,H8_warp,1.20695100859373,2.033395528793335,360.5868361478375,0.8264445201996049,0.8264445201996049,c,6.0,2.0,4.0,0.6838330485966688
FCWD1:0176,FCWD1,H8_warp_student,1.20695100859373,1.9694877862930296,343.78935445334685,0.7625367776992995,0.7625367776992995,c,6.0,2.0,4.0,0.6838330485966688
FCWD1:0177,FCWD1,H8_reference,1.201945569438044,2.067995309829712,372.9996151289806,0.8660497403916678,0.8660497403916678,c,0.0,8.0,0.0,1.0
FCWD1:0177,FCWD1,H8_warp,1.201945569438044,1.9749521017074585,349.03202352951024,0.7730065322694144,0.7730065322694144,c,7.0,1.0,2.0,0.6602543816658498
FCWD1:0177,FCWD1,H8_warp_student,1.201945569438044,1.902518391609192,328.70550504616097,0.7005728221711478,0.7005728221711478,c,7.0,1.0,2.0,0.6602543816658498
FCWD1:0178,FCWD1,H8_reference,1.19694003027758,2.237180709838867,415.14886210801177,1.0402406795612873,1.0402406795612873,c,0.0,8.0,0.0,1.0
FCWD1:0178,FCWD1,H8_warp,1.19694003027758,2.114630937576294,387.99533945589576,0.917690907298714,0.917690907298714,c,7.0,1.0,2.0,0.6813296414850448
FCWD1:0178,FCWD1,H8_warp_student,1.19694003027758,2.0159900188446045,363.6788346149019,0.8190499885670246,0.8190499885670246,c,7.0,1.0,2.0,0.6813296414850448
FCWD1:0179,FCWD1,H8_reference,1.2003662665497734,2.450527667999268,453.2010483958537,1.2501614014494946,1.2501614014494946,c,0.0,8.0,0.0,1.0
FCWD1:0179,FCWD1,H8_warp,1.2003662665497734,2.265094757080078,418.31173160746073,1.0647284905303047,1.0647284905303047,c,7.0,1.0,2.0,0.7017187848073068
FCWD1:0179,FCWD1,H8_warp_student,1.2003662665497734,2.179891586303711,400.24264249448686,0.9795253197539375,0.9795253197539375,c,7.0,1.0,2.0,0.7017187848073068
FCWD1:0180,FCWD1,H8_reference,1.20379311901457,2.409831523895264,443.42716497376455,1.206038404880694,1.206038404880694,c,0.0,8.0,0.0,1.0
FCWD1:0180,FCWD1,H8_warp,1.20379311901457,2.316948652267456,426.0565151735994,1.113155533252886,1.113155533252886,c,7.0,1.0,2.0,0.723513187222177
FCWD1:0180,FCWD1,H8_warp_student,1.20379311901457,2.1708366870880127,395.6502491038667,0.9670435680734426,0.9670435680734426,c,7.0,1.0,2.0,0.723513187222177
FCWD1:0181,FCWD1,H8_reference,1.2070136257533617,2.5227766036987305,460.37386158746807,1.3157629779453688,1.3157629779453688,c,0.0,8.0,0.0,1.0
FCWD1:0181,FCWD1,H8_warp,1.2070136257533617,2.375150442123413,434.68667712945415,1.1681368163700514,1.1681368163700514,c,7.0,1.0,2.0,0.7435375400726392
FCWD1:0181,FCWD1,H8_warp_student,1.2070136257533617,2.181448459625244,395.5820761437119,0.9744348338718825,0.9744348338718825,c,7.0,1.0,2.0,0.7435375400726392
FCWD1:0182,FCWD1,H8_reference,1.21023361774641,2.448041677474976,445.3621626587367,1.2378080597285661,1.2378080597285661,c,0.0,8.0,0.0,1.0
FCWD1:0182,FCWD1,H8_warp,1.21023361774641,2.288228988647461,415.5733859895626,1.077995370901051,1.077995370901051,c,7.0,1.0,2.0,0.7631126965253006
FCWD1:0182,FCWD1,H8_warp_student,1.21023361774641,2.1433475017547607,384.6348908273828,0.9331138840083508,0.9331138840083508,c,7.0,1.0,2.0,0.7631126965253006
FCWD1:0183,FCWD1,H8_reference,1.2194247105818896,2.2016854286193848,390.8073366361639,0.9822607180374952,0.9822607180374952,c,0.0,8.0,0.0,1.0
FCWD1:0183,FCWD1,H8_warp,1.2194247105818896,2.1149702072143555,371.2798056313737,0.8955454966324659,0.8955454966324659,c,7.0,1.0,2.0,0.77935791015625
FCWD1:0183,FCWD1,H8_warp_student,1.2194247105818896,1.9467077255249023,328.29142804752115,0.7272830149430127,0.7272830149430127,c,7.0,1.0,2.0,0.77935791015625
FCWD1:0184,FCWD1,H8_reference,1.22861598704825,2.5874264240264893,454.8111854519437,1.3588104369782392,1.3588104369782392,c,0.0,8.0,0.0,1.0
FCWD1:0184,FCWD1,H8_warp,1.22861598704825,2.4326095581054688,429.1927975918643,1.2039935710572187,1.2039935710572187,c,7.0,1.0,2.0,0.7798758576104555
FCWD1:0184,FCWD1,H8_warp_student,1.22861598704825,2.0713181495666504,354.1346884639346,0.8427021625184004,0.8427021625184004,c,7.0,1.0,2.0,0.7798758576104555
FCWD1:0185,FCWD1,H8_reference,1.2565043580932815,2.504049777984619,421.76965752899866,1.2475454198913376,1.2475454198913376,c,0.0,8.0,0.0,1.0
FCWD1:0185,FCWD1,H8_warp,1.2565043580932815,2.362499237060547,396.81577337707995,1.1059948789672653,1.1059948789672653,c,7.0,1.0,2.0,0.7818594883113373
FCWD1:0185,FCWD1,H8_warp_student,1.2565043580932815,2.010223150253296,319.05907297261217,0.7537187921600144,0.7537187921600144,c,7.0,1.0,2.0,0.7818594883113373
FCWD1:0186,FCWD1,H8_reference,1.28439774473169,2.125279903411865,328.59916198587973,0.8408821586801747,0.8408821586801747,c,0.0,8.0,0.0,1.0
FCWD1:0186,FCWD1,H8_warp,1.28439774473169,2.0653326511383057,314.25729765557304,0.7809349064066156,0.7809349064066156,c,7.0,1.0,2.0,0.7836123724106235
FCWD1:0186,FCWD1,H8_warp_student,1.28439774473169,1.9190939664840696,275.4088855438208,0.6346962217523795,0.6346962217523795,c,7.0,1.0,2.0,0.7836123724106235
FCWD1:0187,FCWD1,H8_reference,1.3287510437720724,2.5415141582489014,380.9956905133848,1.212763114476829,1.212763114476829,c,0.0,8.0,0.0,1.0
FCWD1:0187,FCWD1,H8_warp,1.3287510437720724,2.410927057266236,358.7861718209353,1.0821760134941634,1.0821760134941634,c,7.0,1.0,2.0,0.7854768599693407
FCWD1:0187,FCWD1,H8_warp_student,1.3287510437720724,2.199002742767334,316.99582954041415,0.8702516989952616,0.8702516989952616,c,7.0,1.0,2.0,0.7854768599693407
FCWD1:0188,FCWD1,H8_reference,1.37309548154559,2.8265113830566406,395.9603069826014,1.4534159015110506,1.4534159015110506,c,0.0,8.0,0.0,1.0
FCWD1:0188,FCWD1,H8_warp,1.37309548154559,2.6587345600128174,372.78888243719825,1.2856390784672274,1.2856390784672274,c,7.0,1.0,2.0,0.7887030104134118
FCWD1:0188,FCWD1,H8_warp_student,1.37309548154559,2.4540212154388428,340.1337454386454,1.0809257338932527,1.0809257338932527,c,7.0,1.0,2.0,0.7887030104134118
FCWD1:0189,FCWD1,H8_reference,1.4537129730780136,2.7676260471343994,344.68812939287363,1.3139130740563858,1.3139130740563858,c,0.0,8.0,0.0,1.0
FCWD1:0189,FCWD1,H8_warp,1.4537129730780136,2.6539266109466557,328.6152596968025,1.200213637868642,1.200213637868642,c,7.0,1.0,2.0,0.8082838987870317
FCWD1:0189,FCWD1,H8_warp_student,1.4537129730780136,2.584578514099121,318.10376105952685,1.1308655410211075,1.1308655410211075,c,7.0,1.0,2.0,0.8082838987870317
FCWD1:0190,FCWD1,H8_reference,1.53433046461044,2.847804307937622,316.4982152630518,1.313473843327182,1.313473843327182,c,0.0,8.0,0.0,1.0
FCWD1:0190,FCWD1,H8_warp,1.53433046461044,2.7574782371521,304.57003437463237,1.22314777254166,1.22314777254166,c,7.0,1.0,2.0,0.8293233764001937
FCWD1:0190,FCWD1,H8_warp_student,1.53433046461044,2.4955027103424072,264.98854083524066,0.9611722457319671,0.9611722457319671,c,7.0,1.0,2.0,0.8293233764001937
FCWD1:0191,FCWD1,H8_reference,1.672300573884577,3.195085048675537,298.6206544304711,1.52278447479096,1.52278447479096,c,0.0,8.0,0.0,1.0
FCWD1:0191,FCWD1,H8_warp,1.672300573884577,3.072467088699341,285.71813850023625,1.4001665148147637,1.4001665148147637,c,7.0,1.0,2.0,0.8489478264309165
FCWD1:0191,FCWD1,H8_warp_student,1.672300573884577,2.8536605834960938,259.88949491401206,1.1813600096115167,1.1813600096115167,c,7.0,1.0,2.0,0.8489478264309165
FCWD1:0192,FCWD1,H8_reference,1.81029273896709,4.230452060699463,329.02019484540716,2.420159321732373,2.420159321732373,c,0.0,8.0,0.0,1.0
FCWD1:0192,FCWD1,H8_warp,1.81029273896709,3.873122930526733,306.6589986809059,2.0628301915596428,2.0628301915596428,c,7.0,1.0,2.0,0.8685831935988889
FCWD1:0192,FCWD1,H8_warp_student,1.81029273896709,3.466719627380371,275.54089663842603,1.6564268884132811,1.6564268884132811,c,7.0,1.0,2.0,0.8685831935988889
FCWD1:0193,FCWD1,H8_reference,2.0117235199738643,4.856813907623291,301.82074252270957,2.8450903876494267,2.8450903876494267,c,0.0,8.0,0.0,1.0
FCWD1:0193,FCWD1,H8_warp,2.0117235199738643,4.3587646484375,277.77075523840176,2.3470411284636357,2.3470411284636357,c,7.0,1.0,2.0,0.896493607875093
FCWD1:0193,FCWD1,H8_warp_student,2.0117235199738643,4.180452823638916,267.7502238622892,2.1687293036650517,2.1687293036650517,c,7.0,1.0,2.0,0.896493607875093
FCWD1:0194,FCWD1,H8_reference,2.21311405748254,5.181063175201416,267.4812815002857,2.967949117718876,2.967949117718876,c,0.0,8.0,0.0,1.0
FCWD1:0194,FCWD1,H8_warp,2.21311405748254,4.7632670402526855,250.20381678026106,2.5501529827701455,2.5501529827701455,c,7.0,1.0,2.0,0.9263498102810724
FCWD1:0194,FCWD1,H8_warp_student,2.21311405748254,4.495924472808838,237.44425195443594,2.282810415326298,2.282810415326298,c,7.0,1.0,2.0,0.9263498102810724
FCWD1:0195,FCWD1,H8_reference,2.591119217817779,6.030194282531738,226.35563826175309,3.4390750647139594,3.4390750647139594,c,0.0,8.0,0.0,1.0
FCWD1:0195,FCWD1,H8_warp,2.591119217817779,5.535717964172363,211.2815897866565,2.9445987463545844,2.9445987463545844,c,7.0,1.0,2.0,0.9566950577715072
FCWD1:0195,FCWD1,H8_warp_student,2.591119217817779,5.123673915863037,196.47596604015527,2.5325546980452582,2.5325546980452582,c,7.0,1.0,2.0,0.9566950577715072
FCWD1:0196,FCWD1,H8_reference,2.96913193040188,6.127107620239258,178.04542210391477,3.157975689837378,3.157975689837378,c,0.0,8.0,0.0,1.0
FCWD1:0196,FCWD1,H8_warp,2.96913193040188,5.789835453033447,168.37567101961707,2.8207035226315673,2.8207035226315673,c,7.0,1.0,2.0,0.9674314312943616
FCWD1:0196,FCWD1,H8_warp_student,2.96913193040188,5.2273688316345215,149.44679291334896,2.2582369012326415,2.2582369012326415,c,7.0,1.0,2.0,0.9674314312943616
FCWD1:0197,FCWD1,H8_reference,3.9252748034398346,6.728409290313721,108.32148333350007,2.803134486873886,2.803134486873886,s,0.0,8.0,0.0,1.0
FCWD1:0197,FCWD1,H8_warp,3.9252748034398346,6.348702907562256,99.29435570602888,2.4234281041224213,2.4234281041224213,s,7.0,1.0,2.0,0.978227712840062
FCWD1:0197,FCWD1,H8_warp_student,3.9252748034398346,6.073009967803955,92.02677978239738,2.1477351643641205,2.1477351643641205,s,7.0,1.0,2.0,0.978227712840062
FCWD1:0198,FCWD1,H8_reference,4.88158963431124,8.274547576904297,85.38987555192836,3.392957942593057,3.392957942593057,s,0.0,8.0,0.0,1.0
FCWD1:0198,FCWD1,H8_warp,4.88158963431124,8.127747535705566,83.18014037417382,3.2461579013943265,3.2461579013943265,s,7.0,1.0,2.0,0.9890839024086082
FCWD1:0198,FCWD1,H8_warp_student,4.88158963431124,7.884725570678711,79.33998651399014,3.003135936367471,3.003135936367471,s,7.0,1.0,2.0,0.9890839024086082
FCWD1:0199,FCWD1,H8_reference,9.25766324520781,9.289052963256836,0.36899738956366546,0.03138971804902546,0.03138971804902546,l,0.0,8.0,0.0,1.0
FCWD1:0199,FCWD1,H8_warp,9.25766324520781,9.562148094177246,3.476562630877426,0.3044848489694356,0.3044848489694356,l,7.0,1.0,2.0,1.0
FCWD1:0199,FCWD1,H8_warp_student,9.25766324520781,9.4483060836792,2.2030990934149632,0.19064283847138874,0.19064283847138874,l,7.0,1.0,2.0,1.0
FCWD1:0200,FCWD1,H8_reference,13.6328625681278,9.997602462768556,26.90506590919393,-3.6352601053592437,3.6352601053592437,outside,0.0,8.0,0.0,1.0
FCWD1:0200,FCWD1,H8_warp,13.6328625681278,10.244149208068848,24.473754569877364,-3.3887133600589525,3.3887133600589525,outside,7.0,1.0,2.0,1.0
FCWD1:0200,FCWD1,H8_warp_student,13.6328625681278,9.865440368652344,28.258664276662312,-3.7674221994754564,3.7674221994754564,outside,7.0,1.0,2.0,1.0
FCWD2:0000,FCWD2,H8_reference,16.473274054659676,7.799632549285889,68.15077971731607,-8.673641505373787,8.673641505373787,outside,0.0,8.0,0.0,1.0
FCWD2:0000,FCWD2,H8_warp,16.473274054659676,7.799632549285889,68.15077971731607,-8.673641505373787,8.673641505373787,outside,0.0,8.0,0.0,1.0
FCWD2:0000,FCWD2,H8_warp_student,16.473274054659676,9.716675758361816,42.55971413385168,-6.7565982962978595,6.7565982962978595,outside,0.0,8.0,0.0,1.0
FCWD2:0001,FCWD2,H8_reference,16.0773303107143,7.61406946182251,69.81226853971697,-8.463260848891789,8.463260848891789,outside,0.0,8.0,0.0,1.0
FCWD2:0001,FCWD2,H8_warp,16.0773303107143,7.640589714050293,69.35034984979607,-8.436740596664006,8.436740596664006,outside,7.0,1.0,2.0,0.9829790342610856
FCWD2:0001,FCWD2,H8_warp_student,16.0773303107143,8.913252830505371,50.43296625745493,-7.1640774802089275,7.1640774802089275,outside,7.0,1.0,2.0,0.9829790342610856
FCWD2:0002,FCWD2,H8_reference,15.74679360920229,8.710855484008789,51.75582402932995,-7.035938125193502,7.035938125193502,outside,0.0,8.0,0.0,1.0
FCWD2:0002,FCWD2,H8_warp,15.74679360920229,7.414370059967041,72.08353211270467,-8.33242354923525,8.33242354923525,outside,7.0,1.0,2.0,0.97461264275842
FCWD2:0002,FCWD2,H8_warp_student,15.74679360920229,9.825855255126951,38.58623840859208,-5.920938354075339,5.920938354075339,outside,7.0,1.0,2.0,0.97461264275842
FCWD2:0003,FCWD2,H8_reference,15.416322945031,8.369196891784668,55.12775081775702,-7.047126053246332,7.047126053246332,outside,0.0,8.0,0.0,1.0
FCWD2:0003,FCWD2,H8_warp,15.416322945031,9.03281021118164,46.24727931746118,-6.38351273384936,6.38351273384936,outside,7.0,1.0,2.0,0.9609434682964094
FCWD2:0003,FCWD2,H8_warp_student,15.416322945031,9.267170906066896,43.4166172236387,-6.149152038964104,6.149152038964104,outside,7.0,1.0,2.0,0.9609434682964094
FCWD2:0004,FCWD2,H8_reference,15.053386709234694,9.83177661895752,35.57994325202084,-5.221610090277174,5.221610090277174,outside,0.0,8.0,0.0,1.0
FCWD2:0004,FCWD2,H8_warp,15.053386709234694,9.500999450683594,39.158037660673614,-5.5523872585511,5.5523872585511,outside,7.0,1.0,2.0,0.95014245014245
FCWD2:0004,FCWD2,H8_warp_student,15.053386709234694,9.903952598571776,34.831126171919884,-5.149434110662918,5.149434110662918,outside,7.0,1.0,2.0,0.95014245014245
FCWD2:0005,FCWD2,H8_reference,14.6904432222549,8.92628002166748,44.356790669881214,-5.76416320058742,5.76416320058742,outside,0.0,8.0,0.0,1.0
FCWD2:0005,FCWD2,H8_warp,14.6904432222549,8.720809936523438,47.02654961005103,-5.969633285731463,5.969633285731463,outside,7.0,1.0,2.0,0.9241112543746546
FCWD2:0005,FCWD2,H8_warp_student,14.6904432222549,9.62812042236328,36.10135738079678,-5.062322799891621,5.062322799891621,outside,7.0,1.0,2.0,0.9241112543746546
FCWD2:0006,FCWD2,H8_reference,14.426590822343584,9.047887802124023,41.58053749942147,-5.378703020219561,5.378703020219561,outside,0.0,8.0,0.0,1.0
FCWD2:0006,FCWD2,H8_warp,14.426590822343584,8.479486465454102,49.07477987338324,-5.947104356889483,5.947104356889483,outside,7.0,1.0,2.0,0.9114905775903124
FCWD2:0006,FCWD2,H8_warp_student,14.426590822343584,10.087486267089844,30.06956115040161,-4.339104555253741,4.339104555253741,outside,7.0,1.0,2.0,0.9114905775903124
FCWD2:0007,FCWD2,H8_reference,14.1626856972959,9.104056358337402,39.59032436581007,-5.058629338958498,5.058629338958498,outside,0.0,8.0,0.0,1.0
FCWD2:0007,FCWD2,H8_warp,14.1626856972959,8.299753189086914,50.358700299166834,-5.862932508208987,5.862932508208987,outside,7.0,1.0,2.0,0.9138878710150238
FCWD2:0007,FCWD2,H8_warp_student,14.1626856972959,9.613500595092772,33.70664330734071,-4.549185102203129,4.549185102203129,outside,7.0,1.0,2.0,0.9138878710150238
FCWD2:0008,FCWD2,H8_reference,13.987266486582364,8.419097900390625,47.738223866488646,-5.568168586191739,5.568168586191739,outside,0.0,8.0,0.0,1.0
FCWD2:0008,FCWD2,H8_warp,13.987266486582364,7.6254425048828125,60.25701808984275,-6.361823981699551,6.361823981699551,outside,7.0,1.0,2.0,0.9121967542245274
FCWD2:0008,FCWD2,H8_warp_student,13.987266486582364,8.94195556640625,40.711997204508684,-5.045310920176114,5.045310920176114,outside,7.0,1.0,2.0,0.9121967542245274
FCWD2:0009,FCWD2,H8_reference,13.8118788185224,7.778748512268066,56.72404238019956,-6.033130306254334,6.033130306254334,outside,0.0,8.0,0.0,1.0
FCWD2:0009,FCWD2,H8_warp,13.8118788185224,7.32662296295166,64.76373288330961,-6.48525585557074,6.48525585557074,outside,7.0,1.0,2.0,0.924723146952918
FCWD2:0009,FCWD2,H8_warp_student,13.8118788185224,7.4439215660095215,62.5834727673008,-6.367957252512879,6.367957252512879,outside,7.0,1.0,2.0,0.924723146952918
FCWD2:0010,FCWD2,H8_reference,13.658838134374973,9.067584991455078,37.413582865902846,-4.591253142919895,4.591253142919895,outside,0.0,8.0,0.0,1.0
FCWD2:0010,FCWD2,H8_warp,13.658838134374973,8.6621675491333,42.63410216199372,-4.996670585241672,4.996670585241672,outside,7.0,1.0,2.0,0.9203516425408156
FCWD2:0010,FCWD2,H8_warp_student,13.658838134374973,8.86744213104248,39.930801265304574,-4.791396003332492,4.791396003332492,outside,7.0,1.0,2.0,0.9203516425408156
FCWD2:0011,FCWD2,H8_reference,13.5058005078002,7.882749080657959,53.35309689707456,-5.623051427142242,5.623051427142242,outside,0.0,8.0,0.0,1.0
FCWD2:0011,FCWD2,H8_warp,13.5058005078002,7.762934684753418,55.33641834309837,-5.742865823046783,5.742865823046783,outside,7.0,1.0,2.0,0.9355012093523246
FCWD2:0011,FCWD2,H8_warp_student,13.5058005078002,8.145515441894531,49.20901646301693,-5.3602850659056696,5.3602850659056696,outside,7.0,1.0,2.0,0.9355012093523246
FCWD2:0012,FCWD2,H8_reference,13.249651612377011,8.575575828552246,41.535537212294926,-4.674075783824765,4.674075783824765,outside,0.0,8.0,0.0,1.0
FCWD2:0012,FCWD2,H8_warp,13.249651612377011,8.276920318603516,45.79372691741772,-4.972731293773496,4.972731293773496,outside,7.0,1.0,2.0,0.951589027543144
FCWD2:0012,FCWD2,H8_warp_student,13.249651612377011,8.936888694763184,36.76657036606498,-4.312762917613828,4.312762917613828,outside,7.0,1.0,2.0,0.951589027543144
FCWD2:0013,FCWD2,H8_reference,12.9934515311945,8.63619327545166,39.20783532304524,-4.35725825574284,4.35725825574284,outside,0.0,8.0,0.0,1.0
FCWD2:0013,FCWD2,H8_warp,12.9934515311945,8.243146896362305,44.79521062052509,-4.750304634832196,4.750304634832196,outside,7.0,1.0,2.0,0.951589027543144
FCWD2:0013,FCWD2,H8_warp_student,12.9934515311945,8.761714935302734,37.52969267860621,-4.231736595891766,4.231736595891766,outside,7.0,1.0,2.0,0.951589027543144
FCWD2:0014,FCWD2,H8_reference,12.7783195716197,8.9393949508667,33.92941130034429,-3.8389246207530014,3.8389246207530014,outside,0.0,8.0,0.0,1.0
FCWD2:0014,FCWD2,H8_warp,12.7783195716197,8.389155387878418,41.35228740285759,-4.389164183741283,4.389164183741283,outside,7.0,1.0,2.0,0.9311527301503562
FCWD2:0014,FCWD2,H8_warp_student,12.7783195716197,9.284720420837402,29.722669176896858,-3.4935991507822983,3.4935991507822983,outside,7.0,1.0,2.0,0.9311527301503562
FCWD2:0015,FCWD2,H8_reference,12.5631876120449,8.579154014587402,37.33015188108797,-3.984033597457497,3.984033597457497,outside,0.0,8.0,0.0,1.0
FCWD2:0015,FCWD2,H8_warp,12.5631876120449,8.365495681762695,40.34274894266108,-4.197691930282204,4.197691930282204,outside,7.0,1.0,2.0,0.926956224020885
FCWD2:0015,FCWD2,H8_warp_student,12.5631876120449,8.786588668823242,34.54628772211731,-3.776598943221657,3.776598943221657,outside,7.0,1.0,2.0,0.926956224020885
FCWD2:0016,FCWD2,H8_reference,12.31997225080794,9.013592720031738,30.063338506578862,-3.3063795307762014,3.3063795307762014,outside,0.0,8.0,0.0,1.0
FCWD2:0016,FCWD2,H8_warp,12.31997225080794,8.632794380187988,35.01326038588064,-3.6871778706199514,3.6871778706199514,outside,7.0,1.0,2.0,0.931695289181122
FCWD2:0016,FCWD2,H8_warp_student,12.31997225080794,9.060011863708496,29.488556597631195,-3.2599603870994436,3.2599603870994436,outside,7.0,1.0,2.0,0.931695289181122
FCWD2:0017,FCWD2,H8_reference,12.0767180093278,8.278361320495605,38.38369395017964,-3.798356688832195,3.798356688832195,outside,0.0,8.0,0.0,1.0
FCWD2:0017,FCWD2,H8_warp,12.0767180093278,8.4267578125,36.23066398027701,-3.6499601968278004,3.6499601968278004,outside,7.0,1.0,2.0,0.934408971769862
FCWD2:0017,FCWD2,H8_warp_student,12.0767180093278,8.501887321472168,35.16946645485672,-3.5748306878556324,3.5748306878556324,outside,7.0,1.0,2.0,0.934408971769862
FCWD2:0018,FCWD2,H8_reference,11.876870187411344,8.804254531860352,29.677686638531398,-3.072615655550992,3.072615655550992,outside,0.0,8.0,0.0,1.0
FCWD2:0018,FCWD2,H8_warp,11.876870187411344,9.043968200683594,26.633045755802257,-2.83290198672775,2.83290198672775,outside,7.0,1.0,2.0,0.9210181054841248
FCWD2:0018,FCWD2,H8_warp_student,11.876870187411344,9.266322135925291,23.950488950413643,-2.6105480514860524,2.6105480514860524,outside,7.0,1.0,2.0,0.9210181054841248
FCWD2:0019,FCWD2,H8_reference,11.6770622927364,8.319586753845215,34.919722505911395,-3.357475538891185,3.357475538891185,outside,0.0,8.0,0.0,1.0
FCWD2:0019,FCWD2,H8_warp,11.6770622927364,7.791830539703369,43.163435645145675,-3.8852317530330307,3.8852317530330307,outside,7.0,1.0,2.0,0.921138958141976
FCWD2:0019,FCWD2,H8_warp_student,11.6770622927364,8.151878356933594,37.42295673951381,-3.525183935802806,3.525183935802806,outside,7.0,1.0,2.0,0.921138958141976
FCWD2:0020,FCWD2,H8_reference,11.5090372487491,8.237192153930664,34.87559554754155,-3.2718450948184366,3.2718450948184366,outside,0.0,8.0,0.0,1.0
FCWD2:0020,FCWD2,H8_warp,11.5090372487491,8.111954689025879,36.77306757619875,-3.3970825597232217,3.3970825597232217,outside,7.0,1.0,2.0,0.9024691684052076
FCWD2:0020,FCWD2,H8_warp_student,11.5090372487491,8.31262493133545,33.76047164069305,-3.1964123174136514,3.1964123174136514,outside,7.0,1.0,2.0,0.9024691684052076
FCWD2:0021,FCWD2,H8_reference,11.3410122047618,7.528856754302978,45.14567025793621,-3.812155450458822,3.812155450458822,outside,0.0,8.0,0.0,1.0
FCWD2:0021,FCWD2,H8_warp,11.3410122047618,7.732203006744385,41.606234119152816,-3.608809198017415,3.608809198017415,outside,7.0,1.0,2.0,0.8810303533897063
FCWD2:0021,FCWD2,H8_warp_student,11.3410122047618,8.280082702636719,32.94035898108394,-3.060929502125081,3.060929502125081,outside,7.0,1.0,2.0,0.8810303533897063
FCWD2:0022,FCWD2,H8_reference,11.219713112439738,7.549293518066406,43.819457937217095,-3.6704195943733318,3.6704195943733318,outside,0.0,8.0,0.0,1.0
FCWD2:0022,FCWD2,H8_warp,11.219713112439738,7.409909725189209,46.344909904289906,-3.809803387250529,3.809803387250529,outside,7.0,1.0,2.0,0.8678230379982202
FCWD2:0022,FCWD2,H8_warp_student,11.219713112439738,7.6941819190979,41.29189955356608,-3.5255311933418376,3.5255311933418376,outside,7.0,1.0,2.0,0.8678230379982202
FCWD2:0023,FCWD2,H8_reference,11.0983946293268,7.869479179382324,37.375993069391626,-3.228915449944475,3.228915449944475,outside,0.0,8.0,0.0,1.0
FCWD2:0023,FCWD2,H8_warp,11.0983946293268,8.19206428527832,32.309015052331624,-2.906330344048479,2.906330344048479,outside,7.0,1.0,2.0,0.8585793187283635
FCWD2:0023,FCWD2,H8_warp_student,11.0983946293268,8.519601821899414,27.559171440123716,-2.5787928074273854,2.5787928074273854,outside,7.0,1.0,2.0,0.8585793187283635
FCWD2:0024,FCWD2,H8_reference,10.973331728932244,7.984769344329834,34.481476446438926,-2.9885623846024103,2.9885623846024103,outside,0.0,8.0,0.0,1.0
FCWD2:0024,FCWD2,H8_warp,10.973331728932244,7.875388622283935,36.24312005217777,-3.0979431066483096,3.0979431066483096,outside,7.0,1.0,2.0,0.8442721240706691
FCWD2:0024,FCWD2,H8_warp_student,10.973331728932244,8.286308288574219,29.86731134160746,-2.6870234403580255,2.6870234403580255,outside,7.0,1.0,2.0,0.8442721240706691
FCWD2:0025,FCWD2,H8_reference,10.8482888178129,7.755423069000244,37.17262155341782,-3.092865748812656,3.092865748812656,outside,0.0,8.0,0.0,1.0
FCWD2:0025,FCWD2,H8_warp,10.8482888178129,7.665480136871338,38.70544370027503,-3.1828086809415623,3.1828086809415623,outside,7.0,1.0,2.0,0.8384657204272297
FCWD2:0025,FCWD2,H8_warp_student,10.8482888178129,7.944198608398437,34.069069487199165,-2.9040902094144636,2.9040902094144636,outside,7.0,1.0,2.0,0.8384657204272297
FCWD2:0026,FCWD2,H8_reference,10.709348708484418,7.320042133331299,43.73790325288512,-3.3893065751531193,3.3893065751531193,outside,0.0,8.0,0.0,1.0
FCWD2:0026,FCWD2,H8_warp,10.709348708484418,7.211555957794189,45.82167880040157,-3.4977927506902295,3.4977927506902295,outside,7.0,1.0,2.0,0.8353553628561147
FCWD2:0026,FCWD2,H8_warp_student,10.709348708484418,7.443019866943359,41.44973536190675,-3.2663288415410587,3.2663288415410587,outside,7.0,1.0,2.0,0.8353553628561147
FCWD2:0027,FCWD2,H8_reference,10.5704058232407,7.619715690612793,37.05319601416115,-2.9506901326279067,2.9506901326279067,outside,0.0,8.0,0.0,1.0
FCWD2:0027,FCWD2,H8_warp,10.5704058232407,7.063429832458496,47.53192205382999,-3.5069759907822036,3.5069759907822036,outside,7.0,1.0,2.0,0.8425253492465163
FCWD2:0027,FCWD2,H8_warp_student,10.5704058232407,7.176575183868408,45.268074840119965,-3.3938306393722915,3.3938306393722915,outside,7.0,1.0,2.0,0.8425253492465163
FCWD2:0028,FCWD2,H8_reference,10.45250040481442,7.118589401245117,45.341827034113265,-3.3339110035693036,3.3339110035693036,outside,0.0,8.0,0.0,1.0
FCWD2:0028,FCWD2,H8_warp,10.45250040481442,7.650355339050293,35.44321943565361,-2.802145065764128,2.802145065764128,outside,7.0,1.0,2.0,0.8438667749796913
FCWD2:0028,FCWD2,H8_warp_student,10.45250040481442,7.536458492279053,37.44501842622427,-2.916041912535368,2.916041912535368,outside,7.0,1.0,2.0,0.8438667749796913
FCWD2:0029,FCWD2,H8_reference,10.3345737816489,7.454280853271484,37.82528876650488,-2.880292928377415,2.880292928377415,outside,0.0,8.0,0.0,1.0
FCWD2:0029,FCWD2,H8_warp,10.3345737816489,7.67071533203125,33.98939058141801,-2.663858449617649,2.663858449617649,outside,7.0,1.0,2.0,0.8281301467628006
FCWD2:0029,FCWD2,H8_warp_student,10.3345737816489,7.612736225128174,34.995431554006586,-2.7218375565207253,2.7218375565207253,outside,7.0,1.0,2.0,0.8281301467628006
FCWD2:0030,FCWD2,H8_reference,10.205395695009663,7.6169753074646,33.6845061726802,-2.5884203875450638,2.5884203875450638,outside,0.0,8.0,0.0,1.0
FCWD2:0030,FCWD2,H8_warp,10.205395695009663,7.638452529907227,33.31046321252817,-2.566943165102437,2.566943165102437,outside,7.0,1.0,2.0,0.8294859351168086
FCWD2:0030,FCWD2,H8_warp_student,10.205395695009663,7.929182052612305,28.447813941851976,-2.2762136423973587,2.2762136423973587,outside,7.0,1.0,2.0,0.8294859351168086
FCWD2:0031,FCWD2,H8_reference,10.076243416631,8.044756889343262,25.344528610807654,-2.031486527287738,2.031486527287738,outside,0.0,8.0,0.0,1.0
FCWD2:0031,FCWD2,H8_warp,10.076243416631,8.40623950958252,19.933403900083135,-1.6700039070484802,1.6700039070484802,outside,7.0,1.0,2.0,0.8244176013805005
FCWD2:0031,FCWD2,H8_warp_student,10.076243416631,8.654026985168457,16.48687587909108,-1.4222164314625427,1.4222164314625427,outside,7.0,1.0,2.0,0.8244176013805005
FCWD2:0032,FCWD2,H8_reference,9.959921943845195,7.914209365844727,26.250253138189304,-2.045712578000469,2.045712578000469,l,0.0,8.0,0.0,1.0
FCWD2:0032,FCWD2,H8_warp,9.959921943845195,7.874314785003662,26.89863397480575,-2.0856071588415332,2.0856071588415332,l,7.0,1.0,2.0,0.8159171364887898
FCWD2:0032,FCWD2,H8_warp_student,9.959921943845195,7.918951034545898,26.17362701700871,-2.040970909299297,2.040970909299297,l,7.0,1.0,2.0,0.8159171364887898
FCWD2:0033,FCWD2,H8_reference,9.84359814704691,7.384074687957764,34.24355948145085,-2.459523459089146,2.459523459089146,l,0.0,8.0,0.0,1.0
FCWD2:0033,FCWD2,H8_warp,9.84359814704691,7.604410648345947,30.266527638032823,-2.2391874987009626,2.2391874987009626,l,7.0,1.0,2.0,0.8171620573791677
FCWD2:0033,FCWD2,H8_warp_student,9.84359814704691,7.723607540130615,28.210241776498254,-2.1199906069162946,2.1199906069162946,l,7.0,1.0,2.0,0.8171620573791677
FCWD2:0034,FCWD2,H8_reference,9.703947403704738,7.710361480712891,26.95849919442784,-1.9935859229918478,1.9935859229918478,l,0.0,8.0,0.0,1.0
FCWD2:0034,FCWD2,H8_warp,9.703947403704738,7.573624610900879,29.331118678745955,-2.1303227928038595,2.1303227928038595,l,7.0,1.0,2.0,0.8183902774592984
FCWD2:0034,FCWD2,H8_warp_student,9.703947403704738,7.774344444274902,25.87713544582806,-1.929602959429836,1.929602959429836,l,7.0,1.0,2.0,0.8183902774592984
FCWD2:0035,FCWD2,H8_reference,9.56431898126776,7.722333908081055,25.23457575293186,-1.8419850731867058,1.8419850731867058,l,0.0,8.0,0.0,1.0
FCWD2:0035,FCWD2,H8_warp,9.56431898126776,7.934093475341797,21.733659398200725,-1.6302255059259636,1.6302255059259636,l,7.0,1.0,2.0,0.8318196766930608
FCWD2:0035,FCWD2,H8_warp_student,9.56431898126776,8.079399108886719,19.438225475954148,-1.4849198723810417,1.4849198723810417,l,7.0,1.0,2.0,0.8318196766930608
FCWD2:0036,FCWD2,H8_reference,9.420547494119996,7.623449802398682,25.323778160551267,-1.797097691721314,1.797097691721314,l,0.0,8.0,0.0,1.0
FCWD2:0036,FCWD2,H8_warp,9.420547494119996,7.847850799560547,21.52385775204945,-1.5726966945594487,1.5726966945594487,l,7.0,1.0,2.0,0.8425626515763945
FCWD2:0036,FCWD2,H8_warp_student,9.420547494119996,7.965065479278564,19.624660100061345,-1.455482014841432,1.455482014841432,l,7.0,1.0,2.0,0.8425626515763945
FCWD2:0037,FCWD2,H8_reference,9.27677600697223,7.244468212127685,30.616638240822773,-2.032307794844546,2.032307794844546,l,0.0,8.0,0.0,1.0
FCWD2:0037,FCWD2,H8_warp,9.27677600697223,7.395629405975342,27.756196220934566,-1.881146600996889,1.881146600996889,l,7.0,1.0,2.0,0.8517092000016807
FCWD2:0037,FCWD2,H8_warp_student,9.27677600697223,7.532083988189697,25.273313028322583,-1.7446920187825334,1.7446920187825334,l,7.0,1.0,2.0,0.8517092000016807
FCWD2:0038,FCWD2,H8_reference,9.155873852953093,7.703362941741943,20.843046702708495,-1.4525109112111494,1.4525109112111494,l,0.0,8.0,0.0,1.0
FCWD2:0038,FCWD2,H8_warp,9.155873852953093,7.778936862945557,19.56537803827544,-1.376936990007536,1.376936990007536,l,7.0,1.0,2.0,0.8601689234481834
FCWD2:0038,FCWD2,H8_warp_student,9.155873852953093,7.962131500244141,16.56954739796511,-1.1937423527089521,1.1937423527089521,l,7.0,1.0,2.0,0.8601689234481834
FCWD2:0039,FCWD2,H8_reference,9.03495237159737,7.633673191070557,20.565788652583667,-1.4012791805268137,1.4012791805268137,l,0.0,8.0,0.0,1.0
FCWD2:0039,FCWD2,H8_warp,9.03495237159737,7.984493732452393,14.735309591486796,-1.0504586391449777,1.0504586391449777,l,7.0,1.0,2.0,0.8611277973310989
FCWD2:0039,FCWD2,H8_warp_student,9.03495237159737,8.333827018737793,9.420273037425344,-0.7011253528595773,0.7011253528595773,l,7.0,1.0,2.0,0.8611277973310989
FCWD2:0040,FCWD2,H8_reference,8.913546632148782,7.8929338455200195,14.682182433372413,-1.020612786628762,1.020612786628762,l,0.0,8.0,0.0,1.0
FCWD2:0040,FCWD2,H8_warp,8.913546632148782,7.901454448699951,14.543806900979561,-1.0120921834488303,1.0120921834488303,l,7.0,1.0,2.0,0.8775900943455642
FCWD2:0040,FCWD2,H8_warp_student,8.913546632148782,8.322294235229492,8.064069066118645,-0.5912523969192893,0.5912523969192893,l,7.0,1.0,2.0,0.8775900943455642
FCWD2:0041,FCWD2,H8_reference,8.79216029743758,7.334904193878174,22.882870933744453,-1.4572561035594056,1.4572561035594056,l,0.0,8.0,0.0,1.0
FCWD2:0041,FCWD2,H8_warp,8.79216029743758,7.69690465927124,16.38428128225726,-1.0952556381663392,1.0952556381663392,l,7.0,1.0,2.0,0.8910098171457624
FCWD2:0041,FCWD2,H8_warp_student,8.79216029743758,8.209223747253418,8.172763357665696,-0.5829365501841615,0.5829365501841615,l,7.0,1.0,2.0,0.8910098171457624
FCWD2:0042,FCWD2,H8_reference,8.66089721944899,8.1072998046875,7.979428664924085,-0.5535974147614908,0.5535974147614908,l,0.0,8.0,0.0,1.0
FCWD2:0042,FCWD2,H8_warp,8.66089721944899,7.917454242706299,10.974408006238292,-0.743442976742692,0.743442976742692,l,7.0,1.0,2.0,0.9008492081707598
FCWD2:0042,FCWD2,H8_warp_student,8.66089721944899,8.169530868530273,7.028159627800717,-0.4913663509187174,0.4913663509187174,l,7.0,1.0,2.0,0.9008492081707598
FCWD2:0043,FCWD2,H8_reference,8.5296341414604,7.956269264221191,8.55260848120423,-0.573364877239209,0.573364877239209,l,0.0,8.0,0.0,1.0
FCWD2:0043,FCWD2,H8_warp,8.5296341414604,7.982910633087158,8.127822980857069,-0.5467235083732422,0.5467235083732422,l,7.0,1.0,2.0,0.9209251552159378
FCWD2:0043,FCWD2,H8_warp_student,8.5296341414604,8.299314498901367,3.2926951772713555,-0.23031964255903326,0.23031964255903326,l,7.0,1.0,2.0,0.9209251552159378
FCWD2:0044,FCWD2,H8_reference,8.432776653794182,8.467381477355957,0.4904413979612936,0.03460482356177508,0.03460482356177508,l,0.0,8.0,0.0,1.0
FCWD2:0044,FCWD2,H8_warp,8.432776653794182,8.56916618347168,1.909902738330277,0.13638952967749773,0.13638952967749773,l,7.0,1.0,2.0,0.929383540210702
FCWD2:0044,FCWD2,H8_warp_student,8.432776653794182,8.795110702514648,4.942774071089746,0.3623340487204665,0.3623340487204665,l,7.0,1.0,2.0,0.929383540210702
FCWD2:0045,FCWD2,H8_reference,8.33590368255548,7.318776607513428,16.888541412754062,-1.017127075042053,1.017127075042053,l,0.0,8.0,0.0,1.0
FCWD2:0045,FCWD2,H8_warp,8.33590368255548,7.366383075714111,15.993323792239563,-0.9695206068413693,0.9695206068413693,l,7.0,1.0,2.0,0.9273912031649988
FCWD2:0045,FCWD2,H8_warp_student,8.33590368255548,7.927751064300537,6.253124866087943,-0.40815261825494353,0.40815261825494353,l,7.0,1.0,2.0,0.9273912031649988
FCWD2:0046,FCWD2,H8_reference,8.26377061226357,6.357208728790283,36.803793138173305,-1.9065618834732874,1.9065618834732874,l,0.0,8.0,0.0,1.0
FCWD2:0046,FCWD2,H8_warp,8.26377061226357,6.397521495819092,35.796795746610016,-1.8662491164444788,1.8662491164444788,l,7.0,1.0,2.0,0.9384824984280024
FCWD2:0046,FCWD2,H8_warp_student,8.26377061226357,6.296669483184815,38.34045683974031,-1.9671011290787552,1.9671011290787552,l,7.0,1.0,2.0,0.9384824984280024
FCWD2:0047,FCWD2,H8_reference,8.1916519533097,6.214825630187988,39.387405941423445,-1.9768263231217116,1.9768263231217116,l,0.0,8.0,0.0,1.0
FCWD2:0047,FCWD2,H8_warp,8.1916519533097,6.106055736541748,42.30098715687818,-2.085596216767952,2.085596216767952,l,7.0,1.0,2.0,0.9337613495236382
FCWD2:0047,FCWD2,H8_warp_student,8.1916519533097,6.075287342071533,43.144257766966845,-2.1163646112381667,2.1163646112381667,l,7.0,1.0,2.0,0.9337613495236382
FCWD2:0048,FCWD2,H8_reference,8.044460190086799,6.425839900970459,31.757046051421444,-1.6186202891163397,1.6186202891163397,l,0.0,8.0,0.0,1.0
FCWD2:0048,FCWD2,H8_warp,8.044460190086799,6.538451194763184,29.034785116406145,-1.506008995323615,1.506008995323615,l,7.0,1.0,2.0,0.9386836419864591
FCWD2:0048,FCWD2,H8_warp_student,8.044460190086799,7.195972442626953,14.852999947885838,-0.8484877474598456,0.8484877474598456,l,7.0,1.0,2.0,0.9386836419864591
FCWD2:0049,FCWD2,H8_reference,7.89726548608704,5.802188873291016,46.41659291124627,-2.0950766127960243,2.0950766127960243,l,0.0,8.0,0.0,1.0
FCWD2:0049,FCWD2,H8_warp,7.89726548608704,5.872462272644043,44.31821569500605,-2.024803213442997,2.024803213442997,l,7.0,1.0,2.0,0.9451227586937522
FCWD2:0049,FCWD2,H8_warp_student,7.89726548608704,5.679925918579102,50.192250505053174,-2.2173395675079384,2.2173395675079384,l,7.0,1.0,2.0,0.9451227586937522
FCWD2:0050,FCWD2,H8_reference,7.809318357952804,6.164666175842285,34.66578680788113,-1.6446521821105184,1.6446521821105184,l,0.0,8.0,0.0,1.0
FCWD2:0050,FCWD2,H8_warp,7.809318357952804,6.459312915802002,27.147045577747985,-1.3500054421508016,1.3500054421508016,l,7.0,1.0,2.0,0.9522929969919256
FCWD2:0050,FCWD2,H8_warp_student,7.809318357952804,6.414170742034912,28.253811527199375,-1.3951476159178915,1.3951476159178915,l,7.0,1.0,2.0,0.9522929969919256
FCWD2:0051,FCWD2,H8_reference,7.72135541293802,6.088837146759033,35.24167277225983,-1.6325182661789865,1.6325182661789865,l,0.0,8.0,0.0,1.0
FCWD2:0051,FCWD2,H8_warp,7.72135541293802,6.287256717681885,29.973422413730432,-1.434098695256135,1.434098695256135,l,7.0,1.0,2.0,0.938690021197676
FCWD2:0051,FCWD2,H8_warp_student,7.72135541293802,6.5507917404174805,23.473543593392368,-1.1705636725205393,1.1705636725205393,l,7.0,1.0,2.0,0.938690021197676
FCWD2:0052,FCWD2,H8_reference,7.640794353748335,7.14701509475708,9.16621571668101,-0.4937792589912551,0.4937792589912551,l,0.0,8.0,0.0,1.0
FCWD2:0052,FCWD2,H8_warp,7.640794353748335,6.95893144607544,13.002286196116662,-0.6818629076728948,0.6818629076728948,l,7.0,1.0,2.0,0.954684918574463
FCWD2:0052,FCWD2,H8_warp_student,7.640794353748335,6.998162269592285,12.18500932786526,-0.64263208415605,0.64263208415605,l,7.0,1.0,2.0,0.954684918574463
FCWD2:0053,FCWD2,H8_reference,7.56024938970963,5.9075541496276855,37.57052791940954,-1.6526952400819441,1.6526952400819441,l,0.0,8.0,0.0,1.0
FCWD2:0053,FCWD2,H8_warp,7.56024938970963,5.912799835205078,37.417766919102746,-1.6474495545045515,1.6474495545045515,l,7.0,1.0,2.0,0.9432741576522954
FCWD2:0053,FCWD2,H8_warp_student,7.56024938970963,5.87005090713501,38.67069228014303,-1.69019848257462,1.69019848257462,l,7.0,1.0,2.0,0.9432741576522954
FCWD2:0054,FCWD2,H8_reference,7.45674311455031,6.950118541717529,9.91342434512578,-0.5066245728327807,0.5066245728327807,l,0.0,8.0,0.0,1.0
FCWD2:0054,FCWD2,H8_warp,7.45674311455031,7.085329055786133,7.127996798601405,-0.3714140587641772,0.3714140587641772,l,7.0,1.0,2.0,0.9298469387755102
FCWD2:0054,FCWD2,H8_warp_student,7.45674311455031,7.616573810577393,2.8520229229282363,0.15983069602708255,0.15983069602708255,l,7.0,1.0,2.0,0.9298469387755102
FCWD2:0055,FCWD2,H8_reference,7.35323477141618,6.529656887054443,17.40445619245516,-0.823577884361737,0.823577884361737,l,0.0,8.0,0.0,1.0
FCWD2:0055,FCWD2,H8_warp,7.35323477141618,6.752962589263916,12.262764683091415,-0.6002721821522643,0.6002721821522643,l,7.0,1.0,2.0,0.9303354962024044
FCWD2:0055,FCWD2,H8_warp_student,7.35323477141618,6.819355010986328,10.799481593912908,-0.5338797604298522,0.5338797604298522,l,7.0,1.0,2.0,0.9303354962024044
FCWD2:0056,FCWD2,H8_reference,7.261458309093372,6.306373596191406,21.169975218797536,-0.9550847129019662,0.9550847129019662,l,0.0,8.0,0.0,1.0
FCWD2:0056,FCWD2,H8_warp,7.261458309093372,6.491771697998047,16.56948376511088,-0.7696866110953255,0.7696866110953255,l,7.0,1.0,2.0,0.9172783177940884
FCWD2:0056,FCWD2,H8_warp_student,7.261458309093372,6.570486068725586,14.695375921492271,-0.6909722403677865,0.6909722403677865,l,7.0,1.0,2.0,0.9172783177940884
FCWD2:0057,FCWD2,H8_reference,7.16966350725009,6.651868343353272,11.01678327982726,-0.5177951638968175,0.5177951638968175,l,0.0,8.0,0.0,1.0
FCWD2:0057,FCWD2,H8_warp,7.16966350725009,6.646066665649414,11.15002082949599,-0.5235968416006758,0.5235968416006758,l,7.0,1.0,2.0,0.9178443933688688
FCWD2:0057,FCWD2,H8_warp_student,7.16966350725009,6.903153896331787,5.462421213411998,-0.2665096109183027,0.2665096109183027,l,7.0,1.0,2.0,0.9178443933688688
FCWD2:0058,FCWD2,H8_reference,7.068988068301506,7.493946075439453,8.133717766301338,0.4249580071379473,0.4249580071379473,l,0.0,8.0,0.0,1.0
FCWD2:0058,FCWD2,H8_warp,7.068988068301506,7.615362167358398,10.289786440045196,0.5463740990568926,0.5463740990568926,l,7.0,1.0,2.0,0.9184027777777778
FCWD2:0058,FCWD2,H8_warp_student,7.068988068301506,7.639720439910889,10.714024758231977,0.5707323716093828,0.5707323716093828,l,7.0,1.0,2.0,0.9184027777777778
FCWD2:0059,FCWD2,H8_reference,6.96833073210507,7.376901149749756,8.060587741025513,0.40857041764468605,0.40857041764468605,l,0.0,8.0,0.0,1.0
FCWD2:0059,FCWD2,H8_warp,6.96833073210507,7.238464832305908,5.432050281394454,0.2701341002008384,0.2701341002008384,l,7.0,1.0,2.0,0.9057788347205707
FCWD2:0059,FCWD2,H8_warp_student,6.96833073210507,7.497644424438477,10.273394978396604,0.5293136923334067,0.5293136923334067,l,7.0,1.0,2.0,0.9057788347205707
FCWD2:0060,FCWD2,H8_reference,6.88316710546112,7.1919379234313965,6.3273287318243305,0.3087708179702764,0.3087708179702764,l,0.0,8.0,0.0,1.0
FCWD2:0060,FCWD2,H8_warp,6.88316710546112,6.860840320587158,0.4797630291056114,-0.02232678487396189,0.02232678487396189,l,7.0,1.0,2.0,0.8941181914942848
FCWD2:0060,FCWD2,H8_warp_student,6.88316710546112,7.022737979888916,2.929491238789165,0.13957087442779592,0.13957087442779592,l,7.0,1.0,2.0,0.8941181914942848
FCWD2:0061,FCWD2,H8_reference,6.7980017773142,6.982077121734619,3.9353219189288207,0.18407534442041928,0.18407534442041928,l,0.0,8.0,0.0,1.0
FCWD2:0061,FCWD2,H8_warp,6.7980017773142,6.835686206817627,0.8230319529091596,0.0376844295034271,0.0376844295034271,l,7.0,1.0,2.0,0.8948137326515705
FCWD2:0061,FCWD2,H8_warp_student,6.7980017773142,7.125949382781982,6.868585594204235,0.32794760546778257,0.32794760546778257,l,7.0,1.0,2.0,0.8948137326515705
FCWD2:0062,FCWD2,H8_reference,6.707831544451095,6.310206413269043,9.540660747087287,-0.39762513118205245,0.39762513118205245,l,0.0,8.0,0.0,1.0
FCWD2:0062,FCWD2,H8_warp,6.707831544451095,6.428630828857422,6.574789296626797,-0.27920071559367354,0.27920071559367354,l,7.0,1.0,2.0,0.8836
FCWD2:0062,FCWD2,H8_warp_student,6.707831544451095,6.465218544006348,5.680613521407123,-0.24261300044474776,0.24261300044474776,l,7.0,1.0,2.0,0.8836
FCWD2:0063,FCWD2,H8_reference,6.61764329303737,7.054551124572754,9.497812626082826,0.43690783153538426,0.43690783153538426,l,0.0,8.0,0.0,1.0
FCWD2:0063,FCWD2,H8_warp,6.61764329303737,7.000540733337402,8.388380537593683,0.3828974403000327,0.3828974403000327,l,7.0,1.0,2.0,0.8843471777553616
FCWD2:0063,FCWD2,H8_warp_student,6.61764329303737,7.138301372528076,11.184697667676081,0.5206580794907065,0.5206580794907065,l,7.0,1.0,2.0,0.8843471777553616
FCWD2:0064,FCWD2,H8_reference,6.54894527196863,7.310070037841797,16.132262102643047,0.7611247658731672,0.7611247658731672,l,0.0,8.0,0.0,1.0
FCWD2:0064,FCWD2,H8_warp,6.54894527196863,6.858656883239746,6.999672397295896,0.30971161127111646,0.30971161127111646,l,7.0,1.0,2.0,0.8850848337950139
FCWD2:0064,FCWD2,H8_warp_student,6.54894527196863,6.913970947265625,8.183318618045012,0.36502567529699537,0.36502567529699537,l,7.0,1.0,2.0,0.8850848337950139
FCWD2:0065,FCWD2,H8_reference,6.48024725089989,6.669830322265625,4.454003345810663,0.18958307136573538,0.18958307136573538,l,0.0,8.0,0.0,1.0
FCWD2:0065,FCWD2,H8_warp,6.48024725089989,6.422921657562256,1.398971292084928,-0.05732559333763376,0.05732559333763376,l,7.0,1.0,2.0,0.8858131487889274
FCWD2:0065,FCWD2,H8_warp_student,6.48024725089989,6.4416022300720215,0.940334893545381,-0.03864502082786814,0.03864502082786814,l,7.0,1.0,2.0,0.8858131487889274
FCWD2:0066,FCWD2,H8_reference,6.394667961594155,7.283951282501221,19.376684182065215,0.8892833209070661,0.8892833209070661,l,0.0,8.0,0.0,1.0
FCWD2:0066,FCWD2,H8_warp,6.394667961594155,7.07271146774292,15.218375246216844,0.6780435061487653,0.6780435061487653,l,7.0,1.0,2.0,0.8751300728407908
FCWD2:0066,FCWD2,H8_warp_student,6.394667961594155,7.061119556427002,14.982932723115825,0.6664515948328473,0.6664515948328473,l,7.0,1.0,2.0,0.8751300728407908
FCWD2:0067,FCWD2,H8_reference,6.3090749916411,6.983279705047607,15.537030410079991,0.6742047134065077,0.6742047134065077,l,0.0,8.0,0.0,1.0
FCWD2:0067,FCWD2,H8_warp,6.3090749916411,7.093607902526856,17.79633541700026,0.7845329108857566,0.7845329108857566,l,7.0,1.0,2.0,0.8879437869822485
FCWD2:0067,FCWD2,H8_warp_student,6.3090749916411,6.878746509552002,13.329038648759832,0.5696715179109022,0.5696715179109022,l,7.0,1.0,2.0,0.8879437869822485
FCWD2:0068,FCWD2,H8_reference,6.216749674248735,7.315942764282227,24.532971103572166,1.0991930900334914,1.0991930900334914,l,0.0,8.0,0.0,1.0
FCWD2:0068,FCWD2,H8_warp,6.216749674248735,7.500282287597656,27.9384157127875,1.283532613348921,1.283532613348921,l,7.0,1.0,2.0,0.8774234898253485
FCWD2:0068,FCWD2,H8_warp_student,6.216749674248735,7.694080829620361,31.341491144318624,1.4773311553716262,1.4773311553716262,l,7.0,1.0,2.0,0.8774234898253485
FCWD2:0069,FCWD2,H8_reference,6.12443911356018,7.415080070495605,28.850035843655824,1.290640956935425,1.290640956935425,l,0.0,8.0,0.0,1.0
FCWD2:0069,FCWD2,H8_warp,6.12443911356018,7.227347373962402,25.29847692521797,1.1029082604022227,1.1029082604022227,l,7.0,1.0,2.0,0.87890625
FCWD2:0069,FCWD2,H8_warp_student,6.12443911356018,7.310889720916748,26.901625230812773,1.1864506073565684,1.1864506073565684,l,7.0,1.0,2.0,0.87890625
FCWD2:0070,FCWD2,H8_reference,6.036565423971945,6.420385360717773,10.064972646656074,0.38381993674582837,0.38381993674582837,l,0.0,8.0,0.0,1.0
FCWD2:0070,FCWD2,H8_warp,6.036565423971945,6.6945576667785645,16.542622542132598,0.6579922428066194,0.6579922428066194,l,7.0,1.0,2.0,0.8688081085200426
FCWD2:0070,FCWD2,H8_warp_student,6.036565423971945,6.552070617675781,13.244378619082665,0.5155051937038362,0.5155051937038362,l,7.0,1.0,2.0,0.8688081085200426
FCWD2:0071,FCWD2,H8_reference,5.94869173438371,6.64985466003418,18.01179019609781,0.7011629256504701,0.7011629256504701,s,0.0,8.0,0.0,1.0
FCWD2:0071,FCWD2,H8_warp,5.94869173438371,6.415930271148682,12.4437147831186,0.46723853676497207,0.46723853676497207,s,7.0,1.0,2.0,0.8590124925639501
FCWD2:0071,FCWD2,H8_warp_student,5.94869173438371,6.43674898147583,12.955795949072986,0.4880572470921205,0.4880572470921205,s,7.0,1.0,2.0,0.8590124925639501
FCWD2:0072,FCWD2,H8_reference,5.902780420981193,6.873815536499023,24.314918959540687,0.9710351155178305,0.9710351155178305,s,0.0,8.0,0.0,1.0
FCWD2:0072,FCWD2,H8_warp,5.902780420981193,6.916725158691406,25.230719550342826,1.0139447377102133,1.0139447377102133,s,7.0,1.0,2.0,0.8598347107438017
FCWD2:0072,FCWD2,H8_warp_student,5.902780420981193,7.2013750076293945,31.02759357739949,1.2985945866482016,1.2985945866482016,s,7.0,1.0,2.0,0.8598347107438017
FCWD2:0073,FCWD2,H8_reference,5.85686176822716,6.15648889541626,8.45042821324922,0.29962712718909934,0.29962712718909934,s,0.0,8.0,0.0,1.0
FCWD2:0073,FCWD2,H8_warp,5.85686176822716,6.292547225952148,12.01986928974795,0.435685457724988,0.435685457724988,s,7.0,1.0,2.0,0.8614507511922264
FCWD2:0073,FCWD2,H8_warp_student,5.85686176822716,5.982855796813965,3.657431518733212,0.12599402858680442,0.12599402858680442,s,7.0,1.0,2.0,0.8614507511922264
FCWD2:0074,FCWD2,H8_reference,5.8070150068420805,6.153864860534668,9.87120515679181,0.3468498536925875,0.3468498536925875,s,0.0,8.0,0.0,1.0
FCWD2:0074,FCWD2,H8_warp,5.8070150068420805,5.975916862487793,4.951232728418395,0.16890185564571247,0.16890185564571247,s,7.0,1.0,2.0,0.8622448979591837
FCWD2:0074,FCWD2,H8_warp_student,5.8070150068420805,6.237131595611572,12.076192116058197,0.43011658876949177,0.43011658876949177,s,7.0,1.0,2.0,0.8622448979591837
FCWD2:0075,FCWD2,H8_reference,5.75717621265294,5.702061176300049,1.7087385735191363,-0.05511503635289117,0.05511503635289117,s,0.0,8.0,0.0,1.0
FCWD2:0075,FCWD2,H8_warp,5.75717621265294,6.083739757537842,9.483997010204872,0.3265635448849018,0.3265635448849018,s,7.0,1.0,2.0,0.8638062283737025
FCWD2:0075,FCWD2,H8_warp_student,5.75717621265294,6.198513984680176,12.57797277829452,0.4413377720272358,0.4413377720272358,s,7.0,1.0,2.0,0.8638062283737025
FCWD2:0076,FCWD2,H8_reference,5.7078984059993,5.026925563812256,24.18534420989323,-0.6809728421870442,0.6809728421870442,s,0.0,8.0,0.0,1.0
FCWD2:0076,FCWD2,H8_warp,5.7078984059993,4.680387496948242,39.22436861935802,-1.027510909051058,1.027510909051058,s,7.0,1.0,2.0,0.8653326122228231
FCWD2:0076,FCWD2,H8_warp_student,5.7078984059993,4.966686725616455,26.647339847024817,-0.741211680382845,0.741211680382845,s,7.0,1.0,2.0,0.8653326122228231
FCWD2:0077,FCWD2,H8_reference,5.65861961481344,4.923979759216309,26.87662669225918,-0.7346398555971314,0.7346398555971314,s,0.0,8.0,0.0,1.0
FCWD2:0077,FCWD2,H8_warp,5.65861961481344,5.055315017700195,21.49255649003874,-0.6033045971132447,0.6033045971132447,s,7.0,1.0,2.0,0.8569469387755102
FCWD2:0077,FCWD2,H8_warp_student,5.65861961481344,5.318397045135498,11.5150394530638,-0.34022256967794196,0.34022256967794196,s,7.0,1.0,2.0,0.8569469387755102
FCWD2:0078,FCWD2,H8_reference,5.623500697031921,5.056656837463379,20.315458168413716,-0.5668438595685421,0.5668438595685421,s,0.0,8.0,0.0,1.0
FCWD2:0078,FCWD2,H8_warp,5.623500697031921,5.278716564178467,11.832088779302161,-0.3447841328534542,0.3447841328534542,s,7.0,1.0,2.0,0.8585017076829774
FCWD2:0078,FCWD2,H8_warp_student,5.623500697031921,5.953644752502441,10.034326788573091,0.3301440554705204,0.3301440554705204,s,7.0,1.0,2.0,0.8585017076829774
FCWD2:0079,FCWD2,H8_reference,5.58837546327694,5.259088516235352,11.414793690089388,-0.329286947041588,0.329286947041588,s,0.0,8.0,0.0,1.0
FCWD2:0079,FCWD2,H8_warp,5.58837546327694,5.452690601348877,4.534978156696505,-0.13568486192806262,0.13568486192806262,s,7.0,1.0,2.0,0.8592665067541977
FCWD2:0079,FCWD2,H8_warp_student,5.58837546327694,5.826828002929688,7.453565586126761,0.23845253965274882,0.23845253965274882,s,7.0,1.0,2.0,0.8592665067541977
FCWD2:0080,FCWD2,H8_reference,5.543692208787001,4.75728178024292,30.412846175803498,-0.7864104285440812,0.7864104285440812,s,0.0,8.0,0.0,1.0
FCWD2:0080,FCWD2,H8_warp,5.543692208787001,4.989923477172852,20.407229302904504,-0.5537687316141495,0.5537687316141495,s,7.0,1.0,2.0,0.8607716049382717
FCWD2:0080,FCWD2,H8_warp_student,5.543692208787001,5.122391223907471,15.120092744660072,-0.4213009848795304,0.4213009848795304,s,7.0,1.0,2.0,0.8607716049382717
FCWD2:0081,FCWD2,H8_reference,5.49901788148514,4.93522834777832,21.18140961639696,-0.56378953370682,0.56378953370682,s,0.0,8.0,0.0,1.0
FCWD2:0081,FCWD2,H8_warp,5.49901788148514,5.369592189788818,4.465410479550756,-0.1294256916963219,0.1294256916963219,s,7.0,1.0,2.0,0.8678826719250677
FCWD2:0081,FCWD2,H8_warp_student,5.49901788148514,5.498552322387695,0.01568238206548639,-0.0004655590974449453,0.0004655590974449453,s,7.0,1.0,2.0,0.8678826719250677
FCWD2:0082,FCWD2,H8_reference,5.442898811141367,5.048917293548584,14.615644769672906,-0.393981517592783,0.393981517592783,s,0.0,8.0,0.0,1.0
FCWD2:0082,FCWD2,H8_warp,5.442898811141367,5.235976696014404,7.399338909348206,-0.20692211512696268,0.20692211512696268,s,7.0,1.0,2.0,0.8629182435273622
FCWD2:0082,FCWD2,H8_warp_student,5.442898811141367,5.255431652069092,6.67859137335712,-0.18746715907227518,0.18746715907227518,s,7.0,1.0,2.0,0.8629182435273622
FCWD2:0083,FCWD2,H8_reference,5.38677861958225,5.550085067749023,5.564059184383664,0.16330644816677342,0.16330644816677342,s,0.0,8.0,0.0,1.0
FCWD2:0083,FCWD2,H8_warp,5.38677861958225,5.403626441955566,0.5897317717729402,0.01684782237331639,0.01684782237331639,s,7.0,1.0,2.0,0.8721764339213804
FCWD2:0083,FCWD2,H8_warp_student,5.38677861958225,5.549510478973389,5.545061547007034,0.16273185939113866,0.16273185939113866,s,7.0,1.0,2.0,0.8721764339213804
FCWD2:0084,FCWD2,H8_reference,5.333294221563986,5.258553504943848,2.716281591965512,-0.07474071662013859,0.07474071662013859,s,0.0,8.0,0.0,1.0
FCWD2:0084,FCWD2,H8_warp,5.333294221563986,5.383069038391113,1.7667138129385043,0.04977481682712703,0.04977481682712703,s,7.0,1.0,2.0,0.8931498671468626
FCWD2:0084,FCWD2,H8_warp_student,5.333294221563986,5.387859344482422,1.9350033342054387,0.05456512291843563,0.05456512291843563,s,7.0,1.0,2.0,0.8931498671468626
FCWD2:0085,FCWD2,H8_reference,5.27979913585753,4.954325199127197,12.690956032108854,-0.325473936730333,0.325473936730333,s,0.0,8.0,0.0,1.0
FCWD2:0085,FCWD2,H8_warp,5.27979913585753,5.299755096435547,0.7269225348065927,0.01995596057801663,0.01995596057801663,s,7.0,1.0,2.0,0.9055287483285857
FCWD2:0085,FCWD2,H8_warp_student,5.27979913585753,5.206649303436279,2.7126951708774523,-0.07314983242125095,0.07314983242125095,s,7.0,1.0,2.0,0.9055287483285857
FCWD2:0086,FCWD2,H8_reference,5.217061611632195,5.638386249542236,14.592324540542608,0.4213246379100415,0.4213246379100415,s,0.0,8.0,0.0,1.0
FCWD2:0086,FCWD2,H8_warp,5.217061611632195,5.945827484130859,23.924092224332643,0.7287658724986645,0.7287658724986645,s,7.0,1.0,2.0,0.9060596528353684
FCWD2:0086,FCWD2,H8_warp_student,5.217061611632195,5.96337890625,24.427549914839037,0.7463172946178052,0.7463172946178052,s,7.0,1.0,2.0,0.9060596528353684
FCWD2:0087,FCWD2,H8_reference,5.15433536842896,5.638797760009766,16.984025744708926,0.48446239158080573,0.48446239158080573,s,0.0,8.0,0.0,1.0
FCWD2:0087,FCWD2,H8_warp,5.15433536842896,5.664930820465088,17.816866692140533,0.510595452036128,0.510595452036128,s,7.0,1.0,2.0,0.90702947845805
FCWD2:0087,FCWD2,H8_warp_student,5.15433536842896,5.64328670501709,17.12763867498017,0.48895133658812995,0.48895133658812995,s,7.0,1.0,2.0,0.90702947845805
FCWD2:0088,FCWD2,H8_reference,5.099115624078267,5.214259624481201,4.416310280129579,0.11514400040293449,0.11514400040293449,s,0.0,8.0,0.0,1.0
FCWD2:0088,FCWD2,H8_warp,5.099115624078267,5.318516254425049,8.248501775888068,0.21940063034678214,0.21940063034678214,s,7.0,1.0,2.0,0.87890625
FCWD2:0088,FCWD2,H8_warp_student,5.099115624078267,5.282608509063721,6.94587213681274,0.18349288498545402,0.18349288498545402,s,7.0,1.0,2.0,0.87890625
FCWD2:0089,FCWD2,H8_reference,5.04389698295304,5.8712663650512695,28.4629583264687,0.8273693820982295,0.8273693820982295,s,0.0,8.0,0.0,1.0
FCWD2:0089,FCWD2,H8_warp,5.04389698295304,5.761441230773926,25.159481841485338,0.7175442478208858,0.7175442478208858,s,7.0,1.0,2.0,0.8801147837177171
FCWD2:0089,FCWD2,H8_warp_student,5.04389698295304,5.755526542663574,24.977962157939558,0.7116295597105342,0.7116295597105342,s,7.0,1.0,2.0,0.8801147837177171
FCWD2:0090,FCWD2,H8_reference,5.017306699960334,5.837372779846191,28.52886406136429,0.8200660798858577,0.8200660798858577,s,0.0,8.0,0.0,1.0
FCWD2:0090,FCWD2,H8_warp,5.017306699960334,5.840566635131836,28.62417551929921,0.8232599351715022,0.8232599351715022,s,7.0,1.0,2.0,0.8717461474385673
FCWD2:0090,FCWD2,H8_warp_student,5.017306699960334,5.720487117767334,24.966875619498175,0.7031804178070002,0.7031804178070002,s,7.0,1.0,2.0,0.8717461474385673
FCWD2:0091,FCWD2,H8_reference,4.99072066699288,4.89710807800293,3.909368387525758,-0.0936125889899504,0.0936125889899504,s,0.0,8.0,0.0,1.0
FCWD2:0091,FCWD2,H8_warp,4.99072066699288,4.640597820281982,15.438633689471223,-0.35012284671089766,0.35012284671089766,s,7.0,1.0,2.0,0.8635853484338333
FCWD2:0091,FCWD2,H8_warp_student,4.99072066699288,4.89068603515625,4.183103088702539,-0.10003463183663008,0.10003463183663008,s,7.0,1.0,2.0,0.8635853484338333
FCWD2:0092,FCWD2,H8_reference,4.940892919917719,5.177857875823975,9.449380030041969,0.23696495590625588,0.23696495590625588,s,0.0,8.0,0.0,1.0
FCWD2:0092,FCWD2,H8_warp,4.940892919917719,4.859988689422607,3.439419749614557,-0.0809042304951113,0.0809042304951113,s,7.0,1.0,2.0,0.855625
FCWD2:0092,FCWD2,H8_warp_student,4.940892919917719,5.18097734451294,9.567953033752657,0.2400844245952216,0.2400844245952216,s,7.0,1.0,2.0,0.855625
FCWD2:0093,FCWD2,H8_reference,4.89106517284256,5.13713264465332,9.992734331745606,0.24606747181076027,0.24606747181076027,s,0.0,8.0,0.0,1.0
FCWD2:0093,FCWD2,H8_warp,4.89106517284256,5.015713691711426,5.185727530542077,0.12464851886886574,0.12464851886886574,s,7.0,1.0,2.0,0.8655478824781565
FCWD2:0093,FCWD2,H8_warp_student,4.89106517284256,5.23084020614624,13.54857734834198,0.3397750333036802,0.3397750333036802,s,7.0,1.0,2.0,0.8655478824781565
FCWD2:0094,FCWD2,H8_reference,4.86621289412062,5.266977787017822,15.95174918112216,0.4007648928972021,0.4007648928972021,s,0.0,8.0,0.0,1.0
FCWD2:0094,FCWD2,H8_warp,4.86621289412062,5.084753513336182,9.013492190438274,0.21854061921556145,0.21854061921556145,s,7.0,1.0,2.0,0.8668252080856124
FCWD2:0094,FCWD2,H8_warp_student,4.86621289412062,5.64964485168457,29.05197685878283,0.7834319575639501,0.7834319575639501,s,7.0,1.0,2.0,0.8668252080856124
FCWD2:0095,FCWD2,H8_reference,4.84135664253021,5.005374431610107,6.908785793345966,0.16401778907989772,0.16401778907989772,s,0.0,8.0,0.0,1.0
FCWD2:0095,FCWD2,H8_warp,4.84135664253021,4.930991172790527,3.8331451008807513,0.08963453026031765,0.08963453026031765,s,7.0,1.0,2.0,0.8771921475312314
FCWD2:0095,FCWD2,H8_warp_student,4.84135664253021,5.209251403808594,14.884094480294637,0.36789476127838405,0.36789476127838405,s,7.0,1.0,2.0,0.8771921475312314
FCWD2:0096,FCWD2,H8_reference,4.806983807089968,5.683605670928955,32.714108033649744,0.8766218638389871,0.8766218638389871,s,0.0,8.0,0.0,1.0
FCWD2:0096,FCWD2,H8_warp,4.806983807089968,5.671934604644775,32.345578257412555,0.8649507975548074,0.8649507975548074,s,7.0,1.0,2.0,0.8769239140573987
FCWD2:0096,FCWD2,H8_warp_student,4.806983807089968,6.168125629425049,46.77258938825795,1.3611418223350809,1.3611418223350809,s,7.0,1.0,2.0,0.8769239140573987
FCWD2:0097,FCWD2,H8_reference,4.77261783893749,5.560396194458008,30.27474337925183,0.7877783555205182,0.7877783555205182,s,0.0,8.0,0.0,1.0
FCWD2:0097,FCWD2,H8_warp,4.77261783893749,5.542461395263672,29.682114849457207,0.7698435563261823,0.7698435563261823,s,7.0,1.0,2.0,0.8600883652430045
FCWD2:0097,FCWD2,H8_warp_student,4.77261783893749,5.88178300857544,40.27653256955966,1.1091651696379508,1.1091651696379508,s,7.0,1.0,2.0,0.8600883652430045
FCWD2:0098,FCWD2,H8_reference,4.7253271241373405,5.241440296173096,21.266203962465557,0.5161131720357552,0.5161131720357552,s,0.0,8.0,0.0,1.0
FCWD2:0098,FCWD2,H8_warp,4.7253271241373405,5.460038185119629,29.050089673223653,0.7347110609822884,0.7347110609822884,s,7.0,1.0,2.0,0.86407336848168
FCWD2:0098,FCWD2,H8_warp_student,4.7253271241373405,5.680043697357178,36.27374694514803,0.9547165732198373,0.9547165732198373,s,7.0,1.0,2.0,0.86407336848168
FCWD2:0099,FCWD2,H8_reference,4.67803546450552,5.236639022827148,23.273753287740735,0.5586035583216287,0.5586035583216287,s,0.0,8.0,0.0,1.0
FCWD2:0099,FCWD2,H8_warp,4.67803546450552,5.9089035987854,45.39826830757963,1.2308681342798806,1.2308681342798806,s,7.0,1.0,2.0,0.8467833598545124
FCWD2:0099,FCWD2,H8_warp_student,4.67803546450552,6.382492065429688,58.16381547973797,1.7044566009241686,1.7044566009241686,s,7.0,1.0,2.0,0.8467833598545124
FCWD2:0100,FCWD2,H8_reference,4.633569820993827,5.269118785858154,26.570126802375263,0.6355489648643271,0.6355489648643271,s,0.0,8.0,0.0,1.0
FCWD2:0100,FCWD2,H8_warp,4.633569820993827,5.893465518951416,47.04371342039899,1.2598956979575888,1.2598956979575888,s,7.0,1.0,2.0,0.8372387982118723
FCWD2:0100,FCWD2,H8_warp_student,4.633569820993827,6.613870620727539,65.82713549604424,1.9803007997337119,1.9803007997337119,s,7.0,1.0,2.0,0.8372387982118723
FCWD2:0101,FCWD2,H8_reference,4.58909618054367,4.0308942794799805,30.895961662579865,-0.5582019010636898,0.5582019010636898,s,0.0,8.0,0.0,1.0
FCWD2:0101,FCWD2,H8_warp,4.58909618054367,4.522051811218262,3.3032359186424207,-0.06704436932540858,0.06704436932540858,s,7.0,1.0,2.0,0.8261864917330477
FCWD2:0101,FCWD2,H8_warp_student,4.58909618054367,5.0928826332092285,22.011307920086974,0.5037864526655582,0.5037864526655582,s,7.0,1.0,2.0,0.8261864917330477
FCWD2:0102,FCWD2,H8_reference,4.536683722644549,4.190138816833496,18.658543518495495,-0.3465449058110526,0.3465449058110526,s,0.0,8.0,0.0,1.0
FCWD2:0102,FCWD2,H8_warp,4.536683722644549,4.8403825759887695,14.13181971139408,0.30369885334422086,0.30369885334422086,s,7.0,1.0,2.0,0.8227934842195943
FCWD2:0102,FCWD2,H8_warp_student,4.536683722644549,5.149872303009033,26.8013711644121,0.6131885803644845,0.6131885803644845,s,7.0,1.0,2.0,0.8227934842195943
FCWD2:0103,FCWD2,H8_reference,4.48427964202632,4.197101593017578,15.618618680967797,-0.2871780490087419,0.2871780490087419,s,0.0,8.0,0.0,1.0
FCWD2:0103,FCWD2,H8_warp,4.48427964202632,4.984886646270752,22.87949692844286,0.5006070042444319,0.5006070042444319,s,7.0,1.0,2.0,0.8376850157991019
FCWD2:0103,FCWD2,H8_warp_student,4.48427964202632,5.385791301727295,38.10621835956485,0.9015116597009749,0.9015116597009749,s,7.0,1.0,2.0,0.8376850157991019
FCWD2:0104,FCWD2,H8_reference,4.43618453811008,4.495570659637451,3.0459742941769257,0.059386121527371216,0.059386121527371216,s,0.0,8.0,0.0,1.0
FCWD2:0104,FCWD2,H8_warp,4.43618453811008,5.121312141418457,30.804444419891137,0.6851276033083771,0.6851276033083771,s,7.0,1.0,2.0,0.8433734939759037
FCWD2:0104,FCWD2,H8_warp_student,4.43618453811008,5.341180801391602,38.9991031884632,0.9049962632815216,0.9049962632815216,s,7.0,1.0,2.0,0.8433734939759037
FCWD2:0105,FCWD2,H8_reference,4.3880884732911,4.798494338989258,19.925631016536258,0.4104058656981575,0.4104058656981575,s,0.0,8.0,0.0,1.0
FCWD2:0105,FCWD2,H8_warp,4.3880884732911,5.333690643310547,41.259186442349595,0.9456021700194466,0.9456021700194466,s,7.0,1.0,2.0,0.8570393394481417
FCWD2:0105,FCWD2,H8_warp_student,4.3880884732911,5.7636399269104,55.502237113001335,1.3755514536193,1.3755514536193,s,7.0,1.0,2.0,0.8570393394481417
FCWD2:0106,FCWD2,H8_reference,4.354453391222863,4.438214302062988,4.434994078590035,0.08376091084012494,0.08376091084012494,s,0.0,8.0,0.0,1.0
FCWD2:0106,FCWD2,H8_warp,4.354453391222863,4.763025283813477,20.142082759654066,0.4085718925906132,0.4085718925906132,s,7.0,1.0,2.0,0.8743464327879912
FCWD2:0106,FCWD2,H8_warp_student,4.354453391222863,5.366207599639893,44.218421453455605,1.0117542084170292,1.0117542084170292,s,7.0,1.0,2.0,0.8743464327879912
FCWD2:0107,FCWD2,H8_reference,4.32081226004209,4.023043155670166,17.551327679607848,-0.29776910437192416,0.29776910437192416,s,0.0,8.0,0.0,1.0
FCWD2:0107,FCWD2,H8_warp,4.32081226004209,4.156550407409668,9.367226477590279,-0.1642618526324222,0.1642618526324222,s,7.0,1.0,2.0,0.8759040105193951
FCWD2:0107,FCWD2,H8_warp_student,4.32081226004209,4.641783714294434,16.369294829643998,0.3209714542523434,0.3209714542523434,s,7.0,1.0,2.0,0.8759040105193951
FCWD2:0108,FCWD2,H8_reference,4.262847707531,4.070896148681641,11.333320580743795,-0.19195155884935922,0.19195155884935922,s,0.0,8.0,0.0,1.0
FCWD2:0108,FCWD2,H8_warp,4.262847707531,4.384891510009766,6.683765595320544,0.12204380247876578,0.12204380247876578,s,7.0,1.0,2.0,0.8853460093645962
FCWD2:0108,FCWD2,H8_warp_student,4.262847707531,4.580989360809326,16.668968085882355,0.31814165327832633,0.31814165327832633,s,7.0,1.0,2.0,0.8853460093645962
FCWD2:0109,FCWD2,H8_reference,4.20489473565494,4.058750152587891,8.775642579145204,-0.14614458306704936,0.14614458306704936,s,0.0,8.0,0.0,1.0
FCWD2:0109,FCWD2,H8_warp,4.20489473565494,4.216808795928955,0.6882701160808302,0.011914060274015092,0.011914060274015092,s,7.0,1.0,2.0,0.8867361111111111
FCWD2:0109,FCWD2,H8_warp_student,4.20489473565494,4.353783130645752,8.327433836102585,0.14888839499081197,0.14888839499081197,s,7.0,1.0,2.0,0.8867361111111111
FCWD2:0110,FCWD2,H8_reference,4.153775879085126,4.024467468261719,7.92922585818201,-0.12930841082340727,0.12930841082340727,s,0.0,8.0,0.0,1.0
FCWD2:0110,FCWD2,H8_warp,4.153775879085126,4.268977642059326,6.654738539665709,0.11520176297420015,0.11520176297420015,s,7.0,1.0,2.0,0.8649765449033853
FCWD2:0110,FCWD2,H8_warp_student,4.153775879085126,4.438032627105713,15.787657226083475,0.28425674802058687,0.28425674802058687,s,7.0,1.0,2.0,0.8649765449033853
FCWD2:0111,FCWD2,H8_reference,4.10265600120035,4.193495273590088,5.410429351666163,0.09083927238973821,0.09083927238973821,s,0.0,8.0,0.0,1.0
FCWD2:0111,FCWD2,H8_warp,4.10265600120035,4.612482070922852,27.576562286869798,0.5098260697225019,0.5098260697225019,s,7.0,1.0,2.0,0.8660391503540191
FCWD2:0111,FCWD2,H8_warp_student,4.10265600120035,4.673534393310547,30.47109459157371,0.5708783921101972,0.5708783921101972,s,7.0,1.0,2.0,0.8660391503540191
FCWD2:0112,FCWD2,H8_reference,4.065894552975754,4.683367729187012,33.189276012350575,0.6174731762112575,0.6174731762112575,s,0.0,8.0,0.0,1.0
FCWD2:0112,FCWD2,H8_warp,4.065894552975754,5.200863838195801,54.875099351024346,1.1349692852200466,1.1349692852200466,s,7.0,1.0,2.0,0.8595617040108836
FCWD2:0112,FCWD2,H8_warp_student,4.065894552975754,5.509701728820801,65.85808064554128,1.4438071758450466,1.4438071758450466,s,7.0,1.0,2.0,0.8595617040108836
FCWD2:0113,FCWD2,H8_reference,4.02912649337626,4.838484287261963,42.48272637504137,0.8093577938857033,0.8093577938857033,s,0.0,8.0,0.0,1.0
FCWD2:0113,FCWD2,H8_warp,4.02912649337626,5.06005334854126,51.71936581067158,1.0309268551650002,1.0309268551650002,s,7.0,1.0,2.0,0.8606474089127595
FCWD2:0113,FCWD2,H8_warp_student,4.02912649337626,5.263277053833008,59.50085650513974,1.2341505604567482,1.2341505604567482,s,7.0,1.0,2.0,0.8606474089127595
FCWD2:0114,FCWD2,H8_reference,3.9839170977542153,4.520830631256104,30.531841808944492,0.5369135335018891,0.5369135335018891,s,0.0,8.0,0.0,1.0
FCWD2:0114,FCWD2,H8_warp,3.9839170977542153,4.564601421356201,32.70069697495305,0.5806843236019859,0.5806843236019859,s,7.0,1.0,2.0,0.8691290614434691
FCWD2:0114,FCWD2,H8_warp_student,3.9839170977542153,4.994943141937256,51.97956397392605,1.0110260441830405,1.0110260441830405,s,7.0,1.0,2.0,0.8691290614434691
FCWD2:0115,FCWD2,H8_reference,3.93870860536266,4.019608020782471,5.241585911323933,0.0808994154198106,0.0808994154198106,s,0.0,8.0,0.0,1.0
FCWD2:0115,FCWD2,H8_warp,3.93870860536266,4.594668388366699,37.12201578768015,0.6559597830040391,0.6559597830040391,s,7.0,1.0,2.0,0.8638062283737025
FCWD2:0115,FCWD2,H8_warp_student,3.93870860536266,4.966710090637207,53.773905093048754,1.028001485274547,1.028001485274547,s,7.0,1.0,2.0,0.8638062283737025
FCWD2:0116,FCWD2,H8_reference,3.89104871051566,3.7686398029327393,8.571466667524827,-0.12240890758292089,0.12240890758292089,s,0.0,8.0,0.0,1.0
FCWD2:0116,FCWD2,H8_warp,3.89104871051566,3.848608016967773,2.9092604285643753,-0.042440693547887154,0.042440693547887154,s,7.0,1.0,2.0,0.8653326122228231
FCWD2:0116,FCWD2,H8_warp_student,3.89104871051566,4.199301242828369,19.344171633000443,0.308252532312709,0.308252532312709,s,7.0,1.0,2.0,0.8653326122228231
FCWD2:0117,FCWD2,H8_reference,3.8433811967901,3.452356338500977,30.30278522507968,-0.39102485828912315,0.39102485828912315,s,0.0,8.0,0.0,1.0
FCWD2:0117,FCWD2,H8_warp,3.8433811967901,3.4579873085021973,29.817050563635956,-0.3853938882879029,0.3853938882879029,s,7.0,1.0,2.0,0.8602208496008391
FCWD2:0117,FCWD2,H8_warp_student,3.8433811967901,3.643665552139282,14.653037904601048,-0.19971564465081837,0.19971564465081837,s,7.0,1.0,2.0,0.8602208496008391
FCWD2:0118,FCWD2,H8_reference,3.7989395021831736,3.4908370971679688,23.889492728038192,-0.3081024050152048,0.3081024050152048,s,0.0,8.0,0.0,1.0
FCWD2:0118,FCWD2,H8_warp,3.7989395021831736,3.833751678466797,2.4545770261617808,0.03481217628362332,0.03481217628362332,s,7.0,1.0,2.0,0.854752580989676
FCWD2:0118,FCWD2,H8_warp_student,3.7989395021831736,4.051331520080566,16.828102003601657,0.25239201789739285,0.25239201789739285,s,7.0,1.0,2.0,0.854752580989676
FCWD2:0119,FCWD2,H8_reference,3.75450491085997,4.180295467376709,27.83274083083851,0.425790556516739,0.425790556516739,s,0.0,8.0,0.0,1.0
FCWD2:0119,FCWD2,H8_warp,3.75450491085997,4.375720500946045,38.77234068120454,0.621215590086075,0.621215590086075,s,7.0,1.0,2.0,0.8431199126601346
FCWD2:0119,FCWD2,H8_warp_student,3.75450491085997,4.76480770111084,57.85231894239708,1.0103027902508699,1.0103027902508699,s,7.0,1.0,2.0,0.8431199126601346
FCWD2:0120,FCWD2,H8_reference,3.710383573632266,3.7555551528930655,3.3309295954800366,0.04517157926079962,0.04517157926079962,s,0.0,8.0,0.0,1.0
FCWD2:0120,FCWD2,H8_warp,3.710383573632266,3.931131839752197,15.541353089185625,0.22074826611993092,0.22074826611993092,s,7.0,1.0,2.0,0.8319043593768869
FCWD2:0120,FCWD2,H8_warp_student,3.710383573632266,4.35862398147583,41.109326999334286,0.6482404078435642,0.6482404078435642,s,7.0,1.0,2.0,0.8319043593768869
FCWD2:0121,FCWD2,H8_reference,3.66626223640456,3.38431715965271,23.38772311690159,-0.2819450767518501,0.2819450767518501,s,0.0,8.0,0.0,1.0
FCWD2:0121,FCWD2,H8_warp,3.66626223640456,3.748117446899414,6.121909730282433,0.081855210494854,0.081855210494854,s,7.0,1.0,2.0,0.8151881372599762
FCWD2:0121,FCWD2,H8_warp_student,3.66626223640456,4.239781379699707,37.858972604306246,0.573519143295147,0.573519143295147,s,7.0,1.0,2.0,0.8151881372599762
FCWD2:0122,FCWD2,H8_reference,3.6145013291824686,3.493728876113892,9.840760179550475,-0.12077245306857654,0.12077245306857654,s,0.0,8.0,0.0,1.0
FCWD2:0122,FCWD2,H8_warp,3.6145013291824686,3.866832971572876,18.550247726852426,0.2523316423904074,0.2523316423904074,s,7.0,1.0,2.0,0.8176776822091444
FCWD2:0122,FCWD2,H8_warp_student,3.6145013291824686,4.190159797668457,39.014239118833444,0.5756584684859885,0.5756584684859885,s,7.0,1.0,2.0,0.8176776822091444
FCWD2:0123,FCWD2,H8_reference,3.56273214749675,3.198416948318481,32.94872315911267,-0.36431519917826893,0.36431519917826893,s,0.0,8.0,0.0,1.0
FCWD2:0123,FCWD2,H8_warp,3.56273214749675,3.46089768409729,8.501033050555343,-0.1018344633994599,0.1018344633994599,s,7.0,1.0,2.0,0.8137806249694362
FCWD2:0123,FCWD2,H8_warp_student,3.56273214749675,3.6108486652374263,3.847533878260541,0.04811651774067638,0.04811651774067638,s,7.0,1.0,2.0,0.8137806249694362
FCWD2:0124,FCWD2,H8_reference,3.5232045466254744,3.326047897338867,17.33110945949013,-0.19715664928660726,0.19715664928660726,s,0.0,8.0,0.0,1.0
FCWD2:0124,FCWD2,H8_warp,3.5232045466254744,3.707054853439331,14.477317116327223,0.1838503068138566,0.1838503068138566,s,7.0,1.0,2.0,0.8162187871581451
FCWD2:0124,FCWD2,H8_warp_student,3.5232045466254744,3.683817148208618,12.728354993568406,0.16061260158314372,0.16061260158314372,s,7.0,1.0,2.0,0.8162187871581451
FCWD2:0125,FCWD2,H8_reference,3.48368326359978,3.476501226425171,0.6105606578431579,-0.007182037174608968,0.007182037174608968,s,0.0,8.0,0.0,1.0
FCWD2:0125,FCWD2,H8_warp,3.48368326359978,3.80903434753418,25.211581431452135,0.32535108393440026,0.32535108393440026,s,7.0,1.0,2.0,0.812450830672405
FCWD2:0125,FCWD2,H8_warp_student,3.48368326359978,3.875247240066528,29.817139660609644,0.391563976466748,0.391563976466748,s,7.0,1.0,2.0,0.812450830672405
FCWD2:0126,FCWD2,H8_reference,3.438283384925664,3.786215305328369,27.48961771127479,0.34793192040270515,0.34793192040270515,s,0.0,8.0,0.0,1.0
FCWD2:0126,FCWD2,H8_warp,3.438283384925664,4.310551643371582,60.43395929972866,0.872268258445918,0.872268258445918,s,7.0,1.0,2.0,0.8148394216476735
FCWD2:0126,FCWD2,H8_warp_student,3.438283384925664,4.386569023132324,64.54886202342195,0.9482856382066602,0.9482856382066602,s,7.0,1.0,2.0,0.8148394216476735
FCWD2:0127,FCWD2,H8_reference,3.39288259919731,3.741058826446533,28.22378886816867,0.34817622724922304,0.34817622724922304,s,0.0,8.0,0.0,1.0
FCWD2:0127,FCWD2,H8_warp,3.39288259919731,4.336178302764893,65.84667508901194,0.9432957035675824,0.9432957035675824,s,7.0,1.0,2.0,0.8171681066619885
FCWD2:0127,FCWD2,H8_warp_student,3.39288259919731,4.665331840515137,82.4877107029693,1.2724492413178266,1.2724492413178266,s,7.0,1.0,2.0,0.8171681066619885
FCWD2:0128,FCWD2,H8_reference,3.3353239794615823,4.157159328460693,60.91817414583759,0.821835348999111,0.821835348999111,s,0.0,8.0,0.0,1.0
FCWD2:0128,FCWD2,H8_warp,3.3353239794615823,4.708037853240967,89.7165724362986,1.3727138737793845,1.3727138737793845,s,7.0,1.0,2.0,0.8199980901654129
FCWD2:0128,FCWD2,H8_warp_student,3.3353239794615823,5.142275333404541,108.02530629395142,1.8069513539429587,1.8069513539429587,s,7.0,1.0,2.0,0.8199980901654129
FCWD2:0129,FCWD2,H8_reference,3.27775500807672,3.9622530937194815,54.21653819362684,0.6844980856427614,0.6844980856427614,s,0.0,8.0,0.0,1.0
FCWD2:0129,FCWD2,H8_warp,3.27775500807672,4.472907066345215,83.73236983168209,1.1951520582684947,1.1951520582684947,s,7.0,1.0,2.0,0.8169378698224852
FCWD2:0129,FCWD2,H8_warp_student,3.27775500807672,4.849666118621826,101.48227824738437,1.571911110545106,1.571911110545106,s,7.0,1.0,2.0,0.8169378698224852
FCWD2:0130,FCWD2,H8_reference,3.2253032114592006,3.413874626159668,17.65845197221696,0.18857141470046734,0.18857141470046734,s,0.0,8.0,0.0,1.0
FCWD2:0130,FCWD2,H8_warp,3.2253032114592006,3.6925160884857178,40.40383566447276,0.46721287702651715,0.46721287702651715,s,7.0,1.0,2.0,0.8191395609677936
FCWD2:0130,FCWD2,H8_warp_student,3.2253032114592006,3.837045431137085,50.883148106935366,0.6117422196778843,0.6117422196778843,s,7.0,1.0,2.0,0.8191395609677936
FCWD2:0131,FCWD2,H8_reference,3.172861894093,3.0697391033172607,10.938245050558862,-0.10312279077573905,0.10312279077573905,s,0.0,8.0,0.0,1.0
FCWD2:0131,FCWD2,H8_warp,3.172861894093,3.26983904838562,9.646960944741586,0.09697715429262033,0.09697715429262033,s,7.0,1.0,2.0,0.8161799671975233
FCWD2:0131,FCWD2,H8_warp_student,3.172861894093,3.419000625610352,23.400734886254714,0.24613873151735222,0.24613873151735222,s,7.0,1.0,2.0,0.8161799671975233
FCWD2:0132,FCWD2,H8_reference,3.125773826272906,2.8504867553710938,31.968652522849776,-0.27528707090181204,0.27528707090181204,s,0.0,8.0,0.0,1.0
FCWD2:0132,FCWD2,H8_warp,3.125773826272906,3.034863948822021,9.904908055013012,-0.09090987745088475,0.09090987745088475,s,7.0,1.0,2.0,0.8183289940828402
FCWD2:0132,FCWD2,H8_warp_student,3.125773826272906,3.124852418899536,0.09745134250054022,-0.0009214073733696537,0.0009214073733696537,s,7.0,1.0,2.0,0.8183289940828402
FCWD2:0133,FCWD2,H8_reference,3.07868481766987,2.941938877105713,15.61691758591402,-0.13674594056415712,0.13674594056415712,s,0.0,8.0,0.0,1.0
FCWD2:0133,FCWD2,H8_warp,3.07868481766987,3.2225828170776367,14.97962006210947,0.1438979994077667,0.1438979994077667,s,7.0,1.0,2.0,0.8204284882807809
FCWD2:0133,FCWD2,H8_warp_student,3.07868481766987,3.3315412998199463,25.447881126406877,0.2528564821500763,0.2528564821500763,s,7.0,1.0,2.0,0.8204284882807809
FCWD2:0134,FCWD2,H8_reference,3.027524059756378,3.1863181591033936,17.00886576023533,0.15879409934701538,0.15879409934701538,s,0.0,8.0,0.0,1.0
FCWD2:0134,FCWD2,H8_warp,3.027524059756378,3.4826316833496094,44.538807403246494,0.4551076235932312,0.4551076235932312,s,7.0,1.0,2.0,0.8274422993177529
FCWD2:0134,FCWD2,H8_warp_student,3.027524059756378,3.710430860519409,62.67220875114193,0.682906800763031,0.682906800763031,s,7.0,1.0,2.0,0.8274422993177529
FCWD2:0135,FCWD2,H8_reference,2.97635410081934,3.54067325592041,55.25812241258039,0.56431915510107,0.56431915510107,c,0.0,8.0,0.0,1.0
FCWD2:0135,FCWD2,H8_warp,2.97635410081934,3.809116125106812,75.71973386121735,0.8327620242874718,0.8327620242874718,c,7.0,1.0,2.0,0.8348302862811792
FCWD2:0135,FCWD2,H8_warp_student,2.97635410081934,4.179946899414063,99.60970941443068,1.2035927985947232,1.2035927985947232,c,7.0,1.0,2.0,0.8348302862811792
FCWD2:0136,FCWD2,H8_reference,2.919627201388752,3.210611581802368,32.09173285072815,0.2909843804136161,0.2909843804136161,c,0.0,8.0,0.0,1.0
FCWD2:0136,FCWD2,H8_warp,2.919627201388752,3.4857983589172363,57.43887461017495,0.5661711575284842,0.5661711575284842,c,7.0,1.0,2.0,0.8274103477292625
FCWD2:0136,FCWD2,H8_warp_student,2.919627201388752,3.8113434314727774,82.63447559184938,0.8917162300840253,0.8917162300840253,c,7.0,1.0,2.0,0.8274103477292625
FCWD2:0137,FCWD2,H8_reference,2.86291163532468,2.776631593704224,11.253028612946206,-0.08628004162045588,0.08628004162045588,c,0.0,8.0,0.0,1.0
FCWD2:0137,FCWD2,H8_warp,2.86291163532468,2.878643274307251,1.9777717936421413,0.015731638982571017,0.015731638982571017,c,7.0,1.0,2.0,0.8151510204081632
FCWD2:0137,FCWD2,H8_warp_student,2.86291163532468,2.963947296142578,12.330180665654153,0.10103566081789817,0.10103566081789817,c,7.0,1.0,2.0,0.8151510204081632
FCWD2:0138,FCWD2,H8_reference,2.816622889605493,2.6786842346191406,18.97348238610666,-0.13793865498635238,0.13793865498635238,c,0.0,8.0,0.0,1.0
FCWD2:0138,FCWD2,H8_warp,2.816622889605493,2.6478052139282227,23.497013104685426,-0.16881767567727035,0.16881767567727035,c,7.0,1.0,2.0,0.8084881011228021
FCWD2:0138,FCWD2,H8_warp_student,2.816622889605493,2.7192323207855225,13.192517334716728,-0.09739056881997055,0.09739056881997055,c,7.0,1.0,2.0,0.8084881011228021
FCWD2:0139,FCWD2,H8_reference,2.77033506868094,2.418915271759033,54.55365927104522,-0.3514197969219066,0.3514197969219066,c,0.0,8.0,0.0,1.0
FCWD2:0139,FCWD2,H8_warp,2.77033506868094,2.4919183254241943,41.92817182794628,-0.2784167432567455,0.2784167432567455,c,7.0,1.0,2.0,0.7971938775510204
FCWD2:0139,FCWD2,H8_warp_student,2.77033506868094,2.518383264541626,37.535716594438924,-0.25195180413931384,0.25195180413931384,c,7.0,1.0,2.0,0.7971938775510204
FCWD2:0140,FCWD2,H8_reference,2.720444327366779,2.366705179214477,57.20125330535182,-0.353739148152302,0.353739148152302,c,0.0,8.0,0.0,1.0
FCWD2:0140,FCWD2,H8_warp,2.720444327366779,2.4247841835021973,46.63984880113902,-0.29566014386458184,0.29566014386458184,c,7.0,1.0,2.0,0.782178575557868
FCWD2:0140,FCWD2,H8_warp_student,2.720444327366779,2.4861505031585693,36.02803632354753,-0.23429382420820977,0.23429382420820977,c,7.0,1.0,2.0,0.782178575557868
FCWD2:0141,FCWD2,H8_reference,2.67054361647819,2.393196582794189,45.18569842829535,-0.27734703368400115,0.27734703368400115,c,0.0,8.0,0.0,1.0
FCWD2:0141,FCWD2,H8_warp,2.67054361647819,2.4256162643432617,39.35904975540902,-0.24492735213492844,0.24492735213492844,c,7.0,1.0,2.0,0.7633240997229916
FCWD2:0141,FCWD2,H8_warp_student,2.67054361647819,2.5340921878814697,20.969398097157935,-0.13645142859672044,0.13645142859672044,c,7.0,1.0,2.0,0.7633240997229916
FCWD2:0142,FCWD2,H8_reference,2.6234286796366315,2.5445499420166016,12.292064461248836,-0.07887873762002995,0.07887873762002995,c,0.0,8.0,0.0,1.0
FCWD2:0142,FCWD2,H8_warp,2.6234286796366315,2.636525154113769,1.9682882757639937,0.013096474477137576,0.013096474477137576,c,7.0,1.0,2.0,0.7499202890849187
FCWD2:0142,FCWD2,H8_warp_student,2.6234286796366315,2.759662628173828,19.54401805242839,0.13623394853719661,0.13623394853719661,c,7.0,1.0,2.0,0.7499202890849187
FCWD2:0143,FCWD2,H8_reference,2.57632221467295,2.497696876525879,12.72013811386745,-0.07862533814707096,0.07862533814707096,c,0.0,8.0,0.0,1.0
FCWD2:0143,FCWD2,H8_warp,2.57632221467295,2.536989688873291,6.262705161247107,-0.039332525799658846,0.039332525799658846,c,7.0,1.0,2.0,0.7502359453117029
FCWD2:0143,FCWD2,H8_warp_student,2.57632221467295,2.611264944076538,5.402333832053574,0.034942729403588224,0.034942729403588224,c,7.0,1.0,2.0,0.7502359453117029
FCWD2:0144,FCWD2,H8_reference,2.535955476406046,2.33980131149292,34.474469842583275,-0.1961541649131262,0.1961541649131262,c,0.0,8.0,0.0,1.0
FCWD2:0144,FCWD2,H8_warp,2.535955476406046,2.341618299484253,34.12803709656527,-0.1943371769217932,0.1943371769217932,c,7.0,1.0,2.0,0.7505391628271738
FCWD2:0144,FCWD2,H8_warp_student,2.535955476406046,2.359173536300659,30.808992659575875,-0.17678194010538695,0.17678194010538695,c,7.0,1.0,2.0,0.7505391628271738
FCWD2:0145,FCWD2,H8_reference,2.49558954461904,2.3171699047088623,32.193727274164516,-0.17841963991017762,0.17841963991017762,c,0.0,8.0,0.0,1.0
FCWD2:0145,FCWD2,H8_warp,2.49558954461904,2.314298391342163,32.753362014225075,-0.18129115327687684,0.18129115327687684,c,7.0,1.0,2.0,0.7508306626449242
FCWD2:0145,FCWD2,H8_warp_student,2.49558954461904,2.322523832321167,31.154068639615907,-0.17306571229787293,0.17306571229787293,c,7.0,1.0,2.0,0.7508306626449242
FCWD2:0146,FCWD2,H8_reference,2.446019990299646,2.309293508529663,25.269135973114004,-0.13672648176998292,0.13672648176998292,c,0.0,8.0,0.0,1.0
FCWD2:0146,FCWD2,H8_warp,2.446019990299646,2.3097994327545166,25.169994438909853,-0.1362205575451294,0.1362205575451294,c,7.0,1.0,2.0,0.7547006453597325
FCWD2:0146,FCWD2,H8_warp_student,2.446019990299646,2.325247049331665,22.1640963814005,-0.12077294096798097,0.12077294096798097,c,7.0,1.0,2.0,0.7547006453597325
FCWD2:0147,FCWD2,H8_reference,2.39645835886914,2.233327865600586,31.85779324072012,-0.16313049326855422,0.16313049326855422,c,0.0,8.0,0.0,1.0
FCWD2:0147,FCWD2,H8_warp,2.39645835886914,2.301653861999512,17.95230101708664,-0.094804496869628,0.094804496869628,c,7.0,1.0,2.0,0.7589796466826451
FCWD2:0147,FCWD2,H8_warp_student,2.39645835886914,2.313466310501098,15.633425942025713,-0.08299204836804197,0.08299204836804197,c,7.0,1.0,2.0,0.7589796466826451
FCWD2:0148,FCWD2,H8_reference,2.347834133827913,2.471005916595459,22.150936395379585,0.12317178276754603,0.12317178276754603,c,0.0,8.0,0.0,1.0
FCWD2:0148,FCWD2,H8_warp,2.347834133827913,2.4464306831359863,17.913295848097643,0.09859654930807338,0.09859654930807338,c,7.0,1.0,2.0,0.7596161939230704
FCWD2:0148,FCWD2,H8_warp_student,2.347834133827913,2.429889440536499,15.011700179838257,0.08205530670858607,0.08205530670858607,c,7.0,1.0,2.0,0.7596161939230704
FCWD2:0149,FCWD2,H8_reference,2.29920893731252,2.4731032848358154,31.921505695338485,0.17389434752329525,0.17389434752329525,c,0.0,8.0,0.0,1.0
FCWD2:0149,FCWD2,H8_warp,2.29920893731252,2.418041467666626,22.321342774777804,0.11883253035410579,0.11883253035410579,c,7.0,1.0,2.0,0.7636555474393312
FCWD2:0149,FCWD2,H8_warp_student,2.29920893731252,2.377971649169922,15.049451123738052,0.07876271185740169,0.07876271185740169,c,7.0,1.0,2.0,0.7636555474393312
FCWD2:0150,FCWD2,H8_reference,2.2444816779519328,2.342169046401977,19.430136202967518,0.09768736845004433,0.09768736845004433,c,0.0,8.0,0.0,1.0
FCWD2:0150,FCWD2,H8_warp,2.2444816779519328,2.317565441131592,14.694250349752345,0.07308376317965903,0.07308376317965903,c,7.0,1.0,2.0,0.7641770097802728
FCWD2:0150,FCWD2,H8_warp_student,2.2444816779519328,2.295253038406372,10.309604386794998,0.05077136045443931,0.05077136045443931,c,7.0,1.0,2.0,0.7641770097802728
FCWD2:0151,FCWD2,H8_reference,2.18974457614916,2.1990034580230717,2.014631761123459,0.009258881873911662,0.009258881873911662,c,0.0,8.0,0.0,1.0
FCWD2:0151,FCWD2,H8_warp,2.18974457614916,2.1812338829040527,1.8672825650184466,-0.008510693245107337,0.008510693245107337,c,7.0,1.0,2.0,0.7679993977065795
FCWD2:0151,FCWD2,H8_warp_student,2.18974457614916,2.156708240509033,7.332743339827433,-0.03303633564012687,0.03303633564012687,c,7.0,1.0,2.0,0.7679993977065795
FCWD2:0152,FCWD2,H8_reference,2.1453117343033643,2.099566698074341,10.658257557953979,-0.045745036229023484,0.045745036229023484,c,0.0,8.0,0.0,1.0
FCWD2:0152,FCWD2,H8_warp,2.1453117343033643,2.100088119506836,10.534088676497493,-0.045223614796528366,0.045223614796528366,c,7.0,1.0,2.0,0.7684200995925758
FCWD2:0152,FCWD2,H8_warp_student,2.1453117343033643,2.0885400772094727,13.298969775339883,-0.05677165709389165,0.05677165709389165,c,7.0,1.0,2.0,0.7684200995925758
FCWD2:0153,FCWD2,H8_reference,2.10088599432632,2.040830612182617,14.717775828836585,-0.06005538214370265,0.06005538214370265,c,0.0,8.0,0.0,1.0
FCWD2:0153,FCWD2,H8_warp,2.10088599432632,2.024097204208374,18.9782497647039,-0.07678879011794582,0.07678879011794582,c,7.0,1.0,2.0,0.7525472696955279
FCWD2:0153,FCWD2,H8_warp_student,2.10088599432632,2.007267713546753,23.33671216857444,-0.09361828077956691,0.09361828077956691,c,7.0,1.0,2.0,0.7525472696955279
FCWD2:0154,FCWD2,H8_reference,2.053751461492148,2.052217960357666,0.3824719647954611,-0.0015335011344821403,0.0015335011344821403,c,0.0,8.0,0.0,1.0
FCWD2:0154,FCWD2,H8_warp,2.053751461492148,2.016423225402832,9.479649782590666,-0.037328236089316125,0.037328236089316125,c,7.0,1.0,2.0,0.7411265933922997
FCWD2:0154,FCWD2,H8_warp_student,2.053751461492148,1.999285697937012,13.953475105129495,-0.054465763555136215,0.054465763555136215,c,7.0,1.0,2.0,0.7411265933922997
FCWD2:0155,FCWD2,H8_reference,2.0066159869467,2.051974058151245,11.586915805972264,0.04535807120454516,0.04535807120454516,c,0.0,8.0,0.0,1.0
FCWD2:0155,FCWD2,H8_warp,2.0066159869467,2.0190465450286865,3.228575572410755,0.012430558081986565,0.012430558081986565,c,7.0,1.0,2.0,0.7366234732469465
FCWD2:0155,FCWD2,H8_warp_student,2.0066159869467,2.0003366470336914,1.6465822360017812,-0.0062793399130085525,0.0062793399130085525,c,7.0,1.0,2.0,0.7366234732469465
FCWD2:0156,FCWD2,H8_reference,1.9558864486335168,1.9882330894470213,8.762342047608993,0.03234664081350447,0.03234664081350447,c,0.0,8.0,0.0,1.0
FCWD2:0156,FCWD2,H8_warp,1.9558864486335168,1.999557375907898,11.761202461412907,0.043670927274381155,0.043670927274381155,c,7.0,1.0,2.0,0.7262572713775738
FCWD2:0156,FCWD2,H8_warp_student,1.9558864486335168,1.9580199718475344,0.5871054417509042,0.0021335232140176075,0.0021335232140176075,c,7.0,1.0,2.0,0.7262572713775738
FCWD2:0157,FCWD2,H8_reference,1.90514778684962,1.9670408964157104,17.415579119573547,0.0618931095660904,0.0618931095660904,c,0.0,8.0,0.0,1.0
FCWD2:0157,FCWD2,H8_warp,1.90514778684962,1.9802364110946653,20.984015607678,0.07508862424504525,0.07508862424504525,c,7.0,1.0,2.0,0.7196376720111097
FCWD2:0157,FCWD2,H8_warp_student,1.90514778684962,1.9303377866744995,7.226452613877318,0.02518999982487946,0.02518999982487946,c,7.0,1.0,2.0,0.7196376720111097
FCWD2:0158,FCWD2,H8_reference,1.855655173656668,1.9204622507095337,19.202615784444586,0.0648070770528657,0.0648070770528657,c,0.0,8.0,0.0,1.0
FCWD2:0158,FCWD2,H8_warp,1.855655173656668,1.9262925386428835,20.86507110717055,0.07063736498621553,0.07063736498621553,c,7.0,1.0,2.0,0.7076862113058767
FCWD2:0158,FCWD2,H8_warp_student,1.855655173656668,1.882634520530701,8.159226815318139,0.026979346874032917,0.026979346874032917,c,7.0,1.0,2.0,0.7076862113058767
FCWD2:0159,FCWD2,H8_reference,1.80617244850503,1.919791579246521,34.627593425397635,0.1136191307414911,0.1136191307414911,c,0.0,8.0,0.0,1.0
FCWD2:0159,FCWD2,H8_warp,1.80617244850503,1.918677806854248,34.308601513074464,0.11250535834921815,0.11250535834921815,c,7.0,1.0,2.0,0.6993959043071897
FCWD2:0159,FCWD2,H8_warp_student,1.80617244850503,1.8796149492263796,22.8748800128431,0.07344250072134972,0.07344250072134972,c,7.0,1.0,2.0,0.6993959043071897
FCWD2:0160,FCWD2,H8_reference,1.7533570514766013,1.829500675201416,25.1413308841586,0.07614362372481476,0.07614362372481476,c,0.0,8.0,0.0,1.0
FCWD2:0160,FCWD2,H8_warp,1.7533570514766013,1.813614010810852,20.075191572156427,0.06025695933425079,0.06025695933425079,c,7.0,1.0,2.0,0.7056
FCWD2:0160,FCWD2,H8_warp_student,1.7533570514766013,1.8354004621505735,26.999753151496776,0.08204341067397225,0.08204341067397225,c,7.0,1.0,2.0,0.7056
FCWD2:0161,FCWD2,H8_reference,1.70054059923765,1.753862380981445,18.977119701946293,0.05332178174379498,0.05332178174379498,c,0.0,8.0,0.0,1.0
FCWD2:0161,FCWD2,H8_warp,1.70054059923765,1.757335186004639,20.171934195673742,0.056794586766988786,0.056794586766988786,c,7.0,1.0,2.0,0.7091412742382271
FCWD2:0161,FCWD2,H8_warp_student,1.70054059923765,1.837925672531128,46.59429399703034,0.13738507329347782,0.13738507329347782,c,7.0,1.0,2.0,0.7091412742382271
FCWD2:0162,FCWD2,H8_reference,1.649950886385012,1.7506484985351562,37.042276455833964,0.10069761215014417,0.10069761215014417,c,0.0,8.0,0.0,1.0
FCWD2:0162,FCWD2,H8_warp,1.649950886385012,1.7456496953964231,35.30730629648461,0.09569880901141103,0.09569880901141103,c,7.0,1.0,2.0,0.7120892705378528
FCWD2:0162,FCWD2,H8_warp_student,1.649950886385012,1.822470426559448,60.88874353109397,0.17251954017443594,0.17251954017443594,c,7.0,1.0,2.0,0.7120892705378528
FCWD2:0163,FCWD2,H8_reference,1.59935207520862,1.7172608375549316,45.689213630274175,0.11790876234631154,0.11790876234631154,c,0.0,8.0,0.0,1.0
FCWD2:0163,FCWD2,H8_warp,1.59935207520862,1.699747085571289,39.31607737677083,0.10039501036266896,0.10039501036266896,c,7.0,1.0,2.0,0.6993576877790632
FCWD2:0163,FCWD2,H8_warp_student,1.59935207520862,1.8103455305099487,77.4321614073483,0.21099345530132863,0.21099345530132863,c,7.0,1.0,2.0,0.6993576877790632
FCWD2:0164,FCWD2,H8_reference,1.5530535684948727,1.6894183158874512,55.39618036083285,0.13636474739257842,0.13636474739257842,c,0.0,8.0,0.0,1.0
FCWD2:0164,FCWD2,H8_warp,1.5530535684948727,1.6574490070343018,43.25338967511153,0.10439543853942901,0.10439543853942901,c,7.0,1.0,2.0,0.6854299621416983
FCWD2:0164,FCWD2,H8_warp_student,1.5530535684948727,1.8279389142990112,102.96049156145091,0.2748853458041385,0.2748853458041385,c,7.0,1.0,2.0,0.6854299621416983
FCWD2:0165,FCWD2,H8_reference,1.50675598677077,1.677902102470398,72.24568563068058,0.1711461156996279,0.1711461156996279,c,0.0,8.0,0.0,1.0
FCWD2:0165,FCWD2,H8_warp,1.50675598677077,1.6201907396316528,49.6458236391098,0.11343475286088278,0.11343475286088278,c,7.0,1.0,2.0,0.6770373977581184
FCWD2:0165,FCWD2,H8_warp_student,1.50675598677077,1.8111995458602903,118.77906711999321,0.30444355908952025,0.30444355908952025,c,7.0,1.0,2.0,0.6770373977581184
FCWD2:0166,FCWD2,H8_reference,1.4735752195105385,1.666117787361145,83.7814841495986,0.19254256785060653,0.19254256785060653,c,0.0,8.0,0.0,1.0
FCWD2:0166,FCWD2,H8_warp,1.4735752195105385,1.5978847742080688,56.478040794838144,0.12430955469753036,0.12430955469753036,c,7.0,1.0,2.0,0.6692049689704197
FCWD2:0166,FCWD2,H8_warp_student,1.4735752195105385,1.74602210521698,112.95994183310114,0.2724468857064415,0.2724468857064415,c,7.0,1.0,2.0,0.6692049689704197
FCWD2:0167,FCWD2,H8_reference,1.44038914799529,1.752893567085266,132.1287765643707,0.31250441908997595,0.31250441908997595,c,0.0,8.0,0.0,1.0
FCWD2:0167,FCWD2,H8_warp,1.44038914799529,1.6471755504608154,93.22347607557832,0.2067864024655255,0.2067864024655255,c,7.0,1.0,2.0,0.652192352606994
FCWD2:0167,FCWD2,H8_warp_student,1.44038914799529,1.7459086179733276,129.70802950414023,0.3055194699780377,0.3055194699780377,c,7.0,1.0,2.0,0.652192352606994
FCWD2:0168,FCWD2,H8_reference,1.4171027279186892,1.7379817962646484,139.2035281675053,0.32087906834595925,0.32087906834595925,c,0.0,8.0,0.0,1.0
FCWD2:0168,FCWD2,H8_warp,1.4171027279186892,1.666730523109436,113.07075422742209,0.24962779519074685,0.24962779519074685,c,6.0,2.0,5.0,0.6672030252094652
FCWD2:0168,FCWD2,H8_warp_student,1.4171027279186892,1.7089563608169556,128.8291050086318,0.2918536328982664,0.2918536328982664,c,6.0,2.0,5.0,0.6672030252094652
FCWD2:0169,FCWD2,H8_reference,1.39382096019461,1.7654749155044556,161.39632253773726,0.37165395530984546,0.37165395530984546,c,0.0,8.0,0.0,1.0
FCWD2:0169,FCWD2,H8_warp,1.39382096019461,1.6820787191390991,131.58309077736226,0.288257758944489,0.288257758944489,c,6.0,2.0,5.0,0.6702036362003796
FCWD2:0169,FCWD2,H8_warp_student,1.39382096019461,1.7540873289108276,157.49755767818507,0.36026636871621753,0.36026636871621753,c,6.0,2.0,5.0,0.6702036362003796
FCWD2:0170,FCWD2,H8_reference,1.3745916000921097,1.7412258386611938,163.8491030567798,0.36663423856908417,0.36663423856908417,c,0.0,8.0,0.0,1.0
FCWD2:0170,FCWD2,H8_warp,1.3745916000921097,1.6626580953598022,135.0154979966174,0.28806649526769257,0.28806649526769257,c,6.0,2.0,5.0,0.6734018996561972
FCWD2:0170,FCWD2,H8_warp_student,1.3745916000921097,1.7424043416976929,164.26120481448834,0.3678127416055832,0.3678127416055832,c,6.0,2.0,5.0,0.6734018996561972
FCWD2:0171,FCWD2,H8_reference,1.35536223998961,1.7989612817764282,194.52206955041498,0.4435990417868183,0.4435990417868183,c,0.0,8.0,0.0,1.0
FCWD2:0171,FCWD2,H8_warp,1.35536223998961,1.7244844436645508,169.06953442916094,0.36912220367494086,0.36912220367494086,c,6.0,2.0,4.0,0.6645143215843258
FCWD2:0171,FCWD2,H8_warp_student,1.35536223998961,1.7639238834381104,182.8237756303113,0.40856164344850043,0.40856164344850043,c,6.0,2.0,4.0,0.6645143215843258
FCWD2:0172,FCWD2,H8_reference,1.3428847802486237,1.7940977811813354,200.33057624669212,0.45121300093271177,0.45121300093271177,c,0.0,8.0,0.0,1.0
FCWD2:0172,FCWD2,H8_warp,1.3428847802486237,1.7605907917022705,189.09015546147947,0.41770601145364683,0.41770601145364683,c,6.0,2.0,4.0,0.657879954112647
FCWD2:0172,FCWD2,H8_warp_student,1.3428847802486237,1.7716612815856934,192.8523549694017,0.4287765013370697,0.4287765013370697,c,6.0,2.0,4.0,0.657879954112647
FCWD2:0173,FCWD2,H8_reference,1.33040532586936,1.7940343618392944,207.85967023517483,0.46362903596993443,0.46362903596993443,c,0.0,8.0,0.0,1.0
FCWD2:0173,FCWD2,H8_warp,1.33040532586936,1.7699521780014038,199.82465719253148,0.4395468521320438,0.4395468521320438,c,6.0,2.0,4.0,0.65761385630004
FCWD2:0173,FCWD2,H8_warp_student,1.33040532586936,1.8017648458480835,210.3920647853296,0.4713595199787235,0.4713595199787235,c,6.0,2.0,4.0,0.65761385630004
FCWD2:0174,FCWD2,H8_reference,1.318171472454926,2.060663938522339,291.4951565148833,0.7424924660674128,0.7424924660674128,c,0.0,8.0,0.0,1.0
FCWD2:0174,FCWD2,H8_warp,1.318171472454926,1.9992613792419436,275.8184760728911,0.6810899067870175,0.6810899067870175,c,6.0,2.0,4.0,0.6588146965786257
FCWD2:0174,FCWD2,H8_warp_student,1.318171472454926,1.8800653219223025,242.38126151554692,0.5618938494673764,0.5618938494673764,c,6.0,2.0,4.0,0.6588146965786257
FCWD2:0175,FCWD2,H8_reference,1.30593957442344,1.9817135334014893,278.8469349235066,0.6757739589780491,0.6757739589780491,c,0.0,8.0,0.0,1.0
FCWD2:0175,FCWD2,H8_warp,1.30593957442344,1.931234359741211,264.9465906683842,0.6252947853177708,0.6252947853177708,c,6.0,2.0,4.0,0.6568075388926883
FCWD2:0175,FCWD2,H8_warp_student,1.30593957442344,1.7919148206710815,222.39906399454244,0.48597524624764143,0.48597524624764143,c,6.0,2.0,4.0,0.6568075388926883
FCWD2:0176,FCWD2,H8_reference,1.2913429972119854,1.8963518142700195,264.2741578435718,0.6050088170580341,0.6050088170580341,c,0.0,8.0,0.0,1.0
FCWD2:0176,FCWD2,H8_warp,1.2913429972119854,1.829086780548096,243.78101424057664,0.5377437833361105,0.5377437833361105,c,6.0,2.0,4.0,0.6566011265809332
FCWD2:0176,FCWD2,H8_warp_student,1.2913429972119854,1.8014763593673704,234.91312575158165,0.510133362155385,0.510133362155385,c,6.0,2.0,4.0,0.6566011265809332
FCWD2:0177,FCWD2,H8_reference,1.27674612837228,1.9776861667633057,296.74340699600276,0.7009400383910256,0.7009400383910256,c,0.0,8.0,0.0,1.0
FCWD2:0177,FCWD2,H8_warp,1.27674612837228,1.903555154800415,275.98174038192985,0.626809026428135,0.626809026428135,c,6.0,2.0,4.0,0.667489
FCWD2:0177,FCWD2,H8_warp_student,1.27674612837228,1.8680195808410645,265.4286023064288,0.5912734524687844,0.5912734524687844,c,6.0,2.0,4.0,0.667489
FCWD2:0178,FCWD2,H8_reference,1.2641411815737875,2.190025568008423,356.72432553125935,0.9258843864346353,0.9258843864346353,c,0.0,8.0,0.0,1.0
FCWD2:0178,FCWD2,H8_warp,1.2641411815737875,2.090789318084717,333.98895317684656,0.8266481365109293,0.8266481365109293,c,6.0,2.0,4.0,0.6762267885757376
FCWD2:0178,FCWD2,H8_warp_student,1.2641411815737875,2.0050525665283203,312.4867584569494,0.7409113849545328,0.7409113849545328,c,6.0,2.0,4.0,0.6762267885757376
FCWD2:0179,FCWD2,H8_reference,1.25153396783444,2.247865676879883,377.6849728635992,0.9963317090454429,0.9963317090454429,c,0.0,8.0,0.0,1.0
FCWD2:0179,FCWD2,H8_warp,1.25153396783444,2.142430305480957,354.74618180747666,0.8908963376465171,0.8908963376465171,c,7.0,1.0,2.0,0.6519523337401547
FCWD2:0179,FCWD2,H8_warp_student,1.25153396783444,1.9792869091033936,314.3080290380188,0.7277529412689536,0.7277529412689536,c,7.0,1.0,2.0,0.6519523337401547
FCWD2:0180,FCWD2,H8_reference,1.2413580116589518,2.157749891281128,365.34297609776866,0.9163918796221762,0.9163918796221762,c,0.0,8.0,0.0,1.0
FCWD2:0180,FCWD2,H8_warp,1.2413580116589518,2.027256727218628,334.0125300243551,0.7858987155596762,0.7858987155596762,c,7.0,1.0,2.0,0.6758440993701693
FCWD2:0180,FCWD2,H8_warp_student,1.2413580116589518,1.9360727071762085,309.5450806924779,0.6947146955172567,0.6947146955172567,c,7.0,1.0,2.0,0.6758440993701693
FCWD2:0181,FCWD2,H8_reference,1.23118408851968,2.5896661281585693,453.31086916256555,1.3584820396388892,1.3584820396388892,c,0.0,8.0,0.0,1.0
FCWD2:0181,FCWD2,H8_warp,1.23118408851968,2.342957735061645,410.9272163246253,1.111773646541965,1.111773646541965,c,7.0,1.0,2.0,0.6964884299307958
FCWD2:0181,FCWD2,H8_warp_student,1.23118408851968,2.320810556411743,406.67172184760057,1.089626467892063,1.089626467892063,c,7.0,1.0,2.0,0.6964884299307958
FCWD2:0182,FCWD2,H8_reference,1.226186712433312,2.602205753326416,458.8497690005376,1.3760190408931041,1.3760190408931041,c,0.0,8.0,0.0,1.0
FCWD2:0182,FCWD2,H8_warp,1.226186712433312,2.4843173027038574,439.8672732248075,1.2581305902705455,1.2581305902705455,c,7.0,1.0,2.0,0.7195085229985091
FCWD2:0182,FCWD2,H8_warp_student,1.226186712433312,2.4029078483581543,425.6478358748011,1.1767211359248424,1.1767211359248424,c,7.0,1.0,2.0,0.7195085229985091
FCWD2:0183,FCWD2,H8_reference,1.22118923650326,2.699091672897339,476.8195613410342,1.477902436394079,1.477902436394079,c,0.0,8.0,0.0,1.0
FCWD2:0183,FCWD2,H8_warp,1.22118923650326,2.572375059127808,457.8485905621057,1.3511858226245481,1.3511858226245481,c,7.0,1.0,2.0,0.7407908960428429
FCWD2:0183,FCWD2,H8_warp_student,1.22118923650326,2.2643632888793945,402.67842237920377,1.0431740523761346,1.0431740523761346,c,7.0,1.0,2.0,0.7407908960428429
FCWD2:0184,FCWD2,H8_reference,1.2192426614104228,2.4301633834838867,435.5753093000165,1.210920722073464,1.210920722073464,c,0.0,8.0,0.0,1.0
FCWD2:0184,FCWD2,H8_warp,1.2192426614104228,2.3186192512512207,414.9082054617128,1.099376589840798,1.099376589840798,c,7.0,1.0,2.0,0.7601042558997392
FCWD2:0184,FCWD2,H8_warp_student,1.2192426614104228,2.1153383255004883,371.49955535453216,0.8960956640900655,0.8960956640900655,c,7.0,1.0,2.0,0.7601042558997392
FCWD2:0185,FCWD2,H8_reference,1.21729573623514,2.4804725646972656,445.7047661841939,1.2631768284621256,1.2631768284621256,c,0.0,8.0,0.0,1.0
FCWD2:0185,FCWD2,H8_warp,1.21729573623514,2.3664262294769287,425.4388997229389,1.1491304932417887,1.1491304932417887,c,7.0,1.0,2.0,0.778991533083827
FCWD2:0185,FCWD2,H8_warp_student,1.21729573623514,2.0903842449188232,367.0035402920891,0.8730885086836833,0.8730885086836833,c,7.0,1.0,2.0,0.778991533083827
FCWD2:0186,FCWD2,H8_reference,1.2374646175542892,2.553879737854004,443.1952703366281,1.3164151202997147,1.3164151202997147,c,0.0,8.0,0.0,1.0
FCWD2:0186,FCWD2,H8_warp,1.2374646175542892,2.497311592102051,433.96006704203535,1.2598469745477616,1.2598469745477616,c,7.0,1.0,2.0,0.7809973107995989
FCWD2:0186,FCWD2,H8_warp_student,1.2374646175542892,2.110830068588257,357.2919597100605,0.8733654510339677,0.8733654510339677,c,7.0,1.0,2.0,0.7809973107995989
FCWD2:0187,FCWD2,H8_reference,1.25762946936845,2.436140298843384,409.39402598296397,1.1785108294749338,1.1785108294749338,c,0.0,8.0,0.0,1.0
FCWD2:0187,FCWD2,H8_warp,1.25762946936845,2.331522226333618,390.16817151879786,1.0738927569651682,1.0738927569651682,c,7.0,1.0,2.0,0.7816433489759221
FCWD2:0187,FCWD2,H8_warp_student,1.25762946936845,2.0691168308258057,333.1749067414368,0.8114873614573557,0.8114873614573557,c,7.0,1.0,2.0,0.7816433489759221
FCWD2:0188,FCWD2,H8_reference,1.2899150578009797,2.2989771366119385,362.2245850235743,1.0090620788109588,1.0090620788109588,c,0.0,8.0,0.0,1.0
FCWD2:0188,FCWD2,H8_warp,1.2899150578009797,2.2203757762908936,346.11320747594544,0.9304607184899139,0.9304607184899139,c,7.0,1.0,2.0,0.7824337365324873
FCWD2:0188,FCWD2,H8_warp_student,1.2899150578009797,2.0244829654693604,300.3744499649125,0.7345679076683806,0.7345679076683806,c,7.0,1.0,2.0,0.7824337365324873
FCWD2:0189,FCWD2,H8_reference,1.32220000120547,2.5168299674987797,381.0109280215556,1.1946299662933098,1.1946299662933098,c,0.0,8.0,0.0,1.0
FCWD2:0189,FCWD2,H8_warp,1.32220000120547,2.330841541290283,347.94010536302574,1.0086415400848132,1.0086415400848132,c,7.0,1.0,2.0,0.7830340044511154
FCWD2:0189,FCWD2,H8_warp_student,1.32220000120547,2.1236867904663086,304.1186363087279,0.8014867892608386,0.8014867892608386,c,7.0,1.0,2.0,0.7830340044511154
FCWD2:0190,FCWD2,H8_reference,1.3663858692389064,2.8359954357147217,401.0446335712015,1.4696095664758153,1.4696095664758153,c,0.0,8.0,0.0,1.0
FCWD2:0190,FCWD2,H8_warp,1.3663858692389064,2.660436153411865,376.89670696002145,1.2940502841729584,1.2940502841729584,c,7.0,1.0,2.0,0.7837743107343342
FCWD2:0190,FCWD2,H8_warp_student,1.3663858692389064,2.4250099658966064,338.9082249842797,1.0586240966577,1.0586240966577,c,7.0,1.0,2.0,0.7837743107343342
FCWD2:0191,FCWD2,H8_reference,1.41058056685251,2.8927271366119385,383.50033029330393,1.4821465697594285,1.4821465697594285,c,0.0,8.0,0.0,1.0
FCWD2:0191,FCWD2,H8_warp,1.41058056685251,2.696305513381958,357.38119847261123,1.285724946529448,1.285724946529448,c,7.0,1.0,2.0,0.8042401431434962
FCWD2:0191,FCWD2,H8_warp_student,1.41058056685251,2.608410120010376,344.393971649793,1.197829553157866,1.197829553157866,c,7.0,1.0,2.0,0.8042401431434962
FCWD2:0192,FCWD2,H8_reference,1.4942819305999606,3.1993744373321533,375.11234175262473,1.7050925067321927,1.7050925067321927,c,0.0,8.0,0.0,1.0
FCWD2:0192,FCWD2,H8_warp,1.4942819305999606,3.020599365234375,355.99820096861447,1.5263174346344144,1.5263174346344144,c,7.0,1.0,2.0,0.8325314012792197
FCWD2:0192,FCWD2,H8_warp_student,1.4942819305999606,2.9535207748413086,348.2188954909956,1.459238844241348,1.459238844241348,c,7.0,1.0,2.0,0.8325314012792197
FCWD2:0193,FCWD2,H8_reference,1.57796824375455,3.567668914794922,370.3992977864918,1.989700671040372,1.989700671040372,c,0.0,8.0,0.0,1.0
FCWD2:0193,FCWD2,H8_warp,1.57796824375455,3.4884748458862305,363.850499199186,1.9105066021316806,1.9105066021316806,c,7.0,1.0,2.0,0.8613117044993982
FCWD2:0193,FCWD2,H8_warp_student,1.57796824375455,3.339590549468994,350.6850022351561,1.7616223057144442,1.7616223057144442,c,7.0,1.0,2.0,0.8613117044993982
FCWD2:0194,FCWD2,H8_reference,1.6916400265923075,3.733708143234253,337.8531423551421,2.0420681166419454,2.0420681166419454,c,0.0,8.0,0.0,1.0
FCWD2:0194,FCWD2,H8_warp,1.6916400265923075,3.601564884185791,327.7507767913897,1.9099248575934835,1.9099248575934835,c,7.0,1.0,2.0,0.8920573576527303
FCWD2:0194,FCWD2,H8_warp_student,1.6916400265923075,3.263289451599121,298.1027139055069,1.5716494250068136,1.5716494250068136,c,7.0,1.0,2.0,0.8920573576527303
FCWD2:0195,FCWD2,H8_reference,1.8053095384017,3.7854840755462646,302.1353373767872,1.9801745371445647,1.9801745371445647,c,0.0,8.0,0.0,1.0
FCWD2:0195,FCWD2,H8_warp,1.8053095384017,3.662942409515381,293.053863505255,1.857632871113681,1.857632871113681,c,7.0,1.0,2.0,0.9248453853400178
FCWD2:0195,FCWD2,H8_warp_student,1.8053095384017,3.4197325706481934,273.0730116826864,1.6144230322464934,1.6144230322464934,c,7.0,1.0,2.0,0.9248453853400178
FCWD2:0196,FCWD2,H8_reference,1.957983777576973,4.552901744842529,302.14534993090405,2.5949179672655562,2.5949179672655562,c,0.0,8.0,0.0,1.0
FCWD2:0196,FCWD2,H8_warp,1.957983777576973,4.423084259033203,295.5519710248599,2.46510048145623,2.46510048145623,c,7.0,1.0,2.0,0.9566950577715072
FCWD2:0196,FCWD2,H8_warp_student,1.957983777576973,4.15923547744751,280.86721551345204,2.2012516998705367,2.2012516998705367,c,7.0,1.0,2.0,0.9566950577715072
FCWD2:0197,FCWD2,H8_reference,2.11063361425258,4.413086414337158,256.1773154363478,2.3024528000845783,2.3024528000845783,c,0.0,8.0,0.0,1.0
FCWD2:0197,FCWD2,H8_warp,2.11063361425258,4.379889965057373,254.41988381723064,2.269256350804793,2.269256350804793,c,7.0,1.0,2.0,0.9906396770835308
FCWD2:0197,FCWD2,H8_warp_student,2.11063361425258,4.170962333679199,242.7092263529688,2.0603287194266193,2.0603287194266193,c,7.0,1.0,2.0,0.9906396770835308
FCWD2:0198,FCWD2,H8_reference,2.381776991192309,5.641234397888184,250.06707543645717,3.2594574066958746,3.2594574066958746,c,0.0,8.0,0.0,1.0
FCWD2:0198,FCWD2,H8_warp,2.381776991192309,5.617569923400879,249.30682204742791,3.23579293220857,3.23579293220857,c,7.0,1.0,2.0,1.0
FCWD2:0198,FCWD2,H8_warp_student,2.381776991192309,5.355317115783691,240.42749799770237,2.9735401245913824,2.9735401245913824,c,7.0,1.0,2.0,1.0
FCWD2:0199,FCWD2,H8_reference,2.65292578536565,5.614154815673828,204.50367422063636,2.961229030308178,2.961229030308178,c,0.0,8.0,0.0,1.0
FCWD2:0199,FCWD2,H8_warp,2.65292578536565,5.58051872253418,203.41053429000203,2.9275929371685296,2.9275929371685296,c,7.0,1.0,2.0,1.0
FCWD2:0199,FCWD2,H8_warp_student,2.65292578536565,5.293121337890625,193.49846073028544,2.640195552524975,2.640195552524975,c,7.0,1.0,2.0,1.0
FCWD2:0200,FCWD2,H8_reference,3.2676133962578167,5.547287940979004,128.90147972802114,2.2796745447211872,2.2796745447211872,s,0.0,8.0,0.0,1.0
FCWD2:0200,FCWD2,H8_warp,3.2676133962578167,5.548442363739014,128.93967526672225,2.280828967481197,2.280828967481197,s,7.0,1.0,2.0,1.0
FCWD2:0200,FCWD2,H8_warp_student,3.2676133962578167,5.311131477355957,120.73547245723296,2.0435180810981404,2.0435180810981404,s,7.0,1.0,2.0,1.0
FCWD2:0201,FCWD2,H8_reference,3.88241155584809,5.799475193023682,87.01381332183882,1.9170636371755916,1.9170636371755916,s,0.0,8.0,0.0,1.0
FCWD2:0201,FCWD2,H8_warp,3.88241155584809,5.802931308746338,87.11831029457235,1.9205197528982478,1.9205197528982478,s,7.0,1.0,2.0,1.0
FCWD2:0201,FCWD2,H8_warp_student,3.88241155584809,5.3701910972595215,72.97840892844677,1.4877795414114314,1.4877795414114314,s,7.0,1.0,2.0,1.0
FCWD2:0202,FCWD2,H8_reference,5.569552664712119,6.4700927734375,25.414920129312005,0.900540108725381,0.900540108725381,s,0.0,8.0,0.0,1.0
FCWD2:0202,FCWD2,H8_warp,5.569552664712119,6.493579387664795,25.982697623099117,0.924026722952676,0.924026722952676,s,7.0,1.0,2.0,1.0
FCWD2:0202,FCWD2,H8_warp_student,5.569552664712119,6.02362871170044,13.77271259778809,0.4540760469883214,0.4540760469883214,s,7.0,1.0,2.0,1.0
FCWD2:0203,FCWD2,H8_reference,7.25635670264957,7.171917915344238,1.6453201816274237,-0.08443878730533161,0.08443878730533161,l,0.0,8.0,0.0,1.0
FCWD2:0203,FCWD2,H8_warp,7.25635670264957,7.222674369812012,0.6516678549734617,-0.03368233283755817,0.03368233283755817,l,7.0,1.0,2.0,1.0
FCWD2:0203,FCWD2,H8_warp_student,7.25635670264957,6.921583652496338,6.760827246500897,-0.334773050153232,0.334773050153232,l,7.0,1.0,2.0,1.0
FCWD3:0000,FCWD3,H8_reference,15.349582546367648,6.379665851593018,92.62801590265015,-8.96991669477463,8.96991669477463,outside,0.0,8.0,0.0,1.0
FCWD3:0000,FCWD3,H8_warp,15.349582546367648,6.379665851593018,92.62801590265015,-8.96991669477463,8.96991669477463,outside,0.0,8.0,0.0,1.0
FCWD3:0000,FCWD3,H8_warp_student,15.349582546367648,7.630967617034912,66.54970220086291,-7.718614929332736,7.718614929332736,outside,0.0,8.0,0.0,1.0
FCWD3:0001,FCWD3,H8_reference,14.9606711802474,6.146504878997803,96.96577401595896,-8.814166301249598,8.814166301249598,outside,0.0,8.0,0.0,1.0
FCWD3:0001,FCWD3,H8_warp,14.9606711802474,6.878589153289795,79.37943821876942,-8.082082026957606,8.082082026957606,outside,7.0,1.0,2.0,0.9829790342610856
FCWD3:0001,FCWD3,H8_warp_student,14.9606711802474,7.405044078826904,68.89689678783398,-7.555627101420496,7.555627101420496,outside,7.0,1.0,2.0,0.9829790342610856
FCWD3:0002,FCWD3,H8_reference,14.625693741229997,6.366588115692139,89.70898281136594,-8.259105625537858,8.259105625537858,outside,0.0,8.0,0.0,1.0
FCWD3:0002,FCWD3,H8_warp,14.625693741229997,6.428964138031006,88.16083684770011,-8.19672960319899,8.19672960319899,outside,7.0,1.0,2.0,0.9663889686871588
FCWD3:0002,FCWD3,H8_warp_student,14.625693741229997,7.743611812591553,61.37215586624024,-6.882081928638444,6.882081928638444,outside,7.0,1.0,2.0,0.9663889686871588
FCWD3:0003,FCWD3,H8_reference,14.2907096096241,8.184589385986328,52.71187477569904,-6.106120223637772,6.106120223637772,outside,0.0,8.0,0.0,1.0
FCWD3:0003,FCWD3,H8_warp,14.2907096096241,6.921458721160889,75.3105671457751,-7.3692508884632115,7.3692508884632115,outside,7.0,1.0,2.0,0.9344444444444444
FCWD3:0003,FCWD3,H8_warp_student,14.2907096096241,8.348941802978516,50.277239973038846,-5.941767806645585,5.941767806645585,outside,7.0,1.0,2.0,0.9344444444444444
FCWD3:0004,FCWD3,H8_reference,13.985563677015532,6.697296142578125,78.68078785901919,-7.2882675344374075,7.2882675344374075,outside,0.0,8.0,0.0,1.0
FCWD3:0004,FCWD3,H8_warp,13.985563677015532,6.046980857849121,94.99528172687758,-7.938582819166411,7.938582819166411,outside,7.0,1.0,2.0,0.9040580489115828
FCWD3:0004,FCWD3,H8_warp_student,13.985563677015532,7.012957572937012,71.86044481523443,-6.972606104078521,6.972606104078521,outside,7.0,1.0,2.0,0.9040580489115828
FCWD3:0005,FCWD3,H8_reference,13.6803628653351,6.254049301147461,87.82259295767987,-7.426313564187639,7.426313564187639,outside,0.0,8.0,0.0,1.0
FCWD3:0005,FCWD3,H8_warp,13.6803628653351,5.207886695861816,120.51797918032615,-8.472476169473284,8.472476169473284,outside,7.0,1.0,2.0,0.9040580489115828
FCWD3:0005,FCWD3,H8_warp_student,13.6803628653351,8.116715431213379,50.601832907556904,-5.563647434121721,5.563647434121721,outside,7.0,1.0,2.0,0.9040580489115828
FCWD3:0006,FCWD3,H8_reference,13.357073801627138,6.573920726776123,78.13670502161915,-6.783153074851015,6.783153074851015,outside,0.0,8.0,0.0,1.0
FCWD3:0006,FCWD3,H8_warp,13.357073801627138,5.995296001434326,93.05581462397194,-7.361777800192812,7.361777800192812,outside,7.0,1.0,2.0,0.861184
FCWD3:0006,FCWD3,H8_warp_student,13.357073801627138,8.756489753723145,39.70975910987229,-4.600584047903993,4.600584047903993,outside,7.0,1.0,2.0,0.861184
FCWD3:0007,FCWD3,H8_reference,13.0338493272672,8.607914924621582,39.83307983807148,-4.425934402645618,4.425934402645618,outside,0.0,8.0,0.0,1.0
FCWD3:0007,FCWD3,H8_warp,13.0338493272672,6.928918838500977,68.3550992784553,-6.1049304887662235,6.1049304887662235,outside,7.0,1.0,2.0,0.861184
FCWD3:0007,FCWD3,H8_warp_student,13.0338493272672,8.49704647064209,41.366814256843874,-4.53680285662511,4.53680285662511,outside,7.0,1.0,2.0,0.861184
FCWD3:0008,FCWD3,H8_reference,12.795777159278051,7.979248523712158,47.65926721704264,-4.816528635565893,4.816528635565893,outside,0.0,8.0,0.0,1.0
FCWD3:0008,FCWD3,H8_warp,12.795777159278051,7.373289585113525,58.0950179206008,-5.422487574164526,5.422487574164526,outside,7.0,1.0,2.0,0.83551025390625
FCWD3:0008,FCWD3,H8_warp_student,12.795777159278051,7.633706092834473,53.4058005277558,-5.162071066443579,5.162071066443579,outside,7.0,1.0,2.0,0.83551025390625
FCWD3:0009,FCWD3,H8_reference,12.5577002347923,7.681666374206543,51.083681806506405,-4.876033860585757,4.876033860585757,outside,0.0,8.0,0.0,1.0
FCWD3:0009,FCWD3,H8_warp,12.5577002347923,7.10070276260376,61.88103651619863,-5.45699747218854,5.45699747218854,outside,7.0,1.0,2.0,0.849853515625
FCWD3:0009,FCWD3,H8_warp_student,12.5577002347923,7.770899295806885,49.56922714751943,-4.786800938985415,4.786800938985415,outside,7.0,1.0,2.0,0.849853515625
FCWD3:0010,FCWD3,H8_reference,12.34553241537322,7.905370712280273,45.972356786992805,-4.440161703092947,4.440161703092947,outside,0.0,8.0,0.0,1.0
FCWD3:0010,FCWD3,H8_warp,12.34553241537322,8.150965690612793,42.1128387764671,-4.194566724760428,4.194566724760428,outside,7.0,1.0,2.0,0.8904576134745186
FCWD3:0010,FCWD3,H8_warp_student,12.34553241537322,8.698723793029785,34.29448156701724,-3.6468086223434355,3.6468086223434355,outside,7.0,1.0,2.0,0.8904576134745186
FCWD3:0011,FCWD3,H8_reference,12.133326438562,8.232712745666504,39.45124120950898,-3.9006136928954955,3.9006136928954955,outside,0.0,8.0,0.0,1.0
FCWD3:0011,FCWD3,H8_warp,12.133326438562,8.099666595458984,41.471205068840945,-4.033659843103015,4.033659843103015,outside,7.0,1.0,2.0,0.8965102531697174
FCWD3:0011,FCWD3,H8_warp_student,12.133326438562,9.056492805480955,28.273011212365216,-3.076833633081044,3.076833633081044,outside,7.0,1.0,2.0,0.8965102531697174
FCWD3:0012,FCWD3,H8_reference,11.900492714786411,7.858893871307373,43.67568244898614,-4.041598843479038,4.041598843479038,outside,0.0,8.0,0.0,1.0
FCWD3:0012,FCWD3,H8_warp,11.900492714786411,7.654285430908203,47.121512891321395,-4.246207283878208,4.246207283878208,outside,7.0,1.0,2.0,0.8847269310894162
FCWD3:0012,FCWD3,H8_warp_student,11.900492714786411,7.8314337730407715,44.127612072063954,-4.06905894174564,4.06905894174564,outside,7.0,1.0,2.0,0.8847269310894162
FCWD3:0013,FCWD3,H8_reference,11.6677055084471,7.355893135070801,50.80189370775281,-4.3118123733762985,4.3118123733762985,outside,0.0,8.0,0.0,1.0
FCWD3:0013,FCWD3,H8_warp,11.6677055084471,7.266554832458496,52.496446331334894,-4.401150675988603,4.401150675988603,outside,7.0,1.0,2.0,0.8820778947091131
FCWD3:0013,FCWD3,H8_warp_student,11.6677055084471,7.3342790603637695,51.20805371648996,-4.33342644808333,4.33342644808333,outside,7.0,1.0,2.0,0.8820778947091131
FCWD3:0014,FCWD3,H8_reference,11.477358318211891,7.149787425994873,53.34176873967759,-4.327570892217018,4.327570892217018,outside,0.0,8.0,0.0,1.0
FCWD3:0014,FCWD3,H8_warp,11.477358318211891,6.767070770263672,61.36732020030983,-4.710287547948219,4.710287547948219,outside,7.0,1.0,2.0,0.8824671028449607
FCWD3:0014,FCWD3,H8_warp_student,11.477358318211891,6.644033908843994,64.14529729333813,-4.833324409367897,4.833324409367897,outside,7.0,1.0,2.0,0.8824671028449607
FCWD3:0015,FCWD3,H8_reference,11.2870149308894,6.740951061248779,60.46617348460804,-4.546063869640621,4.546063869640621,outside,0.0,8.0,0.0,1.0
FCWD3:0015,FCWD3,H8_warp,11.2870149308894,6.52547025680542,65.43981512824766,-4.76154467408398,4.76154467408398,outside,7.0,1.0,2.0,0.8710665346790197
FCWD3:0015,FCWD3,H8_warp_student,11.2870149308894,6.6438093185424805,62.66811745960886,-4.64320561234692,4.64320561234692,outside,7.0,1.0,2.0,0.8710665346790197
FCWD3:0016,FCWD3,H8_reference,11.120363687612585,6.924086093902588,55.14456592847867,-4.196277593709997,4.196277593709997,outside,0.0,8.0,0.0,1.0
FCWD3:0016,FCWD3,H8_warp,11.120363687612585,6.938563346862793,54.838816630425214,-4.181800340749792,4.181800340749792,outside,7.0,1.0,2.0,0.8670555898356426
FCWD3:0016,FCWD3,H8_warp_student,11.120363687612585,7.38267183303833,46.046168579452086,-3.737691854574255,3.737691854574255,outside,7.0,1.0,2.0,0.8670555898356426
FCWD3:0017,FCWD3,H8_reference,10.9536791427265,7.611241340637207,40.5425382637265,-3.342437802089293,3.342437802089293,outside,0.0,8.0,0.0,1.0
FCWD3:0017,FCWD3,H8_warp,10.9536791427265,7.302168369293213,46.179172585716636,-3.6515107734332872,3.6515107734332872,outside,7.0,1.0,2.0,0.871190914738145
FCWD3:0017,FCWD3,H8_warp_student,10.9536791427265,7.611736297607422,40.5338811762461,-3.3419428451190782,3.3419428451190782,outside,7.0,1.0,2.0,0.871190914738145
FCWD3:0018,FCWD3,H8_reference,10.7782444227525,7.8918023109436035,34.310862446084116,-2.886442111808897,2.886442111808897,outside,0.0,8.0,0.0,1.0
FCWD3:0018,FCWD3,H8_warp,10.7782444227525,7.806835651397705,35.707764369221664,-2.9714087713547954,2.9714087713547954,outside,7.0,1.0,2.0,0.8609581873606624
FCWD3:0018,FCWD3,H8_warp_student,10.7782444227525,8.050217628479004,31.785656575111215,-2.7280267942734966,2.7280267942734966,outside,7.0,1.0,2.0,0.8609581873606624
FCWD3:0019,FCWD3,H8_reference,10.6028097027785,8.556227684020996,22.800077748589622,-2.046582018757505,2.046582018757505,outside,0.0,8.0,0.0,1.0
FCWD3:0019,FCWD3,H8_warp,10.6028097027785,8.94955825805664,17.604108110309962,-1.6532514447218603,1.6532514447218603,outside,7.0,1.0,2.0,0.8393203883495146
FCWD3:0019,FCWD3,H8_warp_student,10.6028097027785,8.976262092590332,17.267945651876627,-1.6265476101881688,1.6265476101881688,outside,7.0,1.0,2.0,0.8393203883495146
FCWD3:0020,FCWD3,H8_reference,10.46085980908096,8.605945587158203,20.824834798759667,-1.8549142219227566,1.8549142219227566,outside,0.0,8.0,0.0,1.0
FCWD3:0020,FCWD3,H8_warp,10.46085980908096,8.86758804321289,17.356629522376643,-1.593271765868069,1.593271765868069,outside,7.0,1.0,2.0,0.8304426882998811
FCWD3:0020,FCWD3,H8_warp_student,10.46085980908096,9.296317100524902,12.097938454964739,-1.1645427085560573,1.1645427085560573,outside,7.0,1.0,2.0,0.8304426882998811
FCWD3:0021,FCWD3,H8_reference,10.3188872233694,9.168882369995115,12.281356123760787,-1.1500048533742842,1.1500048533742842,outside,0.0,8.0,0.0,1.0
FCWD3:0021,FCWD3,H8_warp,10.3188872233694,8.538346290588379,20.427635326603824,-1.7805409327810207,1.7805409327810207,outside,7.0,1.0,2.0,0.8235536339304097
FCWD3:0021,FCWD3,H8_warp_student,10.3188872233694,9.347548484802246,10.173966021165999,-0.9713387385671535,0.9713387385671535,outside,7.0,1.0,2.0,0.8235536339304097
FCWD3:0022,FCWD3,H8_reference,10.190681486965476,9.020270347595217,12.86701384729031,-1.170411139370259,1.170411139370259,outside,0.0,8.0,0.0,1.0
FCWD3:0022,FCWD3,H8_warp,10.190681486965476,9.532007217407228,6.850378748397088,-0.6586742695582473,0.6586742695582473,outside,7.0,1.0,2.0,0.8151811875485212
FCWD3:0022,FCWD3,H8_warp_student,10.190681486965476,9.658767700195312,5.459056190461452,-0.5319137867701631,0.5319137867701631,outside,7.0,1.0,2.0,0.8151811875485212
FCWD3:0023,FCWD3,H8_reference,10.062501364558,9.68272590637207,3.9377339338805135,-0.3797754581859305,0.3797754581859305,outside,0.0,8.0,0.0,1.0
FCWD3:0023,FCWD3,H8_warp,10.062501364558,9.58286190032959,5.025281607147908,-0.47963946422841097,0.47963946422841097,outside,7.0,1.0,2.0,0.8164054783696583
FCWD3:0023,FCWD3,H8_warp_student,10.062501364558,10.187126159667969,1.2278850604358245,0.12462479510996793,0.12462479510996793,outside,7.0,1.0,2.0,0.8164054783696583
FCWD3:0024,FCWD3,H8_reference,9.89136808032005,10.172944068908691,2.8264688683592687,0.2815759885886422,0.2815759885886422,l,0.0,8.0,0.0,1.0
FCWD3:0024,FCWD3,H8_warp,9.89136808032005,10.558711051940918,6.452896186382538,0.6673429716208688,0.6673429716208688,l,7.0,1.0,2.0,0.8204184424641612
FCWD3:0024,FCWD3,H8_warp_student,9.89136808032005,11.36683177947998,13.24823446792094,1.4754636991599313,1.4754636991599313,l,7.0,1.0,2.0,0.8204184424641612
FCWD3:0025,FCWD3,H8_reference,9.7202347960821,10.779791831970217,10.21189936248076,1.0595570358881172,1.0595570358881172,l,0.0,8.0,0.0,1.0
FCWD3:0025,FCWD3,H8_warp,9.7202347960821,10.35550594329834,6.374758012448311,0.6352711472162405,0.6352711472162405,l,7.0,1.0,2.0,0.8165836276488395
FCWD3:0025,FCWD3,H8_warp_student,9.7202347960821,11.52306079864502,16.249776089219335,1.8028260025629201,1.8028260025629201,l,7.0,1.0,2.0,0.8165836276488395
FCWD3:0026,FCWD3,H8_reference,9.60455542717378,10.660622596740724,10.417198480553221,1.0560671695669441,1.0560671695669441,l,0.0,8.0,0.0,1.0
FCWD3:0026,FCWD3,H8_warp,9.60455542717378,10.977819442749023,13.152869366919694,1.3732640155752431,1.3732640155752431,l,7.0,1.0,2.0,0.8269167178421276
FCWD3:0026,FCWD3,H8_warp_student,9.60455542717378,11.299657821655272,15.770894689900606,1.6951023944814914,1.6951023944814914,l,7.0,1.0,2.0,0.8269167178421276
FCWD3:0027,FCWD3,H8_reference,9.48885756583977,10.832863807678224,13.205609908848466,1.3440062418384553,1.3440062418384553,l,0.0,8.0,0.0,1.0
FCWD3:0027,FCWD3,H8_warp,9.48885756583977,10.642478942871094,11.538707409813574,1.1536213770313246,1.1536213770313246,l,7.0,1.0,2.0,0.8305595242692204
FCWD3:0027,FCWD3,H8_warp_student,9.48885756583977,10.817222595214844,13.070886843534538,1.3283650293750746,1.3283650293750746,l,7.0,1.0,2.0,0.8305595242692204
FCWD3:0028,FCWD3,H8_reference,9.359556599005566,10.66465187072754,13.20743600319944,1.3050952717219744,1.3050952717219744,l,0.0,8.0,0.0,1.0
FCWD3:0028,FCWD3,H8_warp,9.359556599005566,10.40695858001709,10.86334215515454,1.0474019810115234,1.0474019810115234,l,7.0,1.0,2.0,0.8252730109204368
FCWD3:0028,FCWD3,H8_warp_student,9.359556599005566,10.749593734741213,13.955361441135242,1.3900371357356462,1.3900371357356462,l,7.0,1.0,2.0,0.8252730109204368
FCWD3:0029,FCWD3,H8_reference,9.23028146498195,8.256254196166992,12.929586202719106,-0.9740272688149574,0.9740272688149574,l,0.0,8.0,0.0,1.0
FCWD3:0029,FCWD3,H8_warp,9.23028146498195,8.288207054138184,12.456927018734046,-0.942074410843766,0.942074410843766,l,7.0,1.0,2.0,0.8405661444779313
FCWD3:0029,FCWD3,H8_warp_student,9.23028146498195,8.818806648254395,5.111640080012938,-0.41147481672755504,0.41147481672755504,l,7.0,1.0,2.0,0.8405661444779313
FCWD3:0030,FCWD3,H8_reference,9.107761191515698,6.845993518829346,36.74449619744198,-2.261767672686352,2.261767672686352,l,0.0,8.0,0.0,1.0
FCWD3:0030,FCWD3,H8_warp,9.107761191515698,6.808653831481934,37.557478622177086,-2.299107360033764,2.299107360033764,l,7.0,1.0,2.0,0.8415898851321184
FCWD3:0030,FCWD3,H8_warp_student,9.107761191515698,6.696370124816895,40.05722638431332,-2.411391066698802,2.411391066698802,l,7.0,1.0,2.0,0.8415898851321184
FCWD3:0031,FCWD3,H8_reference,8.98523847018975,5.125222206115723,85.12448364641341,-3.8600162640740265,3.8600162640740265,l,0.0,8.0,0.0,1.0
FCWD3:0031,FCWD3,H8_warp,8.98523847018975,5.155141830444336,83.96960814235057,-3.8300966397454133,3.8300966397454133,l,7.0,1.0,2.0,0.856310479587435
FCWD3:0031,FCWD3,H8_warp_student,8.98523847018975,5.280800342559815,79.26355718330142,-3.704438127629934,3.704438127629934,l,7.0,1.0,2.0,0.856310479587435
FCWD3:0032,FCWD3,H8_reference,8.841643807565047,5.983802318572998,54.78439596277799,-2.857841488992049,2.857841488992049,l,0.0,8.0,0.0,1.0
FCWD3:0032,FCWD3,H8_warp,8.841643807565047,5.662519454956055,64.43221757473826,-3.1791243526089925,3.1791243526089925,l,7.0,1.0,2.0,0.8467958866839849
FCWD3:0032,FCWD3,H8_warp_student,8.841643807565047,5.697452068328857,63.330031498942816,-3.1441917392361898,3.1441917392361898,l,7.0,1.0,2.0,0.8467958866839849
FCWD3:0033,FCWD3,H8_reference,8.69802045068488,6.905201435089111,30.242533248655572,-1.792819015595768,1.792819015595768,l,0.0,8.0,0.0,1.0
FCWD3:0033,FCWD3,H8_warp,8.69802045068488,6.4562578201293945,40.46585259465345,-2.2417626305554847,2.2417626305554847,l,7.0,1.0,2.0,0.8547787023171804
FCWD3:0033,FCWD3,H8_warp_student,8.69802045068488,6.867372035980225,31.05203065239214,-1.8306484147046547,1.8306484147046547,l,7.0,1.0,2.0,0.8547787023171804
FCWD3:0034,FCWD3,H8_reference,8.566870442134077,7.124276161193848,23.944202896127187,-1.442594280940229,1.442594280940229,l,0.0,8.0,0.0,1.0
FCWD3:0034,FCWD3,H8_warp,8.566870442134077,6.635813236236572,34.42908448521308,-1.9310572058975044,1.9310572058975044,l,7.0,1.0,2.0,0.8511056170429077
FCWD3:0034,FCWD3,H8_warp_student,8.566870442134077,6.8052191734313965,30.621020974780592,-1.7616512687026802,1.7616512687026802,l,7.0,1.0,2.0,0.8511056170429077
FCWD3:0035,FCWD3,H8_reference,8.43574401605904,7.724849224090576,11.046146371171407,-0.7108947919684638,0.7108947919684638,l,0.0,8.0,0.0,1.0
FCWD3:0035,FCWD3,H8_warp,8.43574401605904,7.07584810256958,23.08255786873454,-1.35989591348946,1.35989591348946,l,7.0,1.0,2.0,0.8776067527308838
FCWD3:0035,FCWD3,H8_warp_student,8.43574401605904,7.324575901031494,18.215806694936354,-1.1111681150275459,1.1111681150275459,l,7.0,1.0,2.0,0.8776067527308838
FCWD3:0036,FCWD3,H8_reference,8.301723938378473,7.002992630004883,22.637161046592194,-1.2987313083735899,1.2987313083735899,l,0.0,8.0,0.0,1.0
FCWD3:0036,FCWD3,H8_warp,8.301723938378473,7.063390731811523,21.398519189575158,-1.2383332065669492,1.2383332065669492,l,7.0,1.0,2.0,0.8889663035216621
FCWD3:0036,FCWD3,H8_warp_student,8.301723938378473,7.184807777404785,18.971959105587924,-1.1169161609736875,1.1169161609736875,l,7.0,1.0,2.0,0.8889663035216621
FCWD3:0037,FCWD3,H8_reference,8.16770653826124,6.402915954589844,34.22222153469037,-1.764790583671397,1.764790583671397,l,0.0,8.0,0.0,1.0
FCWD3:0037,FCWD3,H8_warp,8.16770653826124,6.218460559844971,38.929492238668466,-1.9492459784162701,1.9492459784162701,l,7.0,1.0,2.0,0.8874122248927848
FCWD3:0037,FCWD3,H8_warp_student,8.16770653826124,6.173721790313721,40.11395261177381,-1.9939847479475201,1.9939847479475201,l,7.0,1.0,2.0,0.8874122248927848
FCWD3:0038,FCWD3,H8_reference,8.04545358006883,6.264347076416016,35.84871519612471,-1.7811065036528149,1.7811065036528149,l,0.0,8.0,0.0,1.0
FCWD3:0038,FCWD3,H8_warp,8.04545358006883,5.9305419921875,44.983742045331816,-2.1149115878813305,2.1149115878813305,l,7.0,1.0,2.0,0.9018510546706844
FCWD3:0038,FCWD3,H8_warp_student,8.04545358006883,6.004634857177734,42.86764828571529,-2.040818722891096,2.040818722891096,l,7.0,1.0,2.0,0.9018510546706844
FCWD3:0039,FCWD3,H8_reference,7.92322016202797,6.814819812774658,20.81174841325875,-1.108400349253312,1.108400349253312,l,0.0,8.0,0.0,1.0
FCWD3:0039,FCWD3,H8_warp,7.92322016202797,6.434086322784424,29.628147987627184,-1.4891338392435465,1.4891338392435465,l,7.0,1.0,2.0,0.9126510339557764
FCWD3:0039,FCWD3,H8_warp_student,7.92322016202797,6.45328426361084,29.158492202234385,-1.4699358984171305,1.4699358984171305,l,7.0,1.0,2.0,0.9126510339557764
FCWD3:0040,FCWD3,H8_reference,7.750049411048716,6.918904781341553,15.715066121725785,-0.831144629707163,0.831144629707163,l,0.0,8.0,0.0,1.0
FCWD3:0040,FCWD3,H8_warp,7.750049411048716,6.698925495147705,20.53195478278893,-1.0511239159010106,1.0511239159010106,l,7.0,1.0,2.0,0.8979020385651556
FCWD3:0040,FCWD3,H8_warp_student,7.750049411048716,6.311943054199219,29.827113048520715,-1.438106356849497,1.438106356849497,l,7.0,1.0,2.0,0.8979020385651556
FCWD3:0041,FCWD3,H8_reference,7.57687866006946,6.514652729034424,21.83128355377798,-1.0622259310350364,1.0622259310350364,l,0.0,8.0,0.0,1.0
FCWD3:0041,FCWD3,H8_warp,7.57687866006946,6.2653632164001465,28.035962745665884,-1.3115154436693137,1.3115154436693137,l,7.0,1.0,2.0,0.8999217397490928
FCWD3:0041,FCWD3,H8_warp_student,7.57687866006946,6.264993190765381,28.04554246422007,-1.3118854693040793,1.3118854693040793,l,7.0,1.0,2.0,0.8999217397490928
FCWD3:0042,FCWD3,H8_reference,7.470635206871734,6.274935722351074,25.886291399703342,-1.1956994845206594,1.1956994845206594,l,0.0,8.0,0.0,1.0
FCWD3:0042,FCWD3,H8_warp,7.470635206871734,6.386685371398926,23.053095000117093,-1.0839498354728079,1.0839498354728079,l,7.0,1.0,2.0,0.898549313601402
FCWD3:0042,FCWD3,H8_warp_student,7.470635206871734,6.230690002441406,27.03637034760684,-1.2399452044303274,1.2399452044303274,l,7.0,1.0,2.0,0.898549313601402
FCWD3:0043,FCWD3,H8_reference,7.36437476966742,6.344161987304688,22.161512541146436,-1.0202127823627318,1.0202127823627318,l,0.0,8.0,0.0,1.0
FCWD3:0043,FCWD3,H8_warp,7.36437476966742,6.35303258895874,21.937901637201584,-1.01134218070868,1.01134218070868,l,7.0,1.0,2.0,0.8945699358631402
FCWD3:0043,FCWD3,H8_warp_student,7.36437476966742,6.220611572265625,25.34282292525206,-1.1437631974017952,1.1437631974017952,l,7.0,1.0,2.0,0.8945699358631402
FCWD3:0044,FCWD3,H8_reference,7.250685870161512,6.403055667877197,18.529929012159467,-0.8476302022843143,0.8476302022843143,l,0.0,8.0,0.0,1.0
FCWD3:0044,FCWD3,H8_warp,7.250685870161512,6.283943176269531,21.537661645290584,-0.9667426938919803,0.9667426938919803,l,7.0,1.0,2.0,0.8946978467237786
FCWD3:0044,FCWD3,H8_warp_student,7.250685870161512,6.720210552215576,11.045221345042378,-0.5304753179459354,0.5304753179459354,l,7.0,1.0,2.0,0.8946978467237786
FCWD3:0045,FCWD3,H8_reference,7.13701968435898,5.82428789138794,32.080478423181965,-1.3127317929710394,1.3127317929710394,l,0.0,8.0,0.0,1.0
FCWD3:0045,FCWD3,H8_warp,7.13701968435898,6.025125503540039,26.25902983143639,-1.1118941808189406,1.1118941808189406,l,7.0,1.0,2.0,0.9095228162877472
FCWD3:0045,FCWD3,H8_warp_student,7.13701968435898,6.047944068908691,25.62227948579916,-1.0890756154502883,1.0890756154502883,l,7.0,1.0,2.0,0.9095228162877472
FCWD3:0046,FCWD3,H8_reference,7.01586509399963,6.441911697387695,12.891256505319463,-0.5739533966119348,0.5739533966119348,l,0.0,8.0,0.0,1.0
FCWD3:0046,FCWD3,H8_warp,7.01586509399963,6.312100887298584,16.134556812544414,-0.7037642067010461,0.7037642067010461,l,7.0,1.0,2.0,0.9208951815482987
FCWD3:0046,FCWD3,H8_warp_student,7.01586509399963,6.987294673919678,0.5912537289282094,-0.028570420079952363,0.028570420079952363,l,7.0,1.0,2.0,0.9208951815482987
FCWD3:0047,FCWD3,H8_reference,6.89470808306587,6.123791694641113,18.54465231574948,-0.770916388424757,0.770916388424757,l,0.0,8.0,0.0,1.0
FCWD3:0047,FCWD3,H8_warp,6.89470808306587,6.046102523803711,20.677998610730917,-0.8486055592621593,0.8486055592621593,l,7.0,1.0,2.0,0.9288238576477152
FCWD3:0047,FCWD3,H8_warp_student,6.89470808306587,6.698739051818848,4.306427021321443,-0.19596903124702258,0.19596903124702258,l,7.0,1.0,2.0,0.9288238576477152
FCWD3:0048,FCWD3,H8_reference,6.786696922183679,6.824082851409912,0.8192839723424223,0.037385929226233294,0.037385929226233294,l,0.0,8.0,0.0,1.0
FCWD3:0048,FCWD3,H8_warp,6.786696922183679,6.513700485229492,6.269800105471804,-0.2729964369541866,0.2729964369541866,l,7.0,1.0,2.0,0.9402061855670104
FCWD3:0048,FCWD3,H8_warp_student,6.786696922183679,6.689548015594482,2.172084257410587,-0.0971489065891964,0.0971489065891964,l,7.0,1.0,2.0,0.9402061855670104
FCWD3:0049,FCWD3,H8_reference,6.67866633599829,6.80944299697876,2.9188878694425684,0.13077666098046947,0.13077666098046947,l,0.0,8.0,0.0,1.0
FCWD3:0049,FCWD3,H8_warp,6.67866633599829,7.695513725280762,20.065247302011624,1.0168473892824714,1.0168473892824714,l,7.0,1.0,2.0,0.9385049577602588
FCWD3:0049,FCWD3,H8_warp_student,6.67866633599829,7.510024547576904,16.81294664086886,0.831358211578614,0.831358211578614,l,7.0,1.0,2.0,0.9385049577602588
FCWD3:0050,FCWD3,H8_reference,6.601499435667663,6.5803937911987305,0.4933372601812619,-0.021105644468932816,0.021105644468932816,l,0.0,8.0,0.0,1.0
FCWD3:0050,FCWD3,H8_warp,6.601499435667663,6.615352630615234,0.322089393329332,0.01385319494757109,0.01385319494757109,l,7.0,1.0,2.0,0.9302587511473864
FCWD3:0050,FCWD3,H8_warp_student,6.601499435667663,6.547125816345215,1.27747310610795,-0.05437361932244844,0.05437361932244844,l,7.0,1.0,2.0,0.9302587511473864
FCWD3:0051,FCWD3,H8_reference,6.52434795237504,6.4876251220703125,0.8811309928574533,-0.03672283030472734,0.03672283030472734,l,0.0,8.0,0.0,1.0
FCWD3:0051,FCWD3,H8_warp,6.52434795237504,6.644960403442383,2.824940771009449,0.12061245106734297,0.12061245106734297,l,7.0,1.0,2.0,0.9328085752672468
FCWD3:0051,FCWD3,H8_warp_student,6.52434795237504,6.60540771484375,1.9100079131581515,0.08105976246871016,0.08105976246871016,l,7.0,1.0,2.0,0.9328085752672468
FCWD3:0052,FCWD3,H8_reference,6.429589538328841,5.991413593292236,11.560981418308469,-0.43817594503660473,0.43817594503660473,l,0.0,8.0,0.0,1.0
FCWD3:0052,FCWD3,H8_warp,6.429589538328841,6.3196940422058105,2.747691416683726,-0.10989549612303051,0.10989549612303051,l,7.0,1.0,2.0,0.9226108033240996
FCWD3:0052,FCWD3,H8_warp_student,6.429589538328841,6.082255363464356,9.026165755828124,-0.3473341748644847,0.3473341748644847,l,7.0,1.0,2.0,0.9226108033240996
FCWD3:0053,FCWD3,H8_reference,6.33482923108329,5.558043003082275,22.441002841162224,-0.7767862280010149,0.7767862280010149,l,0.0,8.0,0.0,1.0
FCWD3:0053,FCWD3,H8_warp,6.33482923108329,5.570506572723389,22.031080206657805,-0.7643226583599017,0.7643226583599017,l,7.0,1.0,2.0,0.8988024962050936
FCWD3:0053,FCWD3,H8_warp_student,6.33482923108329,5.557510852813721,22.458546387733,-0.7773183782695696,0.7773183782695696,l,7.0,1.0,2.0,0.8988024962050936
FCWD3:0054,FCWD3,H8_reference,6.245140195199778,5.799012660980225,12.526944879266734,-0.44612753421955365,0.44612753421955365,l,0.0,8.0,0.0,1.0
FCWD3:0054,FCWD3,H8_warp,6.245140195199778,5.670123100280762,16.516387845973078,-0.5750170949190165,0.5750170949190165,l,7.0,1.0,2.0,0.9105899440386176
FCWD3:0054,FCWD3,H8_warp_student,6.245140195199778,5.46319580078125,23.318658875736453,-0.7819443944185283,0.7819443944185283,l,7.0,1.0,2.0,0.9105899440386176
FCWD3:0055,FCWD3,H8_reference,6.15543323692235,5.8336591720581055,9.113026565101858,-0.3217740648642442,0.3217740648642442,l,0.0,8.0,0.0,1.0
FCWD3:0055,FCWD3,H8_warp,6.15543323692235,5.895287990570068,7.289939732318118,-0.2601452463522813,0.2601452463522813,l,7.0,1.0,2.0,0.8994380853277836
FCWD3:0055,FCWD3,H8_warp_student,6.15543323692235,6.012509822845459,3.9263374212259587,-0.1429234140768907,0.1429234140768907,l,7.0,1.0,2.0,0.8994380853277836
FCWD3:0056,FCWD3,H8_reference,6.069277554914316,6.706373691558838,15.901939514676462,0.637096136644522,0.637096136644522,l,0.0,8.0,0.0,1.0
FCWD3:0056,FCWD3,H8_warp,6.069277554914316,6.707026481628418,15.916672137218074,0.6377489267141021,0.6377489267141021,l,7.0,1.0,2.0,0.9235958846348457
FCWD3:0056,FCWD3,H8_warp_student,6.069277554914316,6.7060723304748535,15.895137212075527,0.6367947755605377,0.6367947755605377,l,7.0,1.0,2.0,0.9235958846348457
FCWD3:0057,FCWD3,H8_reference,5.98313736481746,6.573090076446533,15.244302606764425,0.5899527116290733,0.5899527116290733,s,0.0,8.0,0.0,1.0
FCWD3:0057,FCWD3,H8_warp,5.98313736481746,6.776857852935791,19.888328495173933,0.7937204881183311,0.7937204881183311,s,7.0,1.0,2.0,0.9240790842872008
FCWD3:0057,FCWD3,H8_warp_student,5.98313736481746,6.54636812210083,14.61367956128147,0.5632307572833701,0.5632307572833701,s,7.0,1.0,2.0,0.9240790842872008
FCWD3:0058,FCWD3,H8_reference,5.879897752165346,7.019351959228516,28.045975384828406,1.13945420706317,1.13945420706317,s,0.0,8.0,0.0,1.0
FCWD3:0058,FCWD3,H8_warp,5.879897752165346,6.918725490570068,25.943812532155455,1.0388277384047226,1.0388277384047226,s,7.0,1.0,2.0,0.9369247205785668
FCWD3:0058,FCWD3,H8_warp_student,5.879897752165346,7.079927444458008,29.282423290475887,1.200029692292662,1.200029692292662,s,7.0,1.0,2.0,0.9369247205785668
FCWD3:0059,FCWD3,H8_reference,5.77666020211912,7.1529388427734375,33.83716642179143,1.3762786406543173,1.3762786406543173,s,0.0,8.0,0.0,1.0
FCWD3:0059,FCWD3,H8_warp,5.77666020211912,7.088842868804932,32.55509233332593,1.3121826666858114,1.3121826666858114,s,7.0,1.0,2.0,0.9138879000039556
FCWD3:0059,FCWD3,H8_warp_student,5.77666020211912,6.563661098480225,21.099779793772466,0.7870008963611044,0.7870008963611044,s,7.0,1.0,2.0,0.9138879000039556
FCWD3:0060,FCWD3,H8_reference,5.710051786538792,6.07621431350708,10.735957749568211,0.36616252696828777,0.36616252696828777,s,0.0,8.0,0.0,1.0
FCWD3:0060,FCWD3,H8_warp,5.710051786538792,6.131101608276367,12.23382947544812,0.4210498217375749,0.4210498217375749,s,7.0,1.0,2.0,0.8919753086419753
FCWD3:0060,FCWD3,H8_warp_student,5.710051786538792,6.260482311248779,15.65985560644488,0.550430524709987,0.550430524709987,s,7.0,1.0,2.0,0.8919753086419753
FCWD3:0061,FCWD3,H8_reference,5.64343006072215,6.1577911376953125,15.056969517617604,0.5143610769731621,0.5143610769731621,s,0.0,8.0,0.0,1.0
FCWD3:0061,FCWD3,H8_warp,5.64343006072215,6.4141764640808105,21.653183313139202,0.7707464033586602,0.7707464033586602,s,7.0,1.0,2.0,0.8495064595732327
FCWD3:0061,FCWD3,H8_warp_student,5.64343006072215,6.651487827301025,27.302037302709397,1.008057766578875,1.008057766578875,s,7.0,1.0,2.0,0.8495064595732327
FCWD3:0062,FCWD3,H8_reference,5.594610693355012,5.551695346832275,1.4069563438647361,-0.04291534652273654,0.04291534652273654,s,0.0,8.0,0.0,1.0
FCWD3:0062,FCWD3,H8_warp,5.594610693355012,5.380736351013184,7.236643519770297,-0.21387434234182834,0.21387434234182834,s,7.0,1.0,2.0,0.8503711140593065
FCWD3:0062,FCWD3,H8_warp_student,5.594610693355012,5.592798709869385,0.058964334281597086,-0.0018119834856271666,0.0018119834856271666,s,7.0,1.0,2.0,0.8503711140593065
FCWD3:0063,FCWD3,H8_reference,5.54579912897155,5.183485984802246,12.843382112966601,-0.3623131441693035,0.3623131441693035,s,0.0,8.0,0.0,1.0
FCWD3:0063,FCWD3,H8_warp,5.54579912897155,5.268568515777588,9.66711393109266,-0.2772306131939617,0.2772306131939617,s,7.0,1.0,2.0,0.8303630825251217
FCWD3:0063,FCWD3,H8_warp_student,5.54579912897155,5.6237311363220215,2.5443358928119513,0.0779320073504719,0.0779320073504719,s,7.0,1.0,2.0,0.8303630825251217
FCWD3:0064,FCWD3,H8_reference,5.500869069984805,5.177688121795654,11.563712703159535,-0.323180948189151,0.323180948189151,s,0.0,8.0,0.0,1.0
FCWD3:0064,FCWD3,H8_warp,5.500869069984805,4.753730773925781,29.143079889822136,-0.747138296059024,0.747138296059024,s,7.0,1.0,2.0,0.8313148788927336
FCWD3:0064,FCWD3,H8_warp_student,5.500869069984805,5.175949096679688,11.629881200513926,-0.3249199733051169,0.3249199733051169,s,7.0,1.0,2.0,0.8313148788927336
FCWD3:0065,FCWD3,H8_reference,5.45593901099806,5.8214521408081055,11.716060128765214,0.36551312981004536,0.36551312981004536,s,0.0,8.0,0.0,1.0
FCWD3:0065,FCWD3,H8_warp,5.45593901099806,5.277511119842529,6.314443355693519,-0.17842789115553082,0.17842789115553082,s,7.0,1.0,2.0,0.8131243944000802
FCWD3:0065,FCWD3,H8_warp_student,5.45593901099806,6.089386940002441,19.403510775972617,0.6334479290043813,0.6334479290043813,s,7.0,1.0,2.0,0.8131243944000802
FCWD3:0066,FCWD3,H8_reference,5.402644789611197,5.72406530380249,10.583921952660342,0.3214205141912929,0.3214205141912929,s,0.0,8.0,0.0,1.0
FCWD3:0066,FCWD3,H8_warp,5.402644789611197,5.916724681854248,16.371978240687785,0.5140798922430507,0.5140798922430507,s,7.0,1.0,2.0,0.8350178359096314
FCWD3:0066,FCWD3,H8_warp_student,5.402644789611197,6.382527828216553,28.91086227006869,0.9798830386053554,0.9798830386053554,s,7.0,1.0,2.0,0.8350178359096314
FCWD3:0067,FCWD3,H8_reference,5.34934204864614,5.7432475090026855,13.05707906833868,0.39390546035654594,0.39390546035654594,s,0.0,8.0,0.0,1.0
FCWD3:0067,FCWD3,H8_warp,5.34934204864614,5.747791290283203,13.197161698587054,0.3984492416370635,0.3984492416370635,s,7.0,1.0,2.0,0.8472365702479339
FCWD3:0067,FCWD3,H8_warp_student,5.34934204864614,6.344712734222412,29.8414450964014,0.9953706855762725,0.9953706855762725,s,7.0,1.0,2.0,0.8472365702479339
FCWD3:0068,FCWD3,H8_reference,5.307696685096198,4.255194664001465,47.6092385627766,-1.0525020210947336,1.0525020210947336,s,0.0,8.0,0.0,1.0
FCWD3:0068,FCWD3,H8_warp,5.307696685096198,4.729278087615967,23.513224906446563,-0.5784185974802316,0.5784185974802316,s,7.0,1.0,2.0,0.8713056926760027
FCWD3:0068,FCWD3,H8_warp_student,5.307696685096198,5.263680934906006,1.6058602240330913,-0.04401575019019255,0.04401575019019255,s,7.0,1.0,2.0,0.8713056926760027
FCWD3:0069,FCWD3,H8_reference,5.26605048950431,6.0481133460998535,24.99885604345914,0.7820628565955436,0.7820628565955436,s,0.0,8.0,0.0,1.0
FCWD3:0069,FCWD3,H8_warp,5.26605048950431,5.565314292907715,10.40351075216453,0.29926380340340497,0.29926380340340497,s,7.0,1.0,2.0,0.8720010055567485
FCWD3:0069,FCWD3,H8_warp_student,5.26605048950431,6.068320274353027,25.55866573601094,0.8022697848487175,0.8022697848487175,s,7.0,1.0,2.0,0.8720010055567485
FCWD3:0070,FCWD3,H8_reference,5.219578325396149,4.824227809906006,16.02020752882613,-0.39535051549014355,0.39535051549014355,s,0.0,8.0,0.0,1.0
FCWD3:0070,FCWD3,H8_warp,5.219578325396149,4.656242370605469,23.659816157082446,-0.5633359547906807,0.5633359547906807,s,7.0,1.0,2.0,0.8749071858757528
FCWD3:0070,FCWD3,H8_warp_student,5.219578325396149,5.154821395874023,2.45409699165193,-0.06475692952212597,0.06475692952212597,s,7.0,1.0,2.0,0.8749071858757528
FCWD3:0071,FCWD3,H8_reference,5.17309780348616,5.405460357666016,8.469861060572612,0.23236255417985596,0.23236255417985596,s,0.0,8.0,0.0,1.0
FCWD3:0071,FCWD3,H8_warp,5.17309780348616,4.939438819885254,9.328980773117765,-0.23365898360090576,0.23365898360090576,s,7.0,1.0,2.0,0.8836468915493828
FCWD3:0071,FCWD3,H8_warp_student,5.17309780348616,5.319191932678223,5.412480340886463,0.146094129192063,0.146094129192063,s,7.0,1.0,2.0,0.8836468915493828
FCWD3:0072,FCWD3,H8_reference,5.12831333421993,5.742868900299072,21.259262819705928,0.614555566079142,0.614555566079142,s,0.0,8.0,0.0,1.0
FCWD3:0072,FCWD3,H8_warp,5.12831333421993,5.665777683258057,18.84770445470356,0.5374643490381263,0.5374643490381263,s,7.0,1.0,2.0,0.8983933602375694
FCWD3:0072,FCWD3,H8_warp_student,5.12831333421993,6.054294586181641,30.370829340155144,0.9259812519617103,0.9259812519617103,s,7.0,1.0,2.0,0.8983933602375694
FCWD3:0073,FCWD3,H8_reference,5.0835378123633,5.239675045013428,5.977706056757709,0.1561372326501278,0.1561372326501278,s,0.0,8.0,0.0,1.0
FCWD3:0073,FCWD3,H8_warp,5.0835378123633,5.090089797973633,0.25828793752340207,0.006551985610332878,0.006551985610332878,s,7.0,1.0,2.0,0.8941204588910134
FCWD3:0073,FCWD3,H8_warp_student,5.0835378123633,5.134184837341309,1.9792547806085636,0.05064702497800866,0.05064702497800866,s,7.0,1.0,2.0,0.8941204588910134
FCWD3:0074,FCWD3,H8_reference,5.027588557308298,5.253557205200195,8.725107896699093,0.2259686478918974,0.2259686478918974,s,0.0,8.0,0.0,1.0
FCWD3:0074,FCWD3,H8_warp,5.027588557308298,5.30231523513794,10.509271852374713,0.27472667782964244,0.27472667782964244,s,7.0,1.0,2.0,0.8984850851163517
FCWD3:0074,FCWD3,H8_warp_student,5.027588557308298,5.4758620262146,16.5995225674476,0.4482734689063017,0.4482734689063017,s,7.0,1.0,2.0,0.8984850851163517
FCWD3:0075,FCWD3,H8_reference,4.97164042005353,4.883081436157227,3.723439344814963,-0.08855898389630301,0.08855898389630301,s,0.0,8.0,0.0,1.0
FCWD3:0075,FCWD3,H8_warp,4.97164042005353,5.0088791847229,1.5259712360867623,0.037238764669370816,0.037238764669370816,s,7.0,1.0,2.0,0.8974772259559342
FCWD3:0075,FCWD3,H8_warp_student,4.97164042005353,5.157830715179443,7.407196671202695,0.18619029512591379,0.18619029512591379,s,7.0,1.0,2.0,0.8974772259559342
FCWD3:0076,FCWD3,H8_reference,4.914242354641865,5.319263458251953,15.80356209035974,0.40502110361008814,0.40502110361008814,s,0.0,8.0,0.0,1.0
FCWD3:0076,FCWD3,H8_warp,4.914242354641865,5.281800746917725,14.44450567897982,0.3675583922758596,0.3675583922758596,s,7.0,1.0,2.0,0.8964463558171119
FCWD3:0076,FCWD3,H8_warp_student,4.914242354641865,5.305256366729736,15.297686928616127,0.39101401208787134,0.39101401208787134,s,7.0,1.0,2.0,0.8964463558171119
FCWD3:0077,FCWD3,H8_reference,4.85683511361428,5.176931858062744,12.989983709574895,0.32009674444846414,0.32009674444846414,s,0.0,8.0,0.0,1.0
FCWD3:0077,FCWD3,H8_warp,4.85683511361428,5.116074562072754,10.646697508957873,0.2592394484584739,0.2592394484584739,s,7.0,1.0,2.0,0.8875623268698061
FCWD3:0077,FCWD3,H8_warp_student,4.85683511361428,5.242519378662109,15.45390216371248,0.3856842650478294,0.3856842650478294,s,7.0,1.0,2.0,0.8875623268698061
FCWD3:0078,FCWD3,H8_reference,4.817602887847143,4.436695575714111,18.215192965744567,-0.38090731213303197,0.38090731213303197,s,0.0,8.0,0.0,1.0
FCWD3:0078,FCWD3,H8_warp,4.817602887847143,4.431903839111328,18.46450835430776,-0.3856990487358152,0.3856990487358152,s,7.0,1.0,2.0,0.8691677517361112
FCWD3:0078,FCWD3,H8_warp_student,4.817602887847143,4.5385026931762695,13.04395753995883,-0.27910019467087377,0.27910019467087377,s,7.0,1.0,2.0,0.8691677517361112
FCWD3:0079,FCWD3,H8_reference,4.77837693271467,4.646299839019775,6.07794878076013,-0.1320770936948943,0.1320770936948943,s,0.0,8.0,0.0,1.0
FCWD3:0079,FCWD3,H8_warp,4.77837693271467,4.643598556518555,6.205904599839787,-0.134778376196115,0.134778376196115,s,7.0,1.0,2.0,0.8608778828780954
FCWD3:0079,FCWD3,H8_warp_student,4.77837693271467,4.70719051361084,3.233034687942678,-0.07118641910382983,0.07118641910382983,s,7.0,1.0,2.0,0.8608778828780954
FCWD3:0080,FCWD3,H8_reference,4.7375688962676055,5.644558906555176,34.58842803369468,0.9069900102875703,0.9069900102875703,s,0.0,8.0,0.0,1.0
FCWD3:0080,FCWD3,H8_warp,4.7375688962676055,5.218832969665527,19.864984776231594,0.4812640733979219,0.4812640733979219,s,7.0,1.0,2.0,0.8711111111111111
FCWD3:0080,FCWD3,H8_warp_student,4.7375688962676055,5.1825032234191895,18.49542319619507,0.444934327151584,0.444934327151584,s,7.0,1.0,2.0,0.8711111111111111
FCWD3:0081,FCWD3,H8_reference,4.69676085982054,5.492364406585693,31.463140032517295,0.795603546765153,0.795603546765153,s,0.0,8.0,0.0,1.0
FCWD3:0081,FCWD3,H8_warp,4.69676085982054,5.129692554473877,18.34331200470916,0.4329316946533366,0.4329316946533366,s,7.0,1.0,2.0,0.8723749645700739
FCWD3:0081,FCWD3,H8_warp_student,4.69676085982054,5.199697494506836,21.019712194474923,0.5029366346862956,0.5029366346862956,s,7.0,1.0,2.0,0.8723749645700739
FCWD3:0082,FCWD3,H8_reference,4.66495006505515,6.202433109283447,54.15464715300557,1.5374830442282974,1.5374830442282974,s,0.0,8.0,0.0,1.0
FCWD3:0082,FCWD3,H8_warp,4.66495006505515,5.963005542755127,47.572784335076534,1.298055477699977,1.298055477699977,s,7.0,1.0,2.0,0.8824609733700642
FCWD3:0082,FCWD3,H8_warp_student,4.66495006505515,6.076800346374512,50.766217356391294,1.4118502813193619,1.4118502813193619,s,7.0,1.0,2.0,0.8824609733700642
FCWD3:0083,FCWD3,H8_reference,4.63313418503762,6.693839073181152,67.68172831187644,2.0607048881435324,2.0607048881435324,s,0.0,8.0,0.0,1.0
FCWD3:0083,FCWD3,H8_warp,4.63313418503762,6.638108253479004,66.40839996860767,2.004974068441384,2.004974068441384,s,7.0,1.0,2.0,0.8661895892559554
FCWD3:0083,FCWD3,H8_warp_student,4.63313418503762,6.502752780914307,63.224234631164435,1.8696185958766867,1.8696185958766867,s,7.0,1.0,2.0,0.8661895892559554
FCWD3:0084,FCWD3,H8_reference,4.59478139108242,6.364830493927002,61.680775939224226,1.770049102844582,1.770049102844582,s,0.0,8.0,0.0,1.0
FCWD3:0084,FCWD3,H8_warp,4.59478139108242,6.472916603088379,64.34580945614539,1.878135212005959,1.878135212005959,s,7.0,1.0,2.0,0.8590124925639501
FCWD3:0084,FCWD3,H8_warp_student,4.59478139108242,6.511943340301514,65.28616691976427,1.9171619492190937,1.9171619492190937,s,7.0,1.0,2.0,0.8590124925639501
FCWD3:0085,FCWD3,H8_reference,4.55643472719898,6.6012864112854,69.26927723351474,2.044851684086421,2.044851684086421,s,0.0,8.0,0.0,1.0
FCWD3:0085,FCWD3,H8_warp,4.55643472719898,6.3129425048828125,62.24126923554923,1.756507777683833,1.756507777683833,s,7.0,1.0,2.0,0.8439367230603695
FCWD3:0085,FCWD3,H8_warp_student,4.55643472719898,6.515758991241455,67.25005134024097,1.9593242640424755,1.9593242640424755,s,7.0,1.0,2.0,0.8439367230603695
FCWD3:0086,FCWD3,H8_reference,4.523487392427592,5.397907733917236,36.554091738994664,0.8744203414896443,0.8744203414896443,s,0.0,8.0,0.0,1.0
FCWD3:0086,FCWD3,H8_warp,4.523487392427592,4.922317028045654,18.3001901435605,0.3988296356180623,0.3988296356180623,s,7.0,1.0,2.0,0.8295532191584563
FCWD3:0086,FCWD3,H8_warp_student,4.523487392427592,5.0398688316345215,23.13577821170268,0.5163814392069295,0.5163814392069295,s,7.0,1.0,2.0,0.8295532191584563
FCWD3:0087,FCWD3,H8_reference,4.4905393993941,4.78220272064209,13.881439016426404,0.29166332124798977,0.29166332124798977,s,0.0,8.0,0.0,1.0
FCWD3:0087,FCWD3,H8_warp,4.4905393993941,4.840272903442383,16.443429412601635,0.34973350404828274,0.34973350404828274,s,7.0,1.0,2.0,0.8150077160493827
FCWD3:0087,FCWD3,H8_warp_student,4.4905393993941,5.1681413650512695,29.817741750639662,0.6776019656571695,0.6776019656571695,s,7.0,1.0,2.0,0.8150077160493827
FCWD3:0088,FCWD3,H8_reference,4.439959708502316,5.732172966003418,51.80882087523164,1.2922132575011016,1.2922132575011016,s,0.0,8.0,0.0,1.0
FCWD3:0088,FCWD3,H8_warp,4.439959708502316,6.58941125869751,74.88042947355852,2.1494515501951934,2.1494515501951934,s,7.0,1.0,2.0,0.815364774077332
FCWD3:0088,FCWD3,H8_warp_student,4.439959708502316,7.027822971343994,84.48874770072926,2.587863262841678,2.587863262841678,s,7.0,1.0,2.0,0.815364774077332
FCWD3:0089,FCWD3,H8_reference,4.38938911249621,4.800851345062256,19.96102113007735,0.41146223256604575,0.41146223256604575,s,0.0,8.0,0.0,1.0
FCWD3:0089,FCWD3,H8_warp,4.38938911249621,5.800435543060303,56.55312914967115,1.4110464305640926,1.4110464305640926,s,7.0,1.0,2.0,0.7990396403759705
FCWD3:0089,FCWD3,H8_warp_student,4.38938911249621,5.688680648803711,53.10628375629616,1.2992915363075008,1.2992915363075008,s,7.0,1.0,2.0,0.7990396403759705
FCWD3:0090,FCWD3,H8_reference,4.337788334268321,4.245111465454102,5.152937593408784,-0.09267686881421966,0.09267686881421966,s,0.0,8.0,0.0,1.0
FCWD3:0090,FCWD3,H8_warp,4.337788334268321,4.725681304931641,19.35031164864893,0.3878929706633194,0.3878929706633194,s,7.0,1.0,2.0,0.8070699543573434
FCWD3:0090,FCWD3,H8_warp_student,4.337788334268321,5.1728620529174805,38.02145834748544,0.8350737186491592,0.8350737186491592,s,7.0,1.0,2.0,0.8070699543573434
FCWD3:0091,FCWD3,H8_reference,4.28618858696322,4.963033199310303,32.52494306797127,0.6768446123470824,0.6768446123470824,s,0.0,8.0,0.0,1.0
FCWD3:0091,FCWD3,H8_warp,4.28618858696322,5.36397123336792,47.88348659175812,1.0777826464046996,1.0777826464046996,s,7.0,1.0,2.0,0.8384358639852261
FCWD3:0091,FCWD3,H8_warp_student,4.28618858696322,5.540069103240967,53.920113332928956,1.2538805162777464,1.2538805162777464,s,7.0,1.0,2.0,0.8384358639852261
FCWD3:0092,FCWD3,H8_reference,4.240579951035765,4.606940269470215,19.187480609548743,0.3663603184344497,0.3663603184344497,s,0.0,8.0,0.0,1.0
FCWD3:0092,FCWD3,H8_warp,4.240579951035765,5.002959251403809,36.73542019659463,0.7623793003680435,0.7623793003680435,s,7.0,1.0,2.0,0.8462037786818872
FCWD3:0092,FCWD3,H8_warp_student,4.240579951035765,5.259820461273193,46.69069209310685,1.0192405102374282,1.0192405102374282,s,7.0,1.0,2.0,0.8462037786818872
FCWD3:0093,FCWD3,H8_reference,4.19496220121907,4.557432651519775,19.40354310716888,0.36247045030070524,0.36247045030070524,s,0.0,8.0,0.0,1.0
FCWD3:0093,FCWD3,H8_warp,4.19496220121907,5.0636372566223145,41.80582021735456,0.8686750554032443,0.8686750554032443,s,7.0,1.0,2.0,0.8727146225503459
FCWD3:0093,FCWD3,H8_warp_student,4.19496220121907,5.348604679107666,52.53389273887535,1.1536424778885959,1.1536424778885959,s,7.0,1.0,2.0,0.8727146225503459
FCWD3:0094,FCWD3,H8_reference,4.143639247216243,4.303104877471924,9.160387153595225,0.1594656302556805,0.1594656302556805,s,0.0,8.0,0.0,1.0
FCWD3:0094,FCWD3,H8_warp,4.143639247216243,4.82221794128418,34.73972689865192,0.6785786940679364,0.6785786940679364,s,7.0,1.0,2.0,0.8819659735349716
FCWD3:0094,FCWD3,H8_warp_student,4.143639247216243,5.203596115112305,50.248213570627705,1.0599568678960614,1.0599568678960614,s,7.0,1.0,2.0,0.8819659735349716
FCWD3:0095,FCWD3,H8_reference,4.09232552174746,3.8533918857574463,15.543386457761189,-0.23893363599001383,0.23893363599001383,s,0.0,8.0,0.0,1.0
FCWD3:0095,FCWD3,H8_warp,4.09232552174746,4.263725280761719,10.064135818405386,0.17139975901425863,0.17139975901425863,s,7.0,1.0,2.0,0.8753891211847704
FCWD3:0095,FCWD3,H8_warp_student,4.09232552174746,4.4416823387146,19.681959018534346,0.3493568169671395,0.3493568169671395,s,7.0,1.0,2.0,0.8753891211847704
FCWD3:0096,FCWD3,H8_reference,4.043763385960561,3.816706657409668,15.096021573783453,-0.22705672855089265,0.22705672855089265,s,0.0,8.0,0.0,1.0
FCWD3:0096,FCWD3,H8_warp,4.043763385960561,4.134822845458984,5.582594458919122,0.09105945949842376,0.09105945949842376,s,7.0,1.0,2.0,0.8690031600114909
FCWD3:0096,FCWD3,H8_warp_student,4.043763385960561,4.402825832366943,20.65755789391291,0.35906244640638274,0.35906244640638274,s,7.0,1.0,2.0,0.8690031600114909
FCWD3:0097,FCWD3,H8_reference,3.99520222038795,3.690548658370972,21.215140630621022,-0.3046535620169779,0.3046535620169779,s,0.0,8.0,0.0,1.0
FCWD3:0097,FCWD3,H8_warp,3.99520222038795,4.12718391418457,8.206380596165081,0.13198169379662028,0.13198169379662028,s,7.0,1.0,2.0,0.8473241014688119
FCWD3:0097,FCWD3,H8_warp_student,3.99520222038795,4.286768436431885,17.446096682329493,0.29156621604393473,0.29156621604393473,s,7.0,1.0,2.0,0.8473241014688119
FCWD3:0098,FCWD3,H8_reference,3.947460903057217,4.560956001281738,34.899800078255254,0.6134950982245213,0.6134950982245213,s,0.0,8.0,0.0,1.0
FCWD3:0098,FCWD3,H8_warp,3.947460903057217,5.23427152633667,63.6942659482611,1.286810623279453,1.286810623279453,s,7.0,1.0,2.0,0.8264462809917356
FCWD3:0098,FCWD3,H8_warp_student,3.947460903057217,5.343056201934815,67.65899077373214,1.3955952988775984,1.3955952988775984,s,7.0,1.0,2.0,0.8264462809917356
FCWD3:0099,FCWD3,H8_reference,3.89971195383178,3.8979506492614746,0.11891866711223609,-0.001761304570305544,0.001761304570305544,s,0.0,8.0,0.0,1.0
FCWD3:0099,FCWD3,H8_warp,3.89971195383178,4.447556972503662,32.365515169547784,0.547845018671882,0.547845018671882,s,7.0,1.0,2.0,0.8359183673469388
FCWD3:0099,FCWD3,H8_warp_student,3.89971195383178,4.718214511871338,45.551446354820214,0.8185025580395577,0.8185025580395577,s,7.0,1.0,2.0,0.8359183673469388
FCWD3:0100,FCWD3,H8_reference,3.862724131500273,3.652333021163941,15.321006120220595,-0.21039111033633207,0.21039111033633207,s,0.0,8.0,0.0,1.0
FCWD3:0100,FCWD3,H8_warp,3.862724131500273,3.985563039779663,8.187778381396859,0.12283890827939015,0.12283890827939015,s,7.0,1.0,2.0,0.8378154266389178
FCWD3:0100,FCWD3,H8_warp_student,3.862724131500273,4.519769191741943,38.560168752746414,0.6570450602416704,0.6570450602416704,s,7.0,1.0,2.0,0.8378154266389178
FCWD3:0101,FCWD3,H8_reference,3.82574222107196,4.009429931640625,12.289035233128653,0.18368771056866517,0.18368771056866517,s,0.0,8.0,0.0,1.0
FCWD3:0101,FCWD3,H8_warp,3.82574222107196,4.365142822265625,33.111660153060456,0.5394006011936652,0.5394006011936652,s,7.0,1.0,2.0,0.8464
FCWD3:0101,FCWD3,H8_warp_student,3.82574222107196,4.820000648498535,55.21281602264717,0.9942584274265753,0.9942584274265753,s,7.0,1.0,2.0,0.8464
FCWD3:0102,FCWD3,H8_reference,3.774733874234048,3.8579142093658447,5.865632241301433,0.08318033513179657,0.08318033513179657,s,0.0,8.0,0.0,1.0
FCWD3:0102,FCWD3,H8_warp,3.774733874234048,4.224952220916748,28.956532811026253,0.4502183466826999,0.4502183466826999,s,7.0,1.0,2.0,0.8481463544189098
FCWD3:0102,FCWD3,H8_warp_student,3.774733874234048,4.728785037994385,54.752848125032,0.9540511637603366,0.9540511637603366,s,7.0,1.0,2.0,0.8481463544189098
FCWD3:0103,FCWD3,H8_reference,3.72372450828907,3.6366066932678223,6.61300816945324,-0.08711781502124794,0.08711781502124794,s,0.0,8.0,0.0,1.0
FCWD3:0103,FCWD3,H8_warp,3.72372450828907,3.77338981628418,3.6315115277888235,0.04966530799510993,0.04966530799510993,s,7.0,1.0,2.0,0.8565321030372933
FCWD3:0103,FCWD3,H8_warp_student,3.72372450828907,4.275382041931152,35.54408941546305,0.5516575336420821,0.5516575336420821,s,7.0,1.0,2.0,0.8565321030372933
FCWD3:0104,FCWD3,H8_reference,3.681228014987664,3.4327688217163086,20.231019909243976,-0.24845919327135535,0.24845919327135535,s,0.0,8.0,0.0,1.0
FCWD3:0104,FCWD3,H8_warp,3.681228014987664,3.861898422241211,13.054814081130441,0.180670407253547,0.180670407253547,s,7.0,1.0,2.0,0.8515227858857203
FCWD3:0104,FCWD3,H8_warp_student,3.681228014987664,4.260345935821533,37.88499588709866,0.5791179208338693,0.5791179208338693,s,7.0,1.0,2.0,0.8515227858857203
FCWD3:0105,FCWD3,H8_reference,3.63872387889027,3.005894660949707,59.67070615698941,-0.632829217940563,0.632829217940563,s,0.0,8.0,0.0,1.0
FCWD3:0105,FCWD3,H8_warp,3.63872387889027,3.3969738483428955,20.13097097535055,-0.24175003054737454,0.24175003054737454,s,7.0,1.0,2.0,0.8402777777777778
FCWD3:0105,FCWD3,H8_warp_student,3.63872387889027,3.799106597900391,11.922586841212821,0.16038271901012102,0.16038271901012102,s,7.0,1.0,2.0,0.8402777777777778
FCWD3:0106,FCWD3,H8_reference,3.587580800307193,3.0152697563171387,54.57153170847273,-0.5723110439900543,0.5723110439900543,s,0.0,8.0,0.0,1.0
FCWD3:0106,FCWD3,H8_warp,3.587580800307193,3.149510622024536,39.96168590599189,-0.4380701782826568,0.4380701782826568,s,7.0,1.0,2.0,0.8357234350634886
FCWD3:0106,FCWD3,H8_warp_student,3.587580800307193,3.481170892715454,8.768450101530046,-0.10640990759173885,0.10640990759173885,s,7.0,1.0,2.0,0.8357234350634886
FCWD3:0107,FCWD3,H8_reference,3.53644793950898,3.0244452953338623,49.384268560110876,-0.5120026441751175,0.5120026441751175,s,0.0,8.0,0.0,1.0
FCWD3:0107,FCWD3,H8_warp,3.53644793950898,3.2192299365997314,28.715703759496606,-0.3172180029092484,0.3172180029092484,s,7.0,1.0,2.0,0.8313148788927336
FCWD3:0107,FCWD3,H8_warp_student,3.53644793950898,3.4075586795806885,11.012926441961827,-0.12888925992829137,0.12888925992829137,s,7.0,1.0,2.0,0.8313148788927336
FCWD3:0108,FCWD3,H8_reference,3.4882153846682167,2.9579861164093018,53.0454225126252,-0.5302292682589149,0.5302292682589149,s,0.0,8.0,0.0,1.0
FCWD3:0108,FCWD3,H8_warp,3.4882153846682167,3.153647899627685,31.360308101444357,-0.3345674850405316,0.3345674850405316,s,7.0,1.0,2.0,0.8264462809917356
FCWD3:0108,FCWD3,H8_warp_student,3.4882153846682167,3.2829220294952397,18.47329625534966,-0.20529335517297698,0.20529335517297698,s,7.0,1.0,2.0,0.8264462809917356
FCWD3:0109,FCWD3,H8_reference,3.43998186617855,3.1920435428619385,23.282854640575383,-0.2479383233166117,0.2479383233166117,s,0.0,8.0,0.0,1.0
FCWD3:0109,FCWD3,H8_warp,3.43998186617855,3.390430450439453,4.376754178246032,-0.04955141573909705,0.04955141573909705,s,7.0,1.0,2.0,0.8223044411043023
FCWD3:0109,FCWD3,H8_warp_student,3.43998186617855,3.4254939556121826,1.2663855340242989,-0.014487910566367557,0.014487910566367557,s,7.0,1.0,2.0,0.8223044411043023
FCWD3:0110,FCWD3,H8_reference,3.3928771535488136,3.1895456314086914,19.378541833615856,-0.20333152214012218,0.20333152214012218,s,0.0,8.0,0.0,1.0
FCWD3:0110,FCWD3,H8_warp,3.3928771535488136,3.3832671642303467,0.8626404407867729,-0.009609989318466905,0.009609989318466905,s,7.0,1.0,2.0,0.8176776822091444
FCWD3:0110,FCWD3,H8_warp_student,3.3928771535488136,3.436265230178833,3.8337601620946904,0.04338807663001942,0.04338807663001942,s,7.0,1.0,2.0,0.8176776822091444
FCWD3:0111,FCWD3,H8_reference,3.3457630280716,3.2634730339050293,7.771752196827214,-0.08228999416657068,0.08228999416657068,s,0.0,8.0,0.0,1.0
FCWD3:0111,FCWD3,H8_warp,3.3457630280716,3.4194469451904297,6.636756797644764,0.07368391711882971,0.07368391711882971,s,7.0,1.0,2.0,0.8258664204370576
FCWD3:0111,FCWD3,H8_warp_student,3.3457630280716,3.504011869430542,13.904526157115098,0.15824884135894202,0.15824884135894202,s,7.0,1.0,2.0,0.8258664204370576
FCWD3:0112,FCWD3,H8_reference,3.29916269036114,3.232851505279541,6.413630994870114,-0.06631118508159917,0.06631118508159917,s,0.0,8.0,0.0,1.0
FCWD3:0112,FCWD3,H8_warp,3.29916269036114,3.3939905166625977,8.729698969114317,0.09482782630145747,0.09482782630145747,s,7.0,1.0,2.0,0.8287277051129608
FCWD3:0112,FCWD3,H8_warp_student,3.29916269036114,3.543430805206299,21.524794268040214,0.24426811484515865,0.24426811484515865,s,7.0,1.0,2.0,0.8287277051129608
FCWD3:0113,FCWD3,H8_reference,3.25257073199695,3.1719655990600586,8.06388794032102,-0.08060513293689153,0.08060513293689153,s,0.0,8.0,0.0,1.0
FCWD3:0113,FCWD3,H8_warp,3.25257073199695,3.359440326690674,10.085637778121832,0.1068695946937237,0.1068695946937237,s,7.0,1.0,2.0,0.8253260557311117
FCWD3:0113,FCWD3,H8_warp_student,3.25257073199695,3.503560781478882,22.698075327255257,0.2509900494819317,0.2509900494819317,s,7.0,1.0,2.0,0.8253260557311117
FCWD3:0114,FCWD3,H8_reference,3.222322123572257,3.130065679550171,9.444318365725222,-0.0922564440220861,0.0922564440220861,s,0.0,8.0,0.0,1.0
FCWD3:0114,FCWD3,H8_warp,3.222322123572257,3.417836427688598,18.30425357328566,0.1955143041163412,0.1955143041163412,s,7.0,1.0,2.0,0.8275522645160569
FCWD3:0114,FCWD3,H8_warp_student,3.222322123572257,3.64547061920166,37.106968518631696,0.42314849562940315,0.42314849562940315,s,7.0,1.0,2.0,0.8275522645160569
FCWD3:0115,FCWD3,H8_reference,3.19207411947914,3.57236647605896,34.36886352942911,0.38029235657981975,0.38029235657981975,s,0.0,8.0,0.0,1.0
FCWD3:0115,FCWD3,H8_warp,3.19207411947914,3.942825555801392,61.391033101596825,0.7507514363222518,0.7507514363222518,s,7.0,1.0,2.0,0.818310682132964
FCWD3:0115,FCWD3,H8_warp_student,3.19207411947914,4.401736736297607,88.48455376049395,1.2096626168184672,1.2096626168184672,s,7.0,1.0,2.0,0.818310682132964
FCWD3:0116,FCWD3,H8_reference,3.142529149261881,3.5538036823272705,37.964613710029376,0.4112745330653893,0.4112745330653893,s,0.0,8.0,0.0,1.0
FCWD3:0116,FCWD3,H8_warp,3.142529149261881,3.768231153488159,54.42680784084976,0.625702004226278,0.625702004226278,s,7.0,1.0,2.0,0.81
FCWD3:0116,FCWD3,H8_warp_student,3.142529149261881,4.171417236328125,80.74121989708787,1.0288880870662438,1.0288880870662438,s,7.0,1.0,2.0,0.81
FCWD3:0117,FCWD3,H8_reference,3.09297427856499,3.08186149597168,1.2048497151147253,-0.011112782593309944,0.011112782593309944,s,0.0,8.0,0.0,1.0
FCWD3:0117,FCWD3,H8_warp,3.09297427856499,3.3571176528930664,26.25426994073435,0.26414337432807633,0.26414337432807633,s,7.0,1.0,2.0,0.7963867969876622
FCWD3:0117,FCWD3,H8_warp_student,3.09297427856499,3.6052300930023193,47.361133160323774,0.5122558144373293,0.5122558144373293,s,7.0,1.0,2.0,0.7963867969876622
FCWD3:0118,FCWD3,H8_reference,3.038563850805819,3.0051138401031494,3.788632384134627,-0.03345001070266962,0.03345001070266962,s,0.0,8.0,0.0,1.0
FCWD3:0118,FCWD3,H8_warp,3.038563850805819,3.197872877120972,16.938548350439937,0.1593090263151531,0.1593090263151531,s,7.0,1.0,2.0,0.7882784522665734
FCWD3:0118,FCWD3,H8_warp_student,3.038563850805819,3.4092187881469727,36.92985616911906,0.3706549373411536,0.3706549373411536,s,7.0,1.0,2.0,0.7882784522665734
FCWD3:0119,FCWD3,H8_reference,2.98415342304665,2.7442123889923096,30.361804384528636,-0.23994103405434064,0.23994103405434064,c,0.0,8.0,0.0,1.0
FCWD3:0119,FCWD3,H8_warp,2.98415342304665,2.9057393074035645,9.361005431687067,-0.07841411564308576,0.07841411564308576,c,7.0,1.0,2.0,0.7865031937079745
FCWD3:0119,FCWD3,H8_warp_student,2.98415342304665,3.026052713394165,4.799628156805166,0.04189929034751483,0.04189929034751483,c,7.0,1.0,2.0,0.7865031937079745
FCWD3:0120,FCWD3,H8_reference,2.9325882301762904,2.7697432041168213,20.777948025538297,-0.16284502605946916,0.16284502605946916,c,0.0,8.0,0.0,1.0
FCWD3:0120,FCWD3,H8_warp,2.9325882301762904,2.928924322128296,0.44163405897960917,-0.0036639080479945463,0.0036639080479945463,c,7.0,1.0,2.0,0.7801014736993079
FCWD3:0120,FCWD3,H8_warp_student,2.9325882301762904,2.952486276626587,2.378961682080391,0.01989804645029647,0.01989804645029647,c,7.0,1.0,2.0,0.7801014736993079
FCWD3:0121,FCWD3,H8_reference,2.88101479412907,2.8009800910949707,10.279884199242417,-0.08003470303409932,0.08003470303409932,c,0.0,8.0,0.0,1.0
FCWD3:0121,FCWD3,H8_warp,2.88101479412907,3.018244504928589,16.33562136235632,0.13722971079951884,0.13722971079951884,c,7.0,1.0,2.0,0.7688358373251004
FCWD3:0121,FCWD3,H8_warp_student,2.88101479412907,3.07466197013855,22.62138456728506,0.19364717600947978,0.19364717600947978,c,7.0,1.0,2.0,0.7688358373251004
FCWD3:0122,FCWD3,H8_reference,2.8369522488719285,2.854092597961426,2.1940005904777515,0.017140349089497242,0.017140349089497242,c,0.0,8.0,0.0,1.0
FCWD3:0122,FCWD3,H8_warp,2.8369522488719285,3.0673413276672363,27.4054743504111,0.2303890787953078,0.2303890787953078,c,7.0,1.0,2.0,0.7675173782690663
FCWD3:0122,FCWD3,H8_warp_student,2.8369522488719285,3.195397138595581,40.90174698350553,0.3584448897236525,0.3584448897236525,c,7.0,1.0,2.0,0.7675173782690663
FCWD3:0123,FCWD3,H8_reference,2.79289850679247,2.703901767730713,12.230064405204105,-0.08899673906175698,0.08899673906175698,c,0.0,8.0,0.0,1.0
FCWD3:0123,FCWD3,H8_warp,2.79289850679247,2.7917590141296387,0.15157127778962776,-0.0011394926628311985,0.0011394926628311985,c,7.0,1.0,2.0,0.766861374445402
FCWD3:0123,FCWD3,H8_warp_student,2.79289850679247,3.0196404457092285,27.84529629986855,0.22674193891675865,0.22674193891675865,c,7.0,1.0,2.0,0.766861374445402
FCWD3:0124,FCWD3,H8_reference,2.735663653734932,2.637058973312378,14.196979235168786,-0.09860468042255421,0.09860468042255421,c,0.0,8.0,0.0,1.0
FCWD3:0124,FCWD3,H8_warp,2.735663653734932,2.6404972076416016,13.68375394056133,-0.09516644609333058,0.09516644609333058,c,7.0,1.0,2.0,0.774792250215315
FCWD3:0124,FCWD3,H8_warp_student,2.735663653734932,2.792399883270264,7.705938329909887,0.05673622953533197,0.05673622953533197,c,7.0,1.0,2.0,0.774792250215315
FCWD3:0125,FCWD3,H8_reference,2.67842765716958,2.604228973388672,11.05610468594219,-0.07419868378090833,0.07419868378090833,c,0.0,8.0,0.0,1.0
FCWD3:0125,FCWD3,H8_warp,2.67842765716958,2.519535541534424,24.488295415193704,-0.15889211563515637,0.15889211563515637,c,7.0,1.0,2.0,0.7734359166823044
FCWD3:0125,FCWD3,H8_warp_student,2.67842765716958,2.5316646099090576,22.508381656493743,-0.14676304726052258,0.14676304726052258,c,7.0,1.0,2.0,0.7734359166823044
FCWD3:0126,FCWD3,H8_reference,2.629289057615742,2.474346876144409,24.78841627147989,-0.15494218147133276,0.15494218147133276,c,0.0,8.0,0.0,1.0
FCWD3:0126,FCWD3,H8_warp,2.629289057615742,2.495648145675659,21.19423549908288,-0.13364091194008276,0.13364091194008276,c,7.0,1.0,2.0,0.7810737764791819
FCWD3:0126,FCWD3,H8_warp_student,2.629289057615742,2.503796339035034,19.83589140966739,-0.12549271858070776,0.12549271858070776,c,7.0,1.0,2.0,0.7810737764791819
FCWD3:0127,FCWD3,H8_reference,2.58014063878657,2.505139112472534,12.078811589307445,-0.07500152631403578,0.07500152631403578,c,0.0,8.0,0.0,1.0
FCWD3:0127,FCWD3,H8_warp,2.58014063878657,2.533480644226074,7.428687449952537,-0.04665999456049574,0.04665999456049574,c,7.0,1.0,2.0,0.7932871111111112
FCWD3:0127,FCWD3,H8_warp_student,2.58014063878657,2.586269855499268,0.9555074594876783,0.00612921671269806,0.00612921671269806,c,7.0,1.0,2.0,0.7932871111111112
FCWD3:0128,FCWD3,H8_reference,2.5337403957217406,2.3728487491607666,27.899400825681653,-0.160891646560974,0.160891646560974,c,0.0,8.0,0.0,1.0
FCWD3:0128,FCWD3,H8_warp,2.5337403957217406,2.382484436035156,26.120124363921416,-0.15125595968658478,0.15125595968658478,c,7.0,1.0,2.0,0.7927042927554213
FCWD3:0128,FCWD3,H8_warp_student,2.5337403957217406,2.428206205368042,17.87398701982898,-0.1055341903536986,0.1055341903536986,c,7.0,1.0,2.0,0.7927042927554213
FCWD3:0129,FCWD3,H8_reference,2.48734849602356,2.2632369995117188,41.56430526210987,-0.22411149651184115,0.22411149651184115,c,0.0,8.0,0.0,1.0
FCWD3:0129,FCWD3,H8_warp,2.48734849602356,2.30997896194458,32.21473228445335,-0.17736953407897982,0.17736953407897982,c,7.0,1.0,2.0,0.78759950549774
FCWD3:0129,FCWD3,H8_warp_student,2.48734849602356,2.369266986846924,20.898051167989735,-0.11808150917663607,0.11808150917663607,c,7.0,1.0,2.0,0.78759950549774
FCWD3:0130,FCWD3,H8_reference,2.435730945495446,2.261483192443848,33.042150967875564,-0.1742477530515978,0.1742477530515978,c,0.0,8.0,0.0,1.0
FCWD3:0130,FCWD3,H8_warp,2.435730945495446,2.28968358039856,27.345704142457407,-0.14604736509688587,0.14604736509688587,c,7.0,1.0,2.0,0.7911163859498498
FCWD3:0130,FCWD3,H8_warp_student,2.435730945495446,2.3639261722564697,13.013051112068727,-0.07180477323897616,0.07180477323897616,c,7.0,1.0,2.0,0.7911163859498498
FCWD3:0131,FCWD3,H8_reference,2.38411442622521,2.2858762741088867,18.83295619377931,-0.09823815211632336,0.09823815211632336,c,0.0,8.0,0.0,1.0
FCWD3:0131,FCWD3,H8_warp,2.38411442622521,2.294372797012329,17.13895042083302,-0.08974162921288098,0.08974162921288098,c,7.0,1.0,2.0,0.7818741051712005
FCWD3:0131,FCWD3,H8_warp_student,2.38411442622521,2.3143677711486816,13.202610599805652,-0.06974665507652844,0.06974665507652844,c,7.0,1.0,2.0,0.7818741051712005
FCWD3:0132,FCWD3,H8_reference,2.334685555198137,2.357997179031372,4.422998334416006,0.02331162383323493,0.02331162383323493,c,0.0,8.0,0.0,1.0
FCWD3:0132,FCWD3,H8_warp,2.334685555198137,2.36911416053772,6.500935337933056,0.03442860533958303,0.03442860533958303,c,7.0,1.0,2.0,0.7735520394832341
FCWD3:0132,FCWD3,H8_warp_student,2.334685555198137,2.380034685134888,8.522836692988895,0.045349129936751,0.045349129936751,c,7.0,1.0,2.0,0.7735520394832341
FCWD3:0133,FCWD3,H8_reference,2.28524680689132,2.351968765258789,12.973435459291416,0.06672195836746919,0.06672195836746919,c,0.0,8.0,0.0,1.0
FCWD3:0133,FCWD3,H8_warp,2.28524680689132,2.332080841064453,9.185821253989355,0.046834034173133254,0.046834034173133254,c,7.0,1.0,2.0,0.7615032039871841
FCWD3:0133,FCWD3,H8_warp_student,2.28524680689132,2.328275680541992,8.453596240382415,0.04302887365067232,0.04302887365067232,c,7.0,1.0,2.0,0.7615032039871841
FCWD3:0134,FCWD3,H8_reference,2.235985977651478,2.561169147491455,59.26575566120806,0.3251831698399772,0.3251831698399772,c,0.0,8.0,0.0,1.0
FCWD3:0134,FCWD3,H8_warp,2.235985977651478,2.5225274562835693,53.03968634046183,0.28654147863209145,0.28654147863209145,c,7.0,1.0,2.0,0.7535204475308642
FCWD3:0134,FCWD3,H8_warp_student,2.235985977651478,2.54419207572937,56.55412642643215,0.30820609807789223,0.30820609807789223,c,7.0,1.0,2.0,0.7535204475308642
FCWD3:0135,FCWD3,H8_reference,2.18673302195583,2.5266759395599365,64.26777426907941,0.33994291760410666,0.33994291760410666,c,0.0,8.0,0.0,1.0
FCWD3:0135,FCWD3,H8_warp,2.18673302195583,2.51721715927124,62.7191848173702,0.33048413731540993,0.33048413731540993,c,7.0,1.0,2.0,0.7542587707796649
FCWD3:0135,FCWD3,H8_warp_student,2.18673302195583,2.4950451850891118,59.0422145123836,0.3083121631332819,0.3083121631332819,c,7.0,1.0,2.0,0.7542587707796649
FCWD3:0136,FCWD3,H8_reference,2.141945552874696,2.2438440322875977,22.215106271541927,0.10189847941290164,0.10189847941290164,c,0.0,8.0,0.0,1.0
FCWD3:0136,FCWD3,H8_warp,2.141945552874696,2.255218982696533,24.567535265764274,0.11327342982183719,0.11327342982183719,c,7.0,1.0,2.0,0.7483015506304331
FCWD3:0136,FCWD3,H8_warp_student,2.141945552874696,2.248591184616089,23.199815696116413,0.10664563174139285,0.10664563174139285,c,7.0,1.0,2.0,0.7483015506304331
FCWD3:0137,FCWD3,H8_reference,2.09715808379356,2.199593305587769,23.291026201999536,0.10243522179420905,0.10243522179420905,c,0.0,8.0,0.0,1.0
FCWD3:0137,FCWD3,H8_warp,2.09715808379356,2.207093477249145,24.909404901287957,0.10993539345558512,0.10993539345558512,c,7.0,1.0,2.0,0.7389314686358569
FCWD3:0137,FCWD3,H8_warp_student,2.09715808379356,2.1689510345458984,16.559986112315226,0.07179295075233849,0.07179295075233849,c,7.0,1.0,2.0,0.7389314686358569
FCWD3:0138,FCWD3,H8_reference,2.0526015529135075,2.1606147289276123,25.569981282078867,0.10801317601410476,0.10801317601410476,c,0.0,8.0,0.0,1.0
FCWD3:0138,FCWD3,H8_warp,2.0526015529135075,2.145343065261841,22.114823966276344,0.09274151234833328,0.09274151234833328,c,7.0,1.0,2.0,0.7367663557250066
FCWD3:0138,FCWD3,H8_warp_student,2.0526015529135075,2.127084255218506,17.917110757955935,0.07448270230499832,0.07448270230499832,c,7.0,1.0,2.0,0.7367663557250066
FCWD3:0139,FCWD3,H8_reference,2.00805392390365,2.178706169128418,40.966872586366904,0.17065224522476807,0.17065224522476807,c,0.0,8.0,0.0,1.0
FCWD3:0139,FCWD3,H8_warp,2.00805392390365,2.181788444519043,41.64646878241661,0.17373452061539307,0.17373452061539307,c,7.0,1.0,2.0,0.7351999521890581
FCWD3:0139,FCWD3,H8_warp_student,2.00805392390365,2.125126600265503,28.83061428483359,0.11707267636185303,0.11707267636185303,c,7.0,1.0,2.0,0.7351999521890581
FCWD3:0140,FCWD3,H8_reference,1.9637465224728907,2.2604665756225586,70.18382742611414,0.2967200531496679,0.2967200531496679,c,0.0,8.0,0.0,1.0
FCWD3:0140,FCWD3,H8_warp,1.9637465224728907,2.216560125350952,61.01105903738656,0.2528136028780614,0.2528136028780614,c,7.0,1.0,2.0,0.7307492195629552
FCWD3:0140,FCWD3,H8_warp_student,1.9637465224728907,2.1340525150299072,42.727730920751746,0.1703059925570165,0.1703059925570165,c,7.0,1.0,2.0,0.7307492195629552
FCWD3:0141,FCWD3,H8_reference,1.91943823581474,2.1200509071350098,51.87377364792467,0.20061267132026983,0.20061267132026983,c,0.0,8.0,0.0,1.0
FCWD3:0141,FCWD3,H8_warp,1.91943823581474,2.112343072891236,50.06724511543,0.19290483707649586,0.19290483707649586,c,7.0,1.0,2.0,0.7231694463388927
FCWD3:0141,FCWD3,H8_warp_student,1.91943823581474,2.054370164871216,36.03429279684718,0.13493192905647589,0.13493192905647589,c,7.0,1.0,2.0,0.7231694463388927
FCWD3:0142,FCWD3,H8_reference,1.8820482998840733,2.0170669555664062,37.492086426655845,0.13501865568233296,0.13501865568233296,c,0.0,8.0,0.0,1.0
FCWD3:0142,FCWD3,H8_warp,1.8820482998840733,2.018489360809326,37.8596662092183,0.13644106092525288,0.13644106092525288,c,7.0,1.0,2.0,0.7192344674556213
FCWD3:0142,FCWD3,H8_warp_student,1.8820482998840733,1.974316954612732,26.190813761395177,0.09226865472865864,0.09226865472865864,c,7.0,1.0,2.0,0.7192344674556213
FCWD3:0143,FCWD3,H8_reference,1.84465163954793,1.952263355255127,31.544762673572507,0.10761171570719696,0.10761171570719696,c,0.0,8.0,0.0,1.0
FCWD3:0143,FCWD3,H8_warp,1.84465163954793,1.959053635597229,33.415867040886006,0.11440199604929902,0.11440199604929902,c,7.0,1.0,2.0,0.7218610435864097
FCWD3:0143,FCWD3,H8_warp_student,1.84465163954793,1.9038822650909424,17.816015453250774,0.059230625543012394,0.059230625543012394,c,7.0,1.0,2.0,0.7218610435864097
FCWD3:0144,FCWD3,H8_reference,1.805765481314425,1.9127105474472048,32.725129069921536,0.10694506613277976,0.10694506613277976,c,0.0,8.0,0.0,1.0
FCWD3:0144,FCWD3,H8_warp,1.805765481314425,1.904435515403748,30.327803560147025,0.09867003408932296,0.09867003408932296,c,7.0,1.0,2.0,0.7243762164792388
FCWD3:0144,FCWD3,H8_warp_student,1.805765481314425,1.8549089431762693,15.519823492552847,0.04914346186184426,0.04914346186184426,c,7.0,1.0,2.0,0.7243762164792388
FCWD3:0145,FCWD3,H8_reference,1.76688709207743,1.893601417541504,40.06458795044944,0.1267143254640739,0.1267143254640739,c,0.0,8.0,0.0,1.0
FCWD3:0145,FCWD3,H8_warp,1.76688709207743,1.9072896242141724,44.06511393780656,0.14040253213674236,0.14040253213674236,c,7.0,1.0,2.0,0.7058387413280163
FCWD3:0145,FCWD3,H8_warp_student,1.76688709207743,1.8782724142074585,35.513363804531366,0.1113853221300285,0.1113853221300285,c,7.0,1.0,2.0,0.7058387413280163
FCWD3:0146,FCWD3,H8_reference,1.7259776178141033,1.8786441087722776,49.85418555587401,0.1526664909581743,0.1526664909581743,c,0.0,8.0,0.0,1.0
FCWD3:0146,FCWD3,H8_warp,1.7259776178141033,1.91175389289856,59.58667524485338,0.1857762750844567,0.1857762750844567,c,7.0,1.0,2.0,0.6939664238463567
FCWD3:0146,FCWD3,H8_warp_student,1.7259776178141033,1.876820921897888,49.30801139361167,0.15084330408378466,0.15084330408378466,c,7.0,1.0,2.0,0.6939664238463567
FCWD3:0147,FCWD3,H8_reference,1.6850689608739,1.818989396095276,46.34062220649056,0.1339204352213761,0.1339204352213761,c,0.0,8.0,0.0,1.0
FCWD3:0147,FCWD3,H8_warp,1.6850689608739,1.8309524059295652,50.14083296928408,0.1458834450556652,0.1458834450556652,c,7.0,1.0,2.0,0.6972531147615323
FCWD3:0147,FCWD3,H8_warp_student,1.6850689608739,1.8874837160110476,67.42885276681432,0.20241475513714757,0.20241475513714757,c,7.0,1.0,2.0,0.6972531147615323
FCWD3:0148,FCWD3,H8_reference,1.6415261920225943,1.7852072715759275,52.074935832655754,0.1436810795533332,0.1436810795533332,c,0.0,8.0,0.0,1.0
FCWD3:0148,FCWD3,H8_warp,1.6415261920225943,1.791183352470398,54.05454798682312,0.14965716044780364,0.14965716044780364,c,7.0,1.0,2.0,0.6867623460157704
FCWD3:0148,FCWD3,H8_warp_student,1.6415261920225943,1.835391998291016,68.28696281362713,0.19386580626842176,0.19386580626842176,c,7.0,1.0,2.0,0.6867623460157704
FCWD3:0149,FCWD3,H8_reference,1.59797472210044,1.75730299949646,60.34353158299872,0.15932827739602007,0.15932827739602007,c,0.0,8.0,0.0,1.0
FCWD3:0149,FCWD3,H8_warp,1.59797472210044,1.763376235961914,62.42144845152141,0.16540151386147417,0.16540151386147417,c,7.0,1.0,2.0,0.676974843775036
FCWD3:0149,FCWD3,H8_warp_student,1.59797472210044,1.7583811283111572,60.713485550747336,0.16040640621071733,0.16040640621071733,c,7.0,1.0,2.0,0.676974843775036
FCWD3:0150,FCWD3,H8_reference,1.5613717838684071,1.8446941375732424,104.5498721633202,0.2833223537048353,0.2833223537048353,c,0.0,8.0,0.0,1.0
FCWD3:0150,FCWD3,H8_warp,1.5613717838684071,1.8203002214431765,96.8658953203532,0.25892843757476935,0.25892843757476935,c,7.0,1.0,2.0,0.6678228696959186
FCWD3:0150,FCWD3,H8_warp_student,1.5613717838684071,1.80661940574646,92.46301703419654,0.24524762187805282,0.24524762187805282,c,7.0,1.0,2.0,0.6678228696959186
FCWD3:0151,FCWD3,H8_reference,1.52477469602209,1.787982940673828,102.79119856941806,0.26320824465173787,0.26320824465173787,c,0.0,8.0,0.0,1.0
FCWD3:0151,FCWD3,H8_warp,1.52477469602209,1.7614213228225708,93.85367329435859,0.23664662680048076,0.23664662680048076,c,7.0,1.0,2.0,0.6592470483403876
FCWD3:0151,FCWD3,H8_warp_student,1.52477469602209,1.830870270729065,116.65882767089686,0.3060955747069749,0.3060955747069749,c,7.0,1.0,2.0,0.6592470483403876
FCWD3:0152,FCWD3,H8_reference,1.4948175803712245,1.7527589797973633,104.95433724472765,0.2579413994261388,0.2579413994261388,c,0.0,8.0,0.0,1.0
FCWD3:0152,FCWD3,H8_warp,1.4948175803712245,1.6963598728179932,84.81793424758189,0.2015422924467687,0.2015422924467687,c,7.0,1.0,2.0,0.6600097032997466
FCWD3:0152,FCWD3,H8_warp_student,1.4948175803712245,1.8348288536071775,131.9809532675685,0.34001127323595304,0.34001127323595304,c,7.0,1.0,2.0,0.6600097032997466
FCWD3:0153,FCWD3,H8_reference,1.46486046472036,1.777134656906128,127.92244204653997,0.3122741921857679,0.3122741921857679,c,0.0,8.0,0.0,1.0
FCWD3:0153,FCWD3,H8_warp,1.46486046472036,1.7090051174163818,104.12442223445277,0.2441446526960218,0.2441446526960218,c,7.0,1.0,2.0,0.6584551824225211
FCWD3:0153,FCWD3,H8_warp_student,1.46486046472036,1.8165584802627563,140.85428975190808,0.3516980155423963,0.3516980155423963,c,7.0,1.0,2.0,0.6584551824225211
FCWD3:0154,FCWD3,H8_reference,1.4433585678651202,1.735443115234375,124.50872079825751,0.2920845473692548,0.2920845473692548,c,0.0,8.0,0.0,1.0
FCWD3:0154,FCWD3,H8_warp,1.4433585678651202,1.684192776679993,105.88468282558036,0.24083420881487272,0.24083420881487272,c,6.0,2.0,5.0,0.6899350768575436
FCWD3:0154,FCWD3,H8_warp_student,1.4433585678651202,1.7690736055374146,136.12586995879633,0.32571503767229437,0.32571503767229437,c,6.0,2.0,5.0,0.6899350768575436
FCWD3:0155,FCWD3,H8_reference,1.42185323373119,1.727791428565979,133.0658019194886,0.305938194834789,0.305938194834789,c,0.0,8.0,0.0,1.0
FCWD3:0155,FCWD3,H8_warp,1.42185323373119,1.6876649856567385,118.4486407986709,0.2658117519255485,0.2658117519255485,c,6.0,2.0,5.0,0.6897073323191526
FCWD3:0155,FCWD3,H8_warp_student,1.42185323373119,1.759219765663147,144.0347338250151,0.337366531931957,0.337366531931957,c,6.0,2.0,5.0,0.6897073323191526
FCWD3:0156,FCWD3,H8_reference,1.3996631713559249,1.7595572471618652,156.15118772751845,0.35989407580594035,0.35989407580594035,c,0.0,8.0,0.0,1.0
FCWD3:0156,FCWD3,H8_warp,1.3996631713559249,1.695863127708435,133.49388505065994,0.2961999563525102,0.2961999563525102,c,6.0,2.0,5.0,0.6756341827364555
FCWD3:0156,FCWD3,H8_warp_student,1.3996631713559249,1.788755178451538,165.98213679620014,0.3890920070956132,0.3890920070956132,c,6.0,2.0,5.0,0.6756341827364555
FCWD3:0157,FCWD3,H8_reference,1.37747665570205,1.7895557880401611,178.64766658867353,0.4120791323381112,0.4120791323381112,c,0.0,8.0,0.0,1.0
FCWD3:0157,FCWD3,H8_warp,1.37747665570205,1.6847529411315918,141.7613703316438,0.3072762854295419,0.3072762854295419,c,6.0,2.0,4.0,0.6643638150377987
FCWD3:0157,FCWD3,H8_warp_student,1.37747665570205,1.788346529006958,178.2474419525778,0.4108698733049081,0.4108698733049081,c,6.0,2.0,4.0,0.6643638150377987
FCWD3:0158,FCWD3,H8_reference,1.3596148696319963,1.809403896331787,195.427194447795,0.4497890266997908,0.4497890266997908,c,0.0,8.0,0.0,1.0
FCWD3:0158,FCWD3,H8_warp,1.3596148696319963,1.7402344942092896,172.14805287360988,0.38061962457729326,0.38061962457729326,c,6.0,2.0,4.0,0.6600371903041331
FCWD3:0158,FCWD3,H8_warp_student,1.3596148696319963,1.8079466819763184,194.9556709156236,0.44833181234432207,0.44833181234432207,c,6.0,2.0,4.0,0.6600371903041331
FCWD3:0159,FCWD3,H8_reference,1.34175272669736,1.8718582391738887,225.50093679646034,0.5301055124765288,0.5301055124765288,c,0.0,8.0,0.0,1.0
FCWD3:0159,FCWD3,H8_warp,1.34175272669736,1.7706269025802612,193.1817404116846,0.42887417588290133,0.42887417588290133,c,6.0,2.0,4.0,0.6575134444631129
FCWD3:0159,FCWD3,H8_warp_student,1.34175272669736,1.814358830451965,207.59900487934192,0.4726061037546052,0.4726061037546052,c,6.0,2.0,4.0,0.6575134444631129
FCWD3:0160,FCWD3,H8_reference,1.3266691644347637,1.994478225708008,269.29896482414347,0.6678090612732444,0.6678090612732444,c,0.0,8.0,0.0,1.0
FCWD3:0160,FCWD3,H8_warp,1.3266691644347637,1.8774359226226809,236.33771541670484,0.5507667581879172,0.5507667581879172,c,6.0,2.0,4.0,0.6519590709076893
FCWD3:0160,FCWD3,H8_warp_student,1.3266691644347637,1.8142210245132449,216.71489958208883,0.48755186007848117,0.48755186007848117,c,6.0,2.0,4.0,0.6519590709076893
FCWD3:0161,FCWD3,H8_reference,1.31158288946389,1.9062104225158687,254.2080458192812,0.5946275330519788,0.5946275330519788,c,0.0,8.0,0.0,1.0
FCWD3:0161,FCWD3,H8_warp,1.31158288946389,1.8578131198883057,239.77479482047752,0.5462302304244158,0.5462302304244158,c,5.0,3.0,6.0,0.6950293628808865
FCWD3:0161,FCWD3,H8_warp_student,1.31158288946389,1.7826119661331177,215.7468492031041,0.4710290766692278,0.4710290766692278,c,5.0,3.0,6.0,0.6950293628808865
FCWD3:0162,FCWD3,H8_reference,1.293674089685605,2.001707077026367,292.0187004617002,0.7080329873407623,0.7080329873407623,c,0.0,8.0,0.0,1.0
FCWD3:0162,FCWD3,H8_warp,1.293674089685605,1.9620743989944456,281.3913482328202,0.6684003093088406,0.6684003093088406,c,6.0,2.0,4.0,0.6964199025999124
FCWD3:0162,FCWD3,H8_warp_student,1.293674089685605,1.855061411857605,250.36327855209615,0.561387322172,0.561387322172,c,6.0,2.0,4.0,0.6964199025999124
FCWD3:0163,FCWD3,H8_reference,1.27576886787463,1.9798157215118408,297.96722382492953,0.7040468536372109,0.7040468536372109,c,0.0,8.0,0.0,1.0
FCWD3:0163,FCWD3,H8_warp,1.27576886787463,1.9071590900421145,277.68042571615433,0.6313902221674845,0.6313902221674845,c,7.0,1.0,2.0,0.6571548615244565
FCWD3:0163,FCWD3,H8_warp_student,1.27576886787463,1.827397346496582,253.4985346985138,0.5516284786219521,0.5516284786219521,c,7.0,1.0,2.0,0.6571548615244565
FCWD3:0164,FCWD3,H8_reference,1.258924705991651,2.255032539367676,374.0677123588101,0.9961078333760247,0.9961078333760247,c,0.0,8.0,0.0,1.0
FCWD3:0164,FCWD3,H8_warp,1.258924705991651,2.19888973236084,362.2129121973955,0.9399650263691888,0.9399650263691888,c,6.0,2.0,4.0,0.6701354990587273
FCWD3:0164,FCWD3,H8_warp_student,1.258924705991651,2.050530195236206,327.6819012336379,0.791605489244555,0.791605489244555,c,6.0,2.0,4.0,0.6701354990587273
FCWD3:0165,FCWD3,H8_reference,1.24208020757543,2.348653793334961,404.25630691816093,1.106573585759531,1.106573585759531,c,0.0,8.0,0.0,1.0
FCWD3:0165,FCWD3,H8_warp,1.24208020757543,2.271655559539795,389.17138004024093,1.029575351964365,1.029575351964365,c,6.0,2.0,4.0,0.6900091949425161
FCWD3:0165,FCWD3,H8_warp_student,1.24208020757543,2.035224676132202,335.5343039818951,0.7931444685567721,0.7931444685567721,c,6.0,2.0,4.0,0.6900091949425161
FCWD3:0166,FCWD3,H8_reference,1.230338296755621,2.168298721313477,375.55738924323094,0.9379604245578561,0.9379604245578561,c,0.0,8.0,0.0,1.0
FCWD3:0166,FCWD3,H8_warp,1.230338296755621,2.0479736328125,347.1104112189322,0.8176353360568791,0.8176353360568791,c,7.0,1.0,2.0,0.6647594103107797
FCWD3:0166,FCWD3,H8_warp_student,1.230338296755621,1.944225549697876,319.67914295142134,0.7138872529422551,0.7138872529422551,c,7.0,1.0,2.0,0.6647594103107797
FCWD3:0167,FCWD3,H8_reference,1.21859427420795,2.540599584579468,454.68805886290096,1.3220053103715181,1.3220053103715181,c,0.0,8.0,0.0,1.0
FCWD3:0167,FCWD3,H8_warp,1.21859427420795,2.369260311126709,425.0129831741585,1.150666036918759,1.150666036918759,c,7.0,1.0,2.0,0.6854160102919554
FCWD3:0167,FCWD3,H8_warp_student,1.21859427420795,2.2875328063964844,409.2565216581345,1.0689385321885343,1.0689385321885343,c,7.0,1.0,2.0,0.6854160102919554
FCWD3:0168,FCWD3,H8_reference,1.2071128348118454,2.890122652053833,512.6245923209406,1.6830098172419876,1.6830098172419876,c,0.0,8.0,0.0,1.0
FCWD3:0168,FCWD3,H8_warp,1.2071128348118454,2.798107147216797,500.8314527888374,1.5909943124049515,1.5909943124049515,c,7.0,1.0,2.0,0.7130864197530864
FCWD3:0168,FCWD3,H8_warp_student,1.2071128348118454,2.5819649696350098,469.75692165268293,1.3748521348231644,1.3748521348231644,c,7.0,1.0,2.0,0.7130864197530864
FCWD3:0169,FCWD3,H8_reference,1.19563162480138,2.8396434783935547,514.9286483862215,1.6440118535921746,1.6440118535921746,c,0.0,8.0,0.0,1.0
FCWD3:0169,FCWD3,H8_warp,1.19563162480138,2.778972148895264,506.95644499101695,1.583340524093884,1.583340524093884,c,7.0,1.0,2.0,0.743944013176257
FCWD3:0169,FCWD3,H8_warp_student,1.19563162480138,2.3756418228149414,443.38069165137586,1.1800101980135613,1.1800101980135613,c,7.0,1.0,2.0,0.743944013176257
FCWD3:0170,FCWD3,H8_reference,1.1949135380702898,2.461133480072021,459.18214022352447,1.2662199420017313,1.2662199420017313,c,0.0,8.0,0.0,1.0
FCWD3:0170,FCWD3,H8_warp,1.1949135380702898,2.389899730682373,446.55049707452594,1.1949861926120833,1.1949861926120833,c,7.0,1.0,2.0,0.7667588391634674
FCWD3:0170,FCWD3,H8_warp_student,1.1949135380702898,2.1483073234558105,397.3194575557996,0.9533937853855208,0.9533937853855208,c,7.0,1.0,2.0,0.7667588391634674
FCWD3:0171,FCWD3,H8_reference,1.19419533654634,2.449002504348755,457.63330614362036,1.2548071678024149,1.2548071678024149,c,0.0,8.0,0.0,1.0
FCWD3:0171,FCWD3,H8_warp,1.19419533654634,2.430410385131836,454.37616536792757,1.236215048585496,1.236215048585496,c,7.0,1.0,2.0,0.7864293345405161
FCWD3:0171,FCWD3,H8_warp_student,1.19419533654634,2.0794692039489746,381.6941858999992,0.8852738674026346,0.8852738674026346,c,7.0,1.0,2.0,0.7864293345405161
FCWD3:0172,FCWD3,H8_reference,1.201695462290308,2.512737274169922,462.7231729793138,1.3110418118796139,1.3110418118796139,c,0.0,8.0,0.0,1.0
FCWD3:0172,FCWD3,H8_warp,1.201695462290308,2.4218921661376958,447.16442953186163,1.2201967038473878,1.2201967038473878,c,7.0,1.0,2.0,0.7952689349578848
FCWD3:0172,FCWD3,H8_warp_student,1.201695462290308,2.057598352432251,370.62059504282115,0.855902890141943,0.855902890141943,c,7.0,1.0,2.0,0.7952689349578848
FCWD3:0173,FCWD3,H8_reference,1.20919408959747,2.2860348224639893,415.909110423788,1.0768407328665193,1.0768407328665193,c,0.0,8.0,0.0,1.0
FCWD3:0173,FCWD3,H8_warp,1.20919408959747,2.2592716217041016,410.4887242885042,1.0500775321066316,1.0500775321066316,c,7.0,1.0,2.0,0.7958285950022934
FCWD3:0173,FCWD3,H8_warp_student,1.20919408959747,2.0198333263397217,355.437666091071,0.8106392367422517,0.8106392367422517,c,7.0,1.0,2.0,0.7958285950022934
FCWD3:0174,FCWD3,H8_reference,1.2191134715798997,2.24823260307312,400.8816451580149,1.0291191314932204,1.0291191314932204,c,0.0,8.0,0.0,1.0
FCWD3:0174,FCWD3,H8_warp,1.2191134715798997,2.18509292602539,387.42169697552384,0.9659794544454905,0.9659794544454905,c,7.0,1.0,2.0,0.7991057057155502
FCWD3:0174,FCWD3,H8_warp_student,1.2191134715798997,2.090899705886841,365.79298762508074,0.8717862343069411,0.8717862343069411,c,7.0,1.0,2.0,0.7991057057155502
FCWD3:0175,FCWD3,H8_reference,1.22903305174386,2.440185546875,430.22302993203,1.21115249513114,1.21115249513114,c,0.0,8.0,0.0,1.0
FCWD3:0175,FCWD3,H8_warp,1.22903305174386,2.341638803482056,412.223429030681,1.1126057517381962,1.1126057517381962,c,7.0,1.0,2.0,0.8010036397605391
FCWD3:0175,FCWD3,H8_warp_student,1.22903305174386,2.192666292190552,381.8686593773453,0.9636332404466923,0.9636332404466923,c,7.0,1.0,2.0,0.8010036397605391
FCWD3:0176,FCWD3,H8_reference,1.2569483057226811,2.667085647583008,446.8594368456965,1.4101373418603267,1.4101373418603267,c,0.0,8.0,0.0,1.0
FCWD3:0176,FCWD3,H8_warp,1.2569483057226811,2.480073928833008,417.44216000651596,1.2231256231103267,1.2231256231103267,c,7.0,1.0,2.0,0.7972437419040115
FCWD3:0176,FCWD3,H8_warp_student,1.2569483057226811,2.375560998916626,398.94031281415306,1.1186126931939449,1.1186126931939449,c,7.0,1.0,2.0,0.7972437419040115
FCWD3:0177,FCWD3,H8_reference,1.28486858012965,2.7275948524475098,436.7328380075666,1.4427262723178598,1.4427262723178598,c,0.0,8.0,0.0,1.0
FCWD3:0177,FCWD3,H8_warp,1.28486858012965,2.4659993648529053,396.27925179714885,1.1811307847232553,1.1811307847232553,c,7.0,1.0,2.0,0.8197398157889428
FCWD3:0177,FCWD3,H8_warp_student,1.28486858012965,2.348010540008545,375.01805001823215,1.063141959878895,1.063141959878895,c,7.0,1.0,2.0,0.8197398157889428
FCWD3:0178,FCWD3,H8_reference,1.3244676676809817,2.907632827758789,435.0685529149976,1.5831651600778074,1.5831651600778074,c,0.0,8.0,0.0,1.0
FCWD3:0178,FCWD3,H8_warp,1.3244676676809817,2.809858798980713,422.6672314278862,1.4853911312997312,1.4853911312997312,c,7.0,1.0,2.0,0.8439848371571564
FCWD3:0178,FCWD3,H8_warp_student,1.3244676676809817,2.7113029956817627,409.24425183454383,1.386835328000781,1.386835328000781,c,7.0,1.0,2.0,0.8439848371571564
FCWD3:0179,FCWD3,H8_reference,1.36405884380092,3.440035343170166,466.36494036399387,2.075976499369246,2.075976499369246,c,0.0,8.0,0.0,1.0
FCWD3:0179,FCWD3,H8_warp,1.36405884380092,3.2665488719940186,450.4512499045064,1.9024900281930985,1.9024900281930985,c,7.0,1.0,2.0,0.8685831935988889
FCWD3:0179,FCWD3,H8_warp_student,1.36405884380092,2.9028751850128174,410.80904000803093,1.5388163412118974,1.5388163412118974,c,7.0,1.0,2.0,0.8685831935988889
FCWD3:0180,FCWD3,H8_reference,1.4342449465600635,3.205988883972168,405.8455125030494,1.7717439374121045,1.7717439374121045,c,0.0,8.0,0.0,1.0
FCWD3:0180,FCWD3,H8_warp,1.4342449465600635,3.1117494106292725,396.09022319638194,1.677504464069209,1.677504464069209,c,7.0,1.0,2.0,0.900940861611856
FCWD3:0180,FCWD3,H8_warp_student,1.4342449465600635,2.826551914215088,362.53204226795225,1.3923069676550244,1.3923069676550244,c,7.0,1.0,2.0,0.900940861611856
FCWD3:0181,FCWD3,H8_reference,1.50443245158291,3.4294650554656982,391.89804944039344,1.9250326038827883,1.9250326038827883,c,0.0,8.0,0.0,1.0
FCWD3:0181,FCWD3,H8_warp,1.50443245158291,3.339203357696533,383.7760580753777,1.8347709061136233,1.8347709061136233,c,7.0,1.0,2.0,0.9323797361724032
FCWD3:0181,FCWD3,H8_warp_student,1.50443245158291,3.156445026397705,365.88528218698747,1.6520125748147951,1.6520125748147951,c,7.0,1.0,2.0,0.9323797361724032
FCWD3:0182,FCWD3,H8_reference,1.6002859458514007,3.6635079383850098,368.509030765244,2.063221992533609,2.063221992533609,c,0.0,8.0,0.0,1.0
FCWD3:0182,FCWD3,H8_warp,1.6002859458514007,3.6316709518432617,366.0486566110799,2.031385005991861,2.031385005991861,c,7.0,1.0,2.0,0.9658939958101064
FCWD3:0182,FCWD3,H8_warp_student,1.6002859458514007,3.4923291206359863,354.74467207172734,1.8920431747845856,1.8920431747845856,c,7.0,1.0,2.0,0.9658939958101064
FCWD3:0183,FCWD3,H8_reference,1.69615859434611,3.7394940853118896,336.60533301161405,2.04333549096578,2.04333549096578,c,0.0,8.0,0.0,1.0
FCWD3:0183,FCWD3,H8_warp,1.69615859434611,3.73574423789978,336.32952845833523,2.0395856435536697,2.0395856435536697,c,7.0,1.0,2.0,1.0
FCWD3:0183,FCWD3,H8_warp_student,1.69615859434611,3.8680901527404794,345.73577501418436,2.1719315583943697,2.1719315583943697,c,7.0,1.0,2.0,1.0
FCWD3:0184,FCWD3,H8_reference,1.82866474890206,4.326972961425781,328.5467857584836,2.498308212523721,2.498308212523721,c,0.0,8.0,0.0,1.0
FCWD3:0184,FCWD3,H8_warp,1.82866474890206,4.323360443115234,328.3491054385889,2.494695694213174,2.494695694213174,c,7.0,1.0,2.0,1.0
FCWD3:0184,FCWD3,H8_warp_student,1.82866474890206,3.933476686477661,304.85220685838823,2.104811937575601,2.104811937575601,c,7.0,1.0,2.0,1.0
FCWD3:0185,FCWD3,H8_reference,1.9611497244994,4.337742328643799,290.13112968283406,2.376592604144399,2.376592604144399,c,0.0,8.0,0.0,1.0
FCWD3:0185,FCWD3,H8_warp,1.9611497244994,4.344943523406982,290.52222028711094,2.3837937989075826,2.3837937989075826,c,7.0,1.0,2.0,1.0
FCWD3:0185,FCWD3,H8_warp_student,1.9611497244994,4.128625392913818,278.17174461384843,2.1674756684144185,2.1674756684144185,c,7.0,1.0,2.0,1.0
FCWD3:0186,FCWD3,H8_reference,2.1656117696380384,4.60635232925415,253.28193171703438,2.440740559616112,2.440740559616112,c,0.0,8.0,0.0,1.0
FCWD3:0186,FCWD3,H8_warp,2.1656117696380384,4.605838775634766,253.25718871129308,2.4402270059967273,2.4402270059967273,c,7.0,1.0,2.0,1.0
FCWD3:0186,FCWD3,H8_warp_student,2.1656117696380384,4.593607425689697,252.6662292380426,2.427995656051659,2.427995656051659,c,7.0,1.0,2.0,1.0
FCWD3:0187,FCWD3,H8_reference,2.37007381477667,5.191226482391357,236.5752668638007,2.8211526676146876,2.8211526676146876,c,0.0,8.0,0.0,1.0
FCWD3:0187,FCWD3,H8_warp,2.37007381477667,5.193364143371582,236.6561142311124,2.8232903285949122,2.8232903285949122,c,7.0,1.0,2.0,1.0
FCWD3:0187,FCWD3,H8_warp_student,2.37007381477667,4.843588352203369,222.4679616506232,2.4735145374266994,2.4735145374266994,c,7.0,1.0,2.0,1.0
FCWD3:0188,FCWD3,H8_reference,2.846508030470361,5.401599884033203,170.76148297377432,2.555091853562842,2.555091853562842,c,0.0,8.0,0.0,1.0
FCWD3:0188,FCWD3,H8_warp,2.846508030470361,5.403793811798096,170.83806290000953,2.5572857813277348,2.5572857813277348,c,7.0,1.0,2.0,1.0
FCWD3:0188,FCWD3,H8_warp_student,2.846508030470361,5.53338098526001,175.25263838013524,2.686872954789649,2.686872954789649,c,7.0,1.0,2.0,1.0
FCWD3:0189,FCWD3,H8_reference,3.32286609588582,6.440876007080078,149.09010417164757,3.118009911194258,3.118009911194258,s,0.0,8.0,0.0,1.0
FCWD3:0189,FCWD3,H8_warp,3.32286609588582,6.438399314880371,149.02943805660007,3.115533218994551,3.115533218994551,s,7.0,1.0,2.0,1.0
FCWD3:0189,FCWD3,H8_warp_student,3.32286609588582,6.542718887329102,151.54464268439114,3.2198527914432815,3.2198527914432815,s,7.0,1.0,2.0,1.0
FCWD3:0190,FCWD3,H8_reference,4.4230351993951,8.386159896850586,108.72334125656968,3.963124697455486,3.963124697455486,s,0.0,8.0,0.0,1.0
FCWD3:0190,FCWD3,H8_warp,4.4230351993951,8.474553108215332,109.98203903160795,4.051517908820232,4.051517908820232,s,7.0,1.0,2.0,1.0
FCWD3:0190,FCWD3,H8_warp_student,4.4230351993951,8.204933166503906,106.05739256546764,3.781897967108806,3.781897967108806,s,7.0,1.0,2.0,1.0
FCWD3:0191,FCWD3,H8_reference,5.52322628342669,8.445505142211914,63.59991178906029,2.9222788587852238,2.9222788587852238,s,0.0,8.0,0.0,1.0
FCWD3:0191,FCWD3,H8_warp,5.52322628342669,8.474729537963867,64.01310967585981,2.951503254537177,2.951503254537177,s,7.0,1.0,2.0,1.0
FCWD3:0191,FCWD3,H8_warp_student,5.52322628342669,7.458235263824463,47.7257121664322,1.9350089803977726,1.9350089803977726,s,7.0,1.0,2.0,1.0
FCWD1:0000,FCWD1,Garl_event,28.9226189494698,6.804544448852539,113.41625323196601,-22.11807450061726,22.11807450061726,outside,,,,
FCWD1:0001,FCWD1,Garl_event,27.768378826285748,13.676037788391112,37.312049784498235,-14.092341037894636,14.092341037894636,outside,,,,
FCWD1:0002,FCWD1,Garl_event,26.6141387031017,11.465094566345217,49.95908341208716,-15.149044136756482,15.149044136756482,outside,,,,
FCWD1:0003,FCWD1,Garl_event,26.06917738645454,-8.897547721862793,150.19686734441584,-34.966725108317334,34.966725108317334,outside,,,,
FCWD1:0004,FCWD1,Garl_event,25.5243031730307,13.920575141906738,32.84008116240113,-11.60372803112396,11.60372803112396,outside,,,,
FCWD1:0005,FCWD1,Garl_event,24.62487189294075,9.892285346984863,60.91126488754544,-14.732586545955886,14.732586545955886,outside,,,,
FCWD1:0006,FCWD1,Garl_event,23.7254406128508,7.076217651367188,100.08856269695238,-16.649222961483613,16.649222961483613,outside,,,,
FCWD1:0007,FCWD1,Garl_event,22.96174145138112,5.919371604919434,126.73429873557244,-17.042369846461686,17.042369846461686,outside,,,,
FCWD1:0008,FCWD1,Garl_event,22.1979202054799,6.73632287979126,104.41078016288967,-15.46159732568864,15.46159732568864,outside,,,,
FCWD1:0009,FCWD1,Garl_event,21.45564606642724,7.155195713043213,94.02766854276508,-14.300450353384026,14.300450353384026,outside,,,,
FCWD1:0010,FCWD1,Garl_event,20.7135202250069,7.530202865600586,85.29364580022333,-13.183317359406313,13.183317359406313,outside,,,,
FCWD1:0011,FCWD1,Garl_event,20.0786210359946,7.976009368896484,76.23991630529305,-12.102611667098117,12.102611667098117,outside,,,,
FCWD1:0012,FCWD1,Garl_event,19.4437218469823,8.433897972106934,67.7144821664867,-11.009823874875366,11.009823874875366,outside,,,,
FCWD1:0013,FCWD1,Garl_event,18.802449164511245,7.619565486907959,78.78340650969481,-11.182883677603286,11.182883677603286,outside,,,,
FCWD1:0014,FCWD1,Garl_event,18.1610739686228,-7.793714046478271,182.7073285482763,-25.954788015101073,25.954788015101073,outside,,,,
FCWD1:0015,FCWD1,Garl_event,17.655148534096508,8.423819541931152,62.61951820984794,-9.231328992165356,9.231328992165356,outside,,,,
FCWD1:0016,FCWD1,Garl_event,17.1493241775145,9.312759399414062,49.47822823015969,-7.836564778100438,7.836564778100438,outside,,,,
FCWD1:0017,FCWD1,Garl_event,16.728105074623453,7.977412223815918,66.18721238045957,-8.750692850807535,8.750692850807535,outside,,,,
FCWD1:0018,FCWD1,Garl_event,16.3068775561026,6.051360607147217,105.12011482110287,-10.255516948955382,10.255516948955382,outside,,,,
FCWD1:0019,FCWD1,Garl_event,16.011175220715586,7.702719688415527,68.0221245412965,-8.308455532300059,8.308455532300059,outside,,,,
FCWD1:0020,FCWD1,Garl_event,15.7154197046436,8.159489631652832,59.478800174946635,-7.555930072990767,7.555930072990767,outside,,,,
FCWD1:0021,FCWD1,Garl_event,15.281668219860146,11.806626319885254,19.406001432147473,-3.475041899974892,3.475041899974892,outside,,,,
FCWD1:0022,FCWD1,Garl_event,14.847986063213,6.387792110443115,90.2099075990534,-8.460193952769885,8.460193952769885,outside,,,,
FCWD1:0023,FCWD1,Garl_event,14.510834289323853,8.59915828704834,47.81933434372133,-5.911676002275513,5.911676002275513,outside,,,,
FCWD1:0024,FCWD1,Garl_event,14.1736757794047,6.9189534187316895,74.7817633205899,-7.254722360673011,7.254722360673011,outside,,,,
FCWD1:0025,FCWD1,Garl_event,13.869447343848105,14.495607376098633,3.136637304523987,0.6261600322505281,0.6261600322505281,outside,,,,
FCWD1:0026,FCWD1,Garl_event,13.5651641942272,7.205624580383301,65.76117969190136,-6.3595396138439,6.3595396138439,outside,,,,
FCWD1:0027,FCWD1,Garl_event,13.25182119743036,6.330595016479492,83.47645966201218,-6.9212261809508675,6.9212261809508675,outside,,,,
FCWD1:0028,FCWD1,Garl_event,12.9385408028745,7.800997734069824,51.42874667559396,-5.137543068804677,5.137543068804677,outside,,,,
FCWD1:0029,FCWD1,Garl_event,12.6892137436572,6.976756572723389,65.25096152800108,-5.712457170933812,5.712457170933812,outside,,,,
FCWD1:0030,FCWD1,Garl_event,12.4398866844399,-9.976698875427246,180.4459753946215,-22.416585559867144,22.416585559867144,outside,,,,
FCWD1:0031,FCWD1,Garl_event,12.236523681703853,7.632251739501953,49.830538369406966,-4.604271942201899,4.604271942201899,outside,,,,
FCWD1:0032,FCWD1,Garl_event,12.0331281694957,-23.60594367980957,125.72388523343207,-35.63907184930527,35.63907184930527,outside,,,,
FCWD1:0033,FCWD1,Garl_event,11.810184529024646,7.304477691650391,52.81489020271219,-4.505706837374255,4.505706837374255,outside,,,,
FCWD1:0034,FCWD1,Garl_event,11.587245342705,-22.077608108520508,131.86883497766394,-33.66485345122551,33.66485345122551,outside,,,,
FCWD1:0035,FCWD1,Garl_event,11.376908161661651,7.321115970611572,49.24671937644993,-4.055792191050079,4.055792191050079,outside,,,,
FCWD1:0036,FCWD1,Garl_event,11.166528949329,-10.197179794311523,187.545344122094,-21.363708743640522,21.363708743640522,outside,,,,
FCWD1:0037,FCWD1,Garl_event,10.922790521669825,6.995374202728272,52.00985305113984,-3.9274163189415523,3.9274163189415523,outside,,,,
FCWD1:0038,FCWD1,Garl_event,10.6790959213472,-7.246676921844482,231.13290608299675,-17.92577284319168,17.92577284319168,outside,,,,
FCWD1:0039,FCWD1,Garl_event,10.491458718235869,6.9778594970703125,48.57444406143527,-3.5135992211655562,3.5135992211655562,outside,,,,
FCWD1:0040,FCWD1,Garl_event,10.3038252638949,7.021312713623047,45.92211383342927,-3.2825125502718535,3.2825125502718535,outside,,,,
FCWD1:0041,FCWD1,Garl_event,10.148746922630176,6.467426776885986,56.80585461082808,-3.6813201457441895,3.6813201457441895,outside,,,,
FCWD1:0042,FCWD1,Garl_event,9.99363759234775,6.41887903213501,56.449061359272555,-3.5747585602127394,3.5747585602127394,l,,,,
FCWD1:0043,FCWD1,Garl_event,9.864544915258644,5.971644878387451,66.98553521155944,-3.8929000368711932,3.8929000368711932,l,,,,
FCWD1:0044,FCWD1,Garl_event,9.73547545071037,6.480316638946533,52.268170633071165,-3.2551588117638364,3.2551588117638364,l,,,,
FCWD1:0045,FCWD1,Garl_event,9.576817596036244,6.202206134796143,57.57908688104916,-3.374611461240102,3.374611461240102,l,,,,
FCWD1:0046,FCWD1,Garl_event,9.41816291115923,6.58932638168335,46.17840181448861,-2.828836529475881,2.828836529475881,l,,,,
FCWD1:0047,FCWD1,Garl_event,9.28843917195566,6.7487335205078125,41.040272350593796,-2.539705651447848,2.539705651447848,l,,,,
FCWD1:0048,FCWD1,Garl_event,9.15868951029756,5.989659786224365,58.577408543285316,-3.1690297240731944,3.1690297240731944,l,,,,
FCWD1:0049,FCWD1,Garl_event,9.043660525036914,6.698882102966309,39.213481284623136,-2.344778422070606,2.344778422070606,l,,,,
FCWD1:0050,FCWD1,Garl_event,8.92865222348256,6.66119384765625,38.630597400882095,-2.26745837582631,2.26745837582631,l,,,,
FCWD1:0051,FCWD1,Garl_event,8.824433488886486,7.171865463256836,26.446251393695707,-1.65256802562965,1.65256802562965,l,,,,
FCWD1:0052,FCWD1,Garl_event,8.72021683645801,19.74347686767578,64.56030348024433,11.023260031217772,11.023260031217772,l,,,,
FCWD1:0053,FCWD1,Garl_event,8.598426102067643,6.843067169189453,30.229634150830844,-1.75535893287819,1.75535893287819,l,,,,
FCWD1:0054,FCWD1,Garl_event,8.47665483394986,5.5264201164245605,63.93366697285747,-2.9502347175252996,2.9502347175252996,l,,,,
FCWD1:0055,FCWD1,Garl_event,8.343589662097763,4.860692977905273,87.3012332769164,-3.4828966841924895,3.4828966841924895,l,,,,
FCWD1:0056,FCWD1,Garl_event,8.21052449024566,6.698240280151367,27.87590219019299,-1.5122842100942933,1.5122842100942933,l,,,,
FCWD1:0057,FCWD1,Garl_event,8.05393418321318,5.431365489959717,60.891605423696284,-2.622568693253463,2.622568693253463,l,,,,
FCWD1:0058,FCWD1,Garl_event,7.8973188437601,6.026623725891113,39.8886672287598,-1.870695117868987,1.870695117868987,l,,,,
FCWD1:0059,FCWD1,Garl_event,7.766340076819543,6.274343013763428,31.066050666541337,-1.4919970630561155,1.4919970630561155,l,,,,
FCWD1:0060,FCWD1,Garl_event,7.63538224470947,5.483036994934082,52.22989305381273,-2.1523452497753883,2.1523452497753883,l,,,,
FCWD1:0061,FCWD1,Garl_event,7.512052067370158,7.88384485244751,6.360427474304646,0.3717927850773517,0.3717927850773517,l,,,,
FCWD1:0062,FCWD1,Garl_event,7.38872189003085,6.616952419281006,16.01496219418255,-0.7717694707498444,0.7717694707498444,l,,,,
FCWD1:0063,FCWD1,Garl_event,7.273705483619834,6.530158042907715,15.884967850782923,-0.7435474407121188,0.7435474407121188,l,,,,
FCWD1:0064,FCWD1,Garl_event,7.15867069076386,6.106712818145752,24.43421575423356,-1.0519578726181082,1.0519578726181082,l,,,,
FCWD1:0065,FCWD1,Garl_event,7.029760855418206,6.321411609649658,16.183277704186363,-0.7083492457685479,0.7083492457685479,l,,,,
FCWD1:0066,FCWD1,Garl_event,6.90087162421789,5.242683410644531,46.61518979360766,-1.658188213573359,1.658188213573359,l,,,,
FCWD1:0067,FCWD1,Garl_event,6.796527259432062,5.028614044189453,52.63874563512466,-1.7679132152426087,1.7679132152426087,l,,,,
FCWD1:0068,FCWD1,Garl_event,6.69218289464623,6.256490230560303,10.569385052451308,-0.4356926640859271,0.4356926640859271,l,,,,
FCWD1:0069,FCWD1,Garl_event,6.600141750467439,5.503469467163086,30.703226757702005,-1.0966722833043532,1.0966722833043532,l,,,,
FCWD1:0070,FCWD1,Garl_event,6.50808589265358,6.36115026473999,3.6053000944533466,-0.1469356279135896,0.1469356279135896,l,,,,
FCWD1:0071,FCWD1,Garl_event,6.405548672864254,7.491969108581543,22.971013712686783,1.0864204357172893,1.0864204357172893,l,,,,
FCWD1:0072,FCWD1,Garl_event,6.30302784198563,5.917054653167725,10.521466518501159,-0.3859731888179052,0.3859731888179052,l,,,,
FCWD1:0073,FCWD1,Garl_event,6.207938884037292,7.517516136169434,28.480229437407232,1.3095772521321418,1.3095772521321418,l,,,,
FCWD1:0074,FCWD1,Garl_event,6.11284992608895,5.996660232543945,3.2229070596959466,-0.11618969354500486,0.11618969354500486,l,,,,
FCWD1:0075,FCWD1,Garl_event,6.025356299112974,4.579409599304199,53.430351691554776,-1.4459466998087747,1.4459466998087747,l,,,,
FCWD1:0076,FCWD1,Garl_event,5.93784868546495,4.843419075012207,38.78151854967493,-1.0944296104527433,1.0944296104527433,s,,,,
FCWD1:0077,FCWD1,Garl_event,5.839342599024738,5.464001178741455,11.97604969416715,-0.37534142028328255,0.37534142028328255,s,,,,
FCWD1:0078,FCWD1,Garl_event,5.74085225718397,5.735192775726318,0.17493942502114918,-0.005659481457652049,0.005659481457652049,s,,,,
FCWD1:0079,FCWD1,Garl_event,5.662271816993134,5.513289928436279,4.85932504428882,-0.1489818885568548,0.1489818885568548,s,,,,
FCWD1:0080,FCWD1,Garl_event,5.5836913768023,5.552005290985107,1.0408024807335992,-0.03168608581719301,0.03168608581719301,s,,,,
FCWD1:0081,FCWD1,Garl_event,5.489835439251447,6.328899383544922,24.567319872754492,0.8390639442934749,0.8390639442934749,s,,,,
FCWD1:0082,FCWD1,Garl_event,5.39596449795388,5.730354309082031,11.01253595725639,0.33438981112815114,0.33438981112815114,s,,,,
FCWD1:0083,FCWD1,Garl_event,5.314058718911291,6.805648326873779,41.94621307716032,1.4915896079624886,1.4915896079624886,s,,,,
FCWD1:0084,FCWD1,Garl_event,5.23215457624972,6.093936443328857,27.51706061128654,0.8617818670791371,0.8617818670791371,s,,,,
FCWD1:0085,FCWD1,Garl_event,5.136383676269721,6.355343341827393,38.01069903412186,1.218959665557672,1.218959665557672,s,,,,
FCWD1:0086,FCWD1,Garl_event,5.04059555234032,5.493288040161133,16.6659343357569,0.45269248782081295,0.45269248782081295,s,,,,
FCWD1:0087,FCWD1,Garl_event,4.990296981197205,5.278443813323975,11.15656314966712,0.2881468321267695,0.2881468321267695,s,,,,
FCWD1:0088,FCWD1,Garl_event,4.94000845911631,5.565376281738281,23.189491593280305,0.6253678226219712,0.6253678226219712,s,,,,
FCWD1:0089,FCWD1,Garl_event,4.896003949611688,4.861622333526611,1.4746792110019447,-0.03438161608507695,0.03438161608507695,s,,,,
FCWD1:0090,FCWD1,Garl_event,4.85199856093122,4.636319160461426,9.79426171455966,-0.21567940046979395,0.21567940046979395,s,,,,
FCWD1:0091,FCWD1,Garl_event,4.791769487961034,5.573455810546875,29.84853157287363,0.7816863225858413,0.7816863225858413,s,,,,
FCWD1:0092,FCWD1,Garl_event,4.73152837952675,4.570527076721191,7.608586503140905,-0.16100130280555902,0.16100130280555902,s,,,,
FCWD1:0093,FCWD1,Garl_event,4.6843063545196175,3.7755401134490967,52.643177466963934,-0.9087662410705208,0.9087662410705208,s,,,,
FCWD1:0094,FCWD1,Garl_event,4.63709282064621,5.566890716552734,36.745151634356745,0.9297978959065247,0.9297978959065247,s,,,,
FCWD1:0095,FCWD1,Garl_event,4.590671756188078,3.7978124618530273,46.59751469793156,-0.7928592943350505,0.7928592943350505,s,,,,
FCWD1:0096,FCWD1,Garl_event,4.54425161916815,4.745345592498779,9.530717482391024,0.20109397333062962,0.20109397333062962,s,,,,
FCWD1:0097,FCWD1,Garl_event,4.4953682429631,4.150454521179199,18.924762070321073,-0.3449137217839011,0.3449137217839011,s,,,,
FCWD1:0098,FCWD1,Garl_event,4.44647607531098,4.334011077880859,5.971999202047627,-0.11246499743012084,0.11246499743012084,s,,,,
FCWD1:0099,FCWD1,Garl_event,4.401428973287,53.63560104370117,211.15794485392377,49.234172070414175,49.234172070414175,s,,,,
FCWD1:0100,FCWD1,Garl_event,4.35639087114355,9.606138229370115,127.57771189923892,5.249747358226565,5.249747358226565,s,,,,
FCWD1:0101,FCWD1,Garl_event,4.310931398306652,4.197588443756104,6.414396278955348,-0.11334295455054733,0.11334295455054733,s,,,,
FCWD1:0102,FCWD1,Garl_event,4.26547283369649,4.360991954803467,5.256861917702881,0.09551912110697636,0.09551912110697636,s,,,,
FCWD1:0103,FCWD1,Garl_event,4.22844148435276,4.710081577301025,24.738352403987676,0.4816400929482656,0.4816400929482656,s,,,,
FCWD1:0104,FCWD1,Garl_event,4.19141605386931,3.404294967651367,56.67228990277006,-0.787121086217943,0.787121086217943,s,,,,
FCWD1:0105,FCWD1,Garl_event,4.130072979944691,4.11473560333252,0.9249458784116662,-0.015337376612170495,0.015337376612170495,s,,,,
FCWD1:0106,FCWD1,Garl_event,4.06872990602007,4.10548210144043,2.2553741813666206,0.03675219542035979,0.03675219542035979,s,,,,
FCWD1:0107,FCWD1,Garl_event,4.025917591130569,4.742273807525635,38.403167658038996,0.7163562163950656,0.7163562163950656,s,,,,
FCWD1:0108,FCWD1,Garl_event,3.98309843229336,3.845480442047119,9.22032875346753,-0.13761799024624066,0.13761799024624066,s,,,,
FCWD1:0109,FCWD1,Garl_event,3.940427187426735,4.226808071136475,17.626624296656694,0.28638088370973946,0.28638088370973946,s,,,,
FCWD1:0110,FCWD1,Garl_event,3.89776276286617,4.048604965209961,9.805656709716212,0.15084220234379098,0.15084220234379098,s,,,,
FCWD1:0111,FCWD1,Garl_event,3.854733676226499,4.358386516571045,30.729744438262873,0.5036528403445457,0.5036528403445457,s,,,,
FCWD1:0112,FCWD1,Garl_event,3.81170458958683,4.145849227905273,21.690846100606876,0.33414463831844365,0.33414463831844365,s,,,,
FCWD1:0113,FCWD1,Garl_event,3.774385448528802,4.169329643249512,25.74693762817066,0.3949441947207095,0.3949441947207095,s,,,,
FCWD1:0114,FCWD1,Garl_event,3.73705885005594,3.3124477863311768,35.3068025117741,-0.4246110637247633,0.4246110637247633,s,,,,
FCWD1:0115,FCWD1,Garl_event,3.689409611505909,3.167131900787353,46.04811513315255,-0.5222777107185559,0.5222777107185559,s,,,,
FCWD1:0116,FCWD1,Garl_event,3.64176798891345,3.23982048034668,35.09053945567497,-0.40194750856676986,0.40194750856676986,s,,,,
FCWD1:0117,FCWD1,Garl_event,3.5987487618224847,2.720566511154175,92.68803819626744,-0.8781822506683099,0.8781822506683099,s,,,,
FCWD1:0118,FCWD1,Garl_event,3.55572953473152,3.010575771331787,52.537577921280935,-0.5451537633997328,0.5451537633997328,s,,,,
FCWD1:0119,FCWD1,Garl_event,3.5085140159420627,2.697761297225952,88.56078621602238,-0.8107527187161105,0.8107527187161105,s,,,,
FCWD1:0120,FCWD1,Garl_event,3.4612909493117,3.044027090072632,40.864219122975776,-0.41726385923906806,0.41726385923906806,s,,,,
FCWD1:0121,FCWD1,Garl_event,3.418641519974143,3.721035003662109,24.457785291718547,0.30239348368796604,0.30239348368796604,s,,,,
FCWD1:0122,FCWD1,Garl_event,3.37599975955819,2.9484665393829346,44.360120052873015,-0.4275332201752553,0.4275332201752553,s,,,,
FCWD1:0123,FCWD1,Garl_event,3.3279201312488818,2.6868093013763428,74.19653958555851,-0.641110829872539,0.641110829872539,s,,,,
FCWD1:0124,FCWD1,Garl_event,3.27984146351393,2.845616817474365,48.10350463717784,-0.43422464603956534,0.43422464603956534,s,,,,
FCWD1:0125,FCWD1,Garl_event,3.227575943969431,3.275258302688598,4.653752167448795,0.04768235871916726,0.04768235871916726,s,,,,
FCWD1:0126,FCWD1,Garl_event,3.17530206929432,4.0954203605651855,72.7906856553617,0.9201182912708656,0.9201182912708656,s,,,,
FCWD1:0127,FCWD1,Garl_event,3.144385678116752,3.02467679977417,13.00858812752874,-0.11970887834258193,0.11970887834258193,s,,,,
FCWD1:0128,FCWD1,Garl_event,3.11347422842263,3.132684230804444,2.0346941315849825,0.019210002381813585,0.019210002381813585,s,,,,
FCWD1:0129,FCWD1,Garl_event,3.063052796768089,2.7205488681793213,42.57884688988287,-0.3425039285887679,0.3425039285887679,s,,,,
FCWD1:0130,FCWD1,Garl_event,3.01263136511355,2.1206326484680176,145.46825798539123,-0.8919987166455323,0.8919987166455323,s,,,,
FCWD1:0131,FCWD1,Garl_event,2.9618248403098013,2.131287336349488,137.10331449369485,-0.8305375039603131,0.8305375039603131,c,,,,
FCWD1:0132,FCWD1,Garl_event,2.9110264361046,2.4015963077545166,75.74665665709301,-0.5094301283500835,0.5094301283500835,c,,,,
FCWD1:0133,FCWD1,Garl_event,2.8527065449503906,2.82195782661438,3.95915544019132,-0.030748718336010672,0.030748718336010672,c,,,,
FCWD1:0134,FCWD1,Garl_event,2.79438548861015,2.874573230743408,10.34785077711188,0.08018774213325841,0.08018774213325841,c,,,,
FCWD1:0135,FCWD1,Garl_event,2.743975220423134,2.552626848220825,28.39202952013571,-0.1913483722023086,0.1913483722023086,c,,,,
FCWD1:0136,FCWD1,Garl_event,2.69355588618465,2.377160787582397,51.45082466219815,-0.316395098602253,0.316395098602253,c,,,,
FCWD1:0137,FCWD1,Garl_event,2.646571008068877,2.24829649925232,69.80524502458188,-0.3982745088165571,0.3982745088165571,c,,,,
FCWD1:0138,FCWD1,Garl_event,2.59959551697848,2.5482611656188965,8.06249519852982,-0.05133435135958342,0.05133435135958342,c,,,,
FCWD1:0139,FCWD1,Garl_event,2.5495038548089743,2.6750667095184326,19.14399904831575,0.12556285470945827,0.12556285470945827,c,,,,
FCWD1:0140,FCWD1,Garl_event,2.49941119184705,2.3607637882232666,24.506798262446186,-0.13864740362378347,0.13864740362378347,c,,,,
FCWD1:0141,FCWD1,Garl_event,2.4580715377452105,2.4224438667297363,6.238960054628512,-0.03562767101547415,0.03562767101547415,c,,,,
FCWD1:0142,FCWD1,Garl_event,2.41672362281686,2.321129322052002,17.792818340621047,-0.09559430076485809,0.09559430076485809,c,,,,
FCWD1:0143,FCWD1,Garl_event,2.371095887057595,2.0262582302093506,75.21712301891837,-0.3448376568482443,0.3448376568482443,c,,,,
FCWD1:0144,FCWD1,Garl_event,2.32547635575813,1.9723514318466189,80.77442983622971,-0.3531249239115113,0.3531249239115113,c,,,,
FCWD1:0145,FCWD1,Garl_event,2.277804430418825,2.145138740539551,28.43817598196671,-0.1326656898792744,0.1326656898792744,c,,,,
FCWD1:0146,FCWD1,Garl_event,2.23013155263156,2.333442211151123,20.76302912233971,0.10331065851956289,0.10331065851956289,c,,,,
FCWD1:0147,FCWD1,Garl_event,2.1864116695595297,2.141554594039917,10.044305047081231,-0.04485707551961271,0.04485707551961271,c,,,,
FCWD1:0148,FCWD1,Garl_event,2.14268392367057,1.9171288013458248,57.76355952751333,-0.2255551223247454,0.2255551223247454,c,,,,
FCWD1:0149,FCWD1,Garl_event,2.092352333965249,1.7982763051986694,82.4186562209446,-0.29407602876657934,0.29407602876657934,c,,,,
FCWD1:0150,FCWD1,Garl_event,2.04203079991887,1.9114367961883545,35.24294947214963,-0.13059400373051533,0.13059400373051533,c,,,,
FCWD1:0151,FCWD1,Garl_event,1.9859584587957952,1.9716607332229608,3.8457952171605525,-0.014297725572834485,0.014297725572834485,c,,,,
FCWD1:0152,FCWD1,Garl_event,1.92988499739099,1.9357068538665767,1.6434724275860013,0.005821856475586751,0.005821856475586751,c,,,,
FCWD1:0153,FCWD1,Garl_event,1.884771421311645,1.886460304260254,0.5016009895615625,0.0016888829486088053,0.0016888829486088053,c,,,,
FCWD1:0154,FCWD1,Garl_event,1.83966595723951,2.005989789962769,47.54742615482525,0.166323832723259,0.166323832723259,c,,,,
FCWD1:0155,FCWD1,Garl_event,1.7930748173258444,1.6756991147994995,41.45777090986388,-0.11737570252634488,0.11737570252634488,c,,,,
FCWD1:0156,FCWD1,Garl_event,1.74648460824829,1.6055597066879272,53.45197817246836,-0.14092490156036286,0.14092490156036286,c,,,,
FCWD1:0157,FCWD1,Garl_event,1.706407661750213,1.6324775218963623,28.231336744578005,-0.07393013985385077,0.07393013985385077,c,,,,
FCWD1:0158,FCWD1,Garl_event,1.66632270675015,1.4728070497512815,84.23973053345046,-0.19351565699886852,0.19351565699886852,c,,,,
FCWD1:0159,FCWD1,Garl_event,1.6280892723084766,1.4032384157180786,105.41475296860003,-0.22485085659039794,0.22485085659039794,c,,,,
FCWD1:0160,FCWD1,Garl_event,1.58986271273514,1.5793665647506714,4.461671946403567,-0.010496147984468518,0.010496147984468518,c,,,,
FCWD1:0161,FCWD1,Garl_event,1.5478356171964749,1.6395864486694336,38.57611549409126,0.0917508314729587,0.0917508314729587,c,,,,
FCWD1:0162,FCWD1,Garl_event,1.50580936130969,1.4597997665405271,22.444812366155116,-0.046009594769162776,0.046009594769162776,c,,,,
FCWD1:0163,FCWD1,Garl_event,1.470363454151092,1.379357099533081,48.26216655057794,-0.09100635461801088,0.09100635461801088,c,,,,
FCWD1:0164,FCWD1,Garl_event,1.43491046390252,1.4010376930236816,18.127684993073796,-0.03387277087883844,0.03387277087883844,c,,,,
FCWD1:0165,FCWD1,Garl_event,1.4050404609865943,1.37923002243042,14.349813945118417,-0.025810438556174375,0.025810438556174375,c,,,,
FCWD1:0166,FCWD1,Garl_event,1.37517523230593,1.380144476890564,2.823154506559206,0.004969244584633881,0.004969244584633881,c,,,,
FCWD1:0167,FCWD1,Garl_event,1.3527147878320047,1.2910586595535278,38.1950604435255,-0.061656128278476885,0.061656128278476885,c,,,,
FCWD1:0168,FCWD1,Garl_event,1.33025434335808,1.2705334424972534,38.28038749287846,-0.0597209008608266,0.0597209008608266,c,,,,
FCWD1:0169,FCWD1,Garl_event,1.3115864145473528,1.33072030544281,11.860542131358482,0.01913389089545725,0.01913389089545725,c,,,,
FCWD1:0170,FCWD1,Garl_event,1.29291550149415,1.4803404808044434,105.57512938951865,0.18742497931029334,0.18742497931029334,c,,,,
FCWD1:0171,FCWD1,Garl_event,1.2779597655302806,1.3784345388412476,61.68793131760303,0.10047477331096699,0.10047477331096699,c,,,,
FCWD1:0172,FCWD1,Garl_event,1.26300671880208,1.4818466901779177,126.18224712265092,0.21883997137583777,0.21883997137583777,c,,,,
FCWD1:0173,FCWD1,Garl_event,1.245921677921751,1.3719778060913086,79.85951364308741,0.12605612816955758,0.12605612816955758,c,,,,
FCWD1:0174,FCWD1,Garl_event,1.22883697838042,1.301449179649353,49.30376714679552,0.07261220126893297,0.07261220126893297,c,,,,
FCWD1:0175,FCWD1,Garl_event,1.2178929002381045,1.837294340133667,297.1156424603625,0.6194014398955625,0.6194014398955625,c,,,,
FCWD1:0176,FCWD1,Garl_event,1.20695100859373,1.734624266624451,271.1009782801398,0.5276732580307208,0.5276732580307208,c,,,,
FCWD1:0177,FCWD1,Garl_event,1.201945569438044,1.6865880489349363,257.4248188738415,0.4846424794968922,0.4846424794968922,c,,,,
FCWD1:0178,FCWD1,Garl_event,1.19694003027758,1.7152740955352783,271.7558307915064,0.5183340652576984,0.5183340652576984,c,,,,
FCWD1:0179,FCWD1,Garl_event,1.2003662665497734,1.5058742761611938,182.69364321603643,0.30550800961142044,0.30550800961142044,c,,,,
FCWD1:0180,FCWD1,Garl_event,1.20379311901457,1.2955188751220703,63.939715581049356,0.09172575610750022,0.09172575610750022,c,,,,
FCWD1:0181,FCWD1,Garl_event,1.2070136257533617,1.2684911489486694,43.684464188493,0.06147752319530775,0.06147752319530775,c,,,,
FCWD1:0182,FCWD1,Garl_event,1.21023361774641,1.2709848880767822,42.96030914870658,0.06075127033037231,0.06075127033037231,c,,,,
FCWD1:0183,FCWD1,Garl_event,1.2194247105818896,1.2925018072128296,50.3803038268108,0.07307709663093997,0.07307709663093997,c,,,,
FCWD1:0184,FCWD1,Garl_event,1.22861598704825,1.570801854133606,191.17737218325783,0.3421858670853559,0.3421858670853559,c,,,,
FCWD1:0185,FCWD1,Garl_event,1.2565043580932815,1.5947999954223633,181.75657317109074,0.33829563732908174,0.33829563732908174,c,,,,
FCWD1:0186,FCWD1,Garl_event,1.28439774473169,1.3506790399551392,41.3469146974485,0.06628129522344905,0.06628129522344905,c,,,,
FCWD1:0187,FCWD1,Garl_event,1.3287510437720724,1.4753520488739014,80.54289641821074,0.14660100510182894,0.14660100510182894,c,,,,
FCWD1:0188,FCWD1,Garl_event,1.37309548154559,1.9075249433517456,217.6825906027549,0.5344294618061556,0.5344294618061556,c,,,,
FCWD1:0189,FCWD1,Garl_event,1.4537129730780136,2.6341333389282227,325.67263197769586,1.180420365850209,1.180420365850209,c,,,,
FCWD1:0190,FCWD1,Garl_event,1.53433046461044,2.881019830703736,320.69307989566374,1.3466893660932957,1.3466893660932957,c,,,,
FCWD1:0191,FCWD1,Garl_event,1.672300573884577,2.2694547176361084,165.96650722617895,0.5971541437515313,0.5971541437515313,c,,,,
FCWD1:0192,FCWD1,Garl_event,1.81029273896709,2.7692348957061768,200.44822517178352,0.9589421567390868,0.9589421567390868,c,,,,
FCWD1:0193,FCWD1,Garl_event,2.0117235199738643,2.990036725997925,169.701653577847,0.9783132060240605,0.9783132060240605,c,,,,
FCWD1:0194,FCWD1,Garl_event,2.21311405748254,3.349447727203369,159.27460504556933,1.136333669720829,1.136333669720829,c,,,,
FCWD1:0195,FCWD1,Garl_event,2.591119217817779,2.759074687957764,24.406533201805914,0.16795547013998524,0.16795547013998524,c,,,,
FCWD1:0196,FCWD1,Garl_event,2.96913193040188,4.550234794616699,120.38132798565714,1.5811028642148193,1.5811028642148193,c,,,,
FCWD1:0197,FCWD1,Garl_event,3.9252748034398346,3.638512134552002,20.624523570654947,-0.28676266888783264,0.28676266888783264,s,,,,
FCWD1:0198,FCWD1,Garl_event,4.88158963431124,5.710751056671143,30.319010430666925,0.8291614223599026,0.8291614223599026,s,,,,
FCWD1:0199,FCWD1,Garl_event,9.25766324520781,6.3057780265808105,51.249367389525,-2.951885218627,2.951885218627,l,,,,
FCWD1:0200,FCWD1,Garl_event,13.6328625681278,4.8375115394592285,135.26185994588113,-8.795351028668572,8.795351028668572,outside,,,,
FCWD2:0000,FCWD2,Garl_event,16.473274054659676,29.0736083984375,26.434643269737318,12.600334343777824,12.600334343777824,outside,,,,
FCWD2:0001,FCWD2,Garl_event,16.0773303107143,7.075978755950928,79.93770184557884,-9.001351554763371,9.001351554763371,outside,,,,
FCWD2:0002,FCWD2,Garl_event,15.74679360920229,7.742925643920898,66.28389405291747,-8.003867965281392,8.003867965281392,outside,,,,
FCWD2:0003,FCWD2,Garl_event,15.416322945031,7.663873672485352,66.2634706950342,-7.752449272545649,7.752449272545649,outside,,,,
FCWD2:0004,FCWD2,Garl_event,15.053386709234694,7.248273372650146,72.27257328633569,-7.805113336584548,7.805113336584548,outside,,,,
FCWD2:0005,FCWD2,Garl_event,14.6904432222549,6.734511375427246,81.298147424307,-7.955931846827655,7.955931846827655,outside,,,,
FCWD2:0006,FCWD2,Garl_event,14.426590822343584,7.206522464752197,70.17714459409993,-7.220068357591387,7.220068357591387,outside,,,,
FCWD2:0007,FCWD2,Garl_event,14.1626856972959,6.81134033203125,77.04383401448153,-7.351345365264651,7.351345365264651,outside,,,,
FCWD2:0008,FCWD2,Garl_event,13.987266486582364,6.768855094909668,77.08723992063453,-7.218411391672696,7.218411391672696,outside,,,,
FCWD2:0009,FCWD2,Garl_event,13.8118788185224,8.343884468078613,47.907409683654265,-5.467994350443787,5.467994350443787,outside,,,,
FCWD2:0010,FCWD2,Garl_event,13.658838134374973,6.894642353057861,72.62028103538695,-6.764195781317111,6.764195781317111,outside,,,,
FCWD2:0011,FCWD2,Garl_event,13.5058005078002,7.190430641174316,65.73213068285622,-6.315369866625884,6.315369866625884,outside,,,,
FCWD2:0012,FCWD2,Garl_event,13.249651612377011,7.410005569458008,60.111615007351794,-5.839646042919004,5.839646042919004,outside,,,,
FCWD2:0013,FCWD2,Garl_event,12.9934515311945,7.879771709442139,50.4598512612287,-5.113679821752362,5.113679821752362,outside,,,,
FCWD2:0014,FCWD2,Garl_event,12.7783195716197,6.99120569229126,65.50431142243428,-5.787113879328441,5.787113879328441,outside,,,,
FCWD2:0015,FCWD2,Garl_event,12.5631876120449,6.930414199829102,65.42653219660009,-5.632773412215798,5.632773412215798,outside,,,,
FCWD2:0016,FCWD2,Garl_event,12.31997225080794,6.987449645996094,62.6474583778827,-5.332522604811846,5.332522604811846,outside,,,,
FCWD2:0017,FCWD2,Garl_event,12.0767180093278,6.803661346435547,64.92185539779831,-5.2730566628922535,5.2730566628922535,outside,,,,
FCWD2:0018,FCWD2,Garl_event,11.876870187411344,7.223245620727539,54.85543947032571,-4.6536245666838045,4.6536245666838045,outside,,,,
FCWD2:0019,FCWD2,Garl_event,11.6770622927364,6.807470798492432,61.98028410340393,-4.869591494243968,4.869591494243968,outside,,,,
FCWD2:0020,FCWD2,Garl_event,11.5090372487491,7.154310703277588,53.49401356466984,-4.354726545471513,4.354726545471513,outside,,,,
FCWD2:0021,FCWD2,Garl_event,11.3410122047618,6.229426383972168,73.26425220450344,-5.111585820789632,5.111585820789632,outside,,,,
FCWD2:0022,FCWD2,Garl_event,11.219713112439738,6.510847091674805,65.25314357989143,-4.708866020764933,4.708866020764933,outside,,,,
FCWD2:0023,FCWD2,Garl_event,11.0983946293268,6.800985813140869,57.6177182129356,-4.29740881618593,4.29740881618593,outside,,,,
FCWD2:0024,FCWD2,Garl_event,10.973331728932244,6.367886543273926,66.73628341268693,-4.6054451856583185,4.6054451856583185,outside,,,,
FCWD2:0025,FCWD2,Garl_event,10.8482888178129,6.678083896636963,58.26810030160518,-4.170204921175937,4.170204921175937,outside,,,,
FCWD2:0026,FCWD2,Garl_event,10.709348708484418,6.706996440887451,56.40567079804886,-4.002352267596967,4.002352267596967,outside,,,,
FCWD2:0027,FCWD2,Garl_event,10.5704058232407,7.286046981811523,43.14511852195866,-3.2843588414291762,3.2843588414291762,outside,,,,
FCWD2:0028,FCWD2,Garl_event,10.45250040481442,5.80183219909668,77.73054998444832,-4.650668205717741,4.650668205717741,outside,,,,
FCWD2:0029,FCWD2,Garl_event,10.3345737816489,7.62185001373291,34.83627044536849,-2.712723767915989,2.712723767915989,outside,,,,
FCWD2:0030,FCWD2,Garl_event,10.205395695009663,6.769892692565918,50.3440293413486,-3.4355030024437454,3.4355030024437454,outside,,,,
FCWD2:0031,FCWD2,Garl_event,10.076243416631,5.772626876831055,75.01029151374469,-4.303616539799945,4.303616539799945,outside,,,,
FCWD2:0032,FCWD2,Garl_event,9.959921943845195,6.516916751861572,53.726451843890025,-3.443005191983623,3.443005191983623,l,,,,
FCWD2:0033,FCWD2,Garl_event,9.84359814704691,5.984595775604248,66.39905507627793,-3.859002371442662,3.859002371442662,l,,,,
FCWD2:0034,FCWD2,Garl_event,9.703947403704738,6.076565742492676,62.350292482709,-3.6273816612120626,3.6273816612120626,l,,,,
FCWD2:0035,FCWD2,Garl_event,9.56431898126776,6.590853691101074,47.78251492850865,-2.9734652901666863,2.9734652901666863,l,,,,
FCWD2:0036,FCWD2,Garl_event,9.420547494119996,6.115438461303711,58.153914179342735,-3.3051090328162847,3.3051090328162847,l,,,,
FCWD2:0037,FCWD2,Garl_event,9.27677600697223,7.278239727020264,29.96719653391381,-1.998536279951967,1.998536279951967,l,,,,
FCWD2:0038,FCWD2,Garl_event,9.155873852953093,6.973016262054443,34.6278939887408,-2.1828575908986494,2.1828575908986494,l,,,,
FCWD2:0039,FCWD2,Garl_event,9.03495237159737,6.857051372528076,35.61078423738335,-2.177900999069294,2.177900999069294,l,,,,
FCWD2:0040,FCWD2,Garl_event,8.913546632148782,6.907132148742676,33.01329401356868,-2.0064144834061057,2.0064144834061057,l,,,,
FCWD2:0041,FCWD2,Garl_event,8.79216029743758,7.52587890625,19.37608139086404,-1.2662813911875794,1.2662813911875794,l,,,,
FCWD2:0042,FCWD2,Garl_event,8.66089721944899,6.410564422607422,41.088768366928875,-2.250332796841569,2.250332796841569,l,,,,
FCWD2:0043,FCWD2,Garl_event,8.5296341414604,7.070700168609619,24.50736121056339,-1.4589339728507813,1.4589339728507813,l,,,,
FCWD2:0044,FCWD2,Garl_event,8.432776653794182,6.653242588043213,32.15001260287639,-1.779534065750969,1.779534065750969,l,,,,
FCWD2:0045,FCWD2,Garl_event,8.33590368255548,6.319149971008301,38.82627913852606,-2.01675371154718,2.01675371154718,l,,,,
FCWD2:0046,FCWD2,Garl_event,8.26377061226357,6.771969795227051,27.020391872761095,-1.4918008170365198,1.4918008170365198,l,,,,
FCWD2:0047,FCWD2,Garl_event,8.1916519533097,6.611007213592529,29.59183284920907,-1.5806447397171706,1.5806447397171706,l,,,,
FCWD2:0048,FCWD2,Garl_event,8.044460190086799,7.325367450714111,12.364015753706486,-0.7190927393726874,0.7190927393726874,l,,,,
FCWD2:0049,FCWD2,Garl_event,7.89726548608704,4.6288743019104,90.96832031489491,-3.2683911841766395,3.2683911841766395,l,,,,
FCWD2:0050,FCWD2,Garl_event,7.809318357952804,5.596192359924316,51.429680707570526,-2.213125998028487,2.213125998028487,l,,,,
FCWD2:0051,FCWD2,Garl_event,7.72135541293802,6.716985702514648,19.63872767118683,-1.0043697104233713,1.0043697104233713,l,,,,
FCWD2:0052,FCWD2,Garl_event,7.640794353748335,6.10355806350708,33.45543829977425,-1.537236290241255,1.537236290241255,l,,,,
FCWD2:0053,FCWD2,Garl_event,7.56024938970963,6.758248329162598,15.919634615924657,-0.802001060547032,0.802001060547032,l,,,,
FCWD2:0054,FCWD2,Garl_event,7.45674311455031,5.018941402435303,66.24274336034611,-2.4378017121150073,2.4378017121150073,l,,,,
FCWD2:0055,FCWD2,Garl_event,7.35323477141618,6.824500560760498,10.687271768680464,-0.5287342106556823,0.5287342106556823,l,,,,
FCWD2:0056,FCWD2,Garl_event,7.261458309093372,7.250560283660889,0.20988400310237645,-0.010898025432483749,0.010898025432483749,l,,,,
FCWD2:0057,FCWD2,Garl_event,7.16966350725009,6.949044227600098,4.491766553347873,-0.22061927964999217,0.22061927964999217,l,,,,
FCWD2:0058,FCWD2,Garl_event,7.068988068301506,6.738920211791992,7.030656133687248,-0.33006785650951365,0.33006785650951365,l,,,,
FCWD2:0059,FCWD2,Garl_event,6.96833073210507,5.928324222564697,25.574558004380822,-1.0400065095403725,1.0400065095403725,l,,,,
FCWD2:0060,FCWD2,Garl_event,6.88316710546112,6.250033855438232,14.945303143322398,-0.6331332500228877,0.6331332500228877,l,,,,
FCWD2:0061,FCWD2,Garl_event,6.7980017773142,5.9684157371521,20.773425710871994,-0.8295860401621002,0.8295860401621002,l,,,,
FCWD2:0062,FCWD2,Garl_event,6.707831544451095,6.976698875427246,5.830455455058062,0.2688673309761507,0.2688673309761507,l,,,,
FCWD2:0063,FCWD2,Garl_event,6.61764329303737,7.106942176818848,10.557754912055643,0.489298883781478,0.489298883781478,l,,,,
FCWD2:0064,FCWD2,Garl_event,6.54894527196863,6.453420639038086,2.2955489535320117,-0.0955246329305437,0.0955246329305437,l,,,,
FCWD2:0065,FCWD2,Garl_event,6.48024725089989,5.887279510498047,15.798720725629327,-0.5929677404018427,0.5929677404018427,l,,,,
FCWD2:0066,FCWD2,Garl_event,6.394667961594155,4.301883220672607,77.58482066792465,-2.092784740921547,2.092784740921547,l,,,,
FCWD2:0067,FCWD2,Garl_event,6.3090749916411,5.693850994110107,17.417203228779556,-0.6152239975309923,0.6152239975309923,l,,,,
FCWD2:0068,FCWD2,Garl_event,6.216749674248735,5.654453754425049,16.27072236191185,-0.5622959198236863,0.5622959198236863,l,,,,
FCWD2:0069,FCWD2,Garl_event,6.12443911356018,4.916328430175781,40.87299489794017,-1.2081106833843984,1.2081106833843984,l,,,,
FCWD2:0070,FCWD2,Garl_event,6.036565423971945,5.786444187164307,7.283861817010129,-0.2501212368076384,0.2501212368076384,l,,,,
FCWD2:0071,FCWD2,Garl_event,5.94869173438371,5.1348557472229,27.13557440304246,-0.8138359871608092,0.8138359871608092,s,,,,
FCWD2:0072,FCWD2,Garl_event,5.902780420981193,5.366013526916504,17.253309738735588,-0.536766894064689,0.536766894064689,s,,,,
FCWD2:0073,FCWD2,Garl_event,5.85686176822716,5.544464111328125,9.79208116695187,-0.3123976568990354,0.3123976568990354,s,,,,
FCWD2:0074,FCWD2,Garl_event,5.8070150068420805,5.477684497833252,10.540344295711275,-0.32933050900882854,0.32933050900882854,s,,,,
FCWD2:0075,FCWD2,Garl_event,5.75717621265294,5.631185531616211,3.9557130034531887,-0.12599068103672906,0.12599068103672906,s,,,,
FCWD2:0076,FCWD2,Garl_event,5.7078984059993,4.894299030303955,29.686872822705205,-0.813599375695345,0.813599375695345,s,,,,
FCWD2:0077,FCWD2,Garl_event,5.65861961481344,4.772165775299072,33.47343734248234,-0.8864538395143677,0.8864538395143677,s,,,,
FCWD2:0078,FCWD2,Garl_event,5.623500697031921,5.299769878387451,11.065037036777289,-0.32373081864446984,0.32373081864446984,s,,,,
FCWD2:0079,FCWD2,Garl_event,5.58837546327694,4.974136829376221,22.524990640983845,-0.6142386339007189,0.6142386339007189,s,,,,
FCWD2:0080,FCWD2,Garl_event,5.543692208787001,5.851877689361572,9.669708451469326,0.3081854805745712,0.3081854805745712,s,,,,
FCWD2:0081,FCWD2,Garl_event,5.49901788148514,4.869609355926514,23.96867913334367,-0.6294085255586266,0.6294085255586266,s,,,,
FCWD2:0082,FCWD2,Garl_event,5.442898811141367,4.959315776824951,18.267072340045903,-0.4835830343164158,0.4835830343164158,s,,,,
FCWD2:0083,FCWD2,Garl_event,5.38677861958225,5.953505516052246,17.989506240424156,0.5667268964699961,0.5667268964699961,s,,,,
FCWD2:0084,FCWD2,Garl_event,5.333294221563986,4.837316513061523,19.61138597446309,-0.4959777085024628,0.4959777085024628,s,,,,
FCWD2:0085,FCWD2,Garl_event,5.27979913585753,5.896839618682861,20.18102053362614,0.6170404828253311,0.6170404828253311,s,,,,
FCWD2:0086,FCWD2,Garl_event,5.217061611632195,6.854529857635498,46.57606447633115,1.6374682460033032,1.6374682460033032,s,,,,
FCWD2:0087,FCWD2,Garl_event,5.15433536842896,7.140547752380371,54.88299313202976,1.9862123839514112,1.9862123839514112,s,,,,
FCWD2:0088,FCWD2,Garl_event,5.099115624078267,5.313684940338135,8.07427046089472,0.21456931625986808,0.21456931625986808,s,,,,
FCWD2:0089,FCWD2,Garl_event,5.04389698295304,3.915217638015747,58.48096568205247,-1.128679344937293,1.128679344937293,s,,,,
FCWD2:0090,FCWD2,Garl_event,5.017306699960334,4.757820129394531,11.097381710967607,-0.2594865705658025,0.2594865705658025,s,,,,
FCWD2:0091,FCWD2,Garl_event,4.99072066699288,5.69767951965332,25.338035255596214,0.7069588526604402,0.7069588526604402,s,,,,
FCWD2:0092,FCWD2,Garl_event,4.940892919917719,6.584206581115723,51.42500972426739,1.643313661198004,1.643313661198004,s,,,,
FCWD2:0093,FCWD2,Garl_event,4.89106517284256,4.181894302368164,35.45810269052541,-0.709170870474396,0.709170870474396,s,,,,
FCWD2:0094,FCWD2,Garl_event,4.86621289412062,22.34727478027344,162.79087205015676,17.481061886152823,17.481061886152823,s,,,,
FCWD2:0095,FCWD2,Garl_event,4.84135664253021,3.421694040298462,87.89182727253319,-1.4196626022317478,1.4196626022317478,s,,,,
FCWD2:0096,FCWD2,Garl_event,4.806983807089968,3.62604022026062,69.43215718829765,-1.1809435868293479,1.1809435868293479,s,,,,
FCWD2:0097,FCWD2,Garl_event,4.77261783893749,3.698941707611084,62.31433784965285,-1.0736761313264056,1.0736761313264056,s,,,,
FCWD2:0098,FCWD2,Garl_event,4.7253271241373405,3.8298726081848153,50.677681334861354,-0.8954545159525251,0.8954545159525251,s,,,,
FCWD2:0099,FCWD2,Garl_event,4.67803546450552,3.745507955551148,54.532498433581196,-0.9325275089543719,0.9325275089543719,s,,,,
FCWD2:0100,FCWD2,Garl_event,4.633569820993827,4.039159774780273,32.51326808275161,-0.5944100462135538,0.5944100462135538,s,,,,
FCWD2:0101,FCWD2,Garl_event,4.58909618054367,4.479730129241943,5.439887147376532,-0.10936605130172694,0.10936605130172694,s,,,,
FCWD2:0102,FCWD2,Garl_event,4.536683722644549,4.0771965980529785,25.43345649766063,-0.45948712459157015,0.45948712459157015,s,,,,
FCWD2:0103,FCWD2,Garl_event,4.48427964202632,4.24364709854126,12.941894439820363,-0.24063254348506025,0.24063254348506025,s,,,,
FCWD2:0104,FCWD2,Garl_event,4.43618453811008,3.5505683422088623,57.688867434529705,-0.8856161959012177,0.8856161959012177,s,,,,
FCWD2:0105,FCWD2,Garl_event,4.3880884732911,4.426192283630371,2.007385590063991,0.038103810339270794,0.038103810339270794,s,,,,
FCWD2:0106,FCWD2,Garl_event,4.354453391222863,3.453089714050293,61.54377642873961,-0.9013636771725704,0.9013636771725704,s,,,,
FCWD2:0107,FCWD2,Garl_event,4.32081226004209,4.253825664520264,3.731583906463054,-0.06698659552182651,0.06698659552182651,s,,,,
FCWD2:0108,FCWD2,Garl_event,4.262847707531,4.582623958587647,16.748569547406987,0.31977625105664753,0.31977625105664753,s,,,,
FCWD2:0109,FCWD2,Garl_event,4.20489473565494,6.031281471252441,73.49945602348487,1.8263867355975014,1.8263867355975014,s,,,,
FCWD2:0110,FCWD2,Garl_event,4.153775879085126,5.662468910217285,65.51066333717239,1.5086930311321591,1.5086930311321591,s,,,,
FCWD2:0111,FCWD2,Garl_event,4.10265600120035,4.328464984893799,13.024953340845837,0.22580898369344915,0.22580898369344915,s,,,,
FCWD2:0112,FCWD2,Garl_event,4.065894552975754,4.678414821624756,32.95829205961866,0.6125202686490017,0.6125202686490017,s,,,,
FCWD2:0113,FCWD2,Garl_event,4.02912649337626,2.7520911693573,118.80132022561281,-1.2770353240189598,1.2770353240189598,s,,,,
FCWD2:0114,FCWD2,Garl_event,3.9839170977542153,2.860902070999145,101.58195831582513,-1.1230150267550703,1.1230150267550703,s,,,,
FCWD2:0115,FCWD2,Garl_event,3.93870860536266,3.632406949996948,21.991109601829095,-0.3063016553657123,0.3063016553657123,s,,,,
FCWD2:0116,FCWD2,Garl_event,3.89104871051566,3.231552124023437,53.977604089068926,-0.6594965864922231,0.6594965864922231,s,,,,
FCWD2:0117,FCWD2,Garl_event,3.8433811967901,3.325744390487671,41.66550673952246,-0.5176368063024293,0.5176368063024293,s,,,,
FCWD2:0118,FCWD2,Garl_event,3.7989395021831736,3.5509514808654785,18.898139047351727,-0.24798802131769504,0.24798802131769504,s,,,,
FCWD2:0119,FCWD2,Garl_event,3.75450491085997,3.490570306777954,20.711953892688268,-0.26393460408201586,0.26393460408201586,s,,,,
FCWD2:0120,FCWD2,Garl_event,3.710383573632266,4.00560998916626,20.39343084916205,0.29522641553399387,0.29522641553399387,s,,,,
FCWD2:0121,FCWD2,Garl_event,3.66626223640456,3.570737361907959,7.504266280607894,-0.09552487449660108,0.09552487449660108,s,,,,
FCWD2:0122,FCWD2,Garl_event,3.6145013291824686,3.222929239273072,34.62972194606624,-0.3915720899093964,0.3915720899093964,s,,,,
FCWD2:0123,FCWD2,Garl_event,3.56273214749675,3.426872968673706,11.455678418468874,-0.13585917882304388,0.13585917882304388,s,,,,
FCWD2:0124,FCWD2,Garl_event,3.5232045466254744,2.997714042663574,51.34003702131757,-0.5254905039619002,0.5254905039619002,s,,,,
FCWD2:0125,FCWD2,Garl_event,3.48368326359978,3.188627004623413,27.38456970641578,-0.2950562589763668,0.2950562589763668,s,,,,
FCWD2:0126,FCWD2,Garl_event,3.438283384925664,2.839000701904297,63.4336561652964,-0.5992826830213671,0.5992826830213671,s,,,,
FCWD2:0127,FCWD2,Garl_event,3.39288259919731,2.7911646366119385,65.68357693567947,-0.6017179625853717,0.6017179625853717,s,,,,
FCWD2:0128,FCWD2,Garl_event,3.3353239794615823,2.520376920700073,100.44432883043036,-0.8149470587615095,0.8149470587615095,s,,,,
FCWD2:0129,FCWD2,Garl_event,3.27775500807672,2.754002332687378,60.026683581133405,-0.5237526753893422,0.5237526753893422,s,,,,
FCWD2:0130,FCWD2,Garl_event,3.2253032114592006,2.537266254425049,87.1454123418082,-0.6880369570341518,0.6880369570341518,s,,,,
FCWD2:0131,FCWD2,Garl_event,3.172861894093,3.643292427062988,41.932191882064345,0.47043053296998805,0.47043053296998805,s,,,,
FCWD2:0132,FCWD2,Garl_event,3.125773826272906,3.10746169090271,1.9477761322889142,-0.018312135370195826,0.018312135370195826,s,,,,
FCWD2:0133,FCWD2,Garl_event,3.07868481766987,3.094993352890014,1.7688551592794783,0.016308535220144194,0.016308535220144194,s,,,,
FCWD2:0134,FCWD2,Garl_event,3.027524059756378,2.8287618160247803,24.03027511273949,-0.1987622437315979,0.1987622437315979,s,,,,
FCWD2:0135,FCWD2,Garl_event,2.97635410081934,2.693490982055664,36.577369969796045,-0.2828631187636761,0.2828631187636761,c,,,,
FCWD2:0136,FCWD2,Garl_event,2.919627201388752,2.568842887878418,48.547256603490226,-0.3507843135103341,0.3507843135103341,c,,,,
FCWD2:0137,FCWD2,Garl_event,2.86291163532468,2.600707530975342,36.55733812209405,-0.26220410434933816,0.26220410434933816,c,,,,
FCWD2:0138,FCWD2,Garl_event,2.816622889605493,2.435787439346313,57.719343479998365,-0.38083545025918,0.38083545025918,c,,,,
FCWD2:0139,FCWD2,Garl_event,2.77033506868094,2.356125593185425,66.0525146768308,-0.414209475495515,0.414209475495515,c,,,,
FCWD2:0140,FCWD2,Garl_event,2.720444327366779,2.224431276321411,85.45816289928342,-0.49601305104536797,0.49601305104536797,c,,,,
FCWD2:0141,FCWD2,Garl_event,2.67054361647819,2.390427589416504,45.690843368886846,-0.28011602706168626,0.28011602706168626,c,,,,
FCWD2:0142,FCWD2,Garl_event,2.6234286796366315,2.587754726409912,5.464566930250409,-0.0356739532267194,0.0356739532267194,c,,,,
FCWD2:0143,FCWD2,Garl_event,2.57632221467295,2.65574049949646,12.068842378505988,0.0794182848235101,0.0794182848235101,c,,,,
FCWD2:0144,FCWD2,Garl_event,2.535955476406046,2.4513721466064453,14.17470235267379,-0.08458332979960081,0.08458332979960081,c,,,,
FCWD2:0145,FCWD2,Garl_event,2.49558954461904,2.238983154296875,47.95624529812435,-0.2566063903221649,0.2566063903221649,c,,,,
FCWD2:0146,FCWD2,Garl_event,2.446019990299646,2.188751220703125,50.228383181378234,-0.257268769596521,0.257268769596521,c,,,,
FCWD2:0147,FCWD2,Garl_event,2.39645835886914,2.087411642074585,64.67868488166023,-0.3090467167945552,0.3090467167945552,c,,,,
FCWD2:0148,FCWD2,Garl_event,2.347834133827913,2.105130434036255,51.42203527111179,-0.24270369979165807,0.24270369979165807,c,,,,
FCWD2:0149,FCWD2,Garl_event,2.29920893731252,2.2583653926849365,8.226997369608496,-0.04084354462758366,0.04084354462758366,c,,,,
FCWD2:0150,FCWD2,Garl_event,2.2444816779519328,2.2894673347473145,9.158374262055387,0.04498565679538169,0.04498565679538169,c,,,,
FCWD2:0151,FCWD2,Garl_event,2.18974457614916,2.075897455215454,26.278068785112392,-0.11384712093370597,0.11384712093370597,c,,,,
FCWD2:0152,FCWD2,Garl_event,2.1453117343033643,2.1328234672546387,2.863188416515963,-0.012488267048725632,0.012488267048725632,c,,,,
FCWD2:0153,FCWD2,Garl_event,2.10088599432632,2.0965728759765625,1.028208985957707,-0.004313118349757339,0.004313118349757339,c,,,,
FCWD2:0154,FCWD2,Garl_event,2.053751461492148,1.7840244770050049,77.68552412411277,-0.2697269844871433,0.2697269844871433,c,,,,
FCWD2:0155,FCWD2,Garl_event,2.0066159869467,1.7663370370864868,71.6032668105241,-0.24027894986021314,0.24027894986021314,c,,,,
FCWD2:0156,FCWD2,Garl_event,1.9558864486335168,1.779683232307434,53.491003680895474,-0.1762032163260827,0.1762032163260827,c,,,,
FCWD2:0157,FCWD2,Garl_event,1.90514778684962,1.8445521593093872,18.21516295868665,-0.060595627540232844,0.060595627540232844,c,,,,
FCWD2:0158,FCWD2,Garl_event,1.855655173656668,1.832702279090881,7.1361056401601095,-0.022952894565787085,0.022952894565787085,c,,,,
FCWD2:0159,FCWD2,Garl_event,1.80617244850503,1.6370859146118164,60.720100004286664,-0.1690865338932135,0.1690865338932135,c,,,,
FCWD2:0160,FCWD2,Garl_event,1.7533570514766013,1.591672658920288,61.6290198911186,-0.16168439255631317,0.16168439255631317,c,,,,
FCWD2:0161,FCWD2,Garl_event,1.70054059923765,1.5930147171020508,42.26140221812974,-0.10752588213559933,0.10752588213559933,c,,,,
FCWD2:0162,FCWD2,Garl_event,1.649950886385012,1.5824159383773804,27.573290303776478,-0.06753494800763171,0.06753494800763171,c,,,,
FCWD2:0163,FCWD2,Garl_event,1.59935207520862,1.4466534852981567,70.64803440042122,-0.15269858991046337,0.15269858991046337,c,,,,
FCWD2:0164,FCWD2,Garl_event,1.5530535684948727,1.45688796043396,45.53027826937742,-0.09616560806091279,0.09616560806091279,c,,,,
FCWD2:0165,FCWD2,Garl_event,1.50675598677077,1.435003638267517,35.60715838384007,-0.07175234850325296,0.07175234850325296,c,,,,
FCWD2:0166,FCWD2,Garl_event,1.4735752195105385,1.4101617336273191,32.79231946849884,-0.06341348588321938,0.06341348588321938,c,,,,
FCWD2:0167,FCWD2,Garl_event,1.44038914799529,1.464572191238403,12.311242987281535,0.024183043243113156,0.024183043243113156,c,,,,
FCWD2:0168,FCWD2,Garl_event,1.4171027279186892,1.395408272743225,11.810934233244113,-0.02169445517546409,0.02169445517546409,c,,,,
FCWD2:0169,FCWD2,Garl_event,1.39382096019461,1.3698079586029053,13.558353867621776,-0.02401300159170483,0.02401300159170483,c,,,,
FCWD2:0170,FCWD2,Garl_event,1.3745916000921097,1.3821706771850586,4.3012055213478835,0.007579077092948916,0.007579077092948916,c,,,,
FCWD2:0171,FCWD2,Garl_event,1.35536223998961,1.4430313110351562,48.278394036267436,0.08766907104554633,0.08766907104554633,c,,,,
FCWD2:0172,FCWD2,Garl_event,1.3428847802486237,1.5053162574768066,86.4436546744675,0.16243147722818296,0.16243147722818296,c,,,,
FCWD2:0173,FCWD2,Garl_event,1.33040532586936,1.4584102630615234,71.08114010302549,0.12800493719216344,0.12800493719216344,c,,,,
FCWD2:0174,FCWD2,Garl_event,1.318171472454926,1.6247215270996094,153.69941799938087,0.3065500546446833,0.3065500546446833,c,,,,
FCWD2:0175,FCWD2,Garl_event,1.30593957442344,1.401649832725525,56.4633638708896,0.0957102583020848,0.0957102583020848,c,,,,
FCWD2:0176,FCWD2,Garl_event,1.2913429972119854,1.680077075958252,192.35477270435217,0.38873407874626653,0.38873407874626653,c,,,,
FCWD2:0177,FCWD2,Garl_event,1.27674612837228,2.066488027572632,319.60306245534116,0.7897418992003518,0.7897418992003518,c,,,,
FCWD2:0178,FCWD2,Garl_event,1.2641411815737875,1.904554009437561,284.7496148569928,0.6404128278637735,0.6404128278637735,c,,,,
FCWD2:0179,FCWD2,Garl_event,1.25153396783444,1.6946254968643188,224.52174450346251,0.4430915290298789,0.4430915290298789,c,,,,
FCWD2:0180,FCWD2,Garl_event,1.2413580116589518,1.5277361869812012,162.90239806334137,0.2863781753222494,0.2863781753222494,c,,,,
FCWD2:0181,FCWD2,Garl_event,1.23118408851968,1.495227575302124,154.90548707190507,0.26404348678244394,0.26404348678244394,c,,,,
FCWD2:0182,FCWD2,Garl_event,1.226186712433312,1.392837643623352,105.68174582158154,0.16665093119004015,0.16665093119004015,c,,,,
FCWD2:0183,FCWD2,Garl_event,1.22118923650326,1.3571723699569702,88.96880344254774,0.13598313345371027,0.13598313345371027,c,,,,
FCWD2:0184,FCWD2,Garl_event,1.2192426614104228,1.3380422592163086,79.01398911279765,0.11879959780588578,0.11879959780588578,c,,,,
FCWD2:0185,FCWD2,Garl_event,1.21729573623514,1.3575193881988523,92.02530271896201,0.14022365196371234,0.14022365196371234,c,,,,
FCWD2:0186,FCWD2,Garl_event,1.2374646175542892,1.3904354572296145,96.2560575630346,0.15297083967532532,0.15297083967532532,c,,,,
FCWD2:0187,FCWD2,Garl_event,1.25762946936845,1.5139118432998655,145.1751640149357,0.2562823739314155,0.2562823739314155,c,,,,
FCWD2:0188,FCWD2,Garl_event,1.2899150578009797,1.4042096138000488,68.17050290131881,0.11429455599906913,0.11429455599906913,c,,,,
FCWD2:0189,FCWD2,Garl_event,1.32220000120547,1.4099010229110718,50.765762837694936,0.08770102170560179,0.08770102170560179,c,,,,
FCWD2:0190,FCWD2,Garl_event,1.3663858692389064,1.7629551887512207,176.06899426076836,0.39656931951231433,0.39656931951231433,c,,,,
FCWD2:0191,FCWD2,Garl_event,1.41058056685251,2.741267681121826,363.69662744326433,1.3306871142693162,1.3306871142693162,c,,,,
FCWD2:0192,FCWD2,Garl_event,1.4942819305999606,3.132070302963257,368.1766977814892,1.6377883723632962,1.6377883723632962,c,,,,
FCWD2:0193,FCWD2,Garl_event,1.57796824375455,2.58835768699646,260.6911403227319,1.01038944324191,1.01038944324191,c,,,,
FCWD2:0194,FCWD2,Garl_event,1.6916400265923075,2.66088342666626,226.27644963535357,0.9692434000739527,0.9692434000739527,c,,,,
FCWD2:0195,FCWD2,Garl_event,1.8053095384017,3.062463521957397,237.86953313818333,1.257153983555697,1.257153983555697,c,,,,
FCWD2:0196,FCWD2,Garl_event,1.957983777576973,3.2817869186401367,214.78246394424002,1.3238031410631637,1.3238031410631637,c,,,,
FCWD2:0197,FCWD2,Garl_event,2.11063361425258,2.968683242797852,142.7291231709007,0.8580496285452721,0.8580496285452721,c,,,,
FCWD2:0198,FCWD2,Garl_event,2.381776991192309,3.809609651565552,162.92248177049058,1.4278326603732432,1.4278326603732432,c,,,,
FCWD2:0199,FCWD2,Garl_event,2.65292578536565,3.986867427825928,130.20760650320585,1.3339416424602781,1.3339416424602781,c,,,,
FCWD2:0200,FCWD2,Garl_event,3.2676133962578167,3.875818490982056,49.41751727547,0.6082050947242394,0.6082050947242394,s,,,,
FCWD2:0201,FCWD2,Garl_event,3.88241155584809,4.451949596405029,33.76527618057287,0.5695380405569392,0.5695380405569392,s,,,,
FCWD2:0202,FCWD2,Garl_event,5.569552664712119,4.194713115692139,60.10386904243752,-1.3748395490199803,1.3748395490199803,s,,,,
FCWD2:0203,FCWD2,Garl_event,7.25635670264957,5.557743549346924,42.79894224222654,-1.698613153302646,1.698613153302646,l,,,,
FCWD3:0000,FCWD3,Garl_event,15.349582546367648,6.131619930267334,99.07208593707604,-9.217962616100314,9.217962616100314,outside,,,,
FCWD3:0001,FCWD3,Garl_event,14.9606711802474,5.989274501800537,101.3083969926796,-8.971396678446864,8.971396678446864,outside,,,,
FCWD3:0002,FCWD3,Garl_event,14.625693741229997,9.088809967041016,42.02752327267593,-5.536883774188981,5.536883774188981,outside,,,,
FCWD3:0003,FCWD3,Garl_event,14.2907096096241,7.109743118286133,71.42907350609379,-7.180966491337967,7.180966491337967,outside,,,,
FCWD3:0004,FCWD3,Garl_event,13.985563677015532,7.123176097869873,69.62240183509246,-6.8623875791456594,6.8623875791456594,outside,,,,
FCWD3:0005,FCWD3,Garl_event,13.6803628653351,6.582087993621826,79.72744815909358,-7.098274871713274,7.098274871713274,outside,,,,
FCWD3:0006,FCWD3,Garl_event,13.357073801627138,7.5403218269348145,58.35924008402844,-5.816751974692323,5.816751974692323,outside,,,,
FCWD3:0007,FCWD3,Garl_event,13.0338493272672,7.850642681121826,51.17717862857685,-5.183206646145374,5.183206646145374,outside,,,,
FCWD3:0008,FCWD3,Garl_event,12.795777159278051,6.970756530761719,66.0376274993515,-5.825020628516333,5.825020628516333,outside,,,,
FCWD3:0009,FCWD3,Garl_event,12.5577002347923,6.660083293914795,71.33573477388029,-5.897616940877505,5.897616940877505,outside,,,,
FCWD3:0010,FCWD3,Garl_event,12.34553241537322,6.190146446228027,81.5353630349151,-6.155385969145193,6.155385969145193,outside,,,,
FCWD3:0011,FCWD3,Garl_event,12.133326438562,6.16916036605835,80.66561026819129,-5.96416607250365,5.96416607250365,outside,,,,
FCWD3:0012,FCWD3,Garl_event,11.900492714786411,6.318911552429199,75.13552968443622,-5.581581162357212,5.581581162357212,outside,,,,
FCWD3:0013,FCWD3,Garl_event,11.6677055084471,6.134310245513916,78.28482004789454,-5.533395262933183,5.533395262933183,outside,,,,
FCWD3:0014,FCWD3,Garl_event,11.477358318211891,7.0425333976745605,55.50227530134842,-4.434824920537331,4.434824920537331,outside,,,,
FCWD3:0015,FCWD3,Garl_event,11.2870149308894,12.261985778808594,7.104971052548301,0.9749708479191934,0.9749708479191934,outside,,,,
FCWD3:0016,FCWD3,Garl_event,11.120363687612585,8.134407997131348,33.36458917223118,-2.985955690481237,2.985955690481237,outside,,,,
FCWD3:0017,FCWD3,Garl_event,10.9536791427265,9.16217041015625,18.031633794243636,-1.7915087325702501,1.7915087325702501,outside,,,,
FCWD3:0018,FCWD3,Garl_event,10.7782444227525,7.47441291809082,41.48025017715844,-3.30383150466168,3.30383150466168,outside,,,,
FCWD3:0019,FCWD3,Garl_event,10.6028097027785,5.419102668762207,91.49404448743735,-5.183707034016294,5.183707034016294,outside,,,,
FCWD3:0020,FCWD3,Garl_event,10.46085980908096,6.944125652313232,48.99928502050855,-3.5167341567677273,3.5167341567677273,outside,,,,
FCWD3:0021,FCWD3,Garl_event,10.3188872233694,6.338224411010742,61.648450451383326,-3.9806628123586574,3.9806628123586574,outside,,,,
FCWD3:0022,FCWD3,Garl_event,10.190681486965476,5.892035007476807,72.56390837120841,-4.298646479488669,4.298646479488669,outside,,,,
FCWD3:0023,FCWD3,Garl_event,10.062501364558,5.310959815979004,90.2091344358861,-4.751541548578997,4.751541548578997,outside,,,,
FCWD3:0024,FCWD3,Garl_event,9.89136808032005,5.0595808029174805,98.01136650225578,-4.831787277402569,4.831787277402569,l,,,,
FCWD3:0025,FCWD3,Garl_event,9.7202347960821,5.655178070068359,75.00016937323011,-4.06505672601374,4.06505672601374,l,,,,
FCWD3:0026,FCWD3,Garl_event,9.60455542717378,5.328959465026856,84.77386314181622,-4.275595962146924,4.275595962146924,l,,,,
FCWD3:0027,FCWD3,Garl_event,9.48885756583977,6.74068021774292,43.51840082682815,-2.748177348096849,2.748177348096849,l,,,,
FCWD3:0028,FCWD3,Garl_event,9.359556599005566,6.465059280395508,48.468827241501984,-2.8944973186100587,2.8944973186100587,l,,,,
FCWD3:0029,FCWD3,Garl_event,9.23028146498195,8.39062213897705,10.966370040951332,-0.8396593260048988,0.8396593260048988,l,,,,
FCWD3:0030,FCWD3,Garl_event,9.107761191515698,7.429727554321289,25.104752171799735,-1.6780336371944085,1.6780336371944085,l,,,,
FCWD3:0031,FCWD3,Garl_event,8.98523847018975,6.41411828994751,45.21659131382652,-2.5711201802422394,2.5711201802422394,l,,,,
FCWD3:0032,FCWD3,Garl_event,8.841643807565047,7.327703475952148,23.662547016754832,-1.5139403316128988,1.5139403316128988,l,,,,
FCWD3:0033,FCWD3,Garl_event,8.69802045068488,7.265726566314697,22.953713262570794,-1.432293884370182,1.432293884370182,l,,,,
FCWD3:0034,FCWD3,Garl_event,8.566870442134077,8.883978843688965,4.214885586885913,0.3171084015548882,0.3171084015548882,l,,,,
FCWD3:0035,FCWD3,Garl_event,8.43574401605904,6.913792610168457,26.443208490275932,-1.521951405890583,1.521951405890583,l,,,,
FCWD3:0036,FCWD3,Garl_event,8.301723938378473,8.243643760681152,0.8590574869740513,-0.05808017769732032,0.05808017769732032,l,,,,
FCWD3:0037,FCWD3,Garl_event,8.16770653826124,7.120424747467041,18.247515390495266,-1.0472817907941998,1.0472817907941998,l,,,,
FCWD3:0038,FCWD3,Garl_event,8.04545358006883,6.509912490844727,29.73124135902743,-1.535541089224104,1.535541089224104,l,,,,
FCWD3:0039,FCWD3,Garl_event,7.92322016202797,6.05409049987793,39.542428538149515,-1.8691296621500406,1.8691296621500406,l,,,,
FCWD3:0040,FCWD3,Garl_event,7.750049411048716,-16.41702651977539,190.5987263237095,-24.167075930824105,24.167075930824105,l,,,,
FCWD3:0041,FCWD3,Garl_event,7.57687866006946,4.641757965087891,84.93097071744856,-2.9351206949815696,2.9351206949815696,l,,,,
FCWD3:0042,FCWD3,Garl_event,7.470635206871734,6.726195335388184,15.027319006431817,-0.7444398714835501,0.7444398714835501,l,,,,
FCWD3:0043,FCWD3,Garl_event,7.36437476966742,6.881238460540772,9.669739770845585,-0.48313630912664784,0.48313630912664784,l,,,,
FCWD3:0044,FCWD3,Garl_event,7.250685870161512,5.362565994262695,49.36062222598899,-1.8881198758988162,1.8881198758988162,l,,,,
FCWD3:0045,FCWD3,Garl_event,7.13701968435898,6.112141132354736,23.8565808938648,-1.0248785520042434,1.0248785520042434,l,,,,
FCWD3:0046,FCWD3,Garl_event,7.01586509399963,6.389300346374512,14.18973318864307,-0.6265647476251184,0.6265647476251184,l,,,,
FCWD3:0047,FCWD3,Garl_event,6.89470808306587,6.266796112060547,14.757160566292361,-0.6279119710053234,0.6279119710053234,l,,,,
FCWD3:0048,FCWD3,Garl_event,6.786696922183679,6.701718330383301,1.8965002382340805,-0.08497859180037803,0.08497859180037803,l,,,,
FCWD3:0049,FCWD3,Garl_event,6.67866633599829,5.97487735748291,17.921101514430227,-0.7037889785153801,0.7037889785153801,l,,,,
FCWD3:0050,FCWD3,Garl_event,6.601499435667663,6.335232734680176,6.4666769944198705,-0.2662667009874875,0.2662667009874875,l,,,,
FCWD3:0051,FCWD3,Garl_event,6.52434795237504,5.936357975006104,15.429640013995515,-0.5879899773689354,0.5879899773689354,l,,,,
FCWD3:0052,FCWD3,Garl_event,6.429589538328841,5.879377841949463,14.795994139160177,-0.5502116963793782,0.5502116963793782,l,,,,
FCWD3:0053,FCWD3,Garl_event,6.33482923108329,6.584283828735352,6.074723127443282,0.24945459765206124,0.24945459765206124,l,,,,
FCWD3:0054,FCWD3,Garl_event,6.245140195199778,6.764651775360107,12.489549013682335,0.5195115801603292,0.5195115801603292,l,,,,
FCWD3:0055,FCWD3,Garl_event,6.15543323692235,5.459609508514404,21.06928832595067,-0.6958237284079454,0.6958237284079454,l,,,,
FCWD3:0056,FCWD3,Garl_event,6.069277554914316,6.928725719451904,20.758391822060656,0.8594481645375884,0.8594481645375884,l,,,,
FCWD3:0057,FCWD3,Garl_event,5.98313736481746,7.072399139404297,26.14500062913595,1.089261774586837,1.089261774586837,s,,,,
FCWD3:0058,FCWD3,Garl_event,5.879897752165346,6.359559059143066,13.040802502112536,0.4796613069777207,0.4796613069777207,s,,,,
FCWD3:0059,FCWD3,Garl_event,5.77666020211912,5.095539569854736,23.575058774370632,-0.6811206322643839,0.6811206322643839,s,,,,
FCWD3:0060,FCWD3,Garl_event,5.710051786538792,5.698260307312012,0.3688647419106822,-0.011791479226780588,0.011791479226780588,s,,,,
FCWD3:0061,FCWD3,Garl_event,5.64343006072215,5.35908842086792,9.575884289909736,-0.28434163985423044,0.28434163985423044,s,,,,
FCWD3:0062,FCWD3,Garl_event,5.594610693355012,5.693387031555176,3.1570156282221054,0.09877633820016385,0.09877633820016385,s,,,,
FCWD3:0063,FCWD3,Garl_event,5.54579912897155,5.010023593902588,19.65659352362887,-0.5357755350689617,0.5357755350689617,s,,,,
FCWD3:0064,FCWD3,Garl_event,5.500869069984805,4.04444694519043,66.89849512500761,-1.4564221247943756,1.4564221247943756,s,,,,
FCWD3:0065,FCWD3,Garl_event,5.45593901099806,4.852286338806152,23.254657845406154,-0.6036526721919078,0.6036526721919078,s,,,,
FCWD3:0066,FCWD3,Garl_event,5.402644789611197,5.977367877960205,18.116015330385434,0.5747230883490078,0.5747230883490078,s,,,,
FCWD3:0067,FCWD3,Garl_event,5.34934204864614,5.275754451751709,2.6574975921312207,-0.07358759689443062,0.07358759689443062,s,,,,
FCWD3:0068,FCWD3,Garl_event,5.307696685096198,7.027930736541748,46.89167522165175,1.7202340514455496,1.7202340514455496,s,,,,
FCWD3:0069,FCWD3,Garl_event,5.26605048950431,6.489792346954346,36.43417747266665,1.2237418574500358,1.2237418574500358,s,,,,
FCWD3:0070,FCWD3,Garl_event,5.219578325396149,5.760832786560059,18.335122868413414,0.5412544611639092,0.5412544611639092,s,,,,
FCWD3:0071,FCWD3,Garl_event,5.17309780348616,5.2323174476623535,2.230745535869473,0.05921964417619385,0.05921964417619385,s,,,,
FCWD3:0072,FCWD3,Garl_event,5.12831333421993,4.244656085968018,41.48772171894032,-0.8836572482519127,0.8836572482519127,s,,,,
FCWD3:0073,FCWD3,Garl_event,5.0835378123633,4.4165215492248535,30.35129421694621,-0.6670162631384464,0.6670162631384464,s,,,,
FCWD3:0074,FCWD3,Garl_event,5.027588557308298,5.427552700042725,14.943696282661566,0.3999641427344267,0.3999641427344267,s,,,,
FCWD3:0075,FCWD3,Garl_event,4.97164042005353,5.711878776550293,26.566868005611887,0.7402383564967634,0.7402383564967634,s,,,,
FCWD3:0076,FCWD3,Garl_event,4.914242354641865,5.896155834197998,34.53235865464876,0.9819134795561331,0.9819134795561331,s,,,,
FCWD3:0077,FCWD3,Garl_event,4.85683511361428,5.745110511779785,32.45086644097617,0.8882753981655052,0.8882753981655052,s,,,,
FCWD3:0078,FCWD3,Garl_event,4.817602887847143,5.522599697113037,27.02310661160782,0.7049968092658938,0.7049968092658938,s,,,,
FCWD3:0079,FCWD3,Garl_event,4.77837693271467,5.374092102050781,23.665971815865355,0.5957151693361116,0.5957151693361116,s,,,,
FCWD3:0080,FCWD3,Garl_event,4.7375688962676055,6.4050822257995605,55.98066567142145,1.667513329531955,1.667513329531955,s,,,,
FCWD3:0081,FCWD3,Garl_event,4.69676085982054,5.423254013061523,29.099640569531584,0.7264931532409831,0.7264931532409831,s,,,,
FCWD3:0082,FCWD3,Garl_event,4.66495006505515,3.361419916152954,85.31266408894196,-1.3035301489021958,1.3035301489021958,s,,,,
FCWD3:0083,FCWD3,Garl_event,4.63313418503762,3.366870403289795,83.31190198737234,-1.266263781747825,1.266263781747825,s,,,,
FCWD3:0084,FCWD3,Garl_event,4.59478139108242,3.3880019187927246,79.56136029254691,-1.2067794722896954,1.2067794722896954,s,,,,
FCWD3:0085,FCWD3,Garl_event,4.55643472719898,3.719632387161255,50.609707579785145,-0.8368023400377247,0.8368023400377247,s,,,,
FCWD3:0086,FCWD3,Garl_event,4.523487392427592,3.717448472976685,49.13747440143349,-0.806038919450907,0.806038919450907,s,,,,
FCWD3:0087,FCWD3,Garl_event,4.4905393993941,4.535669803619385,2.2660041853807615,0.04513040422528469,0.04513040422528469,s,,,,
FCWD3:0088,FCWD3,Garl_event,4.439959708502316,3.480851411819458,63.69110241627073,-0.9591082966828584,0.9591082966828584,s,,,,
FCWD3:0089,FCWD3,Garl_event,4.38938911249621,3.731122493743897,41.215593467684236,-0.6582666187523132,0.6582666187523132,s,,,,
FCWD3:0090,FCWD3,Garl_event,4.337788334268321,4.315582752227783,1.2142547701491855,-0.02220558204053802,0.02220558204053802,s,,,,
FCWD3:0091,FCWD3,Garl_event,4.28618858696322,4.5190300941467285,12.300683543635428,0.23284150718350816,0.23284150718350816,s,,,,
FCWD3:0092,FCWD3,Garl_event,4.240579951035765,2.886338233947754,113.9620083580585,-1.3542417170880112,1.3542417170880112,s,,,,
FCWD3:0093,FCWD3,Garl_event,4.19496220121907,4.2016777992248535,0.39030451283714185,0.006715598005783363,0.006715598005783363,s,,,,
FCWD3:0094,FCWD3,Garl_event,4.143639247216243,3.2131950855255127,71.86881677538064,-0.9304441616907306,0.9304441616907306,s,,,,
FCWD3:0095,FCWD3,Garl_event,4.09232552174746,4.945311546325684,43.110775880795224,0.8529860245782235,0.8529860245782235,s,,,,
FCWD3:0096,FCWD3,Garl_event,4.043763385960561,4.536614418029785,27.5090417710646,0.49285103206922454,0.49285103206922454,s,,,,
FCWD3:0097,FCWD3,Garl_event,3.99520222038795,4.8053388595581055,43.18829776877492,0.8101366391701554,0.8101366391701554,s,,,,
FCWD3:0098,FCWD3,Garl_event,3.947460903057217,3.720069646835327,15.899874282856233,-0.22739125622188983,0.22739125622188983,s,,,,
FCWD3:0099,FCWD3,Garl_event,3.89971195383178,4.140253067016602,15.278472742336104,0.2405411131848214,0.2405411131848214,s,,,,
FCWD3:0100,FCWD3,Garl_event,3.862724131500273,3.1714603900909424,58.09557116538827,-0.6912637414093306,0.6912637414093306,s,,,,
FCWD3:0101,FCWD3,Garl_event,3.82574222107196,3.5089528560638428,24.260903420670157,-0.31678936500811705,0.31678936500811705,s,,,,
FCWD3:0102,FCWD3,Garl_event,3.774733874234048,3.6498711109161377,9.313903930764123,-0.12486276331791046,0.12486276331791046,s,,,,
FCWD3:0103,FCWD3,Garl_event,3.72372450828907,3.874413251876831,10.727208895160052,0.15068874358776085,0.15068874358776085,s,,,,
FCWD3:0104,FCWD3,Garl_event,3.681228014987664,3.3808400630950928,24.84077890621418,-0.30038795189257117,0.30038795189257117,s,,,,
FCWD3:0105,FCWD3,Garl_event,3.63872387889027,3.351200580596924,24.27464867924025,-0.2875232982933462,0.2875232982933462,s,,,,
FCWD3:0106,FCWD3,Garl_event,3.587580800307193,3.0423545837402344,51.518219651063085,-0.5452262165669586,0.5452262165669586,s,,,,
FCWD3:0107,FCWD3,Garl_event,3.53644793950898,2.576714038848877,108.9780726259897,-0.9597339006601029,0.9597339006601029,s,,,,
FCWD3:0108,FCWD3,Garl_event,3.4882153846682167,3.1680588722229004,29.87077985146913,-0.3201565124453163,0.3201565124453163,s,,,,
FCWD3:0109,FCWD3,Garl_event,3.43998186617855,3.676150560379028,19.216203445328524,0.2361686942004777,0.2361686942004777,s,,,,
FCWD3:0110,FCWD3,Garl_event,3.3928771535488136,4.164548397064209,56.1138165831987,0.7716712435153954,0.7716712435153954,s,,,,
FCWD3:0111,FCWD3,Garl_event,3.3457630280716,3.724388599395752,31.272233432037034,0.378625571324152,0.378625571324152,s,,,,
FCWD3:0112,FCWD3,Garl_event,3.29916269036114,3.320485115051269,2.007035906399432,0.021322424690128905,0.021322424690128905,s,,,,
FCWD3:0113,FCWD3,Garl_event,3.25257073199695,2.9633400440216064,31.007817105573597,-0.2892306879753437,0.2892306879753437,s,,,,
FCWD3:0114,FCWD3,Garl_event,3.222322123572257,2.5250084400177,88.84139828315575,-0.6973136835545568,0.6973136835545568,s,,,,
FCWD3:0115,FCWD3,Garl_event,3.19207411947914,2.627314567565918,69.76146394139438,-0.5647595519132222,0.5647595519132222,s,,,,
FCWD3:0116,FCWD3,Garl_event,3.142529149261881,2.472695827484131,89.43384207776468,-0.6698333217777503,0.6698333217777503,s,,,,
FCWD3:0117,FCWD3,Garl_event,3.09297427856499,2.6323065757751465,58.64366721778119,-0.4606677027898436,0.4606677027898436,s,,,,
FCWD3:0118,FCWD3,Garl_event,3.038563850805819,2.949000358581543,10.340596355708776,-0.08956349222427606,0.08956349222427606,s,,,,
FCWD3:0119,FCWD3,Garl_event,2.98415342304665,2.9909589290618896,0.7888864254435024,0.0068055060152394375,0.0068055060152394375,c,,,,
FCWD3:0120,FCWD3,Garl_event,2.9325882301762904,3.8552980422973633,84.1386242985501,0.9227098121210728,0.9227098121210728,c,,,,
FCWD3:0121,FCWD3,Garl_event,2.88101479412907,2.522916316986084,51.169005515821695,-0.35809847714298604,0.35809847714298604,c,,,,
FCWD3:0122,FCWD3,Garl_event,2.8369522488719285,2.2376036643981934,98.3474119164409,-0.5993485844737352,0.5993485844737352,c,,,,
FCWD3:0123,FCWD3,Garl_event,2.79289850679247,2.780317783355713,1.680458077084543,-0.01258072343675698,0.01258072343675698,c,,,,
FCWD3:0124,FCWD3,Garl_event,2.735663653734932,2.586374521255493,21.924150937193478,-0.14928913247943898,0.14928913247943898,c,,,,
FCWD3:0125,FCWD3,Garl_event,2.67842765716958,2.685162305831909,0.9726762900157115,0.006734648662328979,0.006734648662328979,c,,,,
FCWD3:0126,FCWD3,Garl_event,2.629289057615742,2.5112247467041016,18.60537968160131,-0.11806431091164038,0.11806431091164038,c,,,,
FCWD3:0127,FCWD3,Garl_event,2.58014063878657,2.404663324356079,29.466604429189413,-0.17547731443049086,0.17547731443049086,c,,,,
FCWD3:0128,FCWD3,Garl_event,2.5337403957217406,2.335530996322632,34.93193762487044,-0.19820939939910875,0.19820939939910875,c,,,,
FCWD3:0129,FCWD3,Garl_event,2.48734849602356,2.157902479171753,64.15477486890677,-0.32944601685180697,0.32944601685180697,c,,,,
FCWD3:0130,FCWD3,Garl_event,2.435730945495446,2.10388708114624,67.75776323709938,-0.3318438643492061,0.3318438643492061,c,,,,
FCWD3:0131,FCWD3,Garl_event,2.38411442622521,2.18109130859375,40.835720561054615,-0.20302311763146008,0.20302311763146008,c,,,,
FCWD3:0132,FCWD3,Garl_event,2.334685555198137,2.3647167682647705,5.681381424968713,0.030031213066633367,0.030031213066633367,c,,,,
FCWD3:0133,FCWD3,Garl_event,2.28524680689132,2.177168369293213,22.74260996623971,-0.10807843759810698,0.10807843759810698,c,,,,
FCWD3:0134,FCWD3,Garl_event,2.235985977651478,2.077329158782959,35.820581322199146,-0.1586568188685189,0.1586568188685189,c,,,,
FCWD3:0135,FCWD3,Garl_event,2.18673302195583,2.001853704452514,44.35595414111426,-0.18487931750331565,0.18487931750331565,c,,,,
FCWD3:0136,FCWD3,Garl_event,2.141945552874696,2.126408815383911,3.57887572665333,-0.01553673749078488,0.01553673749078488,c,,,,
FCWD3:0137,FCWD3,Garl_event,2.09715808379356,2.000681638717652,24.174399679940326,-0.09647644507590813,0.09647644507590813,c,,,,
FCWD3:0138,FCWD3,Garl_event,2.0526015529135075,1.936862111091613,30.650279696253225,-0.11573944182189444,0.11573944182189444,c,,,,
FCWD3:0139,FCWD3,Garl_event,2.00805392390365,1.852748990058899,44.02848472471875,-0.15530493384475097,0.15530493384475097,c,,,,
FCWD3:0140,FCWD3,Garl_event,1.9637465224728907,1.8252074718475344,40.809284842541416,-0.13853905062535632,0.13853905062535632,c,,,,
FCWD3:0141,FCWD3,Garl_event,1.91943823581474,1.5881950855255127,115.29405513074451,-0.33124315028922724,0.33124315028922724,c,,,,
FCWD3:0142,FCWD3,Garl_event,1.8820482998840733,1.6541695594787598,77.60476554087576,-0.22787874040531353,0.22787874040531353,c,,,,
FCWD3:0143,FCWD3,Garl_event,1.84465163954793,1.6551324129104614,65.84774242701285,-0.18951922663746856,0.18951922663746856,c,,,,
FCWD3:0144,FCWD3,Garl_event,1.805765481314425,1.580678939819336,83.83119154613685,-0.2250865414950891,0.2250865414950891,c,,,,
FCWD3:0145,FCWD3,Garl_event,1.76688709207743,1.6021528244018557,61.87521724940713,-0.1647342676755743,0.1647342676755743,c,,,,
FCWD3:0146,FCWD3,Garl_event,1.7259776178141033,1.5044995546340942,90.94891537016855,-0.22147806318000907,0.22147806318000907,c,,,,
FCWD3:0147,FCWD3,Garl_event,1.6850689608739,2.129685640335083,130.85116433076382,0.444616679461183,0.444616679461183,c,,,,
FCWD3:0148,FCWD3,Garl_event,1.6415261920225943,1.7427632808685305,37.61259830043676,0.10123708884593619,0.10123708884593619,c,,,,
FCWD3:0149,FCWD3,Garl_event,1.59797472210044,1.520614743232727,34.01975494040241,-0.07735997886771284,0.07735997886771284,c,,,,
FCWD3:0150,FCWD3,Garl_event,1.5613717838684071,1.4713990688323977,41.93047884476053,-0.08997271503600945,0.08997271503600945,c,,,,
FCWD3:0151,FCWD3,Garl_event,1.52477469602209,1.4181228876113892,52.92451641783061,-0.10665180841070088,0.10665180841070088,c,,,,
FCWD3:0152,FCWD3,Garl_event,1.4948175803712245,1.5593715906143188,29.635517162942826,0.06455401024309437,0.06455401024309437,c,,,,
FCWD3:0153,FCWD3,Garl_event,1.46486046472036,1.320307731628418,80.53981226755005,-0.14455273309194205,0.14455273309194205,c,,,,
FCWD3:0154,FCWD3,Garl_event,1.4433585678651202,1.3615583181381226,44.82284145402374,-0.08180024972699762,0.08180024972699762,c,,,,
FCWD3:0155,FCWD3,Garl_event,1.42185323373119,1.2915983200073242,76.58529215396531,-0.13025491372386577,0.13025491372386577,c,,,,
FCWD3:0156,FCWD3,Garl_event,1.3996631713559249,1.372969150543213,14.970884203707735,-0.026694020812711994,0.026694020812711994,c,,,,
FCWD3:0157,FCWD3,Garl_event,1.37747665570205,1.3931232690811155,8.787938135041696,0.015646613379065588,0.015646613379065588,c,,,,
FCWD3:0158,FCWD3,Garl_event,1.3596148696319963,1.4282164573669434,38.06059889598243,0.06860158773494707,0.06860158773494707,c,,,,
FCWD3:0159,FCWD3,Garl_event,1.34175272669736,1.4936487674713137,81.56250127404938,0.1518960407739538,0.1518960407739538,c,,,,
FCWD3:0160,FCWD3,Garl_event,1.3266691644347637,1.5048949718475342,96.0835087185906,0.1782258074127705,0.1782258074127705,c,,,,
FCWD3:0161,FCWD3,Garl_event,1.31158288946389,1.5471113920211792,124.86894410550633,0.2355285025572893,0.2355285025572893,c,,,,
FCWD3:0162,FCWD3,Garl_event,1.293674089685605,1.4716495275497437,100.80431690707242,0.17797543786413872,0.17797543786413872,c,,,,
FCWD3:0163,FCWD3,Garl_event,1.27576886787463,1.7215594053268433,217.84512288081933,0.4457905374522133,0.4457905374522133,c,,,,
FCWD3:0164,FCWD3,Garl_event,1.258924705991651,1.3876557350158691,79.72854728610702,0.12873102902421807,0.12873102902421807,c,,,,
FCWD3:0165,FCWD3,Garl_event,1.24208020757543,1.4112863540649414,104.4322646876769,0.16920614648951138,0.16920614648951138,c,,,,
FCWD3:0166,FCWD3,Garl_event,1.230338296755621,1.416114330291748,115.39176508830018,0.18577603353612715,0.18577603353612715,c,,,,
FCWD3:0167,FCWD3,Garl_event,1.21859427420795,1.5337640047073364,182.034847530676,0.31516973049938635,0.31516973049938635,c,,,,
FCWD3:0168,FCWD3,Garl_event,1.2071128348118454,1.5237109661102295,185.93879092623152,0.3165981312983841,0.3165981312983841,c,,,,
FCWD3:0169,FCWD3,Garl_event,1.19563162480138,1.348503351211548,102.93744984784733,0.152871726410168,0.152871726410168,c,,,,
FCWD3:0170,FCWD3,Garl_event,1.1949135380702898,1.2710522413253784,54.56032497317492,0.07613870325508865,0.07613870325508865,c,,,,
FCWD3:0171,FCWD3,Garl_event,1.19419533654634,1.286001682281494,65.03144433540552,0.0918063457351539,0.0918063457351539,c,,,,
FCWD3:0172,FCWD3,Garl_event,1.201695462290308,1.3554662466049194,102.44648571510598,0.15377078431461144,0.15377078431461144,c,,,,
FCWD3:0173,FCWD3,Garl_event,1.20919408959747,1.3840487003326416,113.25478309904297,0.1748546107351716,0.1748546107351716,c,,,,
FCWD3:0174,FCWD3,Garl_event,1.2191134715798997,1.430048584938049,130.94155738704288,0.2109351133581494,0.2109351133581494,c,,,,
FCWD3:0175,FCWD3,Garl_event,1.22903305174386,1.9855445623397827,331.89619887125116,0.7565115105959228,0.7565115105959228,c,,,,
FCWD3:0176,FCWD3,Garl_event,1.2569483057226811,2.26676869392395,377.82678112667173,1.009820388201269,1.009820388201269,c,,,,
FCWD3:0177,FCWD3,Garl_event,1.28486858012965,2.1842944622039795,341.6210999351649,0.8994258820743295,0.8994258820743295,c,,,,
FCWD3:0178,FCWD3,Garl_event,1.3244676676809817,2.6439883708953857,399.4897651434747,1.319520703214404,1.319520703214404,c,,,,
FCWD3:0179,FCWD3,Garl_event,1.36405884380092,2.5382182598114014,359.42039632757735,1.1741594160104813,1.1741594160104813,c,,,,
FCWD3:0180,FCWD3,Garl_event,1.4342449465600635,2.892404079437256,370.8787664637746,1.4581591328771923,1.4581591328771923,c,,,,
FCWD3:0181,FCWD3,Garl_event,1.50443245158291,3.2085986137390137,371.2019160315207,1.7041661621561037,1.7041661621561037,c,,,,
FCWD3:0182,FCWD3,Garl_event,1.6002859458514007,2.652427911758423,260.96223708831144,1.0521419659070221,1.0521419659070221,c,,,,
FCWD3:0183,FCWD3,Garl_event,1.69615859434611,2.800384521484375,244.03621214144917,1.104225927138265,1.104225927138265,c,,,,
FCWD3:0184,FCWD3,Garl_event,1.82866474890206,3.265809774398804,251.37893189026906,1.4371450254967442,1.4371450254967442,c,,,,
FCWD3:0185,FCWD3,Garl_event,1.9611497244994,2.851231575012207,166.34091546631973,0.890081850512807,0.890081850512807,c,,,,
FCWD3:0186,FCWD3,Garl_event,2.1656117696380384,3.31296443939209,166.27077841075945,1.1473526697540515,1.1473526697540515,c,,,,
FCWD3:0187,FCWD3,Garl_event,2.37007381477667,3.0665946006774902,99.55752186813389,0.6965207859008204,0.6965207859008204,c,,,,
FCWD3:0188,FCWD3,Garl_event,2.846508030470361,3.0455687046051025,23.769494507335924,0.1990606741347416,0.1990606741347416,c,,,,
FCWD3:0189,FCWD3,Garl_event,3.32286609588582,3.717753171920776,32.90299491312397,0.3948870760349559,0.3948870760349559,s,,,,
FCWD3:0190,FCWD3,Garl_event,4.4230351993951,3.612128257751465,52.06539636956116,-0.8109069416436352,0.8109069416436352,s,,,,
FCWD3:0191,FCWD3,Garl_event,5.52322628342669,3.898903608322144,77.11618980469684,-1.6243226751045463,1.6243226751045463,s,,,,
