query_id,sequence_id,anchor_us,truth_ttc_seconds,prediction_status,H8_seed7,H8_seed13,H8_seed23,public_Garl_event_lhr
CCRm-low-0-overlap-0:00,CCRm-low-0-overlap-0,14400373,5.6188084522,PREDICTED,4.586138725280762,4.840200901031494,4.931060314178467,-29.300064086914062
CCRm-low-0-overlap-0:01,CCRm-low-0-overlap-0,14550379,5.430728759000001,PREDICTED,4.852412700653076,4.995306968688965,4.958747863769531,5.363165855407715
CCRm-low-0-overlap-0:02,CCRm-low-0-overlap-0,14750384,5.2243791968,PREDICTED,4.157408714294434,4.12401008605957,4.121304035186768,6.879658222198486
CCRm-low-0-overlap-0:03,CCRm-low-0-overlap-0,14950390,5.0237552149999996,PREDICTED,4.06026554107666,3.944333791732788,3.969014883041382,3.93680739402771
CCRm-low-0-overlap-0:04,CCRm-low-0-overlap-0,15150395,4.83473375,PREDICTED,3.4608113765716553,3.482102632522583,3.456878662109375,4.780869007110596
CCRm-low-0-overlap-0:05,CCRm-low-0-overlap-0,15300401,4.6928065757,PREDICTED,4.102903842926025,3.9267220497131348,4.089763641357422,4.721667289733887
CCRm-low-0-overlap-0:06,CCRm-low-0-overlap-0,15500406,4.495315760200001,PREDICTED,3.3539767265319824,3.284162759780884,3.3251144886016846,4.805490493774414
CCRm-low-0-overlap-0:07,CCRm-low-0-overlap-0,15700402,4.289244629,PREDICTED,3.488129138946533,3.512505292892456,3.415236473083496,6.120726108551025
CCRm-low-0-overlap-0:08,CCRm-low-0-overlap-0,15900417,4.1188862355,PREDICTED,3.3365304470062256,3.315891981124878,3.3240292072296143,4.4497294425964355
CCRm-low-0-overlap-0:09,CCRm-low-0-overlap-0,16050414,4.0006536644,PREDICTED,3.3490936756134033,3.3517911434173584,3.353426218032837,3.167550563812256
CCRm-low-0-overlap-0:10,CCRm-low-0-overlap-0,16250419,3.8394525692999975,PREDICTED,2.882692813873291,2.8389511108398438,2.875134229660034,4.5996856689453125
CCRm-low-0-overlap-0:11,CCRm-low-0-overlap-0,16450424,3.7014592055999973,PREDICTED,3.178392171859741,3.105746269226074,3.1933095455169678,2.9509453773498535
CCRm-low-0-overlap-0:12,CCRm-low-0-overlap-0,16650430,3.5788639190000002,PREDICTED,3.691946029663086,3.5426158905029297,3.653404951095581,5.231583118438721
CCRm-low-0-overlap-0:13,CCRm-low-0-overlap-0,16850435,3.3853491250000003,PREDICTED,2.7272608280181885,2.6702451705932617,2.713993549346924,-7.9867167472839355
CCRm-low-0-overlap-0:14,CCRm-low-0-overlap-0,17000441,3.2494405388000005,PREDICTED,2.8363826274871826,2.815351963043213,2.8050973415374756,3.522745370864868
CCRm-low-0-overlap-0:15,CCRm-low-0-overlap-0,17200446,3.0997882037999998,PREDICTED,2.8196778297424316,2.7829787731170654,2.817009687423706,2.941131830215454
CCRm-low-0-overlap-0:16,CCRm-low-0-overlap-0,17400451,2.9266185935,PREDICTED,2.589421272277832,2.5491576194763184,2.595417022705078,3.6398937702178955
CCRm-low-0-overlap-0:17,CCRm-low-0-overlap-0,17600457,2.729226705400001,PREDICTED,2.4964816570281982,2.457123041152954,2.4863202571868896,2.5327043533325195
CCRm-low-0-overlap-0:18,CCRm-low-0-overlap-0,18000467,2.480721876299998,PREDICTED,2.683332681655884,2.534308433532715,2.6378462314605713,1.9417692422866821
CCRm-low-0-overlap-0:19,CCRm-low-0-overlap-0,18200464,2.3922449363999996,PREDICTED,2.8374788761138916,2.717057943344116,2.7845656871795654,2.977339029312134
CCRm-low-0-overlap-0:20,CCRm-low-0-overlap-0,18400469,2.2538151783,PREDICTED,2.181492805480957,2.1113500595092773,2.1531126499176025,1.7631200551986694
CCRm-low-0-overlap-0:21,CCRm-low-0-overlap-0,18650482,2.1192183230000006,PREDICTED,2.266986131668091,2.209815502166748,2.260420083999634,1.98959219455719
CCRm-low-0-overlap-0:22,CCRm-low-0-overlap-0,18850487,2.033154734899999,PREDICTED,2.2888925075531006,2.3067126274108887,2.352877378463745,1.8556526899337769
CCRm-low-0-overlap-0:23,CCRm-low-0-overlap-0,19000484,1.9819914448,PREDICTED,2.127791404724121,2.1072998046875,2.138920783996582,1.6822367906570435
CCRm-low-0-overlap-0:24,CCRm-low-0-overlap-0,19200490,1.893987922,PREDICTED,1.9053611755371094,1.853214144706726,1.855446219444275,2.4912896156311035
CCRm-low-0-overlap-0:25,CCRm-low-0-overlap-0,19400495,1.8322982645000006,PREDICTED,1.8196511268615723,1.8075168132781982,1.7853634357452393,1.7437649965286255
CCRm-low-0-overlap-0:26,CCRm-low-0-overlap-0,19600500,1.7544194480000002,PREDICTED,1.8993135690689087,1.9037286043167114,1.8657406568527222,2.0900588035583496
CCRm-low-0-overlap-0:27,CCRm-low-0-overlap-0,19750506,1.725291917799998,PREDICTED,1.982905387878418,2.000037908554077,1.996250033378601,2.227405071258545
CCRm-low-0-overlap-0:28,CCRm-low-0-overlap-0,19950511,1.7206470494,PREDICTED,2.1746885776519775,2.1554479598999023,2.1730616092681885,3.6250998973846436
CCRm-low-0-overlap-0:29,CCRm-low-0-overlap-0,20150517,1.7852920032999997,PREDICTED,2.489469051361084,2.4679951667785645,2.446382522583008,10.879530906677246
CCRm-low-0-overlap-0:30,CCRm-low-0-overlap-0,20350522,1.9811904830000036,PREDICTED,2.736835241317749,2.747180700302124,2.732914924621582,-6.337577819824219
CCRm-low-0-overlap-0:31,CCRm-low-0-overlap-0,20550527,2.2881617144999984,PREDICTED,4.677567005157471,4.633767127990723,4.6309027671813965,-6.0689826011657715
CCRm-low-100-overlap-100:00,CCRm-low-100-overlap-100,8250227,11.350322446199995,PREDICTED,5.339054107666016,6.037918567657471,6.169685363769531,6.977017879486084
CCRm-low-100-overlap-100:01,CCRm-low-100-overlap-100,8550231,9.757912298999994,PREDICTED,7.1161298751831055,7.51204776763916,7.535006523132324,6.276854515075684
CCRm-low-100-overlap-100:02,CCRm-low-100-overlap-100,8900242,8.0554044021,PREDICTED,5.912039279937744,6.178820610046387,6.237552642822266,6.913365364074707
CCRm-low-100-overlap-100:03,CCRm-low-100-overlap-100,9200246,7.083149166,PREDICTED,5.127109527587891,5.048389911651611,5.133897304534912,6.3107829093933105
CCRm-low-100-overlap-100:04,CCRm-low-100-overlap-100,9550257,6.441418945599999,PREDICTED,4.779270648956299,4.827607154846191,5.002935886383057,5.266265392303467
CCRm-low-100-overlap-100:05,CCRm-low-100-overlap-100,9850269,5.988905459999997,PREDICTED,5.793668270111084,5.739364147186279,5.780694484710693,6.164377689361572
CCRm-low-100-overlap-100:06,CCRm-low-100-overlap-100,10200272,5.5790290669000004,PREDICTED,4.4787468910217285,4.46897554397583,4.480036735534668,6.093692779541016
CCRm-low-100-overlap-100:07,CCRm-low-100-overlap-100,10500284,5.2387949285,PREDICTED,4.866093635559082,4.821986198425293,4.821033954620361,6.035186767578125
CCRm-low-100-overlap-100:08,CCRm-low-100-overlap-100,10850287,4.929279004,PREDICTED,6.182468414306641,6.003505706787109,6.039638042449951,6.6188578605651855
CCRm-low-100-overlap-100:09,CCRm-low-100-overlap-100,11150299,4.653653288,PREDICTED,5.547338485717773,5.414045810699463,5.500871181488037,4.069157123565674
CCRm-low-100-overlap-100:10,CCRm-low-100-overlap-100,11500301,4.381076712,PREDICTED,3.3861892223358154,3.3093554973602295,3.409050941467285,5.523563385009766
CCRm-low-100-overlap-100:11,CCRm-low-100-overlap-100,11800314,4.107116024499999,PREDICTED,4.757474899291992,4.570796489715576,4.709408760070801,-6.4275102615356445
CCRm-low-100-overlap-100:12,CCRm-low-100-overlap-100,12150325,3.8796661952,PREDICTED,2.6539883613586426,2.6437833309173584,2.7013449668884277,3.9287593364715576
CCRm-low-100-overlap-100:13,CCRm-low-100-overlap-100,12450328,3.8023961084000013,PREDICTED,3.894505500793457,3.5659406185150146,3.794410228729248,7.246082305908203
CCRm-low-100-overlap-100:14,CCRm-low-100-overlap-100,12800340,3.687302860599999,PREDICTED,2.6673357486724854,2.6787760257720947,2.6813738346099854,3.706566333770752
CCRm-low-100-overlap-100:15,CCRm-low-100-overlap-100,13100343,3.5274186921999986,PREDICTED,3.143425464630127,3.040273427963257,3.0539493560791016,4.922184467315674
CCRm-low-100-overlap-100:16,CCRm-low-100-overlap-100,13450355,3.3321993676000004,PREDICTED,2.940446615219116,2.940140962600708,2.943802833557129,3.6652443408966064
CCRm-low-100-overlap-100:17,CCRm-low-100-overlap-100,13750358,3.2554672514000003,PREDICTED,2.825612783432007,2.725632667541504,2.805366039276123,3.579040288925171
CCRm-low-100-overlap-100:18,CCRm-low-100-overlap-100,14100369,3.2808176999999996,PREDICTED,2.620347738265991,2.561826229095459,2.6245083808898926,2.9464313983917236
CCRm-low-100-overlap-100:19,CCRm-low-100-overlap-100,14400373,3.2460083919999994,PREDICTED,2.4428861141204834,2.37015700340271,2.441885232925415,2.604449987411499
CCRm-low-100-overlap-100:20,CCRm-low-100-overlap-100,14750384,3.2999734504999996,PREDICTED,2.669358730316162,2.564305305480957,2.6563925743103027,2.5770583152770996
CCRm-low-100-overlap-100:21,CCRm-low-100-overlap-100,15050388,3.4055767126000003,PREDICTED,3.5004844665527344,3.236339807510376,3.340787410736084,5.852837085723877
CCRm-low-100-overlap-100:22,CCRm-low-100-overlap-100,15400399,3.704050214999999,PREDICTED,3.206935167312622,3.1332545280456543,3.1725802421569824,4.077712059020996
CCRm-low-100-overlap-100:23,CCRm-low-100-overlap-100,15700411,4.155727423400005,PREDICTED,2.986213207244873,2.911816120147705,2.9268782138824463,3.177755832672119
CCRm-low-100-overlap-100:24,CCRm-low-100-overlap-100,16050414,5.4123809624999994,PREDICTED,4.483255863189697,4.266421318054199,4.239806652069092,4.306067943572998
CCRm-low-100-overlap-100:25,CCRm-low-100-overlap-100,16350426,7.990974572999979,PREDICTED,4.061709880828857,4.0751118659973145,4.147768974304199,6.3452959060668945
CCRm-low-100-overlap-100:26,CCRm-low-100-overlap-100,16700429,,PREDICTED,8.499299049377441,8.374303817749023,8.512885093688965,6.8056206703186035
CCRm-low-100-overlap-100:27,CCRm-low-100-overlap-100,17000441,,PREDICTED,6.394689083099365,7.916626453399658,8.255393981933594,7.8738179206848145
CCRm-low-100-overlap-100:28,CCRm-low-100-overlap-100,17350443,,PREDICTED,8.617961883544922,15.884956359863281,21.929744720458984,-8.09445571899414
CCRm-low-100-overlap-100:29,CCRm-low-100-overlap-100,17650456,,PREDICTED,-15.093070983886719,-12.639139175415039,-10.167182922363281,-8.274420738220215
CCRm-low-100-overlap-100:30,CCRm-low-100-overlap-100,18000467,,PREDICTED,59.999996185302734,-26.411813735961914,-17.462867736816406,-10.145750999450684
CCRm-low-100-overlap-100:31,CCRm-low-100-overlap-100,18350469,,PREDICTED,-9.455422401428223,-9.672804832458496,-8.547209739685059,10.475350379943848
CCRm-low-50-overlap-50:00,CCRm-low-50-overlap-50,10250267,6.509574864000005,PREDICTED,6.754519462585449,6.590900421142578,6.951658248901367,4.932806968688965
CCRm-low-50-overlap-50:01,CCRm-low-50-overlap-50,10450272,5.951899500299999,PREDICTED,5.238088607788086,5.382423400878906,5.3224358558654785,6.983465194702148
CCRm-low-50-overlap-50:02,CCRm-low-50-overlap-50,10700276,5.529365079000001,PREDICTED,3.4123284816741943,3.3404483795166016,3.482447385787964,-5.719180583953857
CCRm-low-50-overlap-50:03,CCRm-low-50-overlap-50,10950289,5.2637729246000005,PREDICTED,4.020585060119629,3.945683479309082,4.062719821929932,3.906529664993286
CCRm-low-50-overlap-50:04,CCRm-low-50-overlap-50,11150295,5.122921362800002,PREDICTED,4.590223789215088,4.404254913330078,4.568295001983643,4.990456581115723
CCRm-low-50-overlap-50:05,CCRm-low-50-overlap-50,11400299,4.947115025600001,PREDICTED,4.212921142578125,4.307608604431152,4.322229862213135,4.713018894195557
CCRm-low-50-overlap-50:06,CCRm-low-50-overlap-50,11650303,4.689046280000005,PREDICTED,4.167299270629883,4.387462139129639,4.429964065551758,5.541259765625
CCRm-low-50-overlap-50:07,CCRm-low-50-overlap-50,11850309,4.509875011200001,PREDICTED,4.869680404663086,4.740766525268555,4.789113521575928,5.221780776977539
CCRm-low-50-overlap-50:08,CCRm-low-50-overlap-50,12100313,4.287568252000001,PREDICTED,4.696844100952148,4.812793254852295,4.729066371917725,4.8755669593811035
CCRm-low-50-overlap-50:09,CCRm-low-50-overlap-50,12350317,4.0694349292,PREDICTED,3.443970203399658,3.4375081062316895,3.4772372245788574,4.757455825805664
CCRm-low-50-overlap-50:10,CCRm-low-50-overlap-50,12600330,3.8679431866000007,PREDICTED,3.3118484020233154,3.2982988357543945,3.278759241104126,3.102898359298706
CCRm-low-50-overlap-50:11,CCRm-low-50-overlap-50,12800336,3.7036446484999996,PREDICTED,2.6013336181640625,2.5987489223480225,2.6453304290771484,3.6387805938720703
CCRm-low-50-overlap-50:12,CCRm-low-50-overlap-50,13050340,3.5448698370000002,PREDICTED,2.9873909950256348,2.9505934715270996,2.983788251876831,4.055631637573242
CCRm-low-50-overlap-50:13,CCRm-low-50-overlap-50,13300344,3.432005474199998,PREDICTED,3.065000295639038,3.0751452445983887,3.041670083999634,4.070213317871094
CCRm-low-50-overlap-50:14,CCRm-low-50-overlap-50,13500349,3.2833221472000003,PREDICTED,3.079986572265625,3.0478451251983643,3.033334493637085,3.3294997215270996
CCRm-low-50-overlap-50:15,CCRm-low-50-overlap-50,13750354,3.1541222418000006,PREDICTED,2.777031421661377,2.772826910018921,2.8098702430725098,2.7126309871673584
CCRm-low-50-overlap-50:16,CCRm-low-50-overlap-50,14000358,3.0150932855000003,PREDICTED,2.909566879272461,2.9004786014556885,2.934427499771118,3.474889039993286
CCRm-low-50-overlap-50:17,CCRm-low-50-overlap-50,14250371,2.9531329376,PREDICTED,2.6568644046783447,2.616931438446045,2.6558175086975098,2.8686652183532715
CCRm-low-50-overlap-50:18,CCRm-low-50-overlap-50,14450368,2.9146399210000005,PREDICTED,2.7698729038238525,2.62589693069458,2.708740711212158,3.4136319160461426
CCRm-low-50-overlap-50:19,CCRm-low-50-overlap-50,14700381,2.8951590470000004,PREDICTED,2.8068525791168213,2.698636054992676,2.7558767795562744,2.89408540725708
CCRm-low-50-overlap-50:20,CCRm-low-50-overlap-50,14950385,2.919345941800001,PREDICTED,2.8318989276885986,2.716768980026245,2.7967875003814697,2.5390210151672363
CCRm-low-50-overlap-50:21,CCRm-low-50-overlap-50,15150390,2.9780544011999996,PREDICTED,2.7093310356140137,2.586366653442383,2.6468427181243896,2.5180089473724365
CCRm-low-50-overlap-50:22,CCRm-low-50-overlap-50,15400395,3.1719280615999983,PREDICTED,2.7471566200256348,2.630540132522583,2.690865993499756,2.9115283489227295
CCRm-low-50-overlap-50:23,CCRm-low-50-overlap-50,15650399,3.4198839732000006,PREDICTED,2.8445913791656494,2.7412309646606445,2.746291399002075,2.717961549758911
CCRm-low-50-overlap-50:24,CCRm-low-50-overlap-50,15900403,3.8271867999999993,PREDICTED,3.263062000274658,3.1158463954925537,3.142242193222046,2.514989137649536
CCRm-low-50-overlap-50:25,CCRm-low-50-overlap-50,16100409,4.3750250438000045,PREDICTED,3.1424286365509033,2.9963223934173584,3.0299015045166016,2.974114179611206
CCRm-low-50-overlap-50:26,CCRm-low-50-overlap-50,16350422,5.4987854446,PREDICTED,4.27133321762085,4.1540632247924805,4.23380184173584,4.6170783042907715
CCRm-low-50-overlap-50:27,CCRm-low-50-overlap-50,16600426,6.773121277799993,PREDICTED,5.879277229309082,5.233034610748291,5.707254886627197,5.216552734375
CCRm-low-50-overlap-50:28,CCRm-low-50-overlap-50,16800431,8.429291632399972,PREDICTED,5.922416687011719,5.762457847595215,5.91670036315918,5.825179576873779
CCRm-low-50-overlap-50:29,CCRm-low-50-overlap-50,17050436,13.792865617600016,PREDICTED,8.814970970153809,9.179781913757324,11.006704330444336,7.434797763824463
CCRm-low-50-overlap-50:30,CCRm-low-50-overlap-50,17300440,,PREDICTED,12.908895492553711,47.70970916748047,59.999996185302734,6.0772480964660645
CCRm-low-50-overlap-50:31,CCRm-low-50-overlap-50,17550444,,PREDICTED,22.804519653320312,-59.999996185302734,-27.018552780151367,61.19721221923828
CCRm-medium-0-overlap-0:00,CCRm-medium-0-overlap-0,8800240,,PREDICTED,5.873429775238037,6.350964546203613,8.110343933105469,-33.77192306518555
CCRm-medium-0-overlap-0:01,CCRm-medium-0-overlap-0,9100252,,PREDICTED,8.205375671386719,9.6665678024292,10.701286315917969,-13.408900260925293
CCRm-medium-0-overlap-0:02,CCRm-medium-0-overlap-0,9400256,,PREDICTED,6.0006866455078125,6.253414630889893,7.018241882324219,7.655061721801758
CCRm-medium-0-overlap-0:03,CCRm-medium-0-overlap-0,9700259,,PREDICTED,6.364220142364502,6.558863162994385,7.919332027435303,7.983524322509766
CCRm-medium-0-overlap-0:04,CCRm-medium-0-overlap-0,10000271,,PREDICTED,5.951588153839111,7.497313499450684,8.7224702835083,7.2992658615112305
CCRm-medium-0-overlap-0:05,CCRm-medium-0-overlap-0,10300275,17.75961121060001,PREDICTED,5.682496070861816,5.807758808135986,6.164448261260986,9.63648509979248
CCRm-medium-0-overlap-0:06,CCRm-medium-0-overlap-0,10600287,15.277910498799994,PREDICTED,4.9820966720581055,4.703244686126709,5.6264872550964355,10.064920425415039
CCRm-medium-0-overlap-0:07,CCRm-medium-0-overlap-0,10900291,13.038823106500004,PREDICTED,5.491328239440918,5.208993434906006,5.763959884643555,6.978585243225098
CCRm-medium-0-overlap-0:08,CCRm-medium-0-overlap-0,11200303,11.562043720500007,PREDICTED,4.965220928192139,5.234673976898193,5.080811977386475,-6.466604232788086
CCRm-medium-0-overlap-0:09,CCRm-medium-0-overlap-0,11500306,10.317738852999998,PREDICTED,6.510684967041016,6.4205780029296875,7.47204065322876,6.957776069641113
CCRm-medium-0-overlap-0:10,CCRm-medium-0-overlap-0,11800309,9.2102288299,PREDICTED,6.976677417755127,7.713944435119629,7.740772247314453,5.641770839691162
CCRm-medium-0-overlap-0:11,CCRm-medium-0-overlap-0,12100322,8.334057874599996,PREDICTED,6.116323471069336,6.123033046722412,6.568118572235107,6.992837905883789
CCRm-medium-0-overlap-0:12,CCRm-medium-0-overlap-0,12400325,7.454225854599999,PREDICTED,5.981502532958984,6.267860412597656,6.422657012939453,5.841404914855957
CCRm-medium-0-overlap-0:13,CCRm-medium-0-overlap-0,12700337,6.701345178300005,PREDICTED,5.526032447814941,5.432560920715332,5.634426593780518,6.536263465881348
CCRm-medium-0-overlap-0:14,CCRm-medium-0-overlap-0,13000341,6.0096142899999965,PREDICTED,6.039532661437988,6.029955863952637,6.018668174743652,7.390844345092773
CCRm-medium-0-overlap-0:15,CCRm-medium-0-overlap-0,13300353,5.376718342800003,PREDICTED,4.590749263763428,4.699051380157471,4.65243673324585,6.683191299438477
CCRm-medium-0-overlap-0:16,CCRm-medium-0-overlap-0,13600357,4.792220218999996,PREDICTED,5.192964553833008,5.312504768371582,5.260847568511963,7.101737976074219
CCRm-medium-0-overlap-0:17,CCRm-medium-0-overlap-0,13900360,4.368292095200001,PREDICTED,5.381629943847656,5.4881391525268555,5.4516921043396,4.88205099105835
CCRm-medium-0-overlap-0:18,CCRm-medium-0-overlap-0,14200372,4.011108427200002,PREDICTED,4.867289066314697,4.7479166984558105,4.741362571716309,4.744231700897217
CCRm-medium-0-overlap-0:19,CCRm-medium-0-overlap-0,14500376,3.6849981700000005,PREDICTED,5.157261848449707,5.13555908203125,5.257091045379639,5.25629997253418
CCRm-medium-0-overlap-0:20,CCRm-medium-0-overlap-0,14800388,3.3602355312000003,PREDICTED,3.2024996280670166,3.1408963203430176,3.392272710800171,5.963027477264404
CCRm-medium-0-overlap-0:21,CCRm-medium-0-overlap-0,15100391,3.052422890999999,PREDICTED,3.179628849029541,3.2562673091888428,3.1496880054473877,4.504240989685059
CCRm-medium-0-overlap-0:22,CCRm-medium-0-overlap-0,15400403,2.7340416981999995,PREDICTED,3.0353431701660156,2.8951215744018555,3.004892349243164,3.380901336669922
CCRm-medium-0-overlap-0:23,CCRm-medium-0-overlap-0,15700407,2.4243469363000005,PREDICTED,2.583927869796753,2.499415636062622,2.5518503189086914,3.3233463764190674
CCRm-medium-0-overlap-0:24,CCRm-medium-0-overlap-0,16000419,2.1560368863,PREDICTED,2.4217305183410645,2.359323024749756,2.3665964603424072,2.3764872550964355
CCRm-medium-0-overlap-0:25,CCRm-medium-0-overlap-0,16300422,1.9367612687999995,PREDICTED,2.054983615875244,2.0004262924194336,2.032517433166504,2.1151866912841797
CCRm-medium-0-overlap-0:26,CCRm-medium-0-overlap-0,16600426,1.7063415850000008,PREDICTED,2.076469659805298,2.0042762756347656,2.0732531547546387,1.6487174034118652
CCRm-medium-0-overlap-0:27,CCRm-medium-0-overlap-0,16900438,1.4583113459999977,PREDICTED,1.8247177600860596,1.7816962003707886,1.792849063873291,4.125196933746338
CCRm-medium-0-overlap-0:28,CCRm-medium-0-overlap-0,17200442,1.201724206400001,PREDICTED,1.8290826082229614,1.7779656648635864,1.822864055633545,1.4979830980300903
CCRm-medium-0-overlap-0:29,CCRm-medium-0-overlap-0,17500454,0.9652115937999997,PREDICTED,1.3713375329971313,1.3530350923538208,1.321425437927246,1.901551365852356
CCRm-medium-0-overlap-0:30,CCRm-medium-0-overlap-0,17800457,0.7436818437999989,PREDICTED,1.0388542413711548,0.9993698000907898,1.0090655088424683,1.145694375038147
CCRm-medium-0-overlap-0:31,CCRm-medium-0-overlap-0,18100470,,PREDICTED,1.2046815156936646,1.1515291929244995,1.158854365348816,4.300042152404785
CCRm-medium-100-overlap-100:00,CCRm-medium-100-overlap-100,15750407,,PREDICTED,4.990931987762451,5.1155009269714355,5.882472038269043,21.646066665649414
CCRm-medium-100-overlap-100:01,CCRm-medium-100-overlap-100,16000412,,PREDICTED,7.409040927886963,8.08709716796875,8.438627243041992,6.690947532653809
CCRm-medium-100-overlap-100:02,CCRm-medium-100-overlap-100,16300424,17.522658439,PREDICTED,4.7037739753723145,4.492334365844727,5.872933864593506,33.50886154174805
CCRm-medium-100-overlap-100:03,CCRm-medium-100-overlap-100,16550428,14.38137350659999,PREDICTED,4.220148086547852,4.153598785400391,4.660225868225098,8.225778579711914
CCRm-medium-100-overlap-100:04,CCRm-medium-100-overlap-100,16950439,11.017879170000006,PREDICTED,6.1842827796936035,6.276659965515137,6.177595615386963,7.181381702423096
CCRm-medium-100-overlap-100:05,CCRm-medium-100-overlap-100,17200443,9.5590279266,PREDICTED,6.398340702056885,7.357196807861328,7.469838619232178,9.52574348449707
CCRm-medium-100-overlap-100:06,CCRm-medium-100-overlap-100,17500447,8.2285875442,PREDICTED,6.598713397979736,7.407625198364258,7.836289882659912,10.056052207946777
CCRm-medium-100-overlap-100:07,CCRm-medium-100-overlap-100,17800459,7.2925470634,PREDICTED,6.3028340339660645,6.255457401275635,6.506757736206055,6.329281330108643
CCRm-medium-100-overlap-100:08,CCRm-medium-100-overlap-100,18050464,6.5130994204999935,PREDICTED,5.222109794616699,5.216273307800293,5.369718551635742,5.352352619171143
CCRm-medium-100-overlap-100:09,CCRm-medium-100-overlap-100,18350476,5.875478085,PREDICTED,6.04404878616333,6.7599711418151855,6.095873832702637,9.226513862609863
CCRm-medium-100-overlap-100:10,CCRm-medium-100-overlap-100,18600480,5.458329361899998,PREDICTED,3.879347085952759,3.6377923488616943,3.6376755237579346,-8.880123138427734
CCRm-medium-100-overlap-100:11,CCRm-medium-100-overlap-100,18900483,4.983210110199996,PREDICTED,5.470628261566162,5.643056869506836,5.269669055938721,7.617109298706055
CCRm-medium-100-overlap-100:12,CCRm-medium-100-overlap-100,19150488,4.5926234834,PREDICTED,5.022124767303467,5.240724563598633,5.175912857055664,6.055663585662842
CCRm-medium-100-overlap-100:13,CCRm-medium-100-overlap-100,19450500,4.133811191699999,PREDICTED,5.139562129974365,5.008778095245361,5.331389904022217,5.303773880004883
CCRm-medium-100-overlap-100:14,CCRm-medium-100-overlap-100,19750503,3.7202066578000004,PREDICTED,4.662189960479736,4.563769817352295,4.791443347930908,3.9499409198760986
CCRm-medium-100-overlap-100:15,CCRm-medium-100-overlap-100,20000508,3.385345535800001,PREDICTED,3.9144415855407715,3.7926182746887207,3.8927791118621826,6.507842063903809
CCRm-medium-100-overlap-100:16,CCRm-medium-100-overlap-100,20300520,3.036867010900001,PREDICTED,3.479692220687866,3.196761131286621,3.388280153274536,5.525783061981201
CCRm-medium-100-overlap-100:17,CCRm-medium-100-overlap-100,20550524,2.7755234428000004,PREDICTED,2.4043970108032227,2.473130941390991,2.44913911819458,4.025089263916016
CCRm-medium-100-overlap-100:18,CCRm-medium-100-overlap-100,20850528,2.5257280716,PREDICTED,2.302882194519043,2.272814989089966,2.3849804401397705,3.9601969718933105
CCRm-medium-100-overlap-100:19,CCRm-medium-100-overlap-100,21150540,2.3763009159,PREDICTED,3.0796000957489014,2.900057077407837,2.917048931121826,3.434020519256592
CCRm-medium-100-overlap-100:20,CCRm-medium-100-overlap-100,21400544,2.2312352834999998,PREDICTED,2.4953267574310303,2.4632863998413086,2.4889156818389893,5.048634052276611
CCRm-medium-100-overlap-100:21,CCRm-medium-100-overlap-100,21700548,2.106146234599999,PREDICTED,2.146630048751831,2.1249234676361084,2.1832406520843506,2.0341246128082275
CCRm-medium-100-overlap-100:22,CCRm-medium-100-overlap-100,21950561,2.0341441600000003,PREDICTED,1.954703450202942,1.9488677978515625,2.0080652236938477,3.0531396865844727
CCRm-medium-100-overlap-100:23,CCRm-medium-100-overlap-100,22250564,2.0071414541999997,PREDICTED,2.1926212310791016,2.1418538093566895,2.182626962661743,2.602135419845581
CCRm-medium-100-overlap-100:24,CCRm-medium-100-overlap-100,22500569,2.0695223167999988,PREDICTED,2.1394360065460205,2.1188385486602783,2.1275851726531982,3.6662216186523438
CCRm-medium-100-overlap-100:25,CCRm-medium-100-overlap-100,22800581,2.264288410000002,PREDICTED,2.4534389972686768,2.3338980674743652,2.4043145179748535,2.43866229057312
CCRm-medium-100-overlap-100:26,CCRm-medium-100-overlap-100,23100584,2.576107766200001,PREDICTED,2.8461875915527344,2.662738561630249,2.766841411590576,-34.936519622802734
CCRm-medium-100-overlap-100:27,CCRm-medium-100-overlap-100,23350589,3.0033779060000008,PREDICTED,2.608680009841919,2.559828281402588,2.581599712371826,2.730177879333496
CCRm-medium-100-overlap-100:28,CCRm-medium-100-overlap-100,23650601,4.329791508000018,PREDICTED,3.7546095848083496,3.5534470081329346,3.637253999710083,3.659959077835083
CCRm-medium-100-overlap-100:29,CCRm-medium-100-overlap-100,23900605,7.407456636799986,PREDICTED,3.1735243797302246,3.045522928237915,3.1385812759399414,4.462915897369385
CCRm-medium-100-overlap-100:30,CCRm-medium-100-overlap-100,24200609,,PREDICTED,5.8944091796875,6.590545177459717,7.390552043914795,5.791477680206299
CCRm-medium-100-overlap-100:31,CCRm-medium-100-overlap-100,24500621,,PREDICTED,7.353486061096191,9.138346672058105,9.501272201538086,8.489978790283203
CCRm-medium-50-overlap-50:00,CCRm-medium-50-overlap-50,7700209,16.637811959,PREDICTED,4.3020100593566895,3.911301851272583,4.442623138427734,6.677605152130127
CCRm-medium-50-overlap-50:01,CCRm-medium-50-overlap-50,7950213,14.6717097226,PREDICTED,6.727232456207275,7.0182695388793945,8.193660736083984,15.524540901184082
CCRm-medium-50-overlap-50:02,CCRm-medium-50-overlap-50,8250216,12.681288947899999,PREDICTED,5.211233139038086,5.668877601623535,6.722081184387207,6.977191925048828
CCRm-medium-50-overlap-50:03,CCRm-medium-50-overlap-50,8550229,11.30236472,PREDICTED,6.549837589263916,6.3784661293029785,7.412195682525635,5.855676651000977
CCRm-medium-50-overlap-50:04,CCRm-medium-50-overlap-50,8850232,10.0627374652,PREDICTED,6.109414100646973,6.587427616119385,6.31937837600708,6.600343704223633
CCRm-medium-50-overlap-50:05,CCRm-medium-50-overlap-50,9100236,9.1682110843,PREDICTED,6.303186893463135,6.458506107330322,6.457725524902344,5.881521224975586
CCRm-medium-50-overlap-50:06,CCRm-medium-50-overlap-50,9400249,8.172661239999998,PREDICTED,5.421562194824219,5.816115379333496,5.514604091644287,7.496187210083008
CCRm-medium-50-overlap-50:07,CCRm-medium-50-overlap-50,9700252,7.323245336399999,PREDICTED,4.73337459564209,4.797460079193115,4.853721618652344,7.906620502471924
CCRm-medium-50-overlap-50:08,CCRm-medium-50-overlap-50,10000265,6.5978137267999974,PREDICTED,6.268605709075928,6.6871724128723145,6.215902328491211,7.111641883850098
CCRm-medium-50-overlap-50:09,CCRm-medium-50-overlap-50,10250269,6.027812371,PREDICTED,5.421056747436523,5.249000549316406,5.670787811279297,120.70808410644531
CCRm-medium-50-overlap-50:10,CCRm-medium-50-overlap-50,10550272,5.401194052600001,PREDICTED,4.3780598640441895,4.754053592681885,4.387545108795166,7.517246723175049
CCRm-medium-50-overlap-50:11,CCRm-medium-50-overlap-50,10850285,4.8184653628000005,PREDICTED,4.83216667175293,5.026443004608154,5.03472375869751,5.904019355773926
CCRm-medium-50-overlap-50:12,CCRm-medium-50-overlap-50,11150288,4.2856088844,PREDICTED,4.6227874755859375,4.870890140533447,4.825098037719727,5.576883316040039
CCRm-medium-50-overlap-50:13,CCRm-medium-50-overlap-50,11450300,3.9062531151,PREDICTED,5.099002361297607,4.885064601898193,5.018461227416992,5.53393030166626
CCRm-medium-50-overlap-50:14,CCRm-medium-50-overlap-50,11700304,3.6548655100000014,PREDICTED,4.0024895668029785,3.9232826232910156,4.091570854187012,7.3338212966918945
CCRm-medium-50-overlap-50:15,CCRm-medium-50-overlap-50,12000308,3.3418846486999993,PREDICTED,2.79559588432312,2.807720184326172,2.810750961303711,5.925309181213379
CCRm-medium-50-overlap-50:16,CCRm-medium-50-overlap-50,12300320,3.006322001400001,PREDICTED,2.8429017066955566,2.7957568168640137,2.76068377494812,3.3603897094726562
CCRm-medium-50-overlap-50:17,CCRm-medium-50-overlap-50,12600323,2.7656547016000004,PREDICTED,2.692291021347046,2.663400650024414,2.6918928623199463,4.491759777069092
CCRm-medium-50-overlap-50:18,CCRm-medium-50-overlap-50,12850328,2.6489535561000004,PREDICTED,2.139819383621216,2.115039825439453,2.1799967288970947,3.6320924758911133
CCRm-medium-50-overlap-50:19,CCRm-medium-50-overlap-50,13150340,2.4898319312,PREDICTED,3.113980770111084,2.8990166187286377,2.867258310317993,3.109206438064575
CCRm-medium-50-overlap-50:20,CCRm-medium-50-overlap-50,13450344,2.3712668765,PREDICTED,2.6087019443511963,2.503262758255005,2.606714963912964,2.796398401260376
CCRm-medium-50-overlap-50:21,CCRm-medium-50-overlap-50,13750356,2.3323423597999997,PREDICTED,2.38686203956604,2.347198963165283,2.3701183795928955,3.256150245666504
CCRm-medium-50-overlap-50:22,CCRm-medium-50-overlap-50,14050359,2.300881528,PREDICTED,2.02514910697937,2.0208590030670166,2.0413057804107666,2.1129143238067627
CCRm-medium-50-overlap-50:23,CCRm-medium-50-overlap-50,14300363,2.281515864,PREDICTED,1.988874912261963,1.9745948314666748,2.0342037677764893,1.9572457075119019
CCRm-medium-50-overlap-50:24,CCRm-medium-50-overlap-50,14600376,2.2866847766,PREDICTED,2.042253017425537,2.0258424282073975,2.059028148651123,2.7091574668884277
CCRm-medium-50-overlap-50:25,CCRm-medium-50-overlap-50,14900379,2.345821848,PREDICTED,2.1383543014526367,2.1598331928253174,2.1702661514282227,2.2738592624664307
CCRm-medium-50-overlap-50:26,CCRm-medium-50-overlap-50,15200391,2.4822875039999994,PREDICTED,2.304936408996582,2.2370364665985107,2.2893147468566895,2.131937265396118
CCRm-medium-50-overlap-50:27,CCRm-medium-50-overlap-50,15450396,2.7427706103999996,PREDICTED,2.0924746990203857,2.081146001815796,2.0976741313934326,2.483107566833496
CCRm-medium-50-overlap-50:28,CCRm-medium-50-overlap-50,15750399,3.264870708,PREDICTED,2.4428703784942627,2.4229605197906494,2.43550968170166,3.134305477142334
CCRm-medium-50-overlap-50:29,CCRm-medium-50-overlap-50,16050412,4.38546428040001,PREDICTED,3.672886371612549,3.555542469024658,3.5314602851867676,4.4773149490356445
CCRm-medium-50-overlap-50:30,CCRm-medium-50-overlap-50,16350415,7.158967120000005,PREDICTED,5.609320163726807,5.417464733123779,5.685881614685059,4.744204998016357
CCRm-medium-50-overlap-50:31,CCRm-medium-50-overlap-50,16650418,,PREDICTED,8.864330291748047,8.814384460449219,8.882673263549805,7.281461715698242
CCRs-1-high-0-overlap-0:00,CCRs-1-high-0-overlap-0,14786485,4.4395501575999985,PREDICTED,6.198666572570801,6.492103099822998,6.852627754211426,-5.043959140777588
CCRs-1-high-0-overlap-0:01,CCRs-1-high-0-overlap-0,14936374,4.282891568699999,PREDICTED,5.771561622619629,6.1112165451049805,6.279985427856445,7.105015754699707
CCRs-1-high-0-overlap-0:02,CCRs-1-high-0-overlap-0,15086263,4.119020001599999,PREDICTED,5.5139899253845215,5.304109573364258,5.62991189956665,5.940667152404785
CCRs-1-high-0-overlap-0:03,CCRs-1-high-0-overlap-0,15236142,3.943538186000002,PREDICTED,5.41325569152832,5.778406620025635,5.545985698699951,3.7184700965881348
CCRs-1-high-0-overlap-0:04,CCRs-1-high-0-overlap-0,15386031,3.8062027122,PREDICTED,4.794809341430664,4.805187702178955,4.7457194328308105,4.3172149658203125
CCRs-1-high-0-overlap-0:05,CCRs-1-high-0-overlap-0,15535921,3.6676398927999996,PREDICTED,5.526068687438965,6.555350303649902,6.3392744064331055,5.9919915199279785
CCRs-1-high-0-overlap-0:06,CCRs-1-high-0-overlap-0,15735764,3.4278790911000008,PREDICTED,3.427715301513672,3.3141841888427734,3.388554096221924,3.7424750328063965
CCRs-1-high-0-overlap-0:07,CCRs-1-high-0-overlap-0,15885655,3.278801446999999,PREDICTED,4.513657569885254,4.207871913909912,4.799440383911133,6.120792865753174
CCRs-1-high-0-overlap-0:08,CCRs-1-high-0-overlap-0,16035546,3.1298775089000013,PREDICTED,3.4671459197998047,3.4006872177124023,3.3199334144592285,-6.289207935333252
CCRs-1-high-0-overlap-0:09,CCRs-1-high-0-overlap-0,16185428,2.9814744653999976,PREDICTED,2.6565628051757812,2.6946115493774414,2.719877243041992,4.442989349365234
CCRs-1-high-0-overlap-0:10,CCRs-1-high-0-overlap-0,16335319,2.8361291126000006,PREDICTED,2.7181386947631836,2.6994054317474365,2.6973471641540527,6.862913608551025
CCRs-1-high-0-overlap-0:11,CCRs-1-high-0-overlap-0,16535171,2.6397851820000025,PREDICTED,2.926107168197632,2.8507637977600098,2.8498823642730713,3.410107374191284
CCRs-1-high-0-overlap-0:12,CCRs-1-high-0-overlap-0,16685055,2.509322077800001,PREDICTED,2.7610785961151123,2.701740264892578,2.6959168910980225,3.4498376846313477
CCRs-1-high-0-overlap-0:13,CCRs-1-high-0-overlap-0,16834948,2.3935667684999986,PREDICTED,3.5360217094421387,3.6229095458984375,3.4325263500213623,3.0107269287109375
CCRs-1-high-0-overlap-0:14,CCRs-1-high-0-overlap-0,16984841,2.264985164000001,PREDICTED,2.8549892902374268,2.8047335147857666,2.9635941982269287,8.838906288146973
CCRs-1-high-0-overlap-0:15,CCRs-1-high-0-overlap-0,17134725,2.1569111420000002,PREDICTED,2.2667791843414307,2.189887046813965,2.3027865886688232,3.8111414909362793
CCRs-1-high-0-overlap-0:16,CCRs-1-high-0-overlap-0,17334580,2.0105334158,PREDICTED,2.401031255722046,2.455138683319092,2.35939621925354,7.1711602210998535
CCRs-1-high-0-overlap-0:17,CCRs-1-high-0-overlap-0,17484473,1.932422478399999,PREDICTED,2.631051540374756,2.4990339279174805,2.594146728515625,3.405428171157837
CCRs-1-high-0-overlap-0:18,CCRs-1-high-0-overlap-0,17634359,1.8500758086,PREDICTED,2.6446311473846436,2.532423496246338,2.6247236728668213,2.659921646118164
CCRs-1-high-0-overlap-0:19,CCRs-1-high-0-overlap-0,17784254,1.7703270506000002,PREDICTED,2.0086257457733154,1.9738223552703857,2.015155076980591,2.376211404800415
CCRs-1-high-0-overlap-0:20,CCRs-1-high-0-overlap-0,17934149,1.6900682887999996,PREDICTED,2.1520354747772217,2.101787567138672,2.105494499206543,3.2931370735168457
CCRs-1-high-0-overlap-0:21,CCRs-1-high-0-overlap-0,18133997,1.6037812219999994,PREDICTED,2.2202978134155273,2.1442019939422607,2.1739187240600586,2.1921372413635254
CCRs-1-high-0-overlap-0:22,CCRs-1-high-0-overlap-0,18283893,1.524132635200001,PREDICTED,1.8175126314163208,1.748533844947815,1.7727017402648926,1.8229011297225952
CCRs-1-high-0-overlap-0:23,CCRs-1-high-0-overlap-0,18433788,1.4477188879999998,PREDICTED,2.196258068084717,2.1325173377990723,2.172236919403076,1.6079895496368408
CCRs-1-high-0-overlap-0:24,CCRs-1-high-0-overlap-0,18583676,1.3641103868999995,PREDICTED,1.8605512380599976,1.775744080543518,1.778182864189148,2.483365058898926
CCRs-1-high-0-overlap-0:25,CCRs-1-high-0-overlap-0,18733573,1.2779511344,PREDICTED,1.81636643409729,1.751082181930542,1.748555064201355,1.542762279510498
CCRs-1-high-0-overlap-0:26,CCRs-1-high-0-overlap-0,18933434,1.1882918015000006,PREDICTED,1.9445098638534546,1.8739197254180908,1.8892656564712524,1.3382920026779175
CCRs-1-high-0-overlap-0:27,CCRs-1-high-0-overlap-0,19083322,1.1148049875000001,PREDICTED,1.7549389600753784,1.6682478189468384,1.6430693864822388,1.8360698223114014
CCRs-1-high-0-overlap-0:28,CCRs-1-high-0-overlap-0,19233220,1.0398301280000002,PREDICTED,1.590037226676941,1.5272425413131714,1.5002975463867188,1.210170030593872
CCRs-1-high-0-overlap-0:29,CCRs-1-high-0-overlap-0,19383117,0.9761647980000004,PREDICTED,1.220613956451416,1.1639610528945923,1.192237377166748,1.0364937782287598
CCRs-1-high-0-overlap-0:30,CCRs-1-high-0-overlap-0,19533007,,PREDICTED,1.1494452953338623,1.0883709192276,1.1188228130340576,1.1304960250854492
CCRs-1-high-0-overlap-0:31,CCRs-1-high-0-overlap-0,19732872,,PREDICTED,1.0790932178497314,1.0275771617889404,1.0531196594238281,1.6414488554000854
CCRs-1-high-100-overlap-100:00,CCRs-1-high-100-overlap-100,17848286,3.4857137647999985,PREDICTED,4.362449645996094,4.468571662902832,4.3616719245910645,3.2686729431152344
CCRs-1-high-100-overlap-100:01,CCRs-1-high-100-overlap-100,17998306,3.3155727563,PREDICTED,4.176156044006348,4.240482330322266,4.157151699066162,4.54810094833374
CCRs-1-high-100-overlap-100:02,CCRs-1-high-100-overlap-100,18148318,3.1701161285000015,PREDICTED,4.083242416381836,3.898939371109009,3.976090669631958,-5.572640895843506
CCRs-1-high-100-overlap-100:03,CCRs-1-high-100-overlap-100,18298340,3.0163061136000007,PREDICTED,4.870506763458252,4.7208733558654785,4.939141750335693,6.694231033325195
CCRs-1-high-100-overlap-100:04,CCRs-1-high-100-overlap-100,18448353,2.8768513639999966,PREDICTED,5.145359039306641,5.20806360244751,4.92759895324707,3.041720151901245
CCRs-1-high-100-overlap-100:05,CCRs-1-high-100-overlap-100,18598375,2.720084940399999,PREDICTED,5.250308513641357,5.08698034286499,4.908782958984375,3.2661023139953613
CCRs-1-high-100-overlap-100:06,CCRs-1-high-100-overlap-100,18798400,2.5181458285,PREDICTED,3.6901464462280273,3.9100074768066406,3.9277424812316895,7.643378734588623
CCRs-1-high-100-overlap-100:07,CCRs-1-high-100-overlap-100,18948422,2.3748855682999994,PREDICTED,3.0967323780059814,3.1932547092437744,3.1844418048858643,5.440524101257324
CCRs-1-high-100-overlap-100:08,CCRs-1-high-100-overlap-100,19098438,2.230897611999999,PREDICTED,3.4795081615448,3.4122135639190674,3.409221649169922,2.1287505626678467
CCRs-1-high-100-overlap-100:09,CCRs-1-high-100-overlap-100,19248464,2.1175073287000004,PREDICTED,2.6972780227661133,2.5126893520355225,2.6089630126953125,5.451608657836914
CCRs-1-high-100-overlap-100:10,CCRs-1-high-100-overlap-100,19398488,2.0131531145,PREDICTED,2.164032220840454,2.1274466514587402,2.194805860519409,3.849760055541992
CCRs-1-high-100-overlap-100:11,CCRs-1-high-100-overlap-100,19598510,1.8943824856999993,PREDICTED,3.1213161945343018,3.2802815437316895,3.16471529006958,6.101227283477783
CCRs-1-high-100-overlap-100:12,CCRs-1-high-100-overlap-100,19748535,1.8003601923999994,PREDICTED,3.197434902191162,3.089189052581787,3.1625614166259766,3.4929537773132324
CCRs-1-high-100-overlap-100:13,CCRs-1-high-100-overlap-100,19898560,1.7123401898000004,PREDICTED,2.5160934925079346,2.543026924133301,2.580509662628174,2.241373300552368
CCRs-1-high-100-overlap-100:14,CCRs-1-high-100-overlap-100,20048579,1.6301952951999998,PREDICTED,2.0309762954711914,2.010033130645752,2.070528984069824,2.007019281387329
CCRs-1-high-100-overlap-100:15,CCRs-1-high-100-overlap-100,20198607,1.5468848184,PREDICTED,2.0000925064086914,1.976455807685852,2.0197246074676514,1.6428295373916626
CCRs-1-high-100-overlap-100:16,CCRs-1-high-100-overlap-100,20398642,1.4425870803000016,PREDICTED,2.175598382949829,2.1514980792999268,2.209771156311035,2.225614547729492
CCRs-1-high-100-overlap-100:17,CCRs-1-high-100-overlap-100,20548661,1.3660467676000008,PREDICTED,1.8403387069702148,1.7906256914138794,1.7944732904434204,2.0201101303100586
CCRs-1-high-100-overlap-100:18,CCRs-1-high-100-overlap-100,20698689,1.2934551207999985,PREDICTED,1.8227030038833618,1.804271936416626,1.816029667854309,1.7231065034866333
CCRs-1-high-100-overlap-100:19,CCRs-1-high-100-overlap-100,20848718,1.2394535439999987,PREDICTED,1.8788700103759766,1.8577290773391724,1.867393136024475,1.940787672996521
CCRs-1-high-100-overlap-100:20,CCRs-1-high-100-overlap-100,20998738,1.182844105,PREDICTED,1.8495287895202637,1.7754567861557007,1.7930828332901,3.216447591781616
CCRs-1-high-100-overlap-100:21,CCRs-1-high-100-overlap-100,21198776,1.1125288067999999,PREDICTED,1.8363746404647827,1.7709447145462036,1.767261266708374,1.2764338254928589
CCRs-1-high-100-overlap-100:22,CCRs-1-high-100-overlap-100,21348808,1.084078764,PREDICTED,1.6949398517608643,1.6385209560394287,1.6201356649398804,1.3036741018295288
CCRs-1-high-100-overlap-100:23,CCRs-1-high-100-overlap-100,21498830,1.0741516271999998,PREDICTED,1.727122187614441,1.6779423952102661,1.6808468103408813,1.5020642280578613
CCRs-1-high-100-overlap-100:24,CCRs-1-high-100-overlap-100,21648861,1.0758160576,PREDICTED,1.5816079378128052,1.5226346254348755,1.4988608360290527,3.0920045375823975
CCRs-1-high-100-overlap-100:25,CCRs-1-high-100-overlap-100,21798892,1.1042967291999997,PREDICTED,1.4441516399383545,1.4223941564559937,1.390411138534546,2.9559521675109863
CCRs-1-high-100-overlap-100:26,CCRs-1-high-100-overlap-100,21998923,1.187423855000001,PREDICTED,1.651607871055603,1.6261940002441406,1.6072748899459839,2.6937332153320312
CCRs-1-high-100-overlap-100:27,CCRs-1-high-100-overlap-100,22148957,1.3597713435999965,PREDICTED,1.9078789949417114,1.8919477462768555,1.902146339416504,2.372988224029541
CCRs-1-high-100-overlap-100:28,CCRs-1-high-100-overlap-100,22298991,1.7231580482000026,PREDICTED,1.9287663698196411,1.9045660495758057,1.9185101985931396,2.587822675704956
CCRs-1-high-100-overlap-100:29,CCRs-1-high-100-overlap-100,22449015,2.3892275582000027,PREDICTED,2.191753387451172,2.1715145111083984,2.1760413646698,1.801348090171814
CCRs-1-high-100-overlap-100:30,CCRs-1-high-100-overlap-100,22599049,,PREDICTED,2.171459913253784,2.1732842922210693,2.164459705352783,2.931117057800293
CCRs-1-high-100-overlap-100:31,CCRs-1-high-100-overlap-100,22799092,,PREDICTED,5.620536804199219,5.092772960662842,5.1429009437561035,5.927926063537598
CCRs-1-high-50-overlap-50:00,CCRs-1-high-50-overlap-50,14152052,5.836508102200001,PREDICTED,6.1895647048950195,6.192683219909668,6.722855567932129,5.505040645599365
CCRs-1-high-50-overlap-50:01,CCRs-1-high-50-overlap-50,14352128,5.5818244452,PREDICTED,5.523578643798828,5.433180809020996,6.260628700256348,5.200173854827881
CCRs-1-high-50-overlap-50:02,CCRs-1-high-50-overlap-50,14602219,5.2441124538,PREDICTED,6.04578971862793,6.385555744171143,6.624006748199463,4.807583332061768
CCRs-1-high-50-overlap-50:03,CCRs-1-high-50-overlap-50,14802285,5.0026180566,PREDICTED,4.971270561218262,5.314262390136719,5.021475791931152,-4.890546798706055
CCRs-1-high-50-overlap-50:04,CCRs-1-high-50-overlap-50,15052380,4.696749957600002,PREDICTED,5.471206188201904,5.795689582824707,6.5114054679870605,-14.123662948608398
CCRs-1-high-50-overlap-50:05,CCRs-1-high-50-overlap-50,15252459,4.4720394013,PREDICTED,6.31027889251709,6.517935276031494,6.422248840332031,-8.918169021606445
CCRs-1-high-50-overlap-50:06,CCRs-1-high-50-overlap-50,15502555,4.184318693000001,PREDICTED,6.844728946685791,6.701426029205322,6.917231559753418,3.442094564437866
CCRs-1-high-50-overlap-50:07,CCRs-1-high-50-overlap-50,15752651,3.9033633675000003,PREDICTED,5.134443283081055,5.482517719268799,5.370481967926025,6.048285007476807
CCRs-1-high-50-overlap-50:08,CCRs-1-high-50-overlap-50,15952731,3.6827612199999993,PREDICTED,4.205676078796387,4.335927963256836,4.29105806350708,5.365635871887207
CCRs-1-high-50-overlap-50:09,CCRs-1-high-50-overlap-50,16202831,3.4389895944999997,PREDICTED,4.930869102478027,4.812734127044678,4.82690954208374,2.1329238414764404
CCRs-1-high-50-overlap-50:10,CCRs-1-high-50-overlap-50,16402912,3.1988963027999984,PREDICTED,5.432829856872559,5.126371383666992,5.326578140258789,3.355631113052368
CCRs-1-high-50-overlap-50:11,CCRs-1-high-50-overlap-50,16653012,2.9685766794000004,PREDICTED,4.503968238830566,4.6604838371276855,4.814381122589111,5.181271553039551
CCRs-1-high-50-overlap-50:12,CCRs-1-high-50-overlap-50,16853094,2.763610669200003,PREDICTED,4.7102952003479,4.927466869354248,4.824234962463379,2.3044137954711914
CCRs-1-high-50-overlap-50:13,CCRs-1-high-50-overlap-50,17103196,2.5211207030000016,PREDICTED,3.0388259887695312,2.996738910675049,3.074190378189087,3.3407440185546875
CCRs-1-high-50-overlap-50:14,CCRs-1-high-50-overlap-50,17353299,2.321643662600001,PREDICTED,2.7780139446258545,2.7660560607910156,2.746396541595459,2.893371820449829
CCRs-1-high-50-overlap-50:15,CCRs-1-high-50-overlap-50,17553383,2.1804725528,PREDICTED,2.6725375652313232,2.6197047233581543,2.6308586597442627,5.374022960662842
CCRs-1-high-50-overlap-50:16,CCRs-1-high-50-overlap-50,17803486,2.0011082240000015,PREDICTED,2.107980966567993,2.1992976665496826,2.217491865158081,4.332298755645752
CCRs-1-high-50-overlap-50:17,CCRs-1-high-50-overlap-50,18003571,1.889827444,PREDICTED,2.2633657455444336,2.2171123027801514,2.4057445526123047,5.420275688171387
CCRs-1-high-50-overlap-50:18,CCRs-1-high-50-overlap-50,18253676,1.762326085,PREDICTED,2.4477274417877197,2.323098659515381,2.4566893577575684,4.256631851196289
CCRs-1-high-50-overlap-50:19,CCRs-1-high-50-overlap-50,18503781,1.6406093315,PREDICTED,2.203967332839966,2.127328872680664,2.1485977172851562,3.648212194442749
CCRs-1-high-50-overlap-50:20,CCRs-1-high-50-overlap-50,18703867,1.5288934746000002,PREDICTED,2.124375820159912,2.131870746612549,2.1622989177703857,1.621113896369934
CCRs-1-high-50-overlap-50:21,CCRs-1-high-50-overlap-50,18953973,1.385324389199999,PREDICTED,1.8959875106811523,1.8882794380187988,1.9258102178573608,2.017127513885498
CCRs-1-high-50-overlap-50:22,CCRs-1-high-50-overlap-50,19154060,1.2776854383999987,PREDICTED,2.2657904624938965,2.2375693321228027,2.2556047439575195,1.3350110054016113
CCRs-1-high-50-overlap-50:23,CCRs-1-high-50-overlap-50,19404167,1.1691991969999986,PREDICTED,1.79587721824646,1.7845505475997925,1.798075556755066,2.7301957607269287
CCRs-1-high-50-overlap-50:24,CCRs-1-high-50-overlap-50,19604254,1.0868309992000003,PREDICTED,1.7402359247207642,1.7082946300506592,1.7173093557357788,1.232730507850647
CCRs-1-high-50-overlap-50:25,CCRs-1-high-50-overlap-50,19854360,1.0256829890000005,PREDICTED,1.6997332572937012,1.6459972858428955,1.6527619361877441,1.039979338645935
CCRs-1-high-50-overlap-50:26,CCRs-1-high-50-overlap-50,20104467,0.9825265301000004,PREDICTED,1.3980070352554321,1.3665144443511963,1.338156819343567,3.087310314178467
CCRs-1-high-50-overlap-50:27,CCRs-1-high-50-overlap-50,20304546,0.9747413600000008,PREDICTED,1.4091728925704956,1.369026780128479,1.3551630973815918,1.3425252437591553
CCRs-1-high-50-overlap-50:28,CCRs-1-high-50-overlap-50,20554653,0.976648481699999,PREDICTED,1.6728942394256592,1.6067665815353394,1.5893564224243164,2.909569263458252
CCRs-1-high-50-overlap-50:29,CCRs-1-high-50-overlap-50,20754741,1.071595607999999,PREDICTED,1.887338638305664,1.8076673746109009,1.8148605823516846,2.8591809272766113
CCRs-1-high-50-overlap-50:30,CCRs-1-high-50-overlap-50,21004848,,PREDICTED,1.9949108362197876,1.992005705833435,1.9905859231948853,1.3498748540878296
CCRs-1-high-50-overlap-50:31,CCRs-1-high-50-overlap-50,21254956,,PREDICTED,2.4117228984832764,2.3892364501953125,2.3637590408325195,2.2251038551330566
CCRs-1-low-0-overlap-0:00,CCRs-1-low-0-overlap-0,14250556,6.4872301344,PREDICTED,5.574835777282715,5.346441745758057,5.468842029571533,5.863104820251465
CCRs-1-low-0-overlap-0:01,CCRs-1-low-0-overlap-0,14450561,6.330666246199999,PREDICTED,6.121706008911133,6.364426136016846,6.175960540771484,5.947954177856445
CCRs-1-low-0-overlap-0:02,CCRs-1-low-0-overlap-0,14650566,6.1500694966,PREDICTED,4.789096832275391,4.762461185455322,4.768901348114014,5.920186519622803
CCRs-1-low-0-overlap-0:03,CCRs-1-low-0-overlap-0,14900570,5.9155187604,PREDICTED,4.644416332244873,4.665745735168457,4.637552738189697,9.579645156860352
CCRs-1-low-0-overlap-0:04,CCRs-1-low-0-overlap-0,15100576,5.760689072399999,PREDICTED,4.953847885131836,4.929162502288818,4.985054016113281,4.901047229766846
CCRs-1-low-0-overlap-0:05,CCRs-1-low-0-overlap-0,15300581,5.598181359800001,PREDICTED,5.665972709655762,5.915521144866943,5.660519123077393,7.433842658996582
CCRs-1-low-0-overlap-0:06,CCRs-1-low-0-overlap-0,15550585,5.3948929272,PREDICTED,5.077064514160156,5.007892608642578,5.118898868560791,5.56181526184082
CCRs-1-low-0-overlap-0:07,CCRs-1-low-0-overlap-0,15750590,5.259191191399999,PREDICTED,5.179431915283203,4.994426250457764,5.1627678871154785,4.230773448944092
CCRs-1-low-0-overlap-0:08,CCRs-1-low-0-overlap-0,16000604,5.05475176,PREDICTED,4.942319869995117,4.8792219161987305,4.971766471862793,4.106175422668457
CCRs-1-low-0-overlap-0:09,CCRs-1-low-0-overlap-0,16200609,4.872182466999999,PREDICTED,5.133174419403076,5.108961582183838,5.1223883628845215,5.4862284660339355
CCRs-1-low-0-overlap-0:10,CCRs-1-low-0-overlap-0,16400605,4.715742838500001,PREDICTED,4.270755290985107,4.267888069152832,4.325168132781982,4.855937480926514
CCRs-1-low-0-overlap-0:11,CCRs-1-low-0-overlap-0,16650618,4.485773115399996,PREDICTED,4.666517734527588,4.5362138748168945,4.638936996459961,4.014293193817139
CCRs-1-low-0-overlap-0:12,CCRs-1-low-0-overlap-0,16850624,4.286390294000003,PREDICTED,4.16426420211792,4.03609561920166,4.120538234710693,4.233292579650879
CCRs-1-low-0-overlap-0:13,CCRs-1-low-0-overlap-0,17100628,4.012771296,PREDICTED,4.493999481201172,4.439042568206787,4.484891414642334,5.164508819580078
CCRs-1-low-0-overlap-0:14,CCRs-1-low-0-overlap-0,17300633,3.8090909469999987,PREDICTED,4.069318771362305,3.9873557090759277,4.0287041664123535,3.4981319904327393
CCRs-1-low-0-overlap-0:15,CCRs-1-low-0-overlap-0,17500638,3.6015068252000013,PREDICTED,3.723259210586548,3.671926975250244,3.725849151611328,4.016820907592773
CCRs-1-low-0-overlap-0:16,CCRs-1-low-0-overlap-0,17750643,3.3668968400999995,PREDICTED,3.4185855388641357,3.356086254119873,3.3762404918670654,3.60573148727417
CCRs-1-low-0-overlap-0:17,CCRs-1-low-0-overlap-0,17950648,3.1714342455999978,PREDICTED,3.331096649169922,3.258951425552368,3.2876248359680176,3.2805099487304688
CCRs-1-low-0-overlap-0:18,CCRs-1-low-0-overlap-0,18150653,2.9847052249000003,PREDICTED,3.511185646057129,3.3565940856933594,3.372358560562134,3.4157516956329346
CCRs-1-low-0-overlap-0:19,CCRs-1-low-0-overlap-0,18400658,2.7296348943999975,PREDICTED,3.172391176223755,3.0859320163726807,3.1406168937683105,3.1144936084747314
CCRs-1-low-0-overlap-0:20,CCRs-1-low-0-overlap-0,18600663,2.5427477008000006,PREDICTED,3.201958656311035,3.1159138679504395,3.102776288986206,2.765655994415283
CCRs-1-low-0-overlap-0:21,CCRs-1-low-0-overlap-0,18850667,2.3116097217,PREDICTED,3.119971990585327,2.950704336166382,2.9928181171417236,2.223402261734009
CCRs-1-low-0-overlap-0:22,CCRs-1-low-0-overlap-0,19050672,2.1146275740000013,PREDICTED,2.6393015384674072,2.5133800506591797,2.6489109992980957,2.0531980991363525
CCRs-1-low-0-overlap-0:23,CCRs-1-low-0-overlap-0,19250678,1.9309126327999995,PREDICTED,2.1969759464263916,2.1346004009246826,2.1863009929656982,2.0294594764709473
CCRs-1-low-0-overlap-0:24,CCRs-1-low-0-overlap-0,19500691,1.7091200650999998,PREDICTED,1.8327397108078003,1.7919986248016357,1.8092883825302124,2.6244869232177734
CCRs-1-low-0-overlap-0:25,CCRs-1-low-0-overlap-0,19700696,1.520626171199999,PREDICTED,1.684985876083374,1.6313786506652832,1.6177984476089478,1.8339804410934448
CCRs-1-low-0-overlap-0:26,CCRs-1-low-0-overlap-0,19950701,,PREDICTED,2.6161422729492188,2.4525973796844482,2.483006477355957,2.2511353492736816
CCRs-1-low-0-overlap-0:27,CCRs-1-low-0-overlap-0,20150706,,PREDICTED,1.9889088869094849,2.0004146099090576,1.9780986309051514,2.5610239505767822
CCRs-1-low-0-overlap-0:28,CCRs-1-low-0-overlap-0,20350711,,PREDICTED,1.453885793685913,1.4436124563217163,1.4169130325317383,3.4947946071624756
CCRs-1-low-0-overlap-0:29,CCRs-1-low-0-overlap-0,20600716,,PREDICTED,2.3427555561065674,2.2134268283843994,2.2110321521759033,5.426165580749512
CCRs-1-low-0-overlap-0:30,CCRs-1-low-0-overlap-0,20800721,,PREDICTED,2.657890796661377,2.5805118083953857,2.6223320960998535,5.098977565765381
CCRs-1-low-0-overlap-0:31,CCRs-1-low-0-overlap-0,21050725,,PREDICTED,5.524785995483398,5.008438587188721,5.281954288482666,6.336524486541748
CCRs-1-low-100-overlap-100:00,CCRs-1-low-100-overlap-100,10000460,4.861626341,PREDICTED,5.0794854164123535,5.112643718719482,5.044118404388428,4.433268070220947
CCRs-1-low-100-overlap-100:01,CCRs-1-low-100-overlap-100,10150466,4.728541096000001,PREDICTED,3.7970404624938965,4.046931266784668,4.02822208404541,3.301262855529785
CCRs-1-low-100-overlap-100:02,CCRs-1-low-100-overlap-100,10300463,4.590653058099999,PREDICTED,3.9465198516845703,4.011833667755127,4.009979248046875,3.2571680545806885
CCRs-1-low-100-overlap-100:03,CCRs-1-low-100-overlap-100,10450469,4.4430281825,PREDICTED,4.290297031402588,4.411956787109375,4.274929046630859,-6.174404621124268
CCRs-1-low-100-overlap-100:04,CCRs-1-low-100-overlap-100,10650475,4.217323287,PREDICTED,4.3080735206604,4.328678131103516,4.424689769744873,4.464780330657959
CCRs-1-low-100-overlap-100:05,CCRs-1-low-100-overlap-100,10800481,4.0131100037,PREDICTED,3.9970920085906982,3.9143569469451904,3.929771900177002,6.538276195526123
CCRs-1-low-100-overlap-100:06,CCRs-1-low-100-overlap-100,10950487,3.8268589333999996,PREDICTED,3.2178375720977783,3.5185697078704834,3.3494322299957275,4.503164768218994
CCRs-1-low-100-overlap-100:07,CCRs-1-low-100-overlap-100,11150493,3.5788141270000002,PREDICTED,2.8889362812042236,2.9862258434295654,2.780334949493408,6.430392742156982
CCRs-1-low-100-overlap-100:08,CCRs-1-low-100-overlap-100,11300490,3.392719771999999,PREDICTED,2.91741681098938,2.9592840671539307,2.7700865268707275,-39.73007583618164
CCRs-1-low-100-overlap-100:09,CCRs-1-low-100-overlap-100,11450496,3.1868942742000006,PREDICTED,3.1485636234283447,3.1626136302948,2.927647590637207,7.292444229125977
CCRs-1-low-100-overlap-100:10,CCRs-1-low-100-overlap-100,11600502,2.9985131127999995,PREDICTED,2.967255115509033,2.927513599395752,2.753481149673462,5.586111545562744
CCRs-1-low-100-overlap-100:11,CCRs-1-low-100-overlap-100,11800507,2.7804879192999996,PREDICTED,3.2470109462738037,3.131199598312378,3.0772781372070312,-7.8513407707214355
CCRs-1-low-100-overlap-100:12,CCRs-1-low-100-overlap-100,11950514,2.609712217599999,PREDICTED,3.382246732711792,3.3264355659484863,3.150939464569092,-4.911995887756348
CCRs-1-low-100-overlap-100:13,CCRs-1-low-100-overlap-100,12100511,2.4609368302000005,PREDICTED,3.524207592010498,3.6552507877349854,3.4404051303863525,-7.8721923828125
CCRs-1-low-100-overlap-100:14,CCRs-1-low-100-overlap-100,12300516,2.2682358673999987,PREDICTED,2.4932992458343506,2.4863274097442627,2.4545021057128906,2.252800941467285
CCRs-1-low-100-overlap-100:15,CCRs-1-low-100-overlap-100,12450523,2.1230018017999996,PREDICTED,2.6505777835845947,2.5757033824920654,2.5994834899902344,2.5747921466827393
CCRs-1-low-100-overlap-100:16,CCRs-1-low-100-overlap-100,12600529,1.9697427933,PREDICTED,3.072021961212158,3.01889967918396,3.010355234146118,4.819501876831055
CCRs-1-low-100-overlap-100:17,CCRs-1-low-100-overlap-100,12750535,1.8190737595000006,PREDICTED,3.0828304290771484,3.0598464012145996,2.9773757457733154,-9.539555549621582
CCRs-1-low-100-overlap-100:18,CCRs-1-low-100-overlap-100,12950540,1.6204192319999993,PREDICTED,3.819652795791626,3.926673173904419,3.798302412033081,-7.2993927001953125
CCRs-1-low-100-overlap-100:19,CCRs-1-low-100-overlap-100,13100537,1.4749544123000005,PREDICTED,4.514520168304443,4.660496234893799,4.621552467346191,-8.52882194519043
CCRs-1-low-100-overlap-100:20,CCRs-1-low-100-overlap-100,13250544,1.3257299514000005,PREDICTED,5.809428691864014,6.1777873039245605,6.1216349601745605,19.54703140258789
CCRs-1-low-100-overlap-100:21,CCRs-1-low-100-overlap-100,13450549,1.1461538999999992,PREDICTED,59.999996185302734,-20.44106101989746,-20.566204071044922,-4.307483196258545
CCRs-1-low-100-overlap-100:22,CCRs-1-low-100-overlap-100,13600555,1.064457005,PREDICTED,-9.522539138793945,-8.639678001403809,-5.205178737640381,-5.910384178161621
CCRs-1-low-100-overlap-100:23,CCRs-1-low-100-overlap-100,13750553,1.0003451729000001,PREDICTED,-7.399590015411377,-7.545462131500244,-6.322394847869873,-10.205243110656738
CCRs-1-low-100-overlap-100:24,CCRs-1-low-100-overlap-100,13900559,0.9438783757000004,PREDICTED,17.401948928833008,13.000062942504883,17.920589447021484,4.812492847442627
CCRs-1-low-100-overlap-100:25,CCRs-1-low-100-overlap-100,14100564,0.8766958285999998,PREDICTED,6.439736843109131,8.45557689666748,9.591755867004395,-8.050333023071289
CCRs-1-low-100-overlap-100:26,CCRs-1-low-100-overlap-100,14250571,0.8502192439999998,PREDICTED,4.766867637634277,5.335105895996094,6.618249416351318,17.365741729736328
CCRs-1-low-100-overlap-100:27,CCRs-1-low-100-overlap-100,14400577,0.8454799531999999,PREDICTED,6.250207424163818,8.450274467468262,10.089820861816406,-9.218554496765137
CCRs-1-low-100-overlap-100:28,CCRs-1-low-100-overlap-100,14600582,0.9062047431999998,PREDICTED,11.099771499633789,31.019004821777344,59.999996185302734,-9.360404968261719
CCRs-1-low-100-overlap-100:29,CCRs-1-low-100-overlap-100,14800587,1.1233680286000023,PREDICTED,8.880828857421875,26.3690185546875,39.12913513183594,6.714592933654785
CCRs-1-low-100-overlap-100:30,CCRs-1-low-100-overlap-100,14950585,1.6417998835000025,PREDICTED,4.459943771362305,4.981868743896484,6.238006591796875,-16.366100311279297
CCRs-1-low-100-overlap-100:31,CCRs-1-low-100-overlap-100,15150590,,PREDICTED,6.5658392906188965,8.083988189697266,13.673816680908203,-24.620962142944336
CCRs-1-low-50-overlap-50:00,CCRs-1-low-50-overlap-50,14750576,4.896965483,PREDICTED,4.714802265167236,4.664318561553955,4.729320049285889,5.4069294929504395
CCRs-1-low-50-overlap-50:01,CCRs-1-low-50-overlap-50,14900582,4.7386050299999996,PREDICTED,4.724151134490967,4.7006659507751465,4.725950241088867,4.023043155670166
CCRs-1-low-50-overlap-50:02,CCRs-1-low-50-overlap-50,15050589,4.593253294399998,PREDICTED,5.141184329986572,5.096874237060547,5.107349872589111,4.601047992706299
CCRs-1-low-50-overlap-50:03,CCRs-1-low-50-overlap-50,15200586,4.4474667736,PREDICTED,4.548730850219727,4.199060916900635,4.452544689178467,4.36787223815918
CCRs-1-low-50-overlap-50:04,CCRs-1-low-50-overlap-50,15350592,4.3061718419999995,PREDICTED,3.990527629852295,4.076437950134277,4.027853965759277,3.5849902629852295
CCRs-1-low-50-overlap-50:05,CCRs-1-low-50-overlap-50,15500598,4.1547165687000005,PREDICTED,4.116999626159668,4.13024377822876,4.098808288574219,5.0817413330078125
CCRs-1-low-50-overlap-50:06,CCRs-1-low-50-overlap-50,15700603,3.9664936994000004,PREDICTED,4.725546360015869,4.5937886238098145,4.623915672302246,4.273273944854736
CCRs-1-low-50-overlap-50:07,CCRs-1-low-50-overlap-50,15850610,3.8357842421000004,PREDICTED,4.357031345367432,4.309493064880371,4.36207914352417,4.195332050323486
CCRs-1-low-50-overlap-50:08,CCRs-1-low-50-overlap-50,16000607,3.676769005,PREDICTED,4.392112731933594,4.260680198669434,4.3625969886779785,6.042425155639648
CCRs-1-low-50-overlap-50:09,CCRs-1-low-50-overlap-50,16150613,3.5311978784000004,PREDICTED,3.1753804683685303,3.1464390754699707,3.1947076320648193,3.512376308441162
CCRs-1-low-50-overlap-50:10,CCRs-1-low-50-overlap-50,16300619,3.3921712781999993,PREDICTED,4.1140217781066895,4.031368255615234,4.090240478515625,2.985407829284668
CCRs-1-low-50-overlap-50:11,CCRs-1-low-50-overlap-50,16500625,3.191954832,PREDICTED,3.3729379177093506,3.310215711593628,3.361710786819458,3.0361056327819824
CCRs-1-low-50-overlap-50:12,CCRs-1-low-50-overlap-50,16650631,3.0439279787999998,PREDICTED,3.490199089050293,3.339324712753296,3.4562950134277344,3.1275744438171387
CCRs-1-low-50-overlap-50:13,CCRs-1-low-50-overlap-50,16800628,2.914701784100001,PREDICTED,3.1663460731506348,3.157999038696289,3.1867003440856934,3.3576862812042236
CCRs-1-low-50-overlap-50:14,CCRs-1-low-50-overlap-50,16950634,2.7690744103,PREDICTED,2.742380142211914,2.76900315284729,2.7961907386779785,2.7824158668518066
CCRs-1-low-50-overlap-50:15,CCRs-1-low-50-overlap-50,17100640,2.6361074041000014,PREDICTED,2.6075172424316406,2.633423328399658,2.63155460357666,2.859926700592041
CCRs-1-low-50-overlap-50:16,CCRs-1-low-50-overlap-50,17300646,2.4546757328999997,PREDICTED,2.514145851135254,2.4336905479431152,2.5321288108825684,2.44112491607666
CCRs-1-low-50-overlap-50:17,CCRs-1-low-50-overlap-50,17450642,2.3101361910000033,PREDICTED,2.391672372817993,2.341911792755127,2.4022722244262695,2.372270107269287
CCRs-1-low-50-overlap-50:18,CCRs-1-low-50-overlap-50,17600649,2.1658116396000002,PREDICTED,2.2337286472320557,2.2021679878234863,2.23873233795166,2.321845769882202
CCRs-1-low-50-overlap-50:19,CCRs-1-low-50-overlap-50,17750655,2.0310680484000008,PREDICTED,2.0315821170806885,2.0142035484313965,2.0335373878479004,2.054211378097534
CCRs-1-low-50-overlap-50:20,CCRs-1-low-50-overlap-50,17900661,1.8906057904000007,PREDICTED,1.8981903791427612,1.8837051391601562,1.8921915292739868,1.8345980644226074
CCRs-1-low-50-overlap-50:21,CCRs-1-low-50-overlap-50,18100666,1.7021166165000006,PREDICTED,2.0022127628326416,1.962423324584961,1.9847646951675415,1.9228107929229736
CCRs-1-low-50-overlap-50:22,CCRs-1-low-50-overlap-50,18250664,1.5606937931999993,PREDICTED,1.8888607025146484,1.8309507369995117,1.869955062866211,2.1612186431884766
CCRs-1-low-50-overlap-50:23,CCRs-1-low-50-overlap-50,18400670,1.4220028193999987,PREDICTED,1.8187295198440552,1.7380471229553223,1.7617683410644531,2.470391035079956
CCRs-1-low-50-overlap-50:24,CCRs-1-low-50-overlap-50,18550676,1.2803223032000008,PREDICTED,1.7980263233184814,1.7212120294570923,1.7398282289505005,1.7362650632858276
CCRs-1-low-50-overlap-50:25,CCRs-1-low-50-overlap-50,18700682,1.1369347125000002,PREDICTED,1.6744812726974487,1.6110057830810547,1.6049067974090576,1.6148709058761597
CCRs-1-low-50-overlap-50:26,CCRs-1-low-50-overlap-50,18900679,1.0447906698,PREDICTED,1.675976037979126,1.604773759841919,1.6033192873001099,1.1957948207855225
CCRs-1-low-50-overlap-50:27,CCRs-1-low-50-overlap-50,19050685,1.0487208896000002,PREDICTED,1.6543959379196167,1.5872501134872437,1.5742243528366089,1.254787802696228
CCRs-1-low-50-overlap-50:28,CCRs-1-low-50-overlap-50,19200691,1.0906838733999995,PREDICTED,1.830197811126709,1.7737022638320923,1.8017725944519043,1.5769261121749878
CCRs-1-low-50-overlap-50:29,CCRs-1-low-50-overlap-50,19350697,1.1797997919999996,PREDICTED,1.7666864395141602,1.6871933937072754,1.7041301727294922,2.5179219245910645
CCRs-1-low-50-overlap-50:30,CCRs-1-low-50-overlap-50,19500694,1.3907549542999997,PREDICTED,1.9448645114898682,1.8727140426635742,1.8704952001571655,1.9166492223739624
CCRs-1-low-50-overlap-50:31,CCRs-1-low-50-overlap-50,19700700,2.324889281900002,PREDICTED,2.2690112590789795,2.214627265930176,2.2112622261047363,3.327967643737793
CCRs-1-medium-0-overlap-0:00,CCRs-1-medium-0-overlap-0,11400485,4.522870963000001,PREDICTED,5.015908718109131,5.127175807952881,4.994329929351807,4.941742420196533
CCRs-1-medium-0-overlap-0:01,CCRs-1-medium-0-overlap-0,11550491,4.296000589600002,PREDICTED,4.657137870788574,4.745458126068115,4.6260504722595215,5.019346714019775
CCRs-1-medium-0-overlap-0:02,CCRs-1-medium-0-overlap-0,11700497,4.129929891000001,PREDICTED,6.002399444580078,6.042743682861328,6.041874408721924,4.573716640472412
CCRs-1-medium-0-overlap-0:03,CCRs-1-medium-0-overlap-0,11850495,3.9874691099999993,PREDICTED,4.773958206176758,5.088603496551514,4.991387367248535,5.036977767944336
CCRs-1-medium-0-overlap-0:04,CCRs-1-medium-0-overlap-0,12000501,3.8315422621999997,PREDICTED,4.1968841552734375,4.007958889007568,4.296563625335693,6.803606033325195
CCRs-1-medium-0-overlap-0:05,CCRs-1-medium-0-overlap-0,12150507,3.6784862248000008,PREDICTED,3.5585243701934814,3.614136219024658,3.700575828552246,4.970541000366211
CCRs-1-medium-0-overlap-0:06,CCRs-1-medium-0-overlap-0,12300513,3.5231591364000003,PREDICTED,4.14837646484375,4.115214824676514,4.1177802085876465,2.970885753631592
CCRs-1-medium-0-overlap-0:07,CCRs-1-medium-0-overlap-0,12450510,3.354274689000002,PREDICTED,3.4075725078582764,3.4781665802001953,3.457465648651123,3.3094420433044434
CCRs-1-medium-0-overlap-0:08,CCRs-1-medium-0-overlap-0,12600517,3.194717851599999,PREDICTED,3.3361518383026123,3.2646608352661133,3.2929909229278564,6.142328262329102
CCRs-1-medium-0-overlap-0:09,CCRs-1-medium-0-overlap-0,12750523,3.0436919072000004,PREDICTED,3.271216630935669,3.222562789916992,3.27636456489563,3.185938596725464
CCRs-1-medium-0-overlap-0:10,CCRs-1-medium-0-overlap-0,12900529,2.911833074,PREDICTED,3.077162504196167,3.1211650371551514,3.0980069637298584,4.352382659912109
CCRs-1-medium-0-overlap-0:11,CCRs-1-medium-0-overlap-0,13050527,2.7750777544,PREDICTED,3.027909278869629,3.0073161125183105,3.0698180198669434,2.9433350563049316
CCRs-1-medium-0-overlap-0:12,CCRs-1-medium-0-overlap-0,13200533,2.633672919000001,PREDICTED,2.883733034133911,2.8890745639801025,2.9279534816741943,3.090688705444336
CCRs-1-medium-0-overlap-0:13,CCRs-1-medium-0-overlap-0,13350539,2.4814864312,PREDICTED,2.9062681198120117,2.886199474334717,2.90960693359375,3.2845559120178223
CCRs-1-medium-0-overlap-0:14,CCRs-1-medium-0-overlap-0,13500536,2.346628755,PREDICTED,2.8126561641693115,2.802971839904785,2.840829849243164,3.2971625328063965
CCRs-1-medium-0-overlap-0:15,CCRs-1-medium-0-overlap-0,13650542,2.2067516485000005,PREDICTED,2.607577323913574,2.526817560195923,2.6010935306549072,2.7845723628997803
CCRs-1-medium-0-overlap-0:16,CCRs-1-medium-0-overlap-0,13800548,2.0668467377000015,PREDICTED,2.393592596054077,2.346891164779663,2.369462728500366,2.5440261363983154
CCRs-1-medium-0-overlap-0:17,CCRs-1-medium-0-overlap-0,13950555,1.9195056920000015,PREDICTED,2.5437755584716797,2.4369144439697266,2.562391996383667,1.9089791774749756
CCRs-1-medium-0-overlap-0:18,CCRs-1-medium-0-overlap-0,14100552,1.773577863299999,PREDICTED,2.3947694301605225,2.339111328125,2.406562328338623,1.86648690700531
CCRs-1-medium-0-overlap-0:19,CCRs-1-medium-0-overlap-0,14250558,1.6331141504,PREDICTED,2.5757687091827393,2.4782543182373047,2.534271240234375,2.067906618118286
CCRs-1-medium-0-overlap-0:20,CCRs-1-medium-0-overlap-0,14400565,1.4909871879999999,PREDICTED,2.3905715942382812,2.3141496181488037,2.3714845180511475,2.002936363220215
CCRs-1-medium-0-overlap-0:21,CCRs-1-medium-0-overlap-0,14550562,1.358971818400001,PREDICTED,2.0771913528442383,2.0202343463897705,2.0772416591644287,1.6077245473861694
CCRs-1-medium-0-overlap-0:22,CCRs-1-medium-0-overlap-0,14700568,1.2849492355,PREDICTED,1.8494508266448975,1.7998781204223633,1.80436372756958,1.7198704481124878
CCRs-1-medium-0-overlap-0:23,CCRs-1-medium-0-overlap-0,14850574,1.2304712223999998,PREDICTED,2.432598352432251,2.29862117767334,2.2907156944274902,1.6128418445587158
CCRs-1-medium-0-overlap-0:24,CCRs-1-medium-0-overlap-0,15000580,1.1879469735000001,PREDICTED,1.657075047492981,1.6015251874923706,1.5782989263534546,1.895739197731018
CCRs-1-medium-0-overlap-0:25,CCRs-1-medium-0-overlap-0,15150578,1.1427398941,PREDICTED,1.1540849208831787,1.1327199935913086,1.1423516273498535,2.7691571712493896
CCRs-1-medium-0-overlap-0:26,CCRs-1-medium-0-overlap-0,15300584,1.1097207638,PREDICTED,1.0729339122772217,1.0275713205337524,1.0445691347122192,2.066345453262329
CCRs-1-medium-0-overlap-0:27,CCRs-1-medium-0-overlap-0,15450590,1.0961862414999999,PREDICTED,1.2134958505630493,1.161999225616455,1.1909617185592651,1.6594477891921997
CCRs-1-medium-0-overlap-0:28,CCRs-1-medium-0-overlap-0,15600597,,PREDICTED,1.1736003160476685,1.122315764427185,1.149817705154419,1.767317533493042
CCRs-1-medium-0-overlap-0:29,CCRs-1-medium-0-overlap-0,15750594,,PREDICTED,1.113044261932373,1.0701817274093628,1.079297423362732,2.5643630027770996
CCRs-1-medium-0-overlap-0:30,CCRs-1-medium-0-overlap-0,15900600,,PREDICTED,1.1021690368652344,1.0589470863342285,1.066918969154358,4.297123432159424
CCRs-1-medium-0-overlap-0:31,CCRs-1-medium-0-overlap-0,16050606,,PREDICTED,1.2645931243896484,1.1995431184768677,1.2042452096939087,5.80215311050415
CCRs-1-medium-100-overlap-100:00,CCRs-1-medium-100-overlap-100,6000360,6.7076469095,PREDICTED,8.468341827392578,9.71171760559082,10.150634765625,7.119095325469971
CCRs-1-medium-100-overlap-100:01,CCRs-1-medium-100-overlap-100,6200365,6.520134291,PREDICTED,9.030853271484375,12.591656684875488,11.974547386169434,6.321363925933838
CCRs-1-medium-100-overlap-100:02,CCRs-1-medium-100-overlap-100,6450369,6.2413675375999995,PREDICTED,5.5173444747924805,5.240657329559326,7.7055745124816895,6.800820350646973
CCRs-1-medium-100-overlap-100:03,CCRs-1-medium-100-overlap-100,6700374,6.009441704500001,PREDICTED,5.525369167327881,5.924073696136475,7.9386701583862305,-23.332151412963867
CCRs-1-medium-100-overlap-100:04,CCRs-1-medium-100-overlap-100,6950378,5.7696786653,PREDICTED,10.360669136047363,17.84478187561035,25.46235466003418,5.05417013168335
CCRs-1-medium-100-overlap-100:05,CCRs-1-medium-100-overlap-100,7200382,5.539562937499999,PREDICTED,7.020598888397217,6.96432638168335,7.5823493003845215,4.785942077636719
CCRs-1-medium-100-overlap-100:06,CCRs-1-medium-100-overlap-100,7400387,5.370414362,PREDICTED,9.29246997833252,9.405765533447266,9.664023399353027,6.1340861320495605
CCRs-1-medium-100-overlap-100:07,CCRs-1-medium-100-overlap-100,7650401,5.1685904028,PREDICTED,8.87602710723877,11.128602981567383,10.688021659851074,7.144135475158691
CCRs-1-medium-100-overlap-100:08,CCRs-1-medium-100-overlap-100,7900405,4.972555184799999,PREDICTED,5.984626770019531,6.976457595825195,8.05662727355957,5.645206928253174
CCRs-1-medium-100-overlap-100:09,CCRs-1-medium-100-overlap-100,8150409,4.7548234670000005,PREDICTED,7.884744167327881,10.019680976867676,10.864158630371094,6.596606731414795
CCRs-1-medium-100-overlap-100:10,CCRs-1-medium-100-overlap-100,8400414,4.554587676600002,PREDICTED,6.688410758972168,6.876653671264648,6.91460657119751,9.57259464263916
CCRs-1-medium-100-overlap-100:11,CCRs-1-medium-100-overlap-100,8600419,4.3989281791999995,PREDICTED,8.455239295959473,8.726702690124512,9.149877548217773,6.055117130279541
CCRs-1-medium-100-overlap-100:12,CCRs-1-medium-100-overlap-100,8850433,4.178881434799999,PREDICTED,7.9006853103637695,8.09804916381836,8.060188293457031,6.86530065536499
CCRs-1-medium-100-overlap-100:13,CCRs-1-medium-100-overlap-100,9100437,3.9736731930000007,PREDICTED,8.464215278625488,8.815014839172363,8.704632759094238,7.462875843048096
CCRs-1-medium-100-overlap-100:14,CCRs-1-medium-100-overlap-100,9350441,3.782641022,PREDICTED,6.604902744293213,8.034564018249512,7.902854919433594,-8.811841011047363
CCRs-1-medium-100-overlap-100:15,CCRs-1-medium-100-overlap-100,9600445,3.5687841699999994,PREDICTED,6.2258758544921875,6.341857433319092,6.772128105163574,16.56420135498047
CCRs-1-medium-100-overlap-100:16,CCRs-1-medium-100-overlap-100,9800451,3.3902538655999988,PREDICTED,5.335335731506348,5.8592658042907715,5.740050792694092,4.6509199142456055
CCRs-1-medium-100-overlap-100:17,CCRs-1-medium-100-overlap-100,10050455,3.1580850576,PREDICTED,5.5522236824035645,5.891602993011475,5.9720845222473145,4.991659164428711
CCRs-1-medium-100-overlap-100:18,CCRs-1-medium-100-overlap-100,10300468,2.9368153834999995,PREDICTED,6.461867809295654,6.435932636260986,6.508488178253174,5.061916351318359
CCRs-1-medium-100-overlap-100:19,CCRs-1-medium-100-overlap-100,10550472,2.710783177,PREDICTED,6.739109039306641,6.650493144989014,6.7908196449279785,4.0258331298828125
CCRs-1-medium-100-overlap-100:20,CCRs-1-medium-100-overlap-100,10800477,2.4801709429999996,PREDICTED,5.64716911315918,5.742062091827393,5.895065784454346,3.944972038269043
CCRs-1-medium-100-overlap-100:21,CCRs-1-medium-100-overlap-100,11000482,2.2922019225000008,PREDICTED,6.189039707183838,6.047723770141602,6.16264533996582,3.7304255962371826
CCRs-1-medium-100-overlap-100:22,CCRs-1-medium-100-overlap-100,11250487,2.0698333040000008,PREDICTED,4.858637809753418,4.738491535186768,4.879462718963623,4.717020511627197
CCRs-1-medium-100-overlap-100:23,CCRs-1-medium-100-overlap-100,11500500,1.8265545936999998,PREDICTED,2.877591848373413,2.8713552951812744,2.875917911529541,4.170542240142822
CCRs-1-medium-100-overlap-100:24,CCRs-1-medium-100-overlap-100,11750504,1.5985915615000013,PREDICTED,2.4259519577026367,2.373185396194458,2.461503505706787,3.1704835891723633
CCRs-1-medium-100-overlap-100:25,CCRs-1-medium-100-overlap-100,12000509,1.361732754000001,PREDICTED,2.0832035541534424,2.0647544860839844,2.0826659202575684,3.2100534439086914
CCRs-1-medium-100-overlap-100:26,CCRs-1-medium-100-overlap-100,12200514,1.2318476304,PREDICTED,1.9238805770874023,1.9167178869247437,1.9003885984420776,4.867758274078369
CCRs-1-medium-100-overlap-100:27,CCRs-1-medium-100-overlap-100,12450518,1.2072237517,PREDICTED,2.094587802886963,2.0572264194488525,2.0119423866271973,4.069759368896484
CCRs-1-medium-100-overlap-100:28,CCRs-1-medium-100-overlap-100,12700531,1.3498707792,PREDICTED,1.885906457901001,1.8538230657577515,1.8724771738052368,4.148873805999756
CCRs-1-medium-100-overlap-100:29,CCRs-1-medium-100-overlap-100,12950536,1.9184621486999993,PREDICTED,1.834519624710083,1.8047451972961426,1.7895704507827759,2.5251071453094482
CCRs-1-medium-100-overlap-100:30,CCRs-1-medium-100-overlap-100,13200540,,PREDICTED,2.200486660003662,2.168602228164673,2.2246737480163574,3.636713981628418
CCRs-1-medium-100-overlap-100:31,CCRs-1-medium-100-overlap-100,13450544,,PREDICTED,1.794039249420166,1.7331186532974243,1.7961492538452148,2.1227686405181885
CCRs-1-medium-50-overlap-50:00,CCRs-1-medium-50-overlap-50,12250505,4.5497608006,PREDICTED,4.372112274169922,4.64083194732666,4.499428749084473,4.374512195587158
CCRs-1-medium-50-overlap-50:01,CCRs-1-medium-50-overlap-50,12400503,4.294009368,PREDICTED,4.0944600105285645,4.079445838928223,4.173572063446045,3.940070867538452
CCRs-1-medium-50-overlap-50:02,CCRs-1-medium-50-overlap-50,12550509,4.064864989999999,PREDICTED,3.6311326026916504,3.546064853668213,3.6243209838867188,3.2668144702911377
CCRs-1-medium-50-overlap-50:03,CCRs-1-medium-50-overlap-50,12700515,3.8703141476000003,PREDICTED,4.097616672515869,4.070878982543945,4.1026530265808105,3.833819627761841
CCRs-1-medium-50-overlap-50:04,CCRs-1-medium-50-overlap-50,12850512,3.6927811527,PREDICTED,3.4870688915252686,3.4542064666748047,3.503150463104248,4.151625156402588
CCRs-1-medium-50-overlap-50:05,CCRs-1-medium-50-overlap-50,13000519,3.5382771119999994,PREDICTED,3.558077573776245,3.5148696899414062,3.6563827991485596,4.459973335266113
CCRs-1-medium-50-overlap-50:06,CCRs-1-medium-50-overlap-50,13150525,3.3788010814000007,PREDICTED,3.149301290512085,3.1571297645568848,3.210530996322632,4.3499674797058105
CCRs-1-medium-50-overlap-50:07,CCRs-1-medium-50-overlap-50,13300531,3.2267176743999997,PREDICTED,3.0327608585357666,3.0055007934570312,3.02402400970459,4.250764846801758
CCRs-1-medium-50-overlap-50:08,CCRs-1-medium-50-overlap-50,13450528,3.058293639199999,PREDICTED,3.2796549797058105,3.1476480960845947,3.177400827407837,2.7855987548828125
CCRs-1-medium-50-overlap-50:09,CCRs-1-medium-50-overlap-50,13600534,2.9056802990000006,PREDICTED,3.0579352378845215,2.9909920692443848,3.0462865829467773,2.8233444690704346
CCRs-1-medium-50-overlap-50:10,CCRs-1-medium-50-overlap-50,13750541,2.7571103828,PREDICTED,2.5745885372161865,2.551056385040283,2.587120294570923,3.7505736351013184
CCRs-1-medium-50-overlap-50:11,CCRs-1-medium-50-overlap-50,13900547,2.6216655172000007,PREDICTED,2.878983974456787,2.8539910316467285,2.8417489528656006,2.3387084007263184
CCRs-1-medium-50-overlap-50:12,CCRs-1-medium-50-overlap-50,14050544,2.4677555355000003,PREDICTED,2.8007822036743164,2.7235782146453857,2.8161489963531494,3.2697176933288574
CCRs-1-medium-50-overlap-50:13,CCRs-1-medium-50-overlap-50,14200550,2.3178568327,PREDICTED,2.644552230834961,2.599071741104126,2.600762128829956,4.45914363861084
CCRs-1-medium-50-overlap-50:14,CCRs-1-medium-50-overlap-50,14350556,2.180002859700001,PREDICTED,2.1497063636779785,2.2115957736968994,2.233529806137085,2.0840847492218018
CCRs-1-medium-50-overlap-50:15,CCRs-1-medium-50-overlap-50,14500553,2.0310906672000004,PREDICTED,2.8303720951080322,2.771848678588867,2.7159972190856934,2.130732297897339
CCRs-1-medium-50-overlap-50:16,CCRs-1-medium-50-overlap-50,14650560,1.8870265337000003,PREDICTED,2.1042182445526123,2.1048967838287354,2.16087007522583,3.092357873916626
CCRs-1-medium-50-overlap-50:17,CCRs-1-medium-50-overlap-50,14800566,1.7343768001999993,PREDICTED,2.0883419513702393,2.058244466781616,2.1207146644592285,2.59035587310791
CCRs-1-medium-50-overlap-50:18,CCRs-1-medium-50-overlap-50,14950572,1.5877136655000004,PREDICTED,1.9886248111724854,1.9193979501724243,1.9812395572662354,1.5856927633285522
CCRs-1-medium-50-overlap-50:19,CCRs-1-medium-50-overlap-50,15100569,1.448232939,PREDICTED,2.2807748317718506,2.226315975189209,2.303987979888916,1.880122423171997
CCRs-1-medium-50-overlap-50:20,CCRs-1-medium-50-overlap-50,15250576,1.3446138895,PREDICTED,1.9818819761276245,1.9216512441635132,1.988457441329956,1.351927399635315
CCRs-1-medium-50-overlap-50:21,CCRs-1-medium-50-overlap-50,15400582,1.2740292345000004,PREDICTED,1.7611383199691772,1.7300001382827759,1.763149380683899,1.3995778560638428
CCRs-1-medium-50-overlap-50:22,CCRs-1-medium-50-overlap-50,15550579,1.2127792499999999,PREDICTED,1.8399629592895508,1.7910243272781372,1.8101298809051514,1.556605339050293
CCRs-1-medium-50-overlap-50:23,CCRs-1-medium-50-overlap-50,15700585,1.162119393,PREDICTED,1.702531099319458,1.6428141593933105,1.633650779724121,2.944326877593994
CCRs-1-medium-50-overlap-50:24,CCRs-1-medium-50-overlap-50,15850591,1.1207089704,PREDICTED,1.6448748111724854,1.6018210649490356,1.5757166147232056,2.995685338973999
CCRs-1-medium-50-overlap-50:25,CCRs-1-medium-50-overlap-50,16000598,1.0886400859999998,PREDICTED,1.5679583549499512,1.5303692817687988,1.5051352977752686,2.5158982276916504
CCRs-1-medium-50-overlap-50:26,CCRs-1-medium-50-overlap-50,16150595,1.0753021600000001,PREDICTED,1.5538320541381836,1.5238089561462402,1.5031806230545044,1.2543591260910034
CCRs-1-medium-50-overlap-50:27,CCRs-1-medium-50-overlap-50,16300601,1.0943936086000001,PREDICTED,1.5235450267791748,1.4906561374664307,1.4734570980072021,1.6778641939163208
CCRs-1-medium-50-overlap-50:28,CCRs-1-medium-50-overlap-50,16450607,1.1493142448000002,PREDICTED,1.6399415731430054,1.587339162826538,1.5616791248321533,2.3468873500823975
CCRs-1-medium-50-overlap-50:29,CCRs-1-medium-50-overlap-50,16600614,1.274077932500001,PREDICTED,1.6017045974731445,1.5597870349884033,1.5387051105499268,2.568516492843628
CCRs-1-medium-50-overlap-50:30,CCRs-1-medium-50-overlap-50,16750611,1.5451095047999996,PREDICTED,1.8534607887268066,1.8027520179748535,1.7735494375228882,1.3629940748214722
CCRs-1-medium-50-overlap-50:31,CCRs-1-medium-50-overlap-50,16950616,,PREDICTED,2.3256847858428955,2.2719762325286865,2.2483298778533936,2.0596485137939453
CCRs-2-high-100-overlap-100:00,CCRs-2-high-100-overlap-100,12750327,4.1599110231999985,PREDICTED,6.413359642028809,6.555020332336426,7.093153476715088,7.873706817626953
CCRs-2-high-100-overlap-100:01,CCRs-2-high-100-overlap-100,12950332,3.9708111066000007,PREDICTED,6.10384464263916,6.278921604156494,6.600421905517578,6.578603744506836
CCRs-2-high-100-overlap-100:02,CCRs-2-high-100-overlap-100,13150337,3.779934844999999,PREDICTED,6.164581775665283,5.829817771911621,6.061310768127441,4.004854202270508
CCRs-2-high-100-overlap-100:03,CCRs-2-high-100-overlap-100,13350343,3.5840707068,PREDICTED,5.04526948928833,4.948121070861816,5.164455413818359,4.9189229011535645
CCRs-2-high-100-overlap-100:04,CCRs-2-high-100-overlap-100,13550348,3.3924884021,PREDICTED,4.585877418518066,4.6078267097473145,4.610452175140381,7.515596389770508
CCRs-2-high-100-overlap-100:05,CCRs-2-high-100-overlap-100,13750353,3.1908100119999987,PREDICTED,4.2391276359558105,4.078037738800049,4.237572193145752,6.243358612060547
CCRs-2-high-100-overlap-100:06,CCRs-2-high-100-overlap-100,13950358,3.005111411700001,PREDICTED,5.195207595825195,4.962301254272461,5.161812782287598,4.471706390380859
CCRs-2-high-100-overlap-100:07,CCRs-2-high-100-overlap-100,14150363,2.8460553200000005,PREDICTED,4.3965325355529785,4.367995738983154,4.498169898986816,3.0549521446228027
CCRs-2-high-100-overlap-100:08,CCRs-2-high-100-overlap-100,14350369,2.685834202,PREDICTED,2.7016780376434326,2.70068621635437,2.6000266075134277,6.747023582458496
CCRs-2-high-100-overlap-100:09,CCRs-2-high-100-overlap-100,14550374,2.5405458175000004,PREDICTED,2.603520393371582,2.651357889175415,2.571413040161133,3.4577226638793945
CCRs-2-high-100-overlap-100:10,CCRs-2-high-100-overlap-100,14750379,2.393385928,PREDICTED,2.8440396785736084,2.8413071632385254,2.805839776992798,2.5895960330963135
CCRs-2-high-100-overlap-100:11,CCRs-2-high-100-overlap-100,14950384,2.2641105835,PREDICTED,2.1234617233276367,2.1183021068573,2.1252641677856445,4.074810028076172
CCRs-2-high-100-overlap-100:12,CCRs-2-high-100-overlap-100,15150381,2.1589784274,PREDICTED,2.1656908988952637,2.1593124866485596,2.190152406692505,2.639533281326294
CCRs-2-high-100-overlap-100:13,CCRs-2-high-100-overlap-100,15350386,2.0506545762,PREDICTED,2.0883758068084717,2.071990489959717,2.085847854614258,2.761118173599243
CCRs-2-high-100-overlap-100:14,CCRs-2-high-100-overlap-100,15550391,1.9618352772000007,PREDICTED,2.014892339706421,1.988051176071167,2.008852243423462,5.522236347198486
CCRs-2-high-100-overlap-100:15,CCRs-2-high-100-overlap-100,15750396,1.8779438454000001,PREDICTED,2.7607123851776123,2.7345190048217773,2.7086145877838135,5.183560848236084
CCRs-2-high-100-overlap-100:16,CCRs-2-high-100-overlap-100,16000401,1.7816669252000001,PREDICTED,2.3947181701660156,2.528759241104126,2.4762065410614014,3.0340795516967773
CCRs-2-high-100-overlap-100:17,CCRs-2-high-100-overlap-100,16200406,1.6981010056999983,PREDICTED,1.6094272136688232,1.589657187461853,1.6319414377212524,2.5266969203948975
CCRs-2-high-100-overlap-100:18,CCRs-2-high-100-overlap-100,16400411,1.6483476784000006,PREDICTED,2.369025945663452,2.303920269012451,2.346940040588379,2.0716910362243652
CCRs-2-high-100-overlap-100:19,CCRs-2-high-100-overlap-100,16600417,1.601751978,PREDICTED,1.9128328561782837,1.8893663883209229,1.9198875427246094,1.9342941045761108
CCRs-2-high-100-overlap-100:20,CCRs-2-high-100-overlap-100,16800422,1.5624552935999998,PREDICTED,1.773916244506836,1.733452320098877,1.7712838649749756,2.3946242332458496
CCRs-2-high-100-overlap-100:21,CCRs-2-high-100-overlap-100,17000427,1.5636112528,PREDICTED,2.115281105041504,2.0649285316467285,2.097693681716919,1.7585240602493286
CCRs-2-high-100-overlap-100:22,CCRs-2-high-100-overlap-100,17200432,1.5881244687,PREDICTED,1.9674322605133057,1.9202877283096313,1.9681085348129272,2.000009059906006
CCRs-2-high-100-overlap-100:23,CCRs-2-high-100-overlap-100,17400438,1.6570780474,PREDICTED,1.8662381172180176,1.8014498949050903,1.8359001874923706,2.005277633666992
CCRs-2-high-100-overlap-100:24,CCRs-2-high-100-overlap-100,17600442,1.6867777016,PREDICTED,1.9359848499298096,1.881980299949646,1.9105530977249146,2.2268433570861816
CCRs-2-high-100-overlap-100:25,CCRs-2-high-100-overlap-100,17800448,1.7694832887,PREDICTED,2.059314012527466,2.0121161937713623,2.0733959674835205,1.6274528503417969
CCRs-2-high-100-overlap-100:26,CCRs-2-high-100-overlap-100,18000453,1.9539627692,PREDICTED,2.330554962158203,2.2421300411224365,2.279024839401245,1.6624338626861572
CCRs-2-high-100-overlap-100:27,CCRs-2-high-100-overlap-100,18200458,2.277819504700006,PREDICTED,2.2556190490722656,2.196599006652832,2.230560541152954,1.8118276596069336
CCRs-2-high-100-overlap-100:28,CCRs-2-high-100-overlap-100,18400463,2.866385266799992,PREDICTED,2.526972770690918,2.4509530067443848,2.4392168521881104,2.006481647491455
CCRs-2-high-100-overlap-100:29,CCRs-2-high-100-overlap-100,18600469,3.9751906670000006,PREDICTED,3.042788028717041,2.7926409244537354,2.8634376525878906,4.447877407073975
CCRs-2-high-100-overlap-100:30,CCRs-2-high-100-overlap-100,18800474,,PREDICTED,3.196765661239624,3.031137466430664,3.0797526836395264,3.723884344100952
CCRs-2-high-100-overlap-100:31,CCRs-2-high-100-overlap-100,19050478,,PREDICTED,6.657365322113037,6.268531799316406,7.310650825500488,7.235332489013672
CCRs-2-low-100-overlap-100:00,CCRs-2-low-100-overlap-100,5750162,11.797624918599997,PREDICTED,8.27953052520752,9.795123100280762,10.182951927185059,7.183196067810059
CCRs-2-low-100-overlap-100:01,CCRs-2-low-100-overlap-100,6000175,10.6617981616,PREDICTED,6.456454277038574,7.0858869552612305,7.3018975257873535,5.154892444610596
CCRs-2-low-100-overlap-100:02,CCRs-2-low-100-overlap-100,6250179,9.8089495552,PREDICTED,8.049324035644531,8.759236335754395,8.879993438720703,5.671331405639648
CCRs-2-low-100-overlap-100:03,CCRs-2-low-100-overlap-100,6550182,8.974256874499998,PREDICTED,6.762623310089111,7.104525566101074,7.317107200622559,4.812230587005615
CCRs-2-low-100-overlap-100:04,CCRs-2-low-100-overlap-100,6800187,8.3512898224,PREDICTED,7.126160621643066,7.5220489501953125,7.60478401184082,-149.71636962890625
CCRs-2-low-100-overlap-100:05,CCRs-2-low-100-overlap-100,7100199,7.538212965200001,PREDICTED,5.110785484313965,5.180721759796143,5.155401229858398,5.159013748168945
CCRs-2-low-100-overlap-100:06,CCRs-2-low-100-overlap-100,7350203,6.817588548000001,PREDICTED,5.460293769836426,5.768408298492432,5.616130828857422,5.892096996307373
CCRs-2-low-100-overlap-100:07,CCRs-2-low-100-overlap-100,7600208,6.1866098823,PREDICTED,6.54542350769043,6.635095119476318,6.566155910491943,6.469546318054199
CCRs-2-low-100-overlap-100:08,CCRs-2-low-100-overlap-100,7900220,5.6810354563,PREDICTED,4.8121819496154785,4.702581882476807,4.8092851638793945,5.10753059387207
CCRs-2-low-100-overlap-100:09,CCRs-2-low-100-overlap-100,8150224,5.3232478094000015,PREDICTED,4.565069198608398,4.49268102645874,4.578587055206299,3.778073787689209
CCRs-2-low-100-overlap-100:10,CCRs-2-low-100-overlap-100,8450228,5.0064050935000015,PREDICTED,4.858628749847412,4.812023639678955,4.843827247619629,4.953941345214844
CCRs-2-low-100-overlap-100:11,CCRs-2-low-100-overlap-100,8700232,4.7228365927,PREDICTED,4.00883674621582,3.9847264289855957,3.9718210697174072,3.8142518997192383
CCRs-2-low-100-overlap-100:12,CCRs-2-low-100-overlap-100,9000244,4.437111848299998,PREDICTED,3.239215612411499,3.22015118598938,3.240116834640503,5.539393424987793
CCRs-2-low-100-overlap-100:13,CCRs-2-low-100-overlap-100,9250249,4.1503021378,PREDICTED,3.028891086578369,2.929957151412964,2.9980969429016113,3.9971354007720947
CCRs-2-low-100-overlap-100:14,CCRs-2-low-100-overlap-100,9500253,3.9141370827999995,PREDICTED,3.630419969558716,3.5074167251586914,3.5150911808013916,3.7978897094726562
CCRs-2-low-100-overlap-100:15,CCRs-2-low-100-overlap-100,9800265,3.6472655992000003,PREDICTED,2.164797782897949,2.171304702758789,2.242281675338745,3.487624168395996
CCRs-2-low-100-overlap-100:16,CCRs-2-low-100-overlap-100,10050270,3.4195845842,PREDICTED,3.5206315517425537,3.4218361377716064,3.432861328125,2.6336288452148438
CCRs-2-low-100-overlap-100:17,CCRs-2-low-100-overlap-100,10350273,3.1566703264,PREDICTED,3.8162660598754883,3.6967720985412598,3.798555374145508,4.060126781463623
CCRs-2-low-100-overlap-100:18,CCRs-2-low-100-overlap-100,10600286,2.918563447499999,PREDICTED,3.031404495239258,2.930365562438965,2.9964182376861572,2.9594926834106445
CCRs-2-low-100-overlap-100:19,CCRs-2-low-100-overlap-100,10850291,2.698130911999999,PREDICTED,2.668590545654297,2.6166584491729736,2.6695010662078857,2.813845634460449
CCRs-2-low-100-overlap-100:20,CCRs-2-low-100-overlap-100,11150294,2.4522935393,PREDICTED,3.0269014835357666,2.9021642208099365,2.996884346008301,3.4448933601379395
CCRs-2-low-100-overlap-100:21,CCRs-2-low-100-overlap-100,11400298,2.2413329028000013,PREDICTED,2.444007635116577,2.412975788116455,2.439962387084961,2.5115931034088135
CCRs-2-low-100-overlap-100:22,CCRs-2-low-100-overlap-100,11700310,2.0486761517999996,PREDICTED,2.775505304336548,2.655374050140381,2.7183756828308105,2.4501121044158936
CCRs-2-low-100-overlap-100:23,CCRs-2-low-100-overlap-100,12200319,1.7885540399999997,PREDICTED,2.0506908893585205,2.0027427673339844,2.0674283504486084,1.912835955619812
CCRs-2-low-100-overlap-100:24,CCRs-2-low-100-overlap-100,12500331,1.653260636,PREDICTED,1.8836122751235962,1.8251312971115112,1.8850798606872559,1.8147673606872559
CCRs-2-low-100-overlap-100:25,CCRs-2-low-100-overlap-100,12750336,1.5767350614999993,PREDICTED,1.9077260494232178,1.8294371366500854,1.870895504951477,2.0593602657318115
CCRs-2-low-100-overlap-100:26,CCRs-2-low-100-overlap-100,13000340,1.5270898311,PREDICTED,1.8735547065734863,1.789176344871521,1.8299771547317505,2.7972517013549805
CCRs-2-low-100-overlap-100:27,CCRs-2-low-100-overlap-100,13300352,1.5322842843999998,PREDICTED,1.8419967889785767,1.7643778324127197,1.7794684171676636,2.0770153999328613
CCRs-2-low-100-overlap-100:28,CCRs-2-low-100-overlap-100,13550357,1.6320817620000003,PREDICTED,1.9248690605163574,1.8373552560806274,1.8246115446090698,1.8433583974838257
CCRs-2-low-100-overlap-100:29,CCRs-2-low-100-overlap-100,13850360,1.9878562827000017,PREDICTED,2.0515060424804688,2.0400967597961426,2.0070927143096924,1.6692684888839722
CCRs-2-low-100-overlap-100:30,CCRs-2-low-100-overlap-100,14100365,2.6743875880000014,PREDICTED,2.9851369857788086,2.8798861503601074,2.8609120845794678,2.146728038787842
CCRs-2-low-100-overlap-100:31,CCRs-2-low-100-overlap-100,14400377,4.5872779278000015,PREDICTED,4.355252265930176,4.105175495147705,4.17295503616333,3.2119154930114746
CCRs-2-medium-100-overlap-100:00,CCRs-2-medium-100-overlap-100,7600223,4.2211196475,PREDICTED,5.200961112976074,5.588153839111328,5.389820098876953,6.948698997497559
CCRs-2-medium-100-overlap-100:01,CCRs-2-medium-100-overlap-100,7750220,4.058247633000001,PREDICTED,5.517510414123535,5.622673511505127,5.544589996337891,8.090903282165527
CCRs-2-medium-100-overlap-100:02,CCRs-2-medium-100-overlap-100,7950225,3.8628367040000002,PREDICTED,4.472778797149658,4.462398052215576,4.505967140197754,3.5975897312164307
CCRs-2-medium-100-overlap-100:03,CCRs-2-medium-100-overlap-100,8150231,3.6737323389000003,PREDICTED,3.8170931339263916,3.8495113849639893,3.774519920349121,5.700002670288086
CCRs-2-medium-100-overlap-100:04,CCRs-2-medium-100-overlap-100,8350236,3.4865114005999995,PREDICTED,3.555443286895752,3.481637954711914,3.4511775970458984,5.576735019683838
CCRs-2-medium-100-overlap-100:05,CCRs-2-medium-100-overlap-100,8550241,3.2807897482999997,PREDICTED,3.2882025241851807,3.3971352577209473,3.3257126808166504,7.003843307495117
CCRs-2-medium-100-overlap-100:06,CCRs-2-medium-100-overlap-100,8750246,3.071825872,PREDICTED,4.060107231140137,4.004581928253174,4.023251533508301,4.921014785766602
CCRs-2-medium-100-overlap-100:07,CCRs-2-medium-100-overlap-100,8950252,2.8579626487999996,PREDICTED,2.768526554107666,2.751182794570923,2.7166242599487305,4.5793843269348145
CCRs-2-medium-100-overlap-100:08,CCRs-2-medium-100-overlap-100,9150257,2.6629765293000003,PREDICTED,2.572294235229492,2.5374197959899902,2.5133161544799805,4.566049098968506
CCRs-2-medium-100-overlap-100:09,CCRs-2-medium-100-overlap-100,9350262,2.5211212576,PREDICTED,2.6650443077087402,2.559324026107788,2.5987212657928467,4.730520248413086
CCRs-2-medium-100-overlap-100:10,CCRs-2-medium-100-overlap-100,9550267,2.3874939299999993,PREDICTED,2.2704899311065674,2.1954922676086426,2.2230634689331055,4.541464805603027
CCRs-2-medium-100-overlap-100:11,CCRs-2-medium-100-overlap-100,9750272,2.24041961,PREDICTED,2.6821658611297607,2.587897300720215,2.5460164546966553,2.6729273796081543
CCRs-2-medium-100-overlap-100:12,CCRs-2-medium-100-overlap-100,9950278,2.135300741599999,PREDICTED,2.7518372535705566,2.6309051513671875,2.7807416915893555,7.579633712768555
CCRs-2-medium-100-overlap-100:13,CCRs-2-medium-100-overlap-100,10150283,2.0175766084,PREDICTED,2.7858829498291016,2.8889200687408447,2.8368029594421387,4.993680000305176
CCRs-2-medium-100-overlap-100:14,CCRs-2-medium-100-overlap-100,10350288,1.9259338871999998,PREDICTED,2.436594009399414,2.3915092945098877,2.44281268119812,2.900881052017212
CCRs-2-medium-100-overlap-100:15,CCRs-2-medium-100-overlap-100,10550294,1.8218619184000002,PREDICTED,1.9528378248214722,1.9152082204818726,1.977911353111267,1.9984867572784424
CCRs-2-medium-100-overlap-100:16,CCRs-2-medium-100-overlap-100,10700300,1.7559927549999994,PREDICTED,2.135195255279541,2.0861546993255615,2.1125471591949463,2.1342995166778564
CCRs-2-medium-100-overlap-100:17,CCRs-2-medium-100-overlap-100,10900305,1.6646210465000002,PREDICTED,2.091270923614502,2.0234339237213135,2.1066532135009766,3.0802929401397705
CCRs-2-medium-100-overlap-100:18,CCRs-2-medium-100-overlap-100,11100310,1.5814308839999998,PREDICTED,1.9112708568572998,1.8437856435775757,1.9238636493682861,2.3838789463043213
CCRs-2-medium-100-overlap-100:19,CCRs-2-medium-100-overlap-100,11300316,1.5087719847999996,PREDICTED,1.9821871519088745,1.911568522453308,1.9544694423675537,1.4631685018539429
CCRs-2-medium-100-overlap-100:20,CCRs-2-medium-100-overlap-100,11500321,1.4717349447000008,PREDICTED,2.1388285160064697,2.057347536087036,2.1020681858062744,1.506896734237671
CCRs-2-medium-100-overlap-100:21,CCRs-2-medium-100-overlap-100,11700326,1.4373048847999998,PREDICTED,1.875515341758728,1.818452000617981,1.8761533498764038,2.801020383834839
CCRs-2-medium-100-overlap-100:22,CCRs-2-medium-100-overlap-100,11900331,1.4218495134000004,PREDICTED,2.0109872817993164,1.915647029876709,1.9617482423782349,2.531951427459717
CCRs-2-medium-100-overlap-100:23,CCRs-2-medium-100-overlap-100,12100337,1.4110500078999995,PREDICTED,1.8579936027526855,1.7951185703277588,1.8322030305862427,1.8781691789627075
CCRs-2-medium-100-overlap-100:24,CCRs-2-medium-100-overlap-100,12300342,1.4332898888000003,PREDICTED,1.8735588788986206,1.7893487215042114,1.818129539489746,1.9535467624664307
CCRs-2-medium-100-overlap-100:25,CCRs-2-medium-100-overlap-100,12500347,1.5189000228999996,PREDICTED,1.8502095937728882,1.7533458471298218,1.7754343748092651,2.5015008449554443
CCRs-2-medium-100-overlap-100:26,CCRs-2-medium-100-overlap-100,12700352,1.699219967200002,PREDICTED,1.9590142965316772,1.8989990949630737,1.9123159646987915,2.5049855709075928
CCRs-2-medium-100-overlap-100:27,CCRs-2-medium-100-overlap-100,12900358,2.0795100312000008,PREDICTED,2.185737371444702,2.1293883323669434,2.1495554447174072,2.0583622455596924
CCRs-2-medium-100-overlap-100:28,CCRs-2-medium-100-overlap-100,13100363,2.7298062185999985,PREDICTED,2.3821730613708496,2.327610969543457,2.343798875808716,1.974247694015503
CCRs-2-medium-100-overlap-100:29,CCRs-2-medium-100-overlap-100,13300368,4.1504221804000165,PREDICTED,2.9101321697235107,2.8000004291534424,2.7866690158843994,2.7802348136901855
CCRs-2-medium-100-overlap-100:30,CCRs-2-medium-100-overlap-100,13500373,,PREDICTED,6.243405818939209,5.34740686416626,5.557984828948975,5.7299041748046875
CCRs-2-medium-100-overlap-100:31,CCRs-2-medium-100-overlap-100,13700379,,PREDICTED,6.072469234466553,6.51234769821167,6.992444038391113,7.658870697021484
CCRs-3-low-100-overlap-100:00,CCRs-3-low-100-overlap-100,6550181,,PREDICTED,6.382458686828613,6.744504451751709,7.342946529388428,11.146170616149902
CCRs-3-low-100-overlap-100:01,CCRs-3-low-100-overlap-100,6800194,,PREDICTED,5.428768157958984,6.837857246398926,6.886247634887695,7.291937351226807
CCRs-3-low-100-overlap-100:02,CCRs-3-low-100-overlap-100,7100198,,PREDICTED,6.568676471710205,6.613614559173584,7.930995464324951,7.6199116706848145
CCRs-3-low-100-overlap-100:03,CCRs-3-low-100-overlap-100,7400210,,PREDICTED,6.655896186828613,6.965998649597168,7.800673961639404,8.009517669677734
CCRs-3-low-100-overlap-100:04,CCRs-3-low-100-overlap-100,7700214,9.356289240299999,PREDICTED,7.488467216491699,9.087812423706055,8.894205093383789,7.253475666046143
CCRs-3-low-100-overlap-100:05,CCRs-3-low-100-overlap-100,8000226,7.887907203099999,PREDICTED,6.669212341308594,6.835585117340088,7.194995880126953,7.149524211883545
CCRs-3-low-100-overlap-100:06,CCRs-3-low-100-overlap-100,8300229,6.734625880000002,PREDICTED,5.774834632873535,5.978751182556152,6.014811038970947,6.093825817108154
CCRs-3-low-100-overlap-100:07,CCRs-3-low-100-overlap-100,8550234,5.919943852800002,PREDICTED,6.004729270935059,6.009898662567139,6.108953475952148,7.008465766906738
CCRs-3-low-100-overlap-100:08,CCRs-3-low-100-overlap-100,8850246,5.083221157399998,PREDICTED,5.55996561050415,5.734621524810791,5.803893566131592,7.282757759094238
CCRs-3-low-100-overlap-100:09,CCRs-3-low-100-overlap-100,9150249,4.641499425599998,PREDICTED,5.202580451965332,5.139472484588623,5.300103664398193,6.046693325042725
CCRs-3-low-100-overlap-100:10,CCRs-3-low-100-overlap-100,9450261,4.263351284000001,PREDICTED,4.194893836975098,4.023327827453613,4.155760765075684,5.002434730529785
CCRs-3-low-100-overlap-100:11,CCRs-3-low-100-overlap-100,9750265,4.082481120599998,PREDICTED,4.311028480529785,4.3507232666015625,4.455410480499268,6.9342241287231445
CCRs-3-low-100-overlap-100:12,CCRs-3-low-100-overlap-100,10050277,4.014515071,PREDICTED,5.014740467071533,5.068444728851318,5.027705669403076,3.380213499069214
CCRs-3-low-100-overlap-100:13,CCRs-3-low-100-overlap-100,10300282,3.8225252000000007,PREDICTED,4.918423175811768,4.832754611968994,4.918979644775391,4.629257678985596
CCRs-3-low-100-overlap-100:14,CCRs-3-low-100-overlap-100,10600285,3.581346141,PREDICTED,4.133013725280762,4.051957607269287,4.032930374145508,4.521624565124512
CCRs-3-low-100-overlap-100:15,CCRs-3-low-100-overlap-100,10900297,3.386764174,PREDICTED,3.9184162616729736,3.852524518966675,3.88158917427063,3.873616933822632
CCRs-3-low-100-overlap-100:16,CCRs-3-low-100-overlap-100,11200301,3.1817505294000012,PREDICTED,4.259307861328125,3.9965691566467285,4.19644832611084,3.1599438190460205
CCRs-3-low-100-overlap-100:17,CCRs-3-low-100-overlap-100,11500313,3.0503389802000003,PREDICTED,3.6219534873962402,3.507730007171631,3.545215129852295,3.7448976039886475
CCRs-3-low-100-overlap-100:18,CCRs-3-low-100-overlap-100,11800316,2.9498325578999998,PREDICTED,3.113626718521118,3.1460752487182617,3.1038095951080322,3.4853203296661377
CCRs-3-low-100-overlap-100:19,CCRs-3-low-100-overlap-100,12050321,2.8785548586,PREDICTED,3.123427152633667,3.0152089595794678,3.0352354049682617,3.212069272994995
CCRs-3-low-100-overlap-100:20,CCRs-3-low-100-overlap-100,12350333,2.779488025,PREDICTED,2.679786205291748,2.643930196762085,2.653860330581665,3.3969814777374268
CCRs-3-low-100-overlap-100:21,CCRs-3-low-100-overlap-100,12650336,2.6611363478000003,PREDICTED,3.1693811416625977,3.0710020065307617,3.0957372188568115,2.6972105503082275
CCRs-3-low-100-overlap-100:22,CCRs-3-low-100-overlap-100,12950348,2.4170661465000007,PREDICTED,2.800293445587158,2.757704019546509,2.8053643703460693,2.6138393878936768
CCRs-3-low-100-overlap-100:23,CCRs-3-low-100-overlap-100,13250352,2.191575759,PREDICTED,2.479722738265991,2.448354482650757,2.4560914039611816,2.163501262664795
CCRs-3-low-100-overlap-100:24,CCRs-3-low-100-overlap-100,13550364,2.0970998006,PREDICTED,2.3627383708953857,2.348426342010498,2.3693912029266357,2.114743947982788
CCRs-3-low-100-overlap-100:25,CCRs-3-low-100-overlap-100,13800368,2.0814103651000004,PREDICTED,2.2264583110809326,2.252424478530884,2.217447519302368,2.0741753578186035
CCRs-3-low-100-overlap-100:26,CCRs-3-low-100-overlap-100,14100372,2.1583316905000007,PREDICTED,2.105956792831421,2.117368459701538,2.0962612628936768,2.1258699893951416
CCRs-3-low-100-overlap-100:27,CCRs-3-low-100-overlap-100,14400384,2.3903111699000017,PREDICTED,2.241379976272583,2.2259318828582764,2.185786008834839,2.300151824951172
CCRs-3-low-100-overlap-100:28,CCRs-3-low-100-overlap-100,14700387,2.9209042199999957,PREDICTED,2.177022695541382,2.2050158977508545,2.1415393352508545,2.6513044834136963
CCRs-3-low-100-overlap-100:29,CCRs-3-low-100-overlap-100,15000400,,PREDICTED,2.653308391571045,2.553847551345825,2.5702548027038574,3.015505313873291
CCRs-3-low-100-overlap-100:30,CCRs-3-low-100-overlap-100,15300403,,PREDICTED,4.00806188583374,3.8829174041748047,3.8660404682159424,5.138850688934326
CCRs-3-low-100-overlap-100:31,CCRs-3-low-100-overlap-100,15600415,,PREDICTED,7.634701251983643,8.114686012268066,8.98028564453125,6.437572956085205
CCRs-3-medium-100-overlap-100:00,CCRs-3-medium-100-overlap-100,7450208,3.7154163084,PREDICTED,3.7308034896850586,3.6544742584228516,3.611119508743286,4.86634635925293
CCRs-3-medium-100-overlap-100:01,CCRs-3-medium-100-overlap-100,7600205,3.5025579414999997,PREDICTED,4.773848056793213,4.956634521484375,4.534127235412598,6.841699600219727
CCRs-3-medium-100-overlap-100:02,CCRs-3-medium-100-overlap-100,7750211,3.2975076199,PREDICTED,3.0505454540252686,3.0468266010284424,3.037639617919922,4.011701583862305
CCRs-3-medium-100-overlap-100:03,CCRs-3-medium-100-overlap-100,7900217,3.1149173009,PREDICTED,3.2780535221099854,3.2998664379119873,3.2477312088012695,3.5419704914093018
CCRs-3-medium-100-overlap-100:04,CCRs-3-medium-100-overlap-100,8100223,2.9167790145,PREDICTED,3.269778251647949,3.2650582790374756,3.143350124359131,4.310460090637207
CCRs-3-medium-100-overlap-100:05,CCRs-3-medium-100-overlap-100,8250220,2.7947072399999993,PREDICTED,3.369974136352539,3.2721316814422607,3.2497470378875732,5.303287982940674
CCRs-3-medium-100-overlap-100:06,CCRs-3-medium-100-overlap-100,8400226,2.672596446200001,PREDICTED,3.047530174255371,2.986715316772461,3.047684669494629,5.6691083908081055
CCRs-3-medium-100-overlap-100:07,CCRs-3-medium-100-overlap-100,8550232,2.5491476888000006,PREDICTED,2.5890402793884277,2.643432378768921,2.7032980918884277,3.3801045417785645
CCRs-3-medium-100-overlap-100:08,CCRs-3-medium-100-overlap-100,8750238,2.4004563266000005,PREDICTED,2.4429166316986084,2.468043565750122,2.505263328552246,3.627835750579834
CCRs-3-medium-100-overlap-100:09,CCRs-3-medium-100-overlap-100,8900244,2.2781661503999997,PREDICTED,2.7682266235351562,2.672731637954712,2.7097229957580566,3.0842511653900146
CCRs-3-medium-100-overlap-100:10,CCRs-3-medium-100-overlap-100,9050241,2.1629291287000014,PREDICTED,2.785055637359619,2.724586009979248,2.7589190006256104,3.457858085632324
CCRs-3-medium-100-overlap-100:11,CCRs-3-medium-100-overlap-100,9200247,2.0736506972,PREDICTED,2.284780979156494,2.2245259284973145,2.3228139877319336,2.9627068042755127
CCRs-3-medium-100-overlap-100:12,CCRs-3-medium-100-overlap-100,9400252,1.9776195976,PREDICTED,2.5895168781280518,2.5285146236419678,2.6151552200317383,2.1647517681121826
CCRs-3-medium-100-overlap-100:13,CCRs-3-medium-100-overlap-100,9550258,1.9113941140000001,PREDICTED,2.5900158882141113,2.5304150581359863,2.5120928287506104,3.01460599899292
CCRs-3-medium-100-overlap-100:14,CCRs-3-medium-100-overlap-100,9700256,1.834576844,PREDICTED,2.41524338722229,2.3753433227539062,2.4382476806640625,2.6583707332611084
CCRs-3-medium-100-overlap-100:15,CCRs-3-medium-100-overlap-100,9850262,1.7724859613999993,PREDICTED,2.5370514392852783,2.5006580352783203,2.512022018432617,4.729320049285889
CCRs-3-medium-100-overlap-100:16,CCRs-3-medium-100-overlap-100,10050267,1.6954063166000004,PREDICTED,1.8858388662338257,1.849806308746338,1.860369324684143,2.7139956951141357
CCRs-3-medium-100-overlap-100:17,CCRs-3-medium-100-overlap-100,10200273,1.6594984697000001,PREDICTED,1.7828664779663086,1.7736167907714844,1.7784860134124756,2.499939203262329
CCRs-3-medium-100-overlap-100:18,CCRs-3-medium-100-overlap-100,10350279,1.6341142951999998,PREDICTED,2.0525519847869873,2.009737968444824,2.0103819370269775,1.810957431793213
CCRs-3-medium-100-overlap-100:19,CCRs-3-medium-100-overlap-100,10500277,1.6180771135,PREDICTED,2.156451940536499,2.113084077835083,2.1197800636291504,1.7923897504806519
CCRs-3-medium-100-overlap-100:20,CCRs-3-medium-100-overlap-100,10700282,1.6316203454,PREDICTED,2.0389316082000732,2.015474319458008,2.0328259468078613,2.03515362739563
CCRs-3-medium-100-overlap-100:21,CCRs-3-medium-100-overlap-100,10850288,1.6591978475999998,PREDICTED,1.9205156564712524,1.8584794998168945,1.8614157438278198,2.483041524887085
CCRs-3-medium-100-overlap-100:22,CCRs-3-medium-100-overlap-100,11000294,1.6787465438000002,PREDICTED,1.8426910638809204,1.7737557888031006,1.7731531858444214,2.0041422843933105
CCRs-3-medium-100-overlap-100:23,CCRs-3-medium-100-overlap-100,11150292,1.6993533984,PREDICTED,1.8843165636062622,1.8371539115905762,1.8173962831497192,2.4693984985351562
CCRs-3-medium-100-overlap-100:24,CCRs-3-medium-100-overlap-100,11350297,1.7602076115999998,PREDICTED,1.818922996520996,1.805489420890808,1.785178303718567,2.0191619396209717
CCRs-3-medium-100-overlap-100:25,CCRs-3-medium-100-overlap-100,11500303,1.8392248897000005,PREDICTED,1.8834081888198853,1.8524316549301147,1.8406658172607422,2.8605215549468994
CCRs-3-medium-100-overlap-100:26,CCRs-3-medium-100-overlap-100,11650309,1.9846144606999991,PREDICTED,1.8474304676055908,1.8353886604309082,1.8244355916976929,2.0292091369628906
CCRs-3-medium-100-overlap-100:27,CCRs-3-medium-100-overlap-100,11800315,2.2023947794999965,PREDICTED,1.919022560119629,1.9188785552978516,1.8963289260864258,2.081130027770996
CCRs-3-medium-100-overlap-100:28,CCRs-3-medium-100-overlap-100,12000321,2.720256819899997,PREDICTED,2.1708526611328125,2.171201467514038,2.1203012466430664,2.3938350677490234
CCRs-3-medium-100-overlap-100:29,CCRs-3-medium-100-overlap-100,12150318,3.4851387551999995,PREDICTED,2.225576639175415,2.211301326751709,2.2205970287323,2.660381317138672
CCRs-3-medium-100-overlap-100:30,CCRs-3-medium-100-overlap-100,12300324,5.069040228799989,PREDICTED,2.6047182083129883,2.5197463035583496,2.550776720046997,3.9258909225463867
CCRs-3-medium-100-overlap-100:31,CCRs-3-medium-100-overlap-100,12500330,,PREDICTED,4.3784966468811035,4.019935607910156,4.205846786499023,5.363508701324463
CCRs-side-high:00,CCRs-side-high,12012093,3.599722248800001,PREDICTED,6.527982711791992,6.7150797843933105,6.478109836578369,6.500302791595459
CCRs-side-high:01,CCRs-side-high,12162245,3.441308043999999,PREDICTED,3.0150232315063477,3.343032121658325,3.2760703563690186,2.2333977222442627
CCRs-side-high:02,CCRs-side-high,12312398,3.2957019529999996,PREDICTED,4.205235004425049,3.9128031730651855,4.032928943634033,3.725132942199707
CCRs-side-high:03,CCRs-side-high,12512598,3.1009940918,PREDICTED,3.8384511470794678,3.6821694374084473,3.7970242500305176,3.327862024307251
CCRs-side-high:04,CCRs-side-high,12662742,2.9355454220999992,PREDICTED,2.835541248321533,3.0118770599365234,2.92838978767395,4891.31689453125
CCRs-side-high:05,CCRs-side-high,12812894,2.7805888869999995,PREDICTED,5.660909652709961,5.64177942276001,6.052555084228516,3.703056573867798
CCRs-side-high:06,CCRs-side-high,13013094,2.6119388095,PREDICTED,3.2769052982330322,3.138411283493042,3.249044179916382,2.9030745029449463
CCRs-side-high:07,CCRs-side-high,13163238,2.4924014532,PREDICTED,2.6516544818878174,2.5789380073547363,2.6874516010284424,3.4270200729370117
CCRs-side-high:08,CCRs-side-high,13313391,2.3911989240000007,PREDICTED,2.8837084770202637,2.8568367958068848,2.8179361820220947,4.753668308258057
CCRs-side-high:09,CCRs-side-high,13513591,2.2592699826000007,PREDICTED,1.8700611591339111,1.8457231521606445,1.8519293069839478,1.8050071001052856
CCRs-side-high:10,CCRs-side-high,13663735,2.1689937261999996,PREDICTED,2.4138221740722656,2.292656183242798,2.385643482208252,3.377321481704712
CCRs-side-high:11,CCRs-side-high,13813887,2.0789891366,PREDICTED,2.13847279548645,2.113340139389038,2.1084890365600586,2.722813844680786
CCRs-side-high:12,CCRs-side-high,14014087,1.9438408058000005,PREDICTED,2.908827066421509,2.6730709075927734,2.7662227153778076,2.3384933471679688
CCRs-side-high:13,CCRs-side-high,14164231,1.8724839862000004,PREDICTED,2.4556868076324463,2.4084296226501465,2.5559699535369873,2.0825300216674805
CCRs-side-high:14,CCRs-side-high,14314384,1.8022459199999992,PREDICTED,2.242959499359131,2.2222402095794678,2.261280059814453,2.0873727798461914
CCRs-side-high:15,CCRs-side-high,14514584,1.7156917075000007,PREDICTED,3.156857490539551,3.1258935928344727,2.9598984718322754,1.8089677095413208
CCRs-side-high:16,CCRs-side-high,14664736,1.6428724465,PREDICTED,2.315016746520996,2.3279478549957275,2.3300833702087402,1.86713707447052
CCRs-side-high:17,CCRs-side-high,14864928,1.5446370361999997,PREDICTED,2.6434309482574463,2.5942752361297607,2.5760915279388428,1.494911789894104
CCRs-side-high:18,CCRs-side-high,15015080,1.4986512539000008,PREDICTED,2.396446466445923,2.388490915298462,2.3821473121643066,1.4356642961502075
CCRs-side-high:19,CCRs-side-high,15165233,1.4481587151999997,PREDICTED,2.112039089202881,1.9659918546676636,1.9993438720703125,2.8186864852905273
CCRs-side-high:20,CCRs-side-high,15365424,1.3791525464999999,PREDICTED,1.9973342418670654,1.8922433853149414,1.913852334022522,1.6493397951126099
CCRs-side-high:21,CCRs-side-high,15515577,1.3453333328000001,PREDICTED,2.0767600536346436,1.9854049682617188,2.0246849060058594,1.5443315505981445
CCRs-side-high:22,CCRs-side-high,15665729,1.324049456,PREDICTED,2.122612953186035,2.0287349224090576,2.06144118309021,1.2864158153533936
CCRs-side-high:23,CCRs-side-high,15865930,1.2947627955,PREDICTED,1.824411153793335,1.7245674133300781,1.7436110973358154,1.8001594543457031
CCRs-side-high:24,CCRs-side-high,16016073,1.2852863951999995,PREDICTED,1.7819914817810059,1.711671233177185,1.7147467136383057,1.7122071981430054
CCRs-side-high:25,CCRs-side-high,16166226,1.2945419823,PREDICTED,2.041638135910034,1.9574356079101562,1.963075876235962,1.6565476655960083
CCRs-side-high:26,CCRs-side-high,16366426,1.3086014705,PREDICTED,2.1844828128814697,2.1121742725372314,2.1494648456573486,1.6682642698287964
CCRs-side-high:27,CCRs-side-high,16516570,1.3545314274000004,PREDICTED,2.0550220012664795,2.013944625854492,2.0545504093170166,1.5485665798187256
CCRs-side-high:28,CCRs-side-high,16666722,1.4511205774000002,PREDICTED,2.2798922061920166,2.214261293411255,2.261794328689575,1.5550730228424072
CCRs-side-high:29,CCRs-side-high,16866923,1.7087391172000015,PREDICTED,2.807900905609131,2.703681230545044,2.7135913372039795,1.9477227926254272
CCRs-side-high:30,CCRs-side-high,17017066,2.1433279617,PREDICTED,3.918449640274048,3.7753589153289795,3.7278270721435547,2.803224802017212
CCRs-side-high:31,CCRs-side-high,17217267,3.8071844865999833,PREDICTED,6.277414798736572,5.810375690460205,5.962359428405762,4.040589809417725
CCRs-side-low:00,CCRs-side-low,10400467,8.02577101,PREDICTED,7.835702419281006,8.067546844482422,8.14415168762207,7.499839782714844
CCRs-side-low:01,CCRs-side-low,10600473,7.7855316736,PREDICTED,6.53887414932251,7.127181529998779,7.164333343505859,6.9940619468688965
CCRs-side-low:02,CCRs-side-low,10850486,7.527334099499999,PREDICTED,7.023801803588867,7.411922454833984,7.570535182952881,7.280545711517334
CCRs-side-low:03,CCRs-side-low,11050491,7.300210916000001,PREDICTED,7.694716930389404,7.9501633644104,7.873103618621826,3.9651856422424316
CCRs-side-low:04,CCRs-side-low,11300496,7.0283564929999995,PREDICTED,6.987955570220947,7.043565273284912,7.179854393005371,7.127079486846924
CCRs-side-low:05,CCRs-side-low,11550500,6.768953064800002,PREDICTED,6.702237606048584,6.875815391540527,6.860445976257324,6.597307205200195
CCRs-side-low:06,CCRs-side-low,11750505,6.5647100946,PREDICTED,7.258282661437988,7.463995456695557,7.421558380126953,5.457034587860107
CCRs-side-low:07,CCRs-side-low,12000510,6.273938457499999,PREDICTED,7.270900726318359,7.433925628662109,7.547518253326416,4.577472686767578
CCRs-side-low:08,CCRs-side-low,12200515,6.0396732612000035,PREDICTED,7.024878978729248,7.015577793121338,7.236045837402344,6.916386127471924
CCRs-side-low:09,CCRs-side-low,12450520,5.780345941600002,PREDICTED,7.249815940856934,7.592940807342529,7.348990440368652,6.852849960327148
CCRs-side-low:10,CCRs-side-low,12700533,5.506872438599999,PREDICTED,7.323273181915283,7.263336658477783,7.391477584838867,8.771758079528809
CCRs-side-low:11,CCRs-side-low,12950537,5.2213567524,PREDICTED,6.388494968414307,6.386286735534668,6.572385787963867,3.914066791534424
CCRs-side-low:12,CCRs-side-low,13250541,4.886977440999999,PREDICTED,6.446066379547119,6.354034423828125,6.470236301422119,4.213866710662842
CCRs-side-low:13,CCRs-side-low,13450546,4.672143256500002,PREDICTED,5.9360504150390625,6.01629638671875,6.029195785522461,6.365639686584473
CCRs-side-low:14,CCRs-side-low,13700559,4.409150761599999,PREDICTED,5.797041416168213,5.82838249206543,5.770878314971924,3.4413461685180664
CCRs-side-low:15,CCRs-side-low,13950564,4.1582140521,PREDICTED,6.847326755523682,6.582424640655518,6.724003791809082,5.843093395233154
CCRs-side-low:16,CCRs-side-low,14150569,3.9232072483999993,PREDICTED,6.29719877243042,6.351999282836914,6.365610122680664,4.472326278686523
CCRs-side-low:17,CCRs-side-low,14400573,3.6660113252,PREDICTED,5.752504348754883,5.616791725158691,5.781208038330078,3.3250391483306885
CCRs-side-low:18,CCRs-side-low,14650578,3.4329911016000003,PREDICTED,5.018094539642334,4.988173007965088,5.117091655731201,4.395692825317383
CCRs-side-low:19,CCRs-side-low,14850583,3.247466415999999,PREDICTED,4.3830742835998535,4.3579277992248535,4.454895973205566,3.9517831802368164
CCRs-side-low:20,CCRs-side-low,15100596,2.993708538,PREDICTED,4.012396812438965,3.8521006107330322,3.9215497970581055,3.644986391067505
CCRs-side-low:21,CCRs-side-low,15300602,2.776709753000001,PREDICTED,5.123240947723389,4.973089694976807,5.068729877471924,5.398196220397949
CCRs-side-low:22,CCRs-side-low,15550606,2.5490392125000003,PREDICTED,5.638782501220703,5.752564430236816,5.764774799346924,3.691779136657715
CCRs-side-low:23,CCRs-side-low,15800611,2.3041027800000005,PREDICTED,3.6308319568634033,3.661905527114868,3.7352066040039062,2.1782312393188477
CCRs-side-low:24,CCRs-side-low,16000615,2.119834608,PREDICTED,3.3273539543151855,3.2121667861938477,3.2825608253479004,3.1173696517944336
CCRs-side-low:25,CCRs-side-low,16250620,1.8866388071999987,PREDICTED,2.63112473487854,2.5645217895507812,2.605581521987915,2.0612552165985107
CCRs-side-low:26,CCRs-side-low,16450625,1.6989763268000007,PREDICTED,2.590117931365967,2.5179502964019775,2.5352025032043457,1.9553180932998657
CCRs-side-low:27,CCRs-side-low,16700639,1.4624826576000003,PREDICTED,2.5436885356903076,2.4791903495788574,2.463543176651001,1.6811343431472778
CCRs-side-low:28,CCRs-side-low,16950643,1.2308583203999999,PREDICTED,1.8889296054840088,1.8425198793411255,1.899470567703247,1.500280499458313
CCRs-side-low:29,CCRs-side-low,17150648,1.0693699815000004,PREDICTED,1.8890244960784912,1.851736307144165,1.8664779663085938,1.3362177610397339
CCRs-side-low:30,CCRs-side-low,17400653,1.0373101045999995,PREDICTED,2.742504358291626,2.562012195587158,2.567178964614868,1.3744235038757324
CCRs-side-low:31,CCRs-side-low,17650657,1.2139407383999978,PREDICTED,4.528820991516113,3.768092632293701,4.056929111480713,1.9610456228256226
CCRs-side-medium:00,CCRs-side-medium,10250458,13.428455508800004,PREDICTED,7.525492191314697,7.688528060913086,8.00517463684082,6.3372907638549805
CCRs-side-medium:01,CCRs-side-medium,10450473,12.024289469999994,PREDICTED,8.537008285522461,9.151374816894531,9.012304306030273,5.789219379425049
CCRs-side-medium:02,CCRs-side-medium,10650469,10.8719063084,PREDICTED,6.987112045288086,7.684399127960205,8.559327125549316,7.110225200653076
CCRs-side-medium:03,CCRs-side-medium,10900482,9.646166666599996,PREDICTED,4.390086650848389,4.999220848083496,5.331482887268066,5.721189498901367
CCRs-side-medium:04,CCRs-side-medium,11100488,8.643423350599999,PREDICTED,7.324400901794434,7.648687362670898,7.895483493804932,5.35279655456543
CCRs-side-medium:05,CCRs-side-medium,11350492,7.690221593200007,PREDICTED,8.812185287475586,9.29312801361084,8.993849754333496,5.4023332595825195
CCRs-side-medium:06,CCRs-side-medium,11550497,7.017743457799999,PREDICTED,7.783519268035889,8.916666984558105,8.534857749938965,4.821122169494629
CCRs-side-medium:07,CCRs-side-medium,11750502,6.363936861900005,PREDICTED,6.479841709136963,6.634340286254883,6.853476524353027,5.125020503997803
CCRs-side-medium:08,CCRs-side-medium,12000507,5.6678914464000005,PREDICTED,7.501105308532715,8.478006362915039,8.09339714050293,3.7815821170806885
CCRs-side-medium:09,CCRs-side-medium,12200512,5.1463396878,PREDICTED,6.187257766723633,6.166332244873047,6.341336250305176,4.248020172119141
CCRs-side-medium:10,CCRs-side-medium,12450517,4.620771781600001,PREDICTED,6.6180620193481445,6.669363021850586,6.62109375,5.874704360961914
CCRs-side-medium:11,CCRs-side-medium,12650522,4.303346418599999,PREDICTED,6.391672134399414,6.571136951446533,6.412119388580322,6.31767463684082
CCRs-side-medium:12,CCRs-side-medium,12900526,3.9790116904,PREDICTED,6.13109016418457,6.003037929534912,6.313985347747803,3.73799729347229
CCRs-side-medium:13,CCRs-side-medium,13100532,3.7652034910000003,PREDICTED,5.521259784698486,5.561476230621338,5.602802276611328,4.5829997062683105
CCRs-side-medium:14,CCRs-side-medium,13300537,3.568825549199999,PREDICTED,4.754123210906982,4.8836283683776855,4.835669040679932,4.834458827972412
CCRs-side-medium:15,CCRs-side-medium,13550550,3.3277375925,PREDICTED,4.973262786865234,4.881899833679199,5.070764064788818,4.630305290222168
CCRs-side-medium:16,CCRs-side-medium,13750555,3.128467024,PREDICTED,5.187379360198975,5.062418460845947,5.116105079650879,3.0100841522216797
CCRs-side-medium:17,CCRs-side-medium,14000560,2.8688700320000002,PREDICTED,3.5306265354156494,3.522258758544922,3.6312005519866943,3.211233139038086
CCRs-side-medium:18,CCRs-side-medium,14200565,2.669444103000001,PREDICTED,4.637810707092285,4.417797088623047,4.533267974853516,2.253082275390625
CCRs-side-medium:19,CCRs-side-medium,14400570,2.4809079759999997,PREDICTED,3.7690467834472656,3.7129082679748535,3.919362783432007,2.6289942264556885
CCRs-side-medium:20,CCRs-side-medium,14650575,2.233278199999999,PREDICTED,4.346547603607178,4.163907527923584,4.262439250946045,2.4842989444732666
CCRs-side-medium:21,CCRs-side-medium,14850580,2.0466219819999996,PREDICTED,4.392172813415527,4.270410537719727,4.413264274597168,2.47440242767334
CCRs-side-medium:22,CCRs-side-medium,15100584,1.8032899894000007,PREDICTED,2.8137900829315186,2.718088150024414,2.7160565853118896,2.2774088382720947
CCRs-side-medium:23,CCRs-side-medium,15300589,1.6096478079999992,PREDICTED,3.189439296722412,2.978795289993286,3.084737539291382,2.3553085327148438
CCRs-side-medium:24,CCRs-side-medium,15550594,1.3763497988999993,PREDICTED,2.514397144317627,2.5449657440185547,2.6229565143585205,1.9820400476455688
CCRs-side-medium:25,CCRs-side-medium,15750599,1.2867396240000004,PREDICTED,2.3460617065429688,2.321643352508545,2.286125421524048,1.8021007776260376
CCRs-side-medium:26,CCRs-side-medium,15950605,1.226780143,PREDICTED,2.3746140003204346,2.334812641143799,2.329637050628662,1.9093159437179565
CCRs-side-medium:27,CCRs-side-medium,16200618,1.1682370229999999,PREDICTED,2.019493818283081,1.9550408124923706,1.9413294792175293,1.453349232673645
CCRs-side-medium:28,CCRs-side-medium,16400623,1.1514371708,PREDICTED,1.8735547065734863,1.8301606178283691,1.86187744140625,1.293327808380127
CCRs-side-medium:29,CCRs-side-medium,16650628,1.2153382506000001,PREDICTED,1.9170639514923096,1.8443268537521362,1.8461166620254517,1.3591030836105347
CCRs-side-medium:30,CCRs-side-medium,16850633,1.370462339,PREDICTED,3.2153279781341553,2.823680877685547,2.8473992347717285,1.7084863185882568
CCRs-side-medium:31,CCRs-side-medium,17100637,2.0213693190000024,PREDICTED,6.326153755187988,5.3371124267578125,5.883004188537598,2.8097646236419678
CPLA-high:00,CPLA-high,15626369,2.5478762943999995,PREDICTED,4.056148052215576,3.914260149002075,3.67268967628479,7.384078025817871
CPLA-high:01,CPLA-high,15725917,2.4721265904,PREDICTED,3.9845573902130127,3.8830769062042236,3.7809157371520996,6.429505825042725
CPLA-high:02,CPLA-high,15825464,2.3972321394000002,PREDICTED,4.222466945648193,4.250868320465088,3.9836080074310303,6.3323869705200195
CPLA-high:03,CPLA-high,15925021,2.2987021940000005,PREDICTED,4.034272193908691,4.149358749389648,3.667494535446167,6.330618858337402
CPLA-high:04,CPLA-high,16074352,2.190844782299997,PREDICTED,6.076950550079346,6.435637950897217,6.637266635894775,6.207691192626953
CPLA-high:05,CPLA-high,16173902,2.1119890992000023,PREDICTED,4.3358073234558105,4.356411457061768,4.079542636871338,5.553493976593018
CPLA-high:06,CPLA-high,16273459,2.0322681102000026,PREDICTED,4.939225673675537,4.911634922027588,4.73129415512085,7.298535346984863
CPLA-high:07,CPLA-high,16422804,1.9050982048000007,PREDICTED,4.016183853149414,4.05581521987915,3.9310710430145264,4.425188064575195
CPLA-high:08,CPLA-high,16522361,1.8386468000000002,PREDICTED,4.368210792541504,4.52821683883667,4.5498857498168945,4.099713325500488
CPLA-high:09,CPLA-high,16621927,1.7755549313999999,PREDICTED,4.073532581329346,3.9934427738189697,4.166487693786621,-9.742640495300293
CPLA-high:10,CPLA-high,16771263,1.6790396854,PREDICTED,5.365307331085205,5.168351173400879,5.173105716705322,-17.00267219543457
CPLA-high:11,CPLA-high,16870829,1.6235945239999996,PREDICTED,2.954838275909424,3.07279372215271,3.075039863586426,7.003200054168701
CPLA-high:12,CPLA-high,16970386,1.559105339999999,PREDICTED,2.6147661209106445,2.713700771331787,2.6371140480041504,5.505437850952148
CPLA-high:13,CPLA-high,17119731,1.4691926449999986,PREDICTED,2.1286211013793945,2.0851857662200928,2.111011505126953,5.43606424331665
CPLA-high:14,CPLA-high,17219294,1.4190097531999997,PREDICTED,2.4240705966949463,2.3277230262756348,2.4185779094696045,2.335391044616699
CPLA-high:15,CPLA-high,17318869,1.3751200508,PREDICTED,2.614809036254883,2.573275089263916,2.5490777492523193,3.471445083618164
CPLA-high:16,CPLA-high,17468218,1.3013760665999998,PREDICTED,2.1210896968841553,2.0378241539001465,2.097510576248169,2.330709457397461
CPLA-high:17,CPLA-high,17567794,1.2587350372000001,PREDICTED,2.1442010402679443,2.094740390777588,2.1263833045959473,3.080462694168091
CPLA-high:18,CPLA-high,17667360,1.2141568624,PREDICTED,3.167902708053589,2.8457369804382324,2.915306329727173,3.157844305038452
CPLA-high:19,CPLA-high,18115425,1.065333393600001,PREDICTED,1.8774018287658691,1.8458911180496216,1.9263437986373901,2.6308205127716064
CPLA-high:20,CPLA-high,18215007,1.0321995807999997,PREDICTED,1.9360543489456177,1.885497808456421,1.9467952251434326,2.130702495574951
CPLA-high:21,CPLA-high,18314582,1.0093603406,PREDICTED,2.1221060752868652,2.0699408054351807,2.0928914546966553,1.7979544401168823
CPLA-high:22,CPLA-high,18463953,0.9804501791999997,PREDICTED,2.0998477935791016,2.0184860229492188,2.0175483226776123,1.8599441051483154
CPLA-high:23,CPLA-high,18563528,0.9555738014000004,PREDICTED,1.8579009771347046,1.779045581817627,1.743395447731018,5.552115440368652
CPLA-high:24,CPLA-high,18663103,0.9377719547999999,PREDICTED,1.7988638877868652,1.7068452835083008,1.691359519958496,2.8920252323150635
CPLA-high:25,CPLA-high,18812474,0.9213066864000001,PREDICTED,1.8143913745880127,1.7574646472930908,1.7562129497528076,2.020659923553467
CPLA-high:26,CPLA-high,18912058,0.9233936510999998,PREDICTED,1.9484083652496338,1.8876011371612549,1.8813384771347046,2.419917583465576
CPLA-high:27,CPLA-high,19061421,0.9724776960000003,PREDICTED,2.0005455017089844,1.94920015335083,1.9379501342773438,1.5588572025299072
CPLA-high:28,CPLA-high,19310382,1.3084326673000017,PREDICTED,2.123152494430542,2.0701992511749268,2.083954095840454,1.9360954761505127
CPLA-high:29,CPLA-high,19409974,1.6345552938999988,PREDICTED,2.353139877319336,2.2973344326019287,2.2785329818725586,2.1084401607513428
CPLA-high:30,CPLA-high,19509558,,PREDICTED,2.5777463912963867,2.4737706184387207,2.4701452255249023,2.7564048767089844
CPLA-high:31,CPLA-high,19708734,,PREDICTED,5.020048141479492,4.638524055480957,4.495479106903076,5.042397499084473
CPLA-low:00,CPLA-low,16800663,6.5152474544,PREDICTED,6.986697673797607,7.1493730545043945,7.265098571777344,6.155782699584961
CPLA-low:01,CPLA-low,17000668,6.356661477699999,PREDICTED,6.528136253356934,6.7957916259765625,6.897337436676025,6.8002142906188965
CPLA-low:02,CPLA-low,17250673,6.1583072584,PREDICTED,5.323590278625488,5.454629898071289,5.405534267425537,7.689022541046143
CPLA-low:03,CPLA-low,17500677,5.986771234000002,PREDICTED,5.270349025726318,5.726127624511719,5.503841400146484,6.254973888397217
CPLA-low:04,CPLA-low,17750681,5.7773436912000005,PREDICTED,6.1438517570495605,6.776278018951416,6.235493183135986,5.553898334503174
CPLA-low:05,CPLA-low,17950686,5.577054962599998,PREDICTED,5.600483417510986,5.748708248138428,5.818053245544434,8.066939353942871
CPLA-low:06,CPLA-low,18200690,5.398320289000001,PREDICTED,13.553973197937012,15.629928588867188,19.435100555419922,10.635184288024902
CPLA-low:07,CPLA-low,18450695,5.224101556000001,PREDICTED,6.5261945724487305,5.984288692474365,6.76728630065918,6.235121726989746
CPLA-low:08,CPLA-low,18700699,4.9918070404,PREDICTED,6.5768914222717285,6.583946704864502,7.035888671875,6.614134788513184
CPLA-low:09,CPLA-low,18900704,4.842987600099999,PREDICTED,6.500826358795166,6.769731521606445,6.995142459869385,6.870727062225342
CPLA-low:10,CPLA-low,19150717,4.631199519599999,PREDICTED,6.794184684753418,7.052550792694092,6.815918922424316,5.457655906677246
CPLA-low:11,CPLA-low,19400722,4.414894707300001,PREDICTED,6.041261672973633,6.709693431854248,6.384609699249268,5.938669204711914
CPLA-low:12,CPLA-low,19650726,4.208443535000001,PREDICTED,5.872998237609863,5.985609531402588,6.031253337860107,5.609851837158203
CPLA-low:13,CPLA-low,19900730,3.986933305,PREDICTED,6.445859909057617,6.652071475982666,6.422311305999756,9.247467041015625
CPLA-low:14,CPLA-low,20100735,3.8053744489999985,PREDICTED,4.707633018493652,4.924282550811768,4.987117290496826,6.256560325622559
CPLA-low:15,CPLA-low,20350739,3.5848964505999983,PREDICTED,5.081369876861572,5.153401851654053,5.129517555236816,6.542049407958984
CPLA-low:16,CPLA-low,20600744,3.3643608643,PREDICTED,5.382870197296143,5.415154457092285,5.444268703460693,5.39678955078125
CPLA-low:17,CPLA-low,20850748,3.1215494528999996,PREDICTED,4.5711774826049805,4.6364946365356445,4.641849040985107,4.724485874176025
CPLA-low:18,CPLA-low,21050753,2.9341575064000005,PREDICTED,5.300203323364258,5.233878135681152,5.265810012817383,6.0222320556640625
CPLA-low:19,CPLA-low,21300758,2.707551521100003,PREDICTED,5.870727062225342,5.763904571533203,5.7254509925842285,3.323925733566284
CPLA-low:20,CPLA-low,21550762,2.4744652902000026,PREDICTED,3.3034746646881104,3.2551794052124023,3.4052329063415527,4.168438911437988
CPLA-low:21,CPLA-low,21800766,2.238159091700002,PREDICTED,2.776291847229004,2.719318151473999,2.7242250442504883,3.8727495670318604
CPLA-low:22,CPLA-low,22050779,1.993450243600002,PREDICTED,2.999177932739258,2.9353582859039307,2.9342002868652344,2.6790778636932373
CPLA-low:23,CPLA-low,22250776,1.8069714479000025,PREDICTED,3.7649435997009277,3.590143918991089,3.7443418502807617,3.6640517711639404
CPLA-low:24,CPLA-low,22500789,1.5733336527999995,PREDICTED,3.8970303535461426,3.824544668197632,3.888852596282959,2.365647077560425
CPLA-low:25,CPLA-low,22750793,1.3342254175999988,PREDICTED,2.0753049850463867,2.0143797397613525,2.041137456893921,2.697514057159424
CPLA-low:26,CPLA-low,23000797,1.0951209292000017,PREDICTED,1.9447271823883057,1.9006978273391724,1.8854882717132568,2.108593702316284
CPLA-low:27,CPLA-low,23200802,0.9445490289000005,PREDICTED,1.8475152254104614,1.808223843574524,1.8144381046295166,1.4295685291290283
CPLA-low:28,CPLA-low,23450807,0.8222563677999998,PREDICTED,1.8321298360824585,1.7893595695495605,1.7736223936080933,1.3136510848999023
CPLA-low:29,CPLA-low,23700811,0.8497670282000009,PREDICTED,1.9508689641952515,1.905106544494629,1.8824079036712646,1.7927364110946655
CPLA-low:30,CPLA-low,23950815,1.2603674079999927,PREDICTED,2.35862135887146,2.275177478790283,2.272705078125,2.499298572540283
CPLA-low:31,CPLA-low,24200819,,PREDICTED,3.8168838024139404,3.4570906162261963,3.4351775646209717,5.777377605438232
CPLA-medium:00,CPLA-medium,15000616,3.7025444581999998,PREDICTED,4.215893268585205,4.323229789733887,4.261540412902832,6.259828090667725
CPLA-medium:01,CPLA-medium,15100623,3.6130615504,PREDICTED,4.567375183105469,4.619450569152832,4.706621170043945,5.939321041107178
CPLA-medium:02,CPLA-medium,15250620,3.4585375503000004,PREDICTED,4.938455581665039,5.111944675445557,5.079324245452881,5.840795040130615
CPLA-medium:03,CPLA-medium,15400626,3.3252163871999993,PREDICTED,4.724974632263184,4.903510570526123,4.973698616027832,6.3680315017700195
CPLA-medium:04,CPLA-medium,15500624,3.2471643279999998,PREDICTED,4.505603313446045,4.32450532913208,4.611391544342041,6.219012260437012
CPLA-medium:05,CPLA-medium,15650631,3.090095804799998,PREDICTED,5.902238368988037,5.696906089782715,5.838889122009277,4.797012805938721
CPLA-medium:06,CPLA-medium,15800637,2.9452544967999996,PREDICTED,8.822260856628418,8.626703262329102,8.830243110656738,6.7007012367248535
CPLA-medium:07,CPLA-medium,15900635,2.8618924912,PREDICTED,6.655029296875,7.47391414642334,7.019964218139648,-6.698988914489746
CPLA-medium:08,CPLA-medium,16050641,2.725421576000003,PREDICTED,5.717750072479248,5.789299964904785,5.801948070526123,5.188658714294434
CPLA-medium:09,CPLA-medium,16200647,2.5702538608,PREDICTED,7.100099086761475,7.23573637008667,7.496825218200684,4.540444850921631
CPLA-medium:10,CPLA-medium,16350644,2.432958385,PREDICTED,3.938046455383301,4.129612445831299,4.075188636779785,5.949937343597412
CPLA-medium:11,CPLA-medium,16450651,2.3317789367999997,PREDICTED,2.5672481060028076,2.5175251960754395,2.6313488483428955,3.0641415119171143
CPLA-medium:12,CPLA-medium,16600648,2.1949482034999996,PREDICTED,2.9700140953063965,2.976008176803589,2.9862301349639893,5.030393123626709
CPLA-medium:13,CPLA-medium,16750654,2.049358233999999,PREDICTED,2.8152830600738525,2.7589738368988037,2.7610063552856445,4.497430801391602
CPLA-medium:14,CPLA-medium,16850652,1.9471963159999992,PREDICTED,2.877492904663086,2.81543231010437,2.8481359481811523,3.111790180206299
CPLA-medium:15,CPLA-medium,17000659,1.8094778600000005,PREDICTED,2.241105079650879,2.1908118724823,2.2158854007720947,4.48543119430542
CPLA-medium:16,CPLA-medium,17150665,1.6655858302,PREDICTED,2.2915234565734863,2.25716495513916,2.2659969329833984,3.2039966583251953
CPLA-medium:17,CPLA-medium,17300662,1.5168031909000022,PREDICTED,2.2526588439941406,2.2449491024017334,2.274003267288208,3.3092331886291504
CPLA-medium:18,CPLA-medium,17400669,1.4173232749999995,PREDICTED,2.378650188446045,2.3484089374542236,2.3860795497894287,2.5147063732147217
CPLA-medium:19,CPLA-medium,17550675,1.278141463200002,PREDICTED,2.103945732116699,2.0002923011779785,2.045241355895996,2.4200572967529297
CPLA-medium:20,CPLA-medium,17700672,1.1350011857999986,PREDICTED,2.2657837867736816,2.1554980278015137,2.209859848022461,2.945500373840332
CPLA-medium:21,CPLA-medium,17800679,1.0390314960000022,PREDICTED,2.179262638092041,2.104149103164673,2.2079577445983887,2.3937461376190186
CPLA-medium:22,CPLA-medium,17950676,0.9151125470999986,PREDICTED,2.25313663482666,2.1558616161346436,2.230786085128784,2.4016239643096924
CPLA-medium:23,CPLA-medium,18100682,0.8212780786000002,PREDICTED,2.4014530181884766,2.261671543121338,2.3099899291992188,2.269132375717163
CPLA-medium:24,CPLA-medium,18250688,0.7429790249,PREDICTED,2.1692447662353516,2.1158447265625,2.114833354949951,1.6514308452606201
CPLA-medium:25,CPLA-medium,18350687,0.6922256151999995,PREDICTED,1.909914493560791,1.8717916011810303,1.8455569744110107,5.499698638916016
CPLA-medium:26,CPLA-medium,18550692,0.6013588257999997,PREDICTED,1.7582875490188599,1.6812950372695923,1.690658688545227,1.5207622051239014
CPLA-medium:27,CPLA-medium,18700698,0.5433047785000003,PREDICTED,1.5710980892181396,1.5064557790756226,1.5039907693862915,1.2794075012207031
CPLA-medium:28,CPLA-medium,18800696,0.5094326439000009,PREDICTED,1.4855626821517944,1.4025627374649048,1.4203029870986938,1.4867486953735352
CPLA-medium:29,CPLA-medium,18950703,0.47654948959999976,PREDICTED,1.6429404020309448,1.5616029500961304,1.560677170753479,1.8726599216461182
CPLA-medium:30,CPLA-medium,19100699,,PREDICTED,1.611598253250122,1.5168663263320923,1.5270302295684814,1.6943072080612183
CPLA-medium:31,CPLA-medium,19250706,,PREDICTED,1.5389461517333984,1.485616683959961,1.450701355934143,1.1631983518600464
CPNA-high:00,CPNA-high,19652381,1.9462554872000015,PREDICTED,4.37061071395874,4.292574882507324,4.396269798278809,-4.7054314613342285
CPNA-high:01,CPNA-high,19752396,1.8661834245999986,PREDICTED,3.5118017196655273,3.1898183822631836,3.230132818222046,4.159582138061523
CPNA-high:02,CPNA-high,19852400,1.7918876198000007,PREDICTED,3.7335586547851562,3.314791679382324,3.540262222290039,7.558870792388916
CPNA-high:03,CPNA-high,19952404,1.7252253266999986,PREDICTED,3.572448253631592,3.485231876373291,3.7719295024871826,3.3665056228637695
CPNA-high:04,CPNA-high,20052417,1.6653031558000002,PREDICTED,3.4772837162017822,3.3508150577545166,3.5009682178497314,2.6863017082214355
CPNA-high:05,CPNA-high,20152421,1.6083899532000003,PREDICTED,4.065657138824463,4.079580783843994,3.9964163303375244,5.827121734619141
CPNA-high:06,CPNA-high,20252434,1.550959550999999,PREDICTED,4.122200965881348,4.062833309173584,4.252786636352539,8.171690940856934
CPNA-high:07,CPNA-high,20352438,1.5095347445,PREDICTED,4.632814884185791,4.465858459472656,4.921814441680908,-5.187984943389893
CPNA-high:08,CPNA-high,20452451,1.4559168895999992,PREDICTED,3.4476704597473145,3.266688346862793,3.6409082412719727,-7.812440395355225
CPNA-high:09,CPNA-high,20552455,1.4030046320000007,PREDICTED,3.808055877685547,3.5817205905914307,3.9120423793792725,34.9561767578125
CPNA-high:10,CPNA-high,20652458,1.3574120260000007,PREDICTED,2.705653667449951,2.6979727745056152,2.8248231410980225,3.7143702507019043
CPNA-high:11,CPNA-high,20752471,1.3165555515999998,PREDICTED,2.744567394256592,2.678422451019287,2.7663991451263428,130.5518341064453
CPNA-high:12,CPNA-high,20852474,1.2756603959999997,PREDICTED,2.3287458419799805,2.2054998874664307,2.2169225215911865,41.463104248046875
CPNA-high:13,CPNA-high,20952485,1.2388335031999997,PREDICTED,3.461822509765625,3.283470869064331,3.0739619731903076,5.211302757263184
CPNA-high:14,CPNA-high,21052487,1.1972060892000005,PREDICTED,2.123613119125366,2.3176276683807373,2.2682440280914307,7.22629451751709
CPNA-high:15,CPNA-high,21152490,1.1633108718000003,PREDICTED,1.9478343725204468,1.8748831748962402,2.065884590148926,3.534113883972168
CPNA-high:16,CPNA-high,21252501,1.1389781070000002,PREDICTED,2.9225494861602783,2.6994011402130127,2.825995445251465,2.82566499710083
CPNA-high:17,CPNA-high,21352503,1.1229020100000005,PREDICTED,2.8157129287719727,2.768622398376465,2.815605878829956,3.6506574153900146
CPNA-high:18,CPNA-high,21452514,1.1050441275999996,PREDICTED,2.504451036453247,2.369300365447998,2.359466314315796,2.94608473777771
CPNA-high:19,CPNA-high,21552516,1.0930884018000002,PREDICTED,2.1574761867523193,2.0484113693237305,2.098513603210449,2.4723095893859863
CPNA-high:20,CPNA-high,21652519,1.0851011752,PREDICTED,1.9630014896392822,1.911828875541687,1.9449222087860107,1.6420079469680786
CPNA-high:21,CPNA-high,21752530,1.0783759173999998,PREDICTED,2.102672815322876,2.064830780029297,2.0615551471710205,1.9341470003128052
CPNA-high:22,CPNA-high,21852531,1.0832899519999997,PREDICTED,2.09567928314209,2.022418737411499,2.035208225250244,1.3281604051589966
CPNA-high:23,CPNA-high,21952540,1.0911842203,PREDICTED,2.4167795181274414,2.273355722427368,2.277357816696167,2.221447467803955
CPNA-high:24,CPNA-high,22052540,1.1030963363,PREDICTED,1.9794529676437378,1.8572648763656616,1.8975576162338257,1.7986021041870117
CPNA-high:25,CPNA-high,22152550,1.1365202876000002,PREDICTED,1.9981703758239746,1.9037660360336304,1.964491367340088,1.478019118309021
CPNA-high:26,CPNA-high,22252551,1.1823426952,PREDICTED,2.5028014183044434,2.3168749809265137,2.2803170680999756,1.4633713960647583
CPNA-high:27,CPNA-high,22352551,1.2814187639999963,PREDICTED,3.529592990875244,3.0668275356292725,2.9575610160827637,1.4142009019851685
CPNA-high:28,CPNA-high,22452560,1.4445848467999993,PREDICTED,2.67475962638855,2.5951087474823,2.5913567543029785,1.4730863571166992
CPNA-high:29,CPNA-high,22552561,1.7530817162000032,PREDICTED,1.8375160694122314,1.6965599060058594,1.7652673721313477,1.837006688117981
CPNA-high:30,CPNA-high,22652570,,PREDICTED,1.2715864181518555,1.2087626457214355,1.230661153793335,2.1907832622528076
CPNA-high:31,CPNA-high,22752571,,PREDICTED,1.9400931596755981,1.9340907335281372,1.8432364463806152,5.105074882507324
CPNA-low:00,CPNA-low,17750694,6.419433659600006,PREDICTED,3.847116708755493,3.729184627532959,3.897691249847412,4.939938545227051
CPNA-low:01,CPNA-low,18000698,6.206691303399999,PREDICTED,5.4525556564331055,5.419730186462402,5.455165386199951,-5.479455471038818
CPNA-low:02,CPNA-low,18250712,6.065292523199999,PREDICTED,5.9202070236206055,5.795889854431152,6.35560417175293,3.761505365371704
CPNA-low:03,CPNA-low,18500716,5.7970296064000015,PREDICTED,5.104287147521973,4.962255954742432,5.176418781280518,-17.947002410888672
CPNA-low:04,CPNA-low,18750720,5.6054069,PREDICTED,5.535872459411621,5.6351237297058105,5.377669811248779,-14.950823783874512
CPNA-low:05,CPNA-low,19050723,5.3877296074,PREDICTED,6.1887311935424805,6.208946704864502,6.0479326248168945,4.307272911071777
CPNA-low:06,CPNA-low,19300728,5.169481209600001,PREDICTED,6.78954553604126,6.581381797790527,6.678557395935059,7.056365966796875
CPNA-low:07,CPNA-low,19550741,4.981380548700001,PREDICTED,6.042129993438721,5.935454368591309,5.905745029449463,7.023223400115967
CPNA-low:08,CPNA-low,19800745,4.7495325125,PREDICTED,7.089599132537842,7.140115261077881,6.926938533782959,7.149006366729736
CPNA-low:09,CPNA-low,20100748,4.5037876768,PREDICTED,7.5668134689331055,7.58218240737915,7.3333234786987305,-66.62384033203125
CPNA-low:10,CPNA-low,20350753,4.2850163561,PREDICTED,6.297618389129639,6.1804118156433105,6.170936107635498,26.699581146240234
CPNA-low:11,CPNA-low,20600757,4.067524145199998,PREDICTED,5.214454650878906,5.294867038726807,5.046270370483398,-12.147368431091309
CPNA-low:12,CPNA-low,20850770,3.8638984249999995,PREDICTED,4.167870998382568,4.421842098236084,4.205970764160156,5.88356351852417
CPNA-low:13,CPNA-low,21150773,3.5923412666999996,PREDICTED,4.478687763214111,4.391660213470459,4.262111663818359,5.109039306640625
CPNA-low:14,CPNA-low,21450777,3.3062221932000013,PREDICTED,5.5062642097473145,5.522540092468262,5.570448398590088,6.908753395080566
CPNA-low:15,CPNA-low,21700790,3.071882013999999,PREDICTED,6.5433349609375,6.52937126159668,6.428812026977539,5.888230323791504
CPNA-low:16,CPNA-low,21950794,2.8389437431999993,PREDICTED,5.906339168548584,5.728420734405518,5.839629173278809,4.206292152404785
CPNA-low:17,CPNA-low,22200798,2.615597520800002,PREDICTED,4.415826320648193,4.242927551269531,4.545128345489502,6.550222873687744
CPNA-low:18,CPNA-low,22500801,2.328192032700002,PREDICTED,3.227029323577881,3.1568386554718018,3.238523006439209,5.047191143035889
CPNA-low:19,CPNA-low,22750806,2.0870562226000002,PREDICTED,3.6315219402313232,3.6024069786071777,3.9354913234710693,4.170666694641113
CPNA-low:20,CPNA-low,23000810,1.854367808,PREDICTED,3.9116268157958984,3.977857828140259,4.117183685302734,3.283508062362671
CPNA-low:21,CPNA-low,23250823,1.6162692218000005,PREDICTED,2.792430877685547,2.6872611045837402,2.752673387527466,2.650399684906006
CPNA-low:22,CPNA-low,23500827,1.3824679548000003,PREDICTED,1.9217584133148193,1.921043872833252,1.9386096000671387,2.7187235355377197
CPNA-low:23,CPNA-low,23800830,1.1082037399999987,PREDICTED,1.9055964946746826,1.8809094429016113,1.8660216331481934,2.13735294342041
CPNA-low:24,CPNA-low,24050834,,PREDICTED,1.9024035930633545,1.8283246755599976,1.805320143699646,1.8924332857131958
CPNA-low:25,CPNA-low,24300839,,PREDICTED,2.2938618659973145,2.1962897777557373,2.1283016204833984,1.8300034999847412
CPNA-low:26,CPNA-low,24550852,,PREDICTED,1.7135804891586304,1.5536935329437256,1.6254581212997437,2.3621864318847656
CPNA-low:27,CPNA-low,24850855,,PREDICTED,2.917609453201294,2.7991442680358887,2.60676646232605,5.4909868240356445
CPNA-low:28,CPNA-low,25100860,,PREDICTED,-7.690175533294678,-11.877691268920898,-9.584946632385254,-10.205988883972168
CPNA-low:29,CPNA-low,25350864,,PREDICTED,4.100003719329834,3.825544834136963,4.126477241516113,3.8966848850250244
CPNA-low:30,CPNA-low,25600868,,PREDICTED,59.999996185302734,13.577954292297363,12.172351837158203,6.970350742340088
CPNA-low:31,CPNA-low,25900880,,PREDICTED,5.526086807250977,7.572628021240234,7.482539176940918,-7.210982799530029
CPNA-medium:00,CPNA-medium,17150665,2.57136544,PREDICTED,4.853567600250244,4.684268474578857,5.187014102935791,5.132436275482178
CPNA-medium:01,CPNA-medium,17250672,2.4784550864999986,PREDICTED,3.7072291374206543,3.6569085121154785,3.856146812438965,9.39405345916748
CPNA-medium:02,CPNA-medium,17350670,2.384436053499999,PREDICTED,4.324718475341797,4.272762298583984,4.48752498626709,3.7263078689575195
CPNA-medium:03,CPNA-medium,17450677,2.2889523056000014,PREDICTED,3.729185104370117,3.814356803894043,3.7864251136779785,5.615503787994385
CPNA-medium:04,CPNA-medium,17550675,2.1857690400000007,PREDICTED,3.997192859649658,3.819875478744507,3.7870662212371826,7.04993200302124
CPNA-medium:05,CPNA-medium,17700681,2.0431890896000002,PREDICTED,5.77576208114624,5.538614273071289,5.516320705413818,-5.134761333465576
CPNA-medium:06,CPNA-medium,17800679,1.9606695482,PREDICTED,2.600743532180786,2.7148211002349854,2.662423610687256,5.032837867736816
CPNA-medium:07,CPNA-medium,17900686,1.8549351512,PREDICTED,2.9110329151153564,2.944194793701172,2.89334774017334,4.568386554718018
CPNA-medium:08,CPNA-medium,18000684,1.7624783084000004,PREDICTED,3.0068604946136475,2.8963000774383545,2.929901123046875,5.751826763153076
CPNA-medium:09,CPNA-medium,18150691,1.6153955760000023,PREDICTED,2.6024765968322754,2.5305774211883545,2.557112693786621,3.8613762855529785
CPNA-medium:10,CPNA-medium,18250689,1.5205768839999991,PREDICTED,2.744835615158081,2.635946035385132,2.646955966949463,5.186573505401611
CPNA-medium:11,CPNA-medium,18350696,1.4276359098000002,PREDICTED,2.9241745471954346,2.914576768875122,2.871370553970337,3.1231729984283447
CPNA-medium:12,CPNA-medium,18450694,1.3369600936000012,PREDICTED,3.6846327781677246,3.5837345123291016,3.3690738677978516,4.778812408447266
CPNA-medium:13,CPNA-medium,18550701,1.2398258043999988,PREDICTED,3.66851544380188,3.492807388305664,3.8434977531433105,4.582298755645752
CPNA-medium:14,CPNA-medium,18700698,1.1066701862000006,PREDICTED,2.6049695014953613,2.3563313484191895,2.762246608734131,3.382585048675537
CPNA-medium:15,CPNA-medium,18800705,1.0511613599999992,PREDICTED,3.8333237171173096,3.454888105392456,3.8418471813201904,4.000127792358398
CPNA-medium:16,CPNA-medium,18900703,1.0150335950000002,PREDICTED,3.4003303050994873,3.2878360748291016,3.329348087310791,3.975276231765747
CPNA-medium:17,CPNA-medium,19000710,0.9886432989999998,PREDICTED,2.7702512741088867,2.6898858547210693,2.8500916957855225,2.5624282360076904
CPNA-medium:18,CPNA-medium,19150707,0.9582408561999999,PREDICTED,2.172105312347412,2.064222812652588,2.170288562774658,3.584124803543091
CPNA-medium:19,CPNA-medium,19250714,0.9453946065000001,PREDICTED,3.7319283485412598,3.5677247047424316,3.352856397628784,4.008394718170166
CPNA-medium:20,CPNA-medium,19400721,0.9481573856000001,PREDICTED,1.7313125133514404,1.6708441972732544,1.7042715549468994,2.5505428314208984
CPNA-medium:21,CPNA-medium,19500719,0.9748990696,PREDICTED,1.7542957067489624,1.7084946632385254,1.6959595680236816,1.7504785060882568
CPNA-medium:22,CPNA-medium,19600717,1.0383724291999998,PREDICTED,1.7182506322860718,1.6424380540847778,1.6007455587387085,1.3549726009368896
CPNA-medium:23,CPNA-medium,19750723,1.2355973608000002,PREDICTED,1.828711986541748,1.7258358001708984,1.7126034498214722,1.578467607498169
CPNA-medium:24,CPNA-medium,19850730,1.4804198469999952,PREDICTED,1.5715405941009521,1.513504981994629,1.5270854234695435,1.54739248752594
CPNA-medium:25,CPNA-medium,19950728,1.9287873045000097,PREDICTED,1.5874617099761963,1.5128154754638672,1.5417780876159668,2.1320455074310303
CPNA-medium:26,CPNA-medium,20050726,,PREDICTED,1.6179825067520142,1.6211416721343994,1.5733635425567627,2.0201027393341064
CPNA-medium:27,CPNA-medium,20200732,,PREDICTED,2.27482271194458,2.315167188644409,2.2224385738372803,3.0501866340637207
CPNA-medium:28,CPNA-medium,20300739,,PREDICTED,1.9059116840362549,1.9713908433914185,1.7691566944122314,4.257096290588379
CPNA-medium:29,CPNA-medium,20400737,,PREDICTED,-59.999996185302734,33.38253402709961,12.406855583190918,6.239689826965332
CPNA-medium:30,CPNA-medium,20500744,,PREDICTED,3.2755863666534424,2.70463228225708,2.624765157699585,7.282947540283203
CPNA-medium:31,CPNA-medium,20650742,,PREDICTED,4.909465312957764,4.435403823852539,4.55853796005249,7.685394763946533
CPNAO-high:00,CPNAO-high,13050415,3.4830584631000003,PREDICTED,3.9956045150756836,3.941453456878662,3.8672242164611816,68.83807373046875
CPNAO-high:01,CPNAO-high,13200421,3.319595791999999,PREDICTED,5.143796920776367,4.783588409423828,4.448462963104248,31.47340965270996
CPNAO-high:02,CPNAO-high,13400427,3.1830115402,PREDICTED,5.196103096008301,4.952657699584961,5.842304229736328,7.4543538093566895
CPNAO-high:03,CPNAO-high,13550424,3.0874278875999996,PREDICTED,5.004228591918945,4.615104675292969,5.511754989624023,5.082187652587891
CPNAO-high:04,CPNAO-high,13750429,2.9514089660000002,PREDICTED,8.369465827941895,10.556729316711426,14.108590126037598,4.3069634437561035
CPNAO-high:05,CPNAO-high,13900435,2.8421419770000007,PREDICTED,12.229284286499023,14.86163330078125,31.93567657470703,6.980588436126709
CPNAO-high:06,CPNAO-high,14100440,2.736947775999999,PREDICTED,4.165826797485352,4.191095352172852,4.811388969421387,-3.752805233001709
CPNAO-high:07,CPNAO-high,14300445,2.6131260138999997,PREDICTED,3.5694215297698975,3.6651499271392822,3.6602630615234375,-85.17218017578125
CPNAO-high:08,CPNAO-high,14450442,2.5347613232,PREDICTED,4.0486955642700195,4.382455348968506,4.283270359039307,-3.7563343048095703
CPNAO-high:09,CPNAO-high,14650448,2.4262941183999995,PREDICTED,-36.02364730834961,-59.999996185302734,-19.19683074951172,-5.546700477600098
CPNAO-high:10,CPNAO-high,14800454,2.3469795982,PREDICTED,4.580167770385742,4.453113555908203,4.729598522186279,-3.7789247035980225
CPNAO-high:11,CPNAO-high,15000459,2.2529976789,PREDICTED,5.534176349639893,6.0209059715271,6.7694783210754395,7.813022613525391
CPNAO-high:12,CPNAO-high,15150456,2.1836265540000004,PREDICTED,4.2754740715026855,4.421438694000244,4.98613977432251,5.243010997772217
CPNAO-high:13,CPNAO-high,15350461,2.1197048400000003,PREDICTED,5.616325855255127,5.570111274719238,6.0646867752075195,7.25124979019165
CPNAO-high:14,CPNAO-high,15550466,2.0495114869999993,PREDICTED,3.0106635093688965,3.1892142295837402,3.0855019092559814,8.613506317138672
CPNAO-high:15,CPNAO-high,15700472,1.9966111888000002,PREDICTED,3.3380937576293945,3.698904275894165,3.597083806991577,6.959334850311279
CPNAO-high:16,CPNAO-high,15900477,1.9570518575,PREDICTED,3.6582703590393066,3.653968095779419,3.7476418018341064,14.859586715698242
CPNAO-high:17,CPNAO-high,16050475,1.9249374129999999,PREDICTED,5.745014667510986,5.665500164031982,5.949651718139648,7.539135932922363
CPNAO-high:18,CPNAO-high,16250480,1.8802732640000006,PREDICTED,4.603780269622803,5.128998279571533,5.796313762664795,4.447936534881592
CPNAO-high:19,CPNAO-high,16450485,1.8713504123999998,PREDICTED,2.258193016052246,2.262571334838867,2.2535581588745117,2.17038631439209
CPNAO-high:20,CPNAO-high,16600491,1.8799561065000014,PREDICTED,2.4192137718200684,2.3719916343688965,2.345792293548584,2.4827990531921387
CPNAO-high:21,CPNAO-high,16800496,1.92309237,PREDICTED,4.017487049102783,4.259255409240723,4.117247104644775,1.9671435356140137
CPNAO-high:22,CPNAO-high,16950493,1.9583397152999995,PREDICTED,2.3182907104492188,2.2902681827545166,2.393789052963257,2.218970775604248
CPNAO-high:23,CPNAO-high,17150498,2.0525663603999993,PREDICTED,2.7591190338134766,2.672335624694824,2.6628451347351074,3.836897134780884
CPNAO-high:24,CPNAO-high,17300504,2.1308801347999986,PREDICTED,2.3063747882843018,2.2744743824005127,2.347252607345581,2.0725021362304688
CPNAO-high:25,CPNAO-high,17500510,2.3216289879999965,PREDICTED,3.1075708866119385,3.0463790893554688,3.10032320022583,2.7641067504882812
CPNAO-high:26,CPNAO-high,17700515,2.7369285676999966,PREDICTED,3.482208728790283,3.310072660446167,3.2773680686950684,3.4330437183380127
CPNAO-high:27,CPNAO-high,17850512,3.214178418399999,PREDICTED,3.8348605632781982,3.6963346004486084,3.8321142196655273,3.3956820964813232
CPNAO-high:28,CPNAO-high,18050517,,PREDICTED,4.2000322341918945,4.067196369171143,4.449510097503662,3.0132198333740234
CPNAO-high:29,CPNAO-high,18200523,,PREDICTED,5.787075519561768,5.769252777099609,6.0507683753967285,4.506551742553711
CPNAO-high:30,CPNAO-high,18400528,,PREDICTED,8.271805763244629,7.775228977203369,8.064034461975098,6.580642223358154
CPNAO-high:31,CPNAO-high,18600524,,PREDICTED,7.182327747344971,8.454975128173828,9.23167610168457,20.080930709838867
CPNAO-low:00,CPNAO-low,21950784,4.054562315500002,PREDICTED,2.726583480834961,2.7500996589660645,2.8036043643951416,5.03212833404541
CPNAO-low:01,CPNAO-low,22050792,3.9666699075999996,PREDICTED,2.4117910861968994,2.4664242267608643,2.5111873149871826,5.9678425788879395
CPNAO-low:02,CPNAO-low,22150790,3.8922547024,PREDICTED,2.777144193649292,2.853055477142334,2.848017692565918,8.494707107543945
CPNAO-low:03,CPNAO-low,22300796,3.7568573775000034,PREDICTED,3.098956346511841,3.0508275032043457,2.9989593029022217,5.757136344909668
CPNAO-low:04,CPNAO-low,22400794,3.6771348392,PREDICTED,2.9109652042388916,2.9002034664154053,2.8766372203826904,8.595017433166504
CPNAO-low:05,CPNAO-low,22500801,3.578869328000002,PREDICTED,3.0109703540802,2.8824381828308105,2.8829901218414307,-38.81278991699219
CPNAO-low:06,CPNAO-low,22650798,3.4303029780000007,PREDICTED,3.5284383296966553,3.4541471004486084,3.363255262374878,4.953765869140625
CPNAO-low:07,CPNAO-low,22750805,3.3427907508000003,PREDICTED,3.890446424484253,3.8038768768310547,3.7890207767486572,5.664916515350342
CPNAO-low:08,CPNAO-low,22900802,3.1998003516000004,PREDICTED,5.870208263397217,6.078567028045654,5.820233345031738,5.571438312530518
CPNAO-low:09,CPNAO-low,23000809,3.1111877048,PREDICTED,5.544829845428467,6.194253444671631,6.016272068023682,5.076436519622803
CPNAO-low:10,CPNAO-low,23100808,3.0208443163000016,PREDICTED,5.291708946228027,5.676754951477051,5.515746116638184,8.031526565551758
CPNAO-low:11,CPNAO-low,23250814,2.883465844400001,PREDICTED,6.8979949951171875,8.6896333694458,7.501687049865723,9.407011032104492
CPNAO-low:12,CPNAO-low,23350812,2.7914257826000006,PREDICTED,4.182063579559326,6.063490390777588,6.033238887786865,5.447254180908203
CPNAO-low:13,CPNAO-low,23500818,2.6586052957000015,PREDICTED,4.4977641105651855,5.045767307281494,4.884189128875732,13.243358612060547
CPNAO-low:14,CPNAO-low,23600825,2.565875104000001,PREDICTED,4.462663173675537,4.642220497131348,4.617656230926514,5.400038242340088
CPNAO-low:15,CPNAO-low,23700823,2.4720778428,PREDICTED,3.4792048931121826,3.4143712520599365,3.453824758529663,5.782076835632324
CPNAO-low:16,CPNAO-low,23850829,2.3302790464000007,PREDICTED,4.023612022399902,4.019082546234131,4.088414192199707,5.190247535705566
CPNAO-low:17,CPNAO-low,23950828,2.227496505599998,PREDICTED,5.286749362945557,5.171788692474365,5.116255283355713,4.405515670776367
CPNAO-low:18,CPNAO-low,24050835,2.1318738086000018,PREDICTED,6.0775017738342285,6.379558086395264,6.300337314605713,3.138063430786133
CPNAO-low:19,CPNAO-low,24200832,1.988015925000002,PREDICTED,3.618197441101074,3.9586429595947266,4.216371536254883,3.712101936340332
CPNAO-low:20,CPNAO-low,24300839,1.906321975200001,PREDICTED,3.840015172958374,3.950507879257202,4.0880913734436035,3.975945234298706
CPNAO-low:21,CPNAO-low,24450836,1.763170380000001,PREDICTED,4.323031902313232,4.754058361053467,4.677211761474609,2.9808144569396973
CPNAO-low:22,CPNAO-low,24550843,1.6686607424000004,PREDICTED,4.125124454498291,4.35732364654541,4.28822660446167,2.566179037094116
CPNAO-low:23,CPNAO-low,24650841,1.5777145719999992,PREDICTED,4.132629871368408,4.325379371643066,4.522806644439697,2.1765668392181396
CPNAO-low:24,CPNAO-low,24800848,1.4393915915000024,PREDICTED,2.8727052211761475,2.8506205081939697,2.9451186656951904,3.248250961303711
CPNAO-low:25,CPNAO-low,24900854,1.3486603897000002,PREDICTED,3.728471517562866,3.695883274078369,3.7356209754943848,2.3648035526275635
CPNAO-low:26,CPNAO-low,25050852,1.2272553622000015,PREDICTED,2.55375599861145,2.501325845718384,2.5480945110321045,1.3954488039016724
CPNAO-low:27,CPNAO-low,25150859,1.1827039137999995,PREDICTED,2.383119583129883,2.3379693031311035,2.3468050956726074,1.272214651107788
CPNAO-low:28,CPNAO-low,25250857,1.1496911448000002,PREDICTED,2.5009331703186035,2.443056106567383,2.453325033187866,1.9618597030639648
CPNAO-low:29,CPNAO-low,25400863,1.1247798439999999,PREDICTED,3.3170552253723145,3.087899923324585,3.072783946990967,1.4640724658966064
CPNAO-low:30,CPNAO-low,25500861,1.126055718,PREDICTED,2.579862594604492,2.5141055583953857,2.5537612438201904,2.1223790645599365
CPNAO-low:31,CPNAO-low,25650867,,PREDICTED,3.639518976211548,3.164121389389038,3.269146203994751,2.9311530590057373
CPNAO-medium:00,CPNAO-medium,18450699,1.6470159061999996,PREDICTED,2.473172426223755,2.432568311691284,2.2411768436431885,2.7865796089172363
CPNAO-medium:01,CPNAO-medium,18500707,1.612197487800001,PREDICTED,2.393249034881592,2.4144327640533447,2.2411694526672363,1.2935222387313843
CPNAO-medium:02,CPNAO-medium,18550706,1.5746574604999988,PREDICTED,1.9201191663742065,1.9317858219146729,1.9098016023635864,1.6236602067947388
CPNAO-medium:03,CPNAO-medium,18600705,1.539749384799999,PREDICTED,3.5300607681274414,3.858093738555908,3.5630886554718018,3.272549629211426
CPNAO-medium:04,CPNAO-medium,18650704,1.5042745887,PREDICTED,6.668795108795166,7.146665096282959,7.720015048980713,4.916040420532227
CPNAO-medium:05,CPNAO-medium,18700703,1.4659884945999992,PREDICTED,5.768604755401611,6.124988555908203,7.156126976013184,3.4054973125457764
CPNAO-medium:06,CPNAO-medium,18750711,1.424776904000001,PREDICTED,4.157235145568848,4.326765060424805,4.618955135345459,3.5220577716827393
CPNAO-medium:07,CPNAO-medium,18800710,1.3871553350000008,PREDICTED,7.313924789428711,8.446775436401367,9.927375793457031,-5.551729679107666
CPNAO-medium:08,CPNAO-medium,18900709,1.310334706400001,PREDICTED,2.430652379989624,2.334822416305542,2.6565017700195312,4.458871364593506
CPNAO-medium:09,CPNAO-medium,18950717,1.2726366367999986,PREDICTED,2.3503050804138184,2.3150243759155273,2.497647285461426,2.5860435962677
CPNAO-medium:10,CPNAO-medium,19000716,1.2398209124999995,PREDICTED,2.205031156539917,2.0341899394989014,2.3384037017822266,2.4513328075408936
CPNAO-medium:11,CPNAO-medium,19050715,1.2028730735999997,PREDICTED,2.2913901805877686,2.032435655593872,2.2553751468658447,3.0092310905456543
CPNAO-medium:12,CPNAO-medium,19100714,1.1698680191000002,PREDICTED,2.3788015842437744,2.1105306148529053,2.48895263671875,2.8531370162963867
CPNAO-medium:13,CPNAO-medium,19150722,1.139866465200002,PREDICTED,2.5733141899108887,2.4056434631347656,2.679168701171875,2.4616591930389404
CPNAO-medium:14,CPNAO-medium,19200721,1.1068371699999988,PREDICTED,2.8321731090545654,2.5875680446624756,2.8206887245178223,3.0557477474212646
CPNAO-medium:15,CPNAO-medium,19250720,1.0777407217999992,PREDICTED,3.6397268772125244,3.238131523132324,3.3037614822387695,2.045557975769043
CPNAO-medium:16,CPNAO-medium,19350718,1.0172694421,PREDICTED,2.7670223712921143,2.6530215740203857,2.684934616088867,2.478379487991333
CPNAO-medium:17,CPNAO-medium,19400726,0.9881694825000014,PREDICTED,2.416947364807129,2.2398667335510254,2.373434543609619,1.8243203163146973
CPNAO-medium:18,CPNAO-medium,19450725,0.9591997736000003,PREDICTED,2.152872323989868,2.0446205139160156,2.1150155067443848,2.1009678840637207
CPNAO-medium:19,CPNAO-medium,19500724,0.9299997996999994,PREDICTED,2.1383705139160156,2.036824941635132,2.0525901317596436,1.874503254890442
CPNAO-medium:20,CPNAO-medium,19550723,0.9026094645999988,PREDICTED,1.8585216999053955,1.7405693531036377,1.7825837135314941,1.4451805353164673
CPNAO-medium:21,CPNAO-medium,19600731,0.8770720110000003,PREDICTED,1.6908060312271118,1.6307425498962402,1.6569502353668213,1.4083589315414429
CPNAO-medium:22,CPNAO-medium,19650730,0.8499220096000003,PREDICTED,1.843351125717163,1.769946813583374,1.802001714706421,1.6908340454101562
CPNAO-medium:23,CPNAO-medium,19700729,0.8291676176000002,PREDICTED,1.623713493347168,1.551796317100525,1.6112581491470337,1.6621801853179932
CPNAO-medium:24,CPNAO-medium,19800727,0.8015673478000003,PREDICTED,2.259828567504883,2.0918474197387695,2.1446545124053955,1.6954954862594604
CPNAO-medium:25,CPNAO-medium,19850736,0.7928997189999999,PREDICTED,2.483203411102295,2.252610921859741,2.370089530944824,1.46078360080719
CPNAO-medium:26,CPNAO-medium,19900735,0.78509516,PREDICTED,2.63983416557312,2.370496988296509,2.399393320083618,1.7499489784240723
CPNAO-medium:27,CPNAO-medium,19950733,0.7797613904,PREDICTED,2.5873970985412598,2.3212459087371826,2.3172693252563477,1.9123802185058594
CPNAO-medium:28,CPNAO-medium,20000733,0.7860042864,PREDICTED,2.3865137100219727,2.183563709259033,2.153775453567505,1.810193419456482
CPNAO-medium:29,CPNAO-medium,20050732,0.7959781677,PREDICTED,1.920999526977539,1.8198221921920776,1.8037899732589722,1.642663836479187
CPNAO-medium:30,CPNAO-medium,20100740,0.8025859767999997,PREDICTED,1.9330641031265259,1.8514763116836548,1.808915376663208,1.4879077672958374
CPNAO-medium:31,CPNAO-medium,20300745,,PREDICTED,1.4637805223464966,1.4334880113601685,1.4019813537597656,4.62778902053833
