query_id,sequence_id,anchor_us,anchor_relative_seconds,truth_ttc_seconds,gt_join_status,prediction_status,H8_seed7,H8_seed13,H8_seed23,public_Garl_event_lhr,public_Garl_rgb_event_full
FCWD1:0000,FCWD1,6106034,6.106034,28.9226189494698,EXACT,UNAVAILABLE_OR_NONFINITE_RETAINED,6.377472877502441,7.850900650024414,7.977182865142822,6.804544448852539,
FCWD1:0001,FCWD1,6156086,6.156086,27.768378826285748,INTERPOLATED_LINEAR,UNAVAILABLE_OR_NONFINITE_RETAINED,6.6991376876831055,8.889571189880371,9.6749267578125,13.676037788391113,
FCWD1:0002,FCWD1,6206138,6.206138,26.6141387031017,EXACT,UNAVAILABLE_OR_NONFINITE_RETAINED,6.0855607986450195,7.425880432128906,9.502093315124512,11.465094566345215,
FCWD1:0003,FCWD1,6256190,6.25619,26.06917738645454,INTERPOLATED_LINEAR,UNAVAILABLE_OR_NONFINITE_RETAINED,8.37580680847168,12.442545890808105,16.585590362548828,-8.897547721862793,
FCWD1:0004,FCWD1,6306234,6.306234,25.5243031730307,EXACT,UNAVAILABLE_OR_NONFINITE_RETAINED,6.169134140014648,7.964489936828613,10.181248664855957,13.920575141906738,
FCWD1:0005,FCWD1,6356286,6.356286,24.62487189294075,INTERPOLATED_LINEAR,UNAVAILABLE_OR_NONFINITE_RETAINED,4.961360931396484,6.199645519256592,7.442463397979736,9.892285346984863,
FCWD1:0006,FCWD1,6406338,6.406338,23.7254406128508,EXACT,UNAVAILABLE_OR_NONFINITE_RETAINED,4.131593704223633,4.504613876342773,5.510605335235596,7.0762176513671875,
FCWD1:0007,FCWD1,6456382,6.456382,22.96174145138112,INTERPOLATED_LINEAR,UNAVAILABLE_OR_NONFINITE_RETAINED,5.027847766876221,5.603121280670166,6.789589881896973,5.919371604919434,
FCWD1:0008,FCWD1,6506434,6.506434,22.1979202054799,EXACT,UNAVAILABLE_OR_NONFINITE_RETAINED,7.112727642059326,7.679555416107178,8.434261322021484,6.73632287979126,
FCWD1:0009,FCWD1,6556487,6.556487,21.455646066427242,INTERPOLATED_LINEAR,UNAVAILABLE_OR_NONFINITE_RETAINED,7.925446033477783,7.903127670288086,8.805487632751465,7.155195713043213,
FCWD1:0010,FCWD1,6606530,6.60653,20.7135202250069,EXACT,UNAVAILABLE_OR_NONFINITE_RETAINED,6.8442816734313965,7.165441989898682,8.15134048461914,7.530202865600586,
FCWD1:0011,FCWD1,6656582,6.656582,20.0786210359946,INTERPOLATED_LINEAR,UNAVAILABLE_OR_NONFINITE_RETAINED,6.094810962677002,6.720879077911377,7.1545233726501465,7.976009368896484,
FCWD1:0012,FCWD1,6706634,6.706634,19.4437218469823,EXACT,UNAVAILABLE_OR_NONFINITE_RETAINED,5.989732265472412,6.672983646392822,6.858621120452881,8.433897972106934,
FCWD1:0013,FCWD1,6756678,6.756678,18.802449164511245,INTERPOLATED_LINEAR,UNAVAILABLE_OR_NONFINITE_RETAINED,6.988593578338623,8.012378692626953,8.53405475616455,7.619565486907959,
FCWD1:0014,FCWD1,6806730,6.80673,18.1610739686228,EXACT,UNAVAILABLE_OR_NONFINITE_RETAINED,8.570490837097168,10.389636039733887,10.29017162322998,-7.7937140464782715,
FCWD1:0015,FCWD1,6856783,6.856783,17.655148534096508,INTERPOLATED_LINEAR,UNAVAILABLE_OR_NONFINITE_RETAINED,7.981043815612793,9.21642780303955,9.18934154510498,8.423819541931152,
FCWD1:0016,FCWD1,6906826,6.906826,17.1493241775145,EXACT,UNAVAILABLE_OR_NONFINITE_RETAINED,6.175068378448486,7.422825336456299,8.2035551071167,9.312759399414062,
FCWD1:0017,FCWD1,6956878,6.956878,16.728105074623453,INTERPOLATED_LINEAR,UNAVAILABLE_OR_NONFINITE_RETAINED,8.64867115020752,9.398662567138672,10.368762016296387,7.977412223815918,
FCWD1:0018,FCWD1,7006931,7.006931,16.3068775561026,EXACT,UNAVAILABLE_OR_NONFINITE_RETAINED,9.185009002685547,9.620731353759766,10.687363624572754,6.051360607147217,
FCWD1:0019,FCWD1,7056974,7.056974,16.011175220715586,INTERPOLATED_LINEAR,UNAVAILABLE_OR_NONFINITE_RETAINED,8.560988426208496,9.515485763549805,9.712746620178223,7.702719688415527,
FCWD1:0020,FCWD1,7107026,7.107026,15.7154197046436,EXACT,UNAVAILABLE_OR_NONFINITE_RETAINED,7.444938659667969,8.179524421691895,8.353503227233887,8.159489631652832,
FCWD1:0021,FCWD1,7157078,7.157078,15.281668219860146,INTERPOLATED_LINEAR,UNAVAILABLE_OR_NONFINITE_RETAINED,5.811257362365723,7.048177719116211,6.464042663574219,11.806626319885254,
FCWD1:0022,FCWD1,7207122,7.207122,14.847986063213,EXACT,UNAVAILABLE_OR_NONFINITE_RETAINED,8.23542308807373,8.636469841003418,8.471126556396484,6.387792110443115,
FCWD1:0023,FCWD1,7257174,7.257174,14.510834289323853,INTERPOLATED_LINEAR,UNAVAILABLE_OR_NONFINITE_RETAINED,7.667809009552002,8.140466690063477,8.156752586364746,8.59915828704834,
FCWD1:0024,FCWD1,7307227,7.307227,14.1736757794047,EXACT,UNAVAILABLE_OR_NONFINITE_RETAINED,7.342501640319824,9.218445777893066,8.954663276672363,6.9189534187316895,
FCWD1:0025,FCWD1,7357270,7.35727,13.869447343848105,INTERPOLATED_LINEAR,UNAVAILABLE_OR_NONFINITE_RETAINED,6.6085076332092285,7.609299659729004,7.426626682281494,14.495607376098633,
FCWD1:0026,FCWD1,7407322,7.407322,13.5651641942272,EXACT,UNAVAILABLE_OR_NONFINITE_RETAINED,6.927672863006592,7.196783065795898,7.16931676864624,7.205624580383301,
FCWD1:0027,FCWD1,7457375,7.457375,13.25182119743036,INTERPOLATED_LINEAR,UNAVAILABLE_OR_NONFINITE_RETAINED,7.822103023529053,8.497072219848633,7.611915588378906,6.330595016479492,
FCWD1:0028,FCWD1,7507418,7.507418,12.9385408028745,EXACT,UNAVAILABLE_OR_NONFINITE_RETAINED,7.197615146636963,7.156407833099365,7.95219087600708,7.800997734069824,
FCWD1:0029,FCWD1,7557470,7.55747,12.6892137436572,INTERPOLATED_LINEAR,UNAVAILABLE_OR_NONFINITE_RETAINED,9.568384170532227,10.260979652404785,10.289152145385742,6.976756572723389,
FCWD1:0030,FCWD1,7607522,7.607522,12.4398866844399,EXACT,UNAVAILABLE_OR_NONFINITE_RETAINED,7.420629501342773,7.866189956665039,8.400567054748535,-9.976698875427246,
FCWD1:0031,FCWD1,7657566,7.657566,12.236523681703853,INTERPOLATED_LINEAR,UNAVAILABLE_OR_NONFINITE_RETAINED,8.228228569030762,9.840551376342773,9.869856834411621,7.632251739501953,
FCWD1:0032,FCWD1,7707618,7.707618,12.0331281694957,EXACT,UNAVAILABLE_OR_NONFINITE_RETAINED,7.951232433319092,9.372894287109375,10.426241874694824,-23.60594367980957,
FCWD1:0033,FCWD1,7757671,7.757671,11.810184529024646,INTERPOLATED_LINEAR,UNAVAILABLE_OR_NONFINITE_RETAINED,6.6647868156433105,11.182478904724121,10.496326446533203,7.304477691650391,
FCWD1:0034,FCWD1,7807723,7.807723,11.587245342705,EXACT,UNAVAILABLE_OR_NONFINITE_RETAINED,7.432070732116699,10.42442512512207,9.510921478271484,-22.077608108520508,
FCWD1:0035,FCWD1,7857766,7.857766,11.376908161661651,INTERPOLATED_LINEAR,UNAVAILABLE_OR_NONFINITE_RETAINED,7.582201957702637,9.2402925491333,9.111441612243652,7.321115970611572,
FCWD1:0036,FCWD1,7907819,7.907819,11.166528949329,EXACT,UNAVAILABLE_OR_NONFINITE_RETAINED,6.4332122802734375,7.580125331878662,8.411980628967285,-10.197179794311523,
FCWD1:0037,FCWD1,7957871,7.957871,10.922790521669825,INTERPOLATED_LINEAR,UNAVAILABLE_OR_NONFINITE_RETAINED,7.437081813812256,8.50220775604248,8.85827922821045,6.9953742027282715,
FCWD1:0038,FCWD1,8007914,8.007914,10.6790959213472,EXACT,UNAVAILABLE_OR_NONFINITE_RETAINED,7.60666036605835,7.763754844665527,8.861856460571289,-7.246676921844482,
FCWD1:0039,FCWD1,8057967,8.057967,10.491458718235869,INTERPOLATED_LINEAR,UNAVAILABLE_OR_NONFINITE_RETAINED,6.480941295623779,6.86334228515625,7.693077564239502,6.9778594970703125,
FCWD1:0040,FCWD1,8108019,8.108019,10.3038252638949,EXACT,UNAVAILABLE_OR_NONFINITE_RETAINED,7.417902946472168,7.673056125640869,7.812396049499512,7.021312713623047,
FCWD1:0041,FCWD1,8158062,8.158062,10.148746922630176,INTERPOLATED_LINEAR,UNAVAILABLE_OR_NONFINITE_RETAINED,6.8999738693237305,7.736109733581543,7.961655139923096,6.467426776885986,
FCWD1:0042,FCWD1,8208115,8.208115,9.99363759234775,EXACT,UNAVAILABLE_OR_NONFINITE_RETAINED,7.486949920654297,8.355661392211914,8.5654878616333,6.41887903213501,
FCWD1:0043,FCWD1,8258167,8.258167,9.864544915258643,INTERPOLATED_LINEAR,UNAVAILABLE_OR_NONFINITE_RETAINED,6.759374141693115,7.011242389678955,7.212975025177002,5.971644878387451,
FCWD1:0044,FCWD1,8308210,8.30821,9.73547545071037,EXACT,UNAVAILABLE_OR_NONFINITE_RETAINED,7.667900085449219,8.142934799194336,8.241692543029785,6.480316638946533,
FCWD1:0045,FCWD1,8358263,8.358263,9.576817596036244,INTERPOLATED_LINEAR,UNAVAILABLE_OR_NONFINITE_RETAINED,7.3299560546875,7.535443305969238,7.71248722076416,6.202206134796143,
FCWD1:0046,FCWD1,8408315,8.408315,9.41816291115923,EXACT,UNAVAILABLE_OR_NONFINITE_RETAINED,7.914858341217041,8.187102317810059,8.066662788391113,6.58932638168335,
FCWD1:0047,FCWD1,8458358,8.458358,9.288439171955659,INTERPOLATED_LINEAR,UNAVAILABLE_OR_NONFINITE_RETAINED,8.124112129211426,8.708690643310547,8.27153491973877,6.7487335205078125,
FCWD1:0048,FCWD1,8508411,8.508411,9.15868951029756,EXACT,UNAVAILABLE_OR_NONFINITE_RETAINED,7.417630195617676,7.7237548828125,7.4466166496276855,5.989659786224365,
FCWD1:0049,FCWD1,8558463,8.558463,9.043660525036914,INTERPOLATED_LINEAR,UNAVAILABLE_OR_NONFINITE_RETAINED,7.684855937957764,8.21342658996582,7.9456610679626465,6.698882102966309,
FCWD1:0050,FCWD1,8608506,8.608506,8.92865222348256,EXACT,UNAVAILABLE_OR_NONFINITE_RETAINED,7.922167778015137,8.277990341186523,7.924132823944092,6.66119384765625,
FCWD1:0051,FCWD1,8658559,8.658559,8.824433488886486,INTERPOLATED_LINEAR,UNAVAILABLE_OR_NONFINITE_RETAINED,7.653307914733887,7.962023735046387,7.88800573348999,7.171865463256836,
FCWD1:0052,FCWD1,8708611,8.708611,8.72021683645801,EXACT,UNAVAILABLE_OR_NONFINITE_RETAINED,7.853394508361816,8.006956100463867,8.108495712280273,19.74347686767578,
FCWD1:0053,FCWD1,8758663,8.758663,8.598426102067643,INTERPOLATED_LINEAR,UNAVAILABLE_OR_NONFINITE_RETAINED,7.80692195892334,8.036619186401367,7.724492073059082,6.843067169189453,
FCWD1:0054,FCWD1,8808707,8.808707,8.47665483394986,EXACT,UNAVAILABLE_OR_NONFINITE_RETAINED,8.589373588562012,8.891316413879395,8.513566017150879,5.5264201164245605,
FCWD1:0055,FCWD1,8858759,8.858759,8.343589662097763,INTERPOLATED_LINEAR,UNAVAILABLE_OR_NONFINITE_RETAINED,7.719473361968994,7.624318599700928,7.7307820320129395,4.860692977905273,
FCWD1:0056,FCWD1,8908811,8.908811,8.21052449024566,EXACT,UNAVAILABLE_OR_NONFINITE_RETAINED,7.792410850524902,8.509865760803223,8.004173278808594,6.698240280151367,
FCWD1:0057,FCWD1,8958855,8.958855,8.05393418321318,INTERPOLATED_LINEAR,UNAVAILABLE_OR_NONFINITE_RETAINED,6.955080032348633,7.172030925750732,7.189070224761963,5.431365489959717,
FCWD1:0058,FCWD1,9008907,9.008907,7.8973188437601,EXACT,UNAVAILABLE_OR_NONFINITE_RETAINED,6.8588643074035645,7.0101776123046875,6.893493175506592,6.026623725891113,
FCWD1:0059,FCWD1,9058959,9.058959,7.766340076819543,INTERPOLATED_LINEAR,UNAVAILABLE_OR_NONFINITE_RETAINED,7.197364807128906,7.312082767486572,7.098431587219238,6.274343013763428,
FCWD1:0060,FCWD1,9109003,9.109003,7.63538224470947,EXACT,UNAVAILABLE_OR_NONFINITE_RETAINED,6.326531410217285,6.576598644256592,6.482240676879883,5.483036994934082,
FCWD1:0061,FCWD1,9159055,9.159055,7.512052067370158,INTERPOLATED_LINEAR,UNAVAILABLE_OR_NONFINITE_RETAINED,6.788048267364502,7.081255912780762,6.967617988586426,7.88384485244751,
FCWD1:0062,FCWD1,9209107,9.209107,7.38872189003085,EXACT,UNAVAILABLE_OR_NONFINITE_RETAINED,6.533764362335205,6.589091777801514,6.542335033416748,6.616952419281006,
FCWD1:0063,FCWD1,9259151,9.259151,7.273705483619834,INTERPOLATED_LINEAR,UNAVAILABLE_OR_NONFINITE_RETAINED,6.722686290740967,6.840569019317627,6.8148884773254395,6.530158042907715,
FCWD1:0064,FCWD1,9309203,9.309203,7.15867069076386,EXACT,UNAVAILABLE_OR_NONFINITE_RETAINED,6.400557994842529,6.564423561096191,6.590192794799805,6.106712818145752,
FCWD1:0065,FCWD1,9359255,9.359255,7.029760855418206,INTERPOLATED_LINEAR,UNAVAILABLE_OR_NONFINITE_RETAINED,6.603361129760742,6.692739486694336,6.829736232757568,6.321411609649658,
FCWD1:0066,FCWD1,9409299,9.409299,6.90087162421789,EXACT,UNAVAILABLE_OR_NONFINITE_RETAINED,6.874597549438477,6.866292476654053,6.926559925079346,5.242683410644531,
FCWD1:0067,FCWD1,9459351,9.459351,6.796527259432062,INTERPOLATED_LINEAR,UNAVAILABLE_OR_NONFINITE_RETAINED,6.507783889770508,6.685061931610107,6.643346786499023,5.028614044189453,
FCWD1:0068,FCWD1,9509403,9.509403,6.69218289464623,EXACT,UNAVAILABLE_OR_NONFINITE_RETAINED,6.0172319412231445,6.088490962982178,6.041990280151367,6.256490230560303,
FCWD1:0069,FCWD1,9559447,9.559447,6.600141750467439,INTERPOLATED_LINEAR,UNAVAILABLE_OR_NONFINITE_RETAINED,6.551051139831543,6.5896430015563965,6.506566047668457,5.503469467163086,
FCWD1:0070,FCWD1,9609499,9.609499,6.50808589265358,EXACT,UNAVAILABLE_OR_NONFINITE_RETAINED,6.0075459480285645,6.031957149505615,5.977509498596191,6.36115026473999,
FCWD1:0071,FCWD1,9659551,9.659551,6.405548672864254,INTERPOLATED_LINEAR,UNAVAILABLE_OR_NONFINITE_RETAINED,6.356850624084473,6.3223490715026855,6.217522144317627,7.491969108581543,
FCWD1:0072,FCWD1,9709595,9.709595,6.30302784198563,EXACT,UNAVAILABLE_OR_NONFINITE_RETAINED,6.8673200607299805,6.939202308654785,6.876781940460205,5.917054653167725,
FCWD1:0073,FCWD1,9759647,9.759647,6.207938884037292,INTERPOLATED_LINEAR,UNAVAILABLE_OR_NONFINITE_RETAINED,6.786006927490234,6.701380729675293,6.7157511711120605,7.517516136169434,
FCWD1:0074,FCWD1,9809699,9.809699,6.11284992608895,EXACT,UNAVAILABLE_OR_NONFINITE_RETAINED,5.985811710357666,5.909000396728516,5.745508193969727,5.996660232543945,
FCWD1:0075,FCWD1,9859743,9.859743,6.025356299112974,INTERPOLATED_LINEAR,UNAVAILABLE_OR_NONFINITE_RETAINED,5.11904239654541,5.490530967712402,5.325213432312012,4.579409599304199,
FCWD1:0076,FCWD1,9909795,9.909795,5.93784868546495,EXACT,UNAVAILABLE_OR_NONFINITE_RETAINED,5.615296840667725,5.672894477844238,5.611625671386719,4.843419075012207,
FCWD1:0077,FCWD1,9959847,9.959847,5.839342599024738,INTERPOLATED_LINEAR,UNAVAILABLE_OR_NONFINITE_RETAINED,5.430797576904297,5.2834367752075195,5.499282360076904,5.464001178741455,
FCWD1:0078,FCWD1,10009891,10.009891,5.74085225718397,EXACT,UNAVAILABLE_OR_NONFINITE_RETAINED,5.2725510597229,5.307253360748291,5.353888034820557,5.735192775726318,
FCWD1:0079,FCWD1,10059943,10.059943,5.662271816993134,INTERPOLATED_LINEAR,UNAVAILABLE_OR_NONFINITE_RETAINED,5.7909836769104,5.913425922393799,5.992452144622803,5.513289928436279,
FCWD1:0080,FCWD1,10109995,10.109995,5.5836913768023,EXACT,UNAVAILABLE_OR_NONFINITE_RETAINED,5.212423801422119,5.232223033905029,5.3346099853515625,5.552005290985107,
FCWD1:0081,FCWD1,10160039,10.160039,5.489835439251447,INTERPOLATED_LINEAR,UNAVAILABLE_OR_NONFINITE_RETAINED,5.490506649017334,5.28578519821167,5.510482311248779,6.328899383544922,
FCWD1:0082,FCWD1,10210091,10.210091,5.39596449795388,EXACT,UNAVAILABLE_OR_NONFINITE_RETAINED,6.051418304443359,5.7756571769714355,5.981460094451904,5.730354309082031,
FCWD1:0083,FCWD1,10260144,10.260144,5.314058718911291,INTERPOLATED_LINEAR,UNAVAILABLE_OR_NONFINITE_RETAINED,6.6724853515625,6.541863441467285,6.709179401397705,6.805648326873779,
FCWD1:0084,FCWD1,10310196,10.310196,5.23215457624972,EXACT,UNAVAILABLE_OR_NONFINITE_RETAINED,6.691648483276367,6.742035388946533,6.551727771759033,6.093936443328857,
FCWD1:0085,FCWD1,10360239,10.360239,5.136383676269721,INTERPOLATED_LINEAR,UNAVAILABLE_OR_NONFINITE_RETAINED,5.831238746643066,5.764591693878174,5.965010166168213,6.355343341827393,
FCWD1:0086,FCWD1,10410291,10.410291,5.04059555234032,EXACT,UNAVAILABLE_OR_NONFINITE_RETAINED,6.455556392669678,6.527143478393555,6.495647430419922,5.493288040161133,
FCWD1:0087,FCWD1,10460344,10.460344,4.990296981197205,INTERPOLATED_LINEAR,UNAVAILABLE_OR_NONFINITE_RETAINED,5.766480445861816,5.825003147125244,5.735771656036377,5.278443813323975,
FCWD1:0088,FCWD1,10510387,10.510387,4.94000845911631,EXACT,UNAVAILABLE_OR_NONFINITE_RETAINED,5.1641435623168945,5.2456464767456055,5.386463165283203,5.565376281738281,
FCWD1:0089,FCWD1,10560439,10.560439,4.896003949611688,INTERPOLATED_LINEAR,UNAVAILABLE_OR_NONFINITE_RETAINED,5.122305870056152,5.088768482208252,5.321910381317139,4.861622333526611,
FCWD1:0090,FCWD1,10610492,10.610492,4.85199856093122,EXACT,UNAVAILABLE_OR_NONFINITE_RETAINED,4.774667739868164,4.69069242477417,4.9446330070495605,4.636319160461426,
FCWD1:0091,FCWD1,10660535,10.660535,4.791769487961034,INTERPOLATED_LINEAR,UNAVAILABLE_OR_NONFINITE_RETAINED,5.240432262420654,5.153997421264648,5.375240802764893,5.573455810546875,
FCWD1:0092,FCWD1,10710588,10.710588,4.73152837952675,EXACT,UNAVAILABLE_OR_NONFINITE_RETAINED,4.307557106018066,4.439438819885254,4.5446929931640625,4.570527076721191,
FCWD1:0093,FCWD1,10760640,10.76064,4.6843063545196175,INTERPOLATED_LINEAR,UNAVAILABLE_OR_NONFINITE_RETAINED,4.198062419891357,4.205063819885254,4.378479480743408,3.7755401134490967,
FCWD1:0094,FCWD1,10810683,10.810683,4.63709282064621,EXACT,UNAVAILABLE_OR_NONFINITE_RETAINED,3.8843610286712646,3.8861944675445557,4.0229363441467285,5.566890716552734,
FCWD1:0095,FCWD1,10860736,10.860736,4.590671756188078,INTERPOLATED_LINEAR,UNAVAILABLE_OR_NONFINITE_RETAINED,3.5851552486419678,3.614201545715332,3.7650880813598633,3.7978124618530273,
FCWD1:0096,FCWD1,10910788,10.910788,4.54425161916815,EXACT,UNAVAILABLE_OR_NONFINITE_RETAINED,4.678105354309082,4.617929935455322,4.880550384521484,4.745345592498779,
FCWD1:0097,FCWD1,10960831,10.960831,4.4953682429631,INTERPOLATED_LINEAR,UNAVAILABLE_OR_NONFINITE_RETAINED,4.329431056976318,4.307806015014648,4.5057878494262695,4.150454521179199,
FCWD1:0098,FCWD1,11010883,11.010883,4.44647607531098,EXACT,UNAVAILABLE_OR_NONFINITE_RETAINED,5.054059028625488,5.120874404907227,5.035910129547119,4.334011077880859,
FCWD1:0099,FCWD1,11060936,11.060936,4.401428973287,INTERPOLATED_LINEAR,UNAVAILABLE_OR_NONFINITE_RETAINED,5.9482550621032715,6.182285308837891,5.7812886238098145,53.63560104370117,
FCWD1:0100,FCWD1,11110979,11.110979,4.35639087114355,EXACT,UNAVAILABLE_OR_NONFINITE_RETAINED,4.883395671844482,5.312347888946533,5.4442572593688965,9.606138229370117,
FCWD1:0101,FCWD1,11161032,11.161032,4.310931398306652,INTERPOLATED_LINEAR,UNAVAILABLE_OR_NONFINITE_RETAINED,5.122117519378662,5.619007110595703,5.6717119216918945,4.1975884437561035,
FCWD1:0102,FCWD1,11211084,11.211084,4.26547283369649,EXACT,UNAVAILABLE_OR_NONFINITE_RETAINED,4.124971389770508,4.4141130447387695,4.605769157409668,4.360991954803467,
FCWD1:0103,FCWD1,11261136,11.261136,4.22844148435276,INTERPOLATED_LINEAR,UNAVAILABLE_OR_NONFINITE_RETAINED,5.637062072753906,5.534348964691162,5.902159690856934,4.710081577301025,
FCWD1:0104,FCWD1,11311180,11.31118,4.19141605386931,EXACT,UNAVAILABLE_OR_NONFINITE_RETAINED,5.2625932693481445,5.0550432205200195,5.5574049949646,3.404294967651367,
FCWD1:0105,FCWD1,11361232,11.361232,4.130072979944691,INTERPOLATED_LINEAR,UNAVAILABLE_OR_NONFINITE_RETAINED,4.361459732055664,4.469784259796143,4.66165018081665,4.1147356033325195,
FCWD1:0106,FCWD1,11411284,11.411284,4.06872990602007,EXACT,UNAVAILABLE_OR_NONFINITE_RETAINED,4.330225944519043,4.3727922439575195,4.543431282043457,4.10548210144043,
FCWD1:0107,FCWD1,11461328,11.461328,4.025917591130569,INTERPOLATED_LINEAR,UNAVAILABLE_OR_NONFINITE_RETAINED,3.9850051403045654,4.073028087615967,4.143982887268066,4.742273807525635,
FCWD1:0108,FCWD1,11511380,11.51138,3.98309843229336,EXACT,UNAVAILABLE_OR_NONFINITE_RETAINED,4.338853359222412,4.338623046875,4.533146381378174,3.845480442047119,
FCWD1:0109,FCWD1,11561432,11.561432,3.940427187426735,INTERPOLATED_LINEAR,UNAVAILABLE_OR_NONFINITE_RETAINED,3.949896812438965,3.8811235427856445,3.9660582542419434,4.226808071136475,
FCWD1:0110,FCWD1,11611476,11.611476,3.89776276286617,EXACT,UNAVAILABLE_OR_NONFINITE_RETAINED,3.1642916202545166,3.2308037281036377,3.2887041568756104,4.048604965209961,
FCWD1:0111,FCWD1,11661528,11.661528,3.854733676226499,INTERPOLATED_LINEAR,UNAVAILABLE_OR_NONFINITE_RETAINED,3.10334849357605,3.098886728286743,3.1822926998138428,4.358386516571045,
FCWD1:0112,FCWD1,11711580,11.71158,3.81170458958683,EXACT,UNAVAILABLE_OR_NONFINITE_RETAINED,3.786442518234253,3.624927520751953,3.668992757797241,4.145849227905273,
FCWD1:0113,FCWD1,11761623,11.761623,3.774385448528802,INTERPOLATED_LINEAR,UNAVAILABLE_OR_NONFINITE_RETAINED,3.54660964012146,3.461627960205078,3.544799566268921,4.169329643249512,
FCWD1:0114,FCWD1,11811676,11.811676,3.73705885005594,EXACT,UNAVAILABLE_OR_NONFINITE_RETAINED,3.5131773948669434,3.5087504386901855,3.542031764984131,3.3124477863311768,
FCWD1:0115,FCWD1,11861728,11.861728,3.6894096115059094,INTERPOLATED_LINEAR,UNAVAILABLE_OR_NONFINITE_RETAINED,3.3637502193450928,3.2992756366729736,3.3774917125701904,3.1671319007873535,
FCWD1:0116,FCWD1,11911772,11.911772,3.64176798891345,EXACT,UNAVAILABLE_OR_NONFINITE_RETAINED,3.8538107872009277,3.696213722229004,3.8510804176330566,3.2398204803466797,
FCWD1:0117,FCWD1,11961824,11.961824,3.5987487618224847,INTERPOLATED_LINEAR,UNAVAILABLE_OR_NONFINITE_RETAINED,4.133734226226807,3.9698469638824463,4.111726760864258,2.720566511154175,
FCWD1:0118,FCWD1,12011876,12.011876,3.55572953473152,EXACT,UNAVAILABLE_OR_NONFINITE_RETAINED,3.3180317878723145,3.2933313846588135,3.318845510482788,3.010575771331787,
FCWD1:0119,FCWD1,12061920,12.06192,3.5085140159420627,INTERPOLATED_LINEAR,UNAVAILABLE_OR_NONFINITE_RETAINED,3.2183456420898438,3.166210174560547,3.241704225540161,2.697761297225952,
FCWD1:0120,FCWD1,12111972,12.111972,3.4612909493117,EXACT,UNAVAILABLE_OR_NONFINITE_RETAINED,3.003671169281006,2.9117445945739746,2.9797792434692383,3.044027090072632,
FCWD1:0121,FCWD1,12162024,12.162024,3.418641519974143,INTERPOLATED_LINEAR,UNAVAILABLE_OR_NONFINITE_RETAINED,2.8240795135498047,2.7989959716796875,2.821007251739502,3.7210350036621094,
FCWD1:0122,FCWD1,12212067,12.212067,3.37599975955819,EXACT,UNAVAILABLE_OR_NONFINITE_RETAINED,2.8369264602661133,2.799593687057495,2.841160774230957,2.9484665393829346,
FCWD1:0123,FCWD1,12262120,12.26212,3.3279201312488818,INTERPOLATED_LINEAR,UNAVAILABLE_OR_NONFINITE_RETAINED,2.708001136779785,2.6616055965423584,2.717362880706787,2.6868093013763428,
FCWD1:0124,FCWD1,12312172,12.312172,3.27984146351393,EXACT,UNAVAILABLE_OR_NONFINITE_RETAINED,3.0450191497802734,2.9210307598114014,2.9887232780456543,2.8456168174743652,
FCWD1:0125,FCWD1,12362216,12.362216,3.227575943969431,INTERPOLATED_LINEAR,UNAVAILABLE_OR_NONFINITE_RETAINED,2.9009363651275635,2.8086588382720947,2.8703744411468506,3.2752583026885986,
FCWD1:0126,FCWD1,12412268,12.412268,3.17530206929432,EXACT,UNAVAILABLE_OR_NONFINITE_RETAINED,2.922330379486084,2.8169920444488525,2.8740928173065186,4.0954203605651855,
FCWD1:0127,FCWD1,12462320,12.46232,3.144385678116752,INTERPOLATED_LINEAR,UNAVAILABLE_OR_NONFINITE_RETAINED,3.1189706325531006,2.9811723232269287,3.0408706665039062,3.02467679977417,
FCWD1:0128,FCWD1,12512364,12.512364,3.11347422842263,EXACT,UNAVAILABLE_OR_NONFINITE_RETAINED,3.0841140747070312,2.934067487716675,3.012817621231079,3.1326842308044434,
FCWD1:0129,FCWD1,12562416,12.562416,3.063052796768089,INTERPOLATED_LINEAR,UNAVAILABLE_OR_NONFINITE_RETAINED,2.863128185272217,2.697596549987793,2.8254058361053467,2.7205488681793213,
FCWD1:0130,FCWD1,12612468,12.612468,3.01263136511355,EXACT,UNAVAILABLE_OR_NONFINITE_RETAINED,2.8741228580474854,2.6910736560821533,2.8268935680389404,2.1206326484680176,
FCWD1:0131,FCWD1,12662520,12.66252,2.9618248403098013,INTERPOLATED_LINEAR,UNAVAILABLE_OR_NONFINITE_RETAINED,3.156388998031616,2.951150417327881,3.0684173107147217,2.1312873363494873,
FCWD1:0132,FCWD1,12712564,12.712564,2.9110264361046,EXACT,UNAVAILABLE_OR_NONFINITE_RETAINED,2.927150011062622,2.7903997898101807,2.86537504196167,2.4015963077545166,
FCWD1:0133,FCWD1,12762616,12.762616,2.8527065449503906,INTERPOLATED_LINEAR,UNAVAILABLE_OR_NONFINITE_RETAINED,2.756377696990967,2.6932387351989746,2.7075977325439453,2.82195782661438,
FCWD1:0134,FCWD1,12812669,12.812669,2.79438548861015,EXACT,UNAVAILABLE_OR_NONFINITE_RETAINED,2.8402838706970215,2.7841930389404297,2.7949812412261963,2.874573230743408,
FCWD1:0135,FCWD1,12862712,12.862712,2.743975220423134,INTERPOLATED_LINEAR,UNAVAILABLE_OR_NONFINITE_RETAINED,2.7892870903015137,2.721968650817871,2.7506587505340576,2.552626848220825,
FCWD1:0136,FCWD1,12912764,12.912764,2.69355588618465,EXACT,UNAVAILABLE_OR_NONFINITE_RETAINED,2.761902332305908,2.702742099761963,2.7044143676757812,2.3771607875823975,
FCWD1:0137,FCWD1,12962817,12.962817,2.646571008068877,INTERPOLATED_LINEAR,UNAVAILABLE_OR_NONFINITE_RETAINED,2.771662950515747,2.6567625999450684,2.735969066619873,2.2482964992523193,
FCWD1:0138,FCWD1,13012860,13.01286,2.59959551697848,EXACT,UNAVAILABLE_OR_NONFINITE_RETAINED,2.68888783454895,2.559539318084717,2.656027317047119,2.5482611656188965,
FCWD1:0139,FCWD1,13062912,13.062912,2.5495038548089743,INTERPOLATED_LINEAR,UNAVAILABLE_OR_NONFINITE_RETAINED,2.6162731647491455,2.5090043544769287,2.581700086593628,2.6750667095184326,
FCWD1:0140,FCWD1,13112965,13.112965,2.49941119184705,EXACT,UNAVAILABLE_OR_NONFINITE_RETAINED,2.5340700149536133,2.430654287338257,2.5015270709991455,2.3607637882232666,
FCWD1:0141,FCWD1,13163008,13.163008,2.4580715377452105,INTERPOLATED_LINEAR,UNAVAILABLE_OR_NONFINITE_RETAINED,2.487344264984131,2.403449296951294,2.4438416957855225,2.4224438667297363,
FCWD1:0142,FCWD1,13213061,13.213061,2.41672362281686,EXACT,UNAVAILABLE_OR_NONFINITE_RETAINED,2.4159634113311768,2.3555755615234375,2.3758578300476074,2.321129322052002,
FCWD1:0143,FCWD1,13263113,13.263113,2.371095887057595,INTERPOLATED_LINEAR,UNAVAILABLE_OR_NONFINITE_RETAINED,2.1985809803009033,2.187413215637207,2.192105293273926,2.0262582302093506,
FCWD1:0144,FCWD1,13313156,13.313156,2.32547635575813,EXACT,UNAVAILABLE_OR_NONFINITE_RETAINED,2.180008888244629,2.168778657913208,2.1588943004608154,1.9723514318466187,
FCWD1:0145,FCWD1,13363208,13.363208,2.277804430418825,INTERPOLATED_LINEAR,UNAVAILABLE_OR_NONFINITE_RETAINED,2.253657102584839,2.225356340408325,2.2278499603271484,2.145138740539551,
FCWD1:0146,FCWD1,13413261,13.413261,2.23013155263156,EXACT,UNAVAILABLE_OR_NONFINITE_RETAINED,2.2710938453674316,2.2454793453216553,2.2335493564605713,2.333442211151123,
FCWD1:0147,FCWD1,13463304,13.463304,2.1864116695595297,INTERPOLATED_LINEAR,UNAVAILABLE_OR_NONFINITE_RETAINED,2.3739593029022217,2.3128609657287598,2.319978952407837,2.141554594039917,
FCWD1:0148,FCWD1,13513356,13.513356,2.14268392367057,EXACT,UNAVAILABLE_OR_NONFINITE_RETAINED,2.2350897789001465,2.1806464195251465,2.2081501483917236,1.9171288013458252,
FCWD1:0149,FCWD1,13563409,13.563409,2.092352333965249,INTERPOLATED_LINEAR,UNAVAILABLE_OR_NONFINITE_RETAINED,2.1089909076690674,2.0752856731414795,2.099818468093872,1.7982763051986694,
FCWD1:0150,FCWD1,13613452,13.613452,2.04203079991887,EXACT,UNAVAILABLE_OR_NONFINITE_RETAINED,2.0689663887023926,2.031789779663086,2.0592539310455322,1.9114367961883545,
FCWD1:0151,FCWD1,13663504,13.663504,1.9859584587957952,INTERPOLATED_LINEAR,UNAVAILABLE_OR_NONFINITE_RETAINED,2.040530204772949,1.995640516281128,2.0111539363861084,1.9716607332229614,
FCWD1:0152,FCWD1,13713557,13.713557,1.92988499739099,EXACT,UNAVAILABLE_OR_NONFINITE_RETAINED,2.0663256645202637,2.0164639949798584,2.0279605388641357,1.9357068538665771,
FCWD1:0153,FCWD1,13763609,13.763609,1.8847714213116455,INTERPOLATED_LINEAR,UNAVAILABLE_OR_NONFINITE_RETAINED,2.132760524749756,2.0743086338043213,2.084240674972534,1.886460304260254,
FCWD1:0154,FCWD1,13813652,13.813652,1.83966595723951,EXACT,UNAVAILABLE_OR_NONFINITE_RETAINED,2.0604546070098877,1.999835729598999,2.0199339389801025,2.0059897899627686,
FCWD1:0155,FCWD1,13863705,13.863705,1.7930748173258444,INTERPOLATED_LINEAR,UNAVAILABLE_OR_NONFINITE_RETAINED,1.9963548183441162,1.9366340637207031,1.9493408203125,1.6756991147994995,
FCWD1:0156,FCWD1,13913757,13.913757,1.74648460824829,EXACT,UNAVAILABLE_OR_NONFINITE_RETAINED,1.9688124656677246,1.9094997644424438,1.9152412414550781,1.6055597066879272,
FCWD1:0157,FCWD1,13963800,13.9638,1.706407661750213,INTERPOLATED_LINEAR,UNAVAILABLE_OR_NONFINITE_RETAINED,1.8942941427230835,1.8455244302749634,1.8501545190811157,1.6324775218963623,
FCWD1:0158,FCWD1,14013853,14.013853,1.66632270675015,EXACT,UNAVAILABLE_OR_NONFINITE_RETAINED,1.8716363906860352,1.8232966661453247,1.8290584087371826,1.4728070497512817,
FCWD1:0159,FCWD1,14063905,14.063905,1.6280892723084766,INTERPOLATED_LINEAR,UNAVAILABLE_OR_NONFINITE_RETAINED,1.838894009590149,1.7797547578811646,1.7803688049316406,1.4032384157180786,
FCWD1:0160,FCWD1,14113948,14.113948,1.58986271273514,EXACT,UNAVAILABLE_OR_NONFINITE_RETAINED,1.7760460376739502,1.7095284461975098,1.701598048210144,1.5793665647506714,
FCWD1:0161,FCWD1,14164001,14.164001,1.5478356171964747,INTERPOLATED_LINEAR,UNAVAILABLE_OR_NONFINITE_RETAINED,1.75947105884552,1.6853615045547485,1.6773977279663086,1.6395864486694336,
FCWD1:0162,FCWD1,14214053,14.214053,1.50580936130969,EXACT,UNAVAILABLE_OR_NONFINITE_RETAINED,1.8044458627700806,1.7315274477005005,1.7239347696304321,1.4597997665405273,
FCWD1:0163,FCWD1,14264096,14.264096,1.470363454151092,INTERPOLATED_LINEAR,UNAVAILABLE_OR_NONFINITE_RETAINED,1.7964669466018677,1.723999261856079,1.7103791236877441,1.379357099533081,
FCWD1:0164,FCWD1,14314149,14.314149,1.43491046390252,EXACT,UNAVAILABLE_OR_NONFINITE_RETAINED,1.715712070465088,1.6395304203033447,1.618985891342163,1.4010376930236816,
FCWD1:0165,FCWD1,14364201,14.364201,1.4050404609865943,INTERPOLATED_LINEAR,UNAVAILABLE_OR_NONFINITE_RETAINED,1.7100743055343628,1.6360877752304077,1.6204471588134766,1.37923002243042,
FCWD1:0166,FCWD1,14414245,14.414245,1.37517523230593,EXACT,UNAVAILABLE_OR_NONFINITE_RETAINED,1.6868780851364136,1.6252598762512207,1.604485034942627,1.380144476890564,
FCWD1:0167,FCWD1,14464297,14.464297,1.3527147878320047,INTERPOLATED_LINEAR,UNAVAILABLE_OR_NONFINITE_RETAINED,1.699933648109436,1.6281636953353882,1.6133373975753784,1.2910586595535278,
FCWD1:0168,FCWD1,14514349,14.514349,1.33025434335808,EXACT,UNAVAILABLE_OR_NONFINITE_RETAINED,1.739000916481018,1.6628780364990234,1.657139539718628,1.2705334424972534,
FCWD1:0169,FCWD1,14564393,14.564393,1.3115864145473528,INTERPOLATED_LINEAR,UNAVAILABLE_OR_NONFINITE_RETAINED,1.815953016281128,1.7287009954452515,1.7240458726882935,1.33072030544281,
FCWD1:0170,FCWD1,14614445,14.614445,1.29291550149415,EXACT,UNAVAILABLE_OR_NONFINITE_RETAINED,1.807043194770813,1.7227879762649536,1.7150959968566895,1.4803404808044434,
FCWD1:0171,FCWD1,14664497,14.664497,1.2779597655302806,INTERPOLATED_LINEAR,UNAVAILABLE_OR_NONFINITE_RETAINED,1.848936676979065,1.7757811546325684,1.7697030305862427,1.3784345388412476,
FCWD1:0172,FCWD1,14714540,14.71454,1.26300671880208,EXACT,UNAVAILABLE_OR_NONFINITE_RETAINED,1.9251925945281982,1.8638495206832886,1.8608289957046509,1.4818466901779175,
FCWD1:0173,FCWD1,14764593,14.764593,1.245921677921751,INTERPOLATED_LINEAR,UNAVAILABLE_OR_NONFINITE_RETAINED,1.9311412572860718,1.8768784999847412,1.8782520294189453,1.3719778060913086,
FCWD1:0174,FCWD1,14814645,14.814645,1.22883697838042,EXACT,UNAVAILABLE_OR_NONFINITE_RETAINED,1.938657283782959,1.8527662754058838,1.8508203029632568,1.301449179649353,
FCWD1:0175,FCWD1,14864698,14.864698,1.2178929002381045,INTERPOLATED_LINEAR,UNAVAILABLE_OR_NONFINITE_RETAINED,2.0383377075195312,1.926682710647583,1.9179348945617676,1.837294340133667,
FCWD1:0176,FCWD1,14914741,14.914741,1.20695100859373,EXACT,UNAVAILABLE_OR_NONFINITE_RETAINED,2.209625244140625,2.1126110553741455,2.098822593688965,1.7346242666244507,
FCWD1:0177,FCWD1,14964793,14.964793,1.201945569438044,INTERPOLATED_LINEAR,UNAVAILABLE_OR_NONFINITE_RETAINED,2.1300060749053955,2.0674002170562744,2.0679943561553955,1.6865880489349365,
FCWD1:0178,FCWD1,15014846,15.014846,1.19694003027758,EXACT,UNAVAILABLE_OR_NONFINITE_RETAINED,2.287902355194092,2.2275757789611816,2.237182855606079,1.7152740955352783,
FCWD1:0179,FCWD1,15064889,15.064889,1.2003662665497734,INTERPOLATED_LINEAR,UNAVAILABLE_OR_NONFINITE_RETAINED,2.5044431686401367,2.3892221450805664,2.4505255222320557,1.5058742761611938,
FCWD1:0180,FCWD1,15114941,15.114941,1.20379311901457,EXACT,UNAVAILABLE_OR_NONFINITE_RETAINED,2.511270523071289,2.4068570137023926,2.4098353385925293,1.2955188751220703,
FCWD1:0181,FCWD1,15164993,15.164993,1.2070136257533615,INTERPOLATED_LINEAR,UNAVAILABLE_OR_NONFINITE_RETAINED,2.600045680999756,2.522777795791626,2.484380006790161,1.2684911489486694,
FCWD1:0182,FCWD1,15215037,15.215037,1.21023361774641,EXACT,UNAVAILABLE_OR_NONFINITE_RETAINED,2.4958853721618652,2.4222826957702637,2.448042392730713,1.2709848880767822,
FCWD1:0183,FCWD1,15265089,15.265089,1.2194247105818896,INTERPOLATED_LINEAR,UNAVAILABLE_OR_NONFINITE_RETAINED,2.242042064666748,2.190539598464966,2.2016851902008057,1.2925018072128296,
FCWD1:0184,FCWD1,15315142,15.315142,1.22861598704825,EXACT,UNAVAILABLE_OR_NONFINITE_RETAINED,2.6477982997894287,2.587432622909546,2.577218770980835,1.570801854133606,
FCWD1:0185,FCWD1,15365185,15.365185,1.2565043580932815,INTERPOLATED_LINEAR,UNAVAILABLE_OR_NONFINITE_RETAINED,2.544318914413452,2.5040524005889893,2.459737539291382,1.5947999954223633,
FCWD1:0186,FCWD1,15415237,15.415237,1.28439774473169,EXACT,UNAVAILABLE_OR_NONFINITE_RETAINED,2.174419403076172,2.1252760887145996,2.124490737915039,1.3506790399551392,
FCWD1:0187,FCWD1,15465290,15.46529,1.3287510437720724,INTERPOLATED_LINEAR,UNAVAILABLE_OR_NONFINITE_RETAINED,2.603074073791504,2.530906915664673,2.5415165424346924,1.4753520488739014,
FCWD1:0188,FCWD1,15515333,15.515333,1.37309548154559,EXACT,UNAVAILABLE_OR_NONFINITE_RETAINED,2.920442581176758,2.7820825576782227,2.826512336730957,1.9075249433517456,
FCWD1:0189,FCWD1,15565385,15.565385,1.4537129730780136,INTERPOLATED_LINEAR,UNAVAILABLE_OR_NONFINITE_RETAINED,2.8894569873809814,2.7676236629486084,2.761831760406494,2.6341333389282227,
FCWD1:0190,FCWD1,15615437,15.615437,1.53433046461044,EXACT,UNAVAILABLE_OR_NONFINITE_RETAINED,2.925226926803589,2.8439648151397705,2.8478095531463623,2.8810198307037354,
FCWD1:0191,FCWD1,15665481,15.665481,1.6723005738845773,INTERPOLATED_LINEAR,UNAVAILABLE_OR_NONFINITE_RETAINED,3.294261932373047,3.1950762271881104,3.1721343994140625,2.2694547176361084,
FCWD1:0192,FCWD1,15715533,15.715533,1.81029273896709,EXACT,UNAVAILABLE_OR_NONFINITE_RETAINED,4.481097221374512,4.202530860900879,4.23045539855957,2.7692348957061768,
FCWD1:0193,FCWD1,15765586,15.765586,2.0117235199738643,INTERPOLATED_LINEAR,UNAVAILABLE_OR_NONFINITE_RETAINED,5.125784397125244,4.745415210723877,4.856814384460449,2.990036725997925,
FCWD1:0194,FCWD1,15815629,15.815629,2.21311405748254,EXACT,UNAVAILABLE_OR_NONFINITE_RETAINED,5.367177963256836,5.051315784454346,5.181070804595947,3.349447727203369,
FCWD1:0195,FCWD1,15865681,15.865681,2.591119217817779,INTERPOLATED_LINEAR,UNAVAILABLE_OR_NONFINITE_RETAINED,6.27253532409668,5.838977336883545,6.030211925506592,2.7590746879577637,
FCWD1:0196,FCWD1,15915734,15.915734,2.96913193040188,EXACT,UNAVAILABLE_OR_NONFINITE_RETAINED,6.188461780548096,5.889997959136963,6.127107620239258,4.550234794616699,
FCWD1:0197,FCWD1,15965777,15.965777,3.9252748034398346,INTERPOLATED_LINEAR,UNAVAILABLE_OR_NONFINITE_RETAINED,6.864446640014648,6.488129615783691,6.728409767150879,3.638512134552002,
FCWD1:0198,FCWD1,16015829,16.015829,4.88158963431124,EXACT,UNAVAILABLE_OR_NONFINITE_RETAINED,8.72289752960205,7.682994842529297,8.274538040161133,5.710751056671143,
FCWD1:0199,FCWD1,16065882,16.065882,9.25766324520781,INTERPOLATED_LINEAR,UNAVAILABLE_OR_NONFINITE_RETAINED,9.951143264770508,8.738969802856445,9.289012908935547,6.3057780265808105,
FCWD1:0200,FCWD1,16115925,16.115925,13.6328625681278,EXACT,UNAVAILABLE_OR_NONFINITE_RETAINED,10.41926383972168,9.68503189086914,9.9976224899292,4.8375115394592285,
FCWD1:0201,FCWD1,16165977,16.165977,,OUTSIDE_MEASURED_GT_SUPPORT,UNAVAILABLE_OR_NONFINITE_RETAINED,8.2221040725708,8.041779518127441,8.111628532409668,5.766436576843262,
FCWD1:0202,FCWD1,16216030,16.21603,,OUTSIDE_MEASURED_GT_SUPPORT,UNAVAILABLE_OR_NONFINITE_RETAINED,7.38617467880249,7.153061389923096,7.253060817718506,4.972235202789307,
FCWD1:0203,FCWD1,16266082,16.266082,,OUTSIDE_MEASURED_GT_SUPPORT,UNAVAILABLE_OR_NONFINITE_RETAINED,7.532316207885742,7.524575233459473,7.551750183105469,7.773743629455566,
FCWD1:0204,FCWD1,16316125,16.316125,,OUTSIDE_MEASURED_GT_SUPPORT,UNAVAILABLE_OR_NONFINITE_RETAINED,7.105726718902588,7.342347145080566,7.2498369216918945,5.166226387023926,
FCWD1:0205,FCWD1,16366178,16.366178,,OUTSIDE_MEASURED_GT_SUPPORT,UNAVAILABLE_OR_NONFINITE_RETAINED,7.228994369506836,7.816496849060059,8.18635368347168,3.8522441387176514,
FCWD1:0206,FCWD1,16416230,16.41623,,OUTSIDE_MEASURED_GT_SUPPORT,UNAVAILABLE_OR_NONFINITE_RETAINED,3.0621497631073,3.201942205429077,3.253117084503174,3.915318012237549,
FCWD1:0207,FCWD1,16466273,16.466273,,OUTSIDE_MEASURED_GT_SUPPORT,UNAVAILABLE_OR_NONFINITE_RETAINED,2.6958518028259277,2.708409070968628,2.8217151165008545,6.708015441894531,
FCWD1:0208,FCWD1,16516326,16.516326,,OUTSIDE_MEASURED_GT_SUPPORT,UNAVAILABLE_OR_NONFINITE_RETAINED,2.503070592880249,2.4440298080444336,2.5492002964019775,4.159736633300781,
FCWD1:0209,FCWD1,16566378,16.566378,,OUTSIDE_MEASURED_GT_SUPPORT,UNAVAILABLE_OR_NONFINITE_RETAINED,3.181732177734375,3.0644495487213135,3.1011128425598145,3.3093831539154053,
FCWD1:0210,FCWD1,16616421,16.616421,,OUTSIDE_MEASURED_GT_SUPPORT,UNAVAILABLE_OR_NONFINITE_RETAINED,11.00430679321289,7.034646034240723,6.866883277893066,4.992223739624023,
FCWD1:0211,FCWD1,16666474,16.666474,,OUTSIDE_MEASURED_GT_SUPPORT,UNAVAILABLE_OR_NONFINITE_RETAINED,11.957569122314453,7.2764458656311035,7.473745822906494,6.570359706878662,
FCWD1:0212,FCWD1,16716526,16.716526,,OUTSIDE_MEASURED_GT_SUPPORT,UNAVAILABLE_OR_NONFINITE_RETAINED,12.460928916931152,8.037906646728516,10.058731079101562,9.228950500488281,
FCWD1:0213,FCWD1,16766569,16.766569,,OUTSIDE_MEASURED_GT_SUPPORT,UNAVAILABLE_OR_NONFINITE_RETAINED,18.123271942138672,9.028848648071289,16.7823543548584,7.813059329986572,
FCWD2:0000,FCWD2,4304250,4.30425,16.473274054659676,INTERPOLATED_LINEAR,UNAVAILABLE_OR_NONFINITE_RETAINED,6.556779861450195,7.799617767333984,7.927021503448486,29.0736083984375,
FCWD2:0001,FCWD2,4354302,4.354302,16.0773303107143,EXACT,UNAVAILABLE_OR_NONFINITE_RETAINED,7.006577491760254,7.614092826843262,8.558737754821777,7.075978755950928,
FCWD2:0002,FCWD2,4404355,4.404355,15.74679360920229,INTERPOLATED_LINEAR,UNAVAILABLE_OR_NONFINITE_RETAINED,6.888986587524414,8.710874557495117,8.923053741455078,7.742925643920898,
FCWD2:0003,FCWD2,4454398,4.454398,15.416322945031,EXACT,UNAVAILABLE_OR_NONFINITE_RETAINED,7.2253851890563965,8.369180679321289,9.029809951782227,7.663873672485352,
FCWD2:0004,FCWD2,4504450,4.50445,15.053386709234694,INTERPOLATED_LINEAR,UNAVAILABLE_OR_NONFINITE_RETAINED,8.431869506835938,9.831769943237305,10.061314582824707,7.2482733726501465,
FCWD2:0005,FCWD2,4554503,4.554503,14.6904432222549,EXACT,UNAVAILABLE_OR_NONFINITE_RETAINED,8.4403715133667,9.064891815185547,8.926292419433594,6.734511375427246,
FCWD2:0006,FCWD2,4604546,4.604546,14.426590822343584,INTERPOLATED_LINEAR,UNAVAILABLE_OR_NONFINITE_RETAINED,8.482783317565918,9.39087200164795,9.04794979095459,7.206522464752197,
FCWD2:0007,FCWD2,4654599,4.654599,14.1626856972959,EXACT,UNAVAILABLE_OR_NONFINITE_RETAINED,7.737583160400391,9.104066848754883,9.608092308044434,6.81134033203125,
FCWD2:0008,FCWD2,4704651,4.704651,13.987266486582365,INTERPOLATED_LINEAR,UNAVAILABLE_OR_NONFINITE_RETAINED,7.084026336669922,8.419130325317383,9.353998184204102,6.768855094909668,
FCWD2:0009,FCWD2,4754694,4.754694,13.8118788185224,EXACT,UNAVAILABLE_OR_NONFINITE_RETAINED,7.277834892272949,7.778744697570801,8.469901084899902,8.343884468078613,
FCWD2:0010,FCWD2,4804747,4.804747,13.658838134374973,INTERPOLATED_LINEAR,UNAVAILABLE_OR_NONFINITE_RETAINED,8.389225959777832,9.092911720275879,9.067570686340332,6.894642353057861,
FCWD2:0011,FCWD2,4854799,4.854799,13.5058005078002,EXACT,UNAVAILABLE_OR_NONFINITE_RETAINED,7.558865547180176,7.882762432098389,8.043025016784668,7.190430641174316,
FCWD2:0012,FCWD2,4904842,4.904842,13.249651612377013,INTERPOLATED_LINEAR,UNAVAILABLE_OR_NONFINITE_RETAINED,8.261947631835938,8.786553382873535,8.5755615234375,7.410005569458008,
FCWD2:0013,FCWD2,4954895,4.954895,12.9934515311945,EXACT,UNAVAILABLE_OR_NONFINITE_RETAINED,8.490354537963867,9.14699935913086,8.636151313781738,7.879771709442139,
FCWD2:0014,FCWD2,5004947,5.004947,12.7783195716197,INTERPOLATED_LINEAR,UNAVAILABLE_OR_NONFINITE_RETAINED,8.939351081848145,9.678986549377441,8.699326515197754,6.99120569229126,
FCWD2:0015,FCWD2,5054999,5.054999,12.5631876120449,EXACT,UNAVAILABLE_OR_NONFINITE_RETAINED,8.579174995422363,9.284621238708496,8.551335334777832,6.930414199829102,
FCWD2:0016,FCWD2,5105043,5.105043,12.31997225080794,INTERPOLATED_LINEAR,UNAVAILABLE_OR_NONFINITE_RETAINED,8.83655834197998,9.491671562194824,9.013635635375977,6.987449645996094,
FCWD2:0017,FCWD2,5155095,5.155095,12.0767180093278,EXACT,UNAVAILABLE_OR_NONFINITE_RETAINED,8.032421112060547,8.27835464477539,8.451356887817383,6.803661346435547,
FCWD2:0018,FCWD2,5205148,5.205148,11.876870187411345,INTERPOLATED_LINEAR,UNAVAILABLE_OR_NONFINITE_RETAINED,8.684117317199707,9.15009593963623,8.804247856140137,7.223245620727539,
FCWD2:0019,FCWD2,5255191,5.255191,11.6770622927364,EXACT,UNAVAILABLE_OR_NONFINITE_RETAINED,8.127135276794434,8.630254745483398,8.319592475891113,6.807470798492432,
FCWD2:0020,FCWD2,5305243,5.305243,11.509037248749099,INTERPOLATED_LINEAR,UNAVAILABLE_OR_NONFINITE_RETAINED,8.18678092956543,8.565085411071777,8.237189292907715,7.154310703277588,
FCWD2:0021,FCWD2,5355295,5.355295,11.3410122047618,EXACT,UNAVAILABLE_OR_NONFINITE_RETAINED,7.205945014953613,7.6511335372924805,7.528838157653809,6.229426383972168,
FCWD2:0022,FCWD2,5405339,5.405339,11.219713112439738,INTERPOLATED_LINEAR,UNAVAILABLE_OR_NONFINITE_RETAINED,7.184719562530518,7.5858917236328125,7.549278259277344,6.510847091674805,
FCWD2:0023,FCWD2,5455391,5.455391,11.0983946293268,EXACT,UNAVAILABLE_OR_NONFINITE_RETAINED,7.678711891174316,8.091878890991211,7.86944055557251,6.800985813140869,
FCWD2:0024,FCWD2,5505443,5.505443,10.973331728932243,INTERPOLATED_LINEAR,UNAVAILABLE_OR_NONFINITE_RETAINED,7.836698532104492,8.068840026855469,7.9847283363342285,6.367886543273926,
FCWD2:0025,FCWD2,5555487,5.555487,10.8482888178129,EXACT,UNAVAILABLE_OR_NONFINITE_RETAINED,7.699096202850342,7.755423069000244,7.908602237701416,6.678083896636963,
FCWD2:0026,FCWD2,5605539,5.605539,10.709348708484418,INTERPOLATED_LINEAR,UNAVAILABLE_OR_NONFINITE_RETAINED,7.320026874542236,7.241400241851807,7.737958908081055,6.706996440887451,
FCWD2:0027,FCWD2,5655592,5.655592,10.5704058232407,EXACT,UNAVAILABLE_OR_NONFINITE_RETAINED,7.619677543640137,7.583596229553223,8.116828918457031,7.286046981811523,
FCWD2:0028,FCWD2,5705635,5.705635,10.45250040481442,INTERPOLATED_LINEAR,UNAVAILABLE_OR_NONFINITE_RETAINED,7.111043930053711,7.118596076965332,7.562470436096191,5.80183219909668,
FCWD2:0029,FCWD2,5755687,5.755687,10.3345737816489,EXACT,UNAVAILABLE_OR_NONFINITE_RETAINED,7.25705623626709,7.454275131225586,7.866826057434082,7.62185001373291,
FCWD2:0030,FCWD2,5805740,5.80574,10.205395695009663,INTERPOLATED_LINEAR,UNAVAILABLE_OR_NONFINITE_RETAINED,7.274816513061523,7.616934299468994,7.789463996887207,6.769892692565918,
FCWD2:0031,FCWD2,5855783,5.855783,10.076243416631,EXACT,UNAVAILABLE_OR_NONFINITE_RETAINED,7.823967933654785,8.044755935668945,8.164183616638184,5.772626876831055,
FCWD2:0032,FCWD2,5905835,5.905835,9.959921943845197,INTERPOLATED_LINEAR,UNAVAILABLE_OR_NONFINITE_RETAINED,7.762482166290283,7.9141926765441895,8.054140090942383,6.516916751861572,
FCWD2:0033,FCWD2,5955888,5.955888,9.84359814704691,EXACT,UNAVAILABLE_OR_NONFINITE_RETAINED,7.315826416015625,7.384093284606934,7.573128700256348,5.984595775604248,
FCWD2:0034,FCWD2,6005940,6.00594,9.703947403704738,INTERPOLATED_LINEAR,UNAVAILABLE_OR_NONFINITE_RETAINED,7.710389614105225,7.611512660980225,7.730912208557129,6.076565742492676,
FCWD2:0035,FCWD2,6055984,6.055984,9.56431898126776,EXACT,UNAVAILABLE_OR_NONFINITE_RETAINED,7.722348690032959,7.687287330627441,7.750992774963379,6.590853691101074,
FCWD2:0036,FCWD2,6106036,6.106036,9.420547494119996,INTERPOLATED_LINEAR,UNAVAILABLE_OR_NONFINITE_RETAINED,7.623489856719971,7.586195945739746,7.846281051635742,6.115438461303711,
FCWD2:0037,FCWD2,6156088,6.156088,9.27677600697223,EXACT,UNAVAILABLE_OR_NONFINITE_RETAINED,7.244459629058838,7.208085060119629,7.367547035217285,7.278239727020264,
FCWD2:0038,FCWD2,6206132,6.206132,9.155873852953093,INTERPOLATED_LINEAR,UNAVAILABLE_OR_NONFINITE_RETAINED,7.599944591522217,7.70339298248291,7.851523399353027,6.973016262054443,
FCWD2:0039,FCWD2,6256184,6.256184,9.03495237159737,EXACT,UNAVAILABLE_OR_NONFINITE_RETAINED,7.535101413726807,7.633682727813721,7.7041802406311035,6.857051372528076,
FCWD2:0040,FCWD2,6306236,6.306236,8.913546632148782,INTERPOLATED_LINEAR,UNAVAILABLE_OR_NONFINITE_RETAINED,7.954219341278076,7.892928123474121,7.833160400390625,6.907132148742676,
FCWD2:0041,FCWD2,6356280,6.35628,8.79216029743758,EXACT,UNAVAILABLE_OR_NONFINITE_RETAINED,7.30084753036499,7.334931373596191,7.418618202209473,7.52587890625,
FCWD2:0042,FCWD2,6406332,6.406332,8.66089721944899,INTERPOLATED_LINEAR,UNAVAILABLE_OR_NONFINITE_RETAINED,7.573193073272705,8.203588485717773,8.107324600219727,6.410564422607422,
FCWD2:0043,FCWD2,6456384,6.456384,8.5296341414604,EXACT,UNAVAILABLE_OR_NONFINITE_RETAINED,7.471656322479248,8.241657257080078,7.956293106079102,7.070700168609619,
FCWD2:0044,FCWD2,6506428,6.506428,8.432776653794182,INTERPOLATED_LINEAR,UNAVAILABLE_OR_NONFINITE_RETAINED,8.052806854248047,8.97569465637207,8.467387199401855,6.653242588043213,
FCWD2:0045,FCWD2,6556480,6.55648,8.33590368255548,EXACT,UNAVAILABLE_OR_NONFINITE_RETAINED,7.190799713134766,7.8367919921875,7.318770408630371,6.319149971008301,
FCWD2:0046,FCWD2,6606533,6.606533,8.26377061226357,INTERPOLATED_LINEAR,UNAVAILABLE_OR_NONFINITE_RETAINED,6.222690105438232,6.578911304473877,6.357226848602295,6.771969795227051,
FCWD2:0047,FCWD2,6656576,6.656576,8.1916519533097,EXACT,UNAVAILABLE_OR_NONFINITE_RETAINED,5.965031623840332,6.214821815490723,6.253262519836426,6.611007213592529,
FCWD2:0048,FCWD2,6706628,6.706628,8.044460190086799,INTERPOLATED_LINEAR,UNAVAILABLE_OR_NONFINITE_RETAINED,6.216268062591553,6.573256969451904,6.425831317901611,7.325367450714111,
FCWD2:0049,FCWD2,6756681,6.756681,7.89726548608704,EXACT,UNAVAILABLE_OR_NONFINITE_RETAINED,5.758134365081787,5.802208423614502,5.867208480834961,4.6288743019104,
FCWD2:0050,FCWD2,6806724,6.806724,7.809318357952804,INTERPOLATED_LINEAR,UNAVAILABLE_OR_NONFINITE_RETAINED,6.164663314819336,6.318450450897217,6.144664764404297,5.596192359924316,
FCWD2:0051,FCWD2,6856776,6.856776,7.72135541293802,EXACT,UNAVAILABLE_OR_NONFINITE_RETAINED,6.01278829574585,6.12290620803833,6.088832378387451,6.716985702514648,
FCWD2:0052,FCWD2,6906829,6.906829,7.640794353748335,INTERPOLATED_LINEAR,UNAVAILABLE_OR_NONFINITE_RETAINED,6.808970928192139,7.187678337097168,7.146996021270752,6.10355806350708,
FCWD2:0053,FCWD2,6956872,6.956872,7.56024938970963,EXACT,UNAVAILABLE_OR_NONFINITE_RETAINED,5.907557964324951,5.954277038574219,5.891833782196045,6.758248329162598,
FCWD2:0054,FCWD2,7006924,7.006924,7.45674311455031,INTERPOLATED_LINEAR,UNAVAILABLE_OR_NONFINITE_RETAINED,6.950117588043213,6.901448726654053,7.1415696144104,5.018941402435303,
FCWD2:0055,FCWD2,7056977,7.056977,7.35323477141618,EXACT,UNAVAILABLE_OR_NONFINITE_RETAINED,6.396669387817383,6.529656410217285,6.596776485443115,6.824500560760498,
FCWD2:0056,FCWD2,7107020,7.10702,7.261458309093372,INTERPOLATED_LINEAR,UNAVAILABLE_OR_NONFINITE_RETAINED,6.306370735168457,6.1982502937316895,6.465022087097168,7.250560283660889,
FCWD2:0057,FCWD2,7157073,7.157073,7.16966350725009,EXACT,UNAVAILABLE_OR_NONFINITE_RETAINED,6.576724052429199,6.7687153816223145,6.6518659591674805,6.949044227600098,
FCWD2:0058,FCWD2,7207125,7.207125,7.068988068301506,INTERPOLATED_LINEAR,UNAVAILABLE_OR_NONFINITE_RETAINED,7.47312593460083,7.612586498260498,7.493931770324707,6.738920211791992,
FCWD2:0059,FCWD2,7257168,7.257168,6.96833073210507,EXACT,UNAVAILABLE_OR_NONFINITE_RETAINED,7.176663875579834,7.589036464691162,7.376914024353027,5.928324222564697,
FCWD2:0060,FCWD2,7307220,7.30722,6.88316710546112,INTERPOLATED_LINEAR,UNAVAILABLE_OR_NONFINITE_RETAINED,6.985041618347168,7.316455364227295,7.1919403076171875,6.250033855438232,
FCWD2:0061,FCWD2,7357273,7.357273,6.7980017773142,EXACT,UNAVAILABLE_OR_NONFINITE_RETAINED,6.857115745544434,7.194799900054932,6.982071399688721,5.9684157371521,
FCWD2:0062,FCWD2,7407316,7.407316,6.7078315444510945,INTERPOLATED_LINEAR,UNAVAILABLE_OR_NONFINITE_RETAINED,6.393226146697998,6.3101959228515625,6.253836154937744,6.976698875427246,
FCWD2:0063,FCWD2,7457369,7.457369,6.61764329303737,EXACT,UNAVAILABLE_OR_NONFINITE_RETAINED,7.292215347290039,7.0545430183410645,6.986975193023682,7.106942176818848,
FCWD2:0064,FCWD2,7507421,7.507421,6.54894527196863,INTERPOLATED_LINEAR,UNAVAILABLE_OR_NONFINITE_RETAINED,7.250543594360352,7.363369464874268,7.310125827789307,6.453420639038086,
FCWD2:0065,FCWD2,7557473,7.557473,6.48024725089989,EXACT,UNAVAILABLE_OR_NONFINITE_RETAINED,6.669830799102783,6.535698413848877,6.737852096557617,5.887279510498047,
FCWD2:0066,FCWD2,7607517,7.607517,6.394667961594155,INTERPOLATED_LINEAR,UNAVAILABLE_OR_NONFINITE_RETAINED,7.283956050872803,7.199311256408691,7.44246244430542,4.301883220672607,
FCWD2:0067,FCWD2,7657569,7.657569,6.3090749916411,EXACT,UNAVAILABLE_OR_NONFINITE_RETAINED,6.803371906280518,6.9832940101623535,7.131758689880371,5.693850994110107,
FCWD2:0068,FCWD2,7707621,7.707621,6.216749674248735,INTERPOLATED_LINEAR,UNAVAILABLE_OR_NONFINITE_RETAINED,7.159745693206787,7.315919399261475,7.3407087326049805,5.654453754425049,
FCWD2:0069,FCWD2,7757665,7.757665,6.12443911356018,EXACT,UNAVAILABLE_OR_NONFINITE_RETAINED,7.327181339263916,7.4607110023498535,7.415099143981934,4.916328430175781,
FCWD2:0070,FCWD2,7807717,7.807717,6.036565423971945,INTERPOLATED_LINEAR,UNAVAILABLE_OR_NONFINITE_RETAINED,6.340941905975342,6.420390605926514,6.501123905181885,5.786444187164307,
FCWD2:0071,FCWD2,7857769,7.857769,5.94869173438371,EXACT,UNAVAILABLE_OR_NONFINITE_RETAINED,6.614076614379883,6.696138858795166,6.6498565673828125,5.1348557472229,
FCWD2:0072,FCWD2,7907813,7.907813,5.902780420981193,INTERPOLATED_LINEAR,UNAVAILABLE_OR_NONFINITE_RETAINED,6.873803615570068,7.0294647216796875,6.803620338439941,5.366013526916504,
FCWD2:0073,FCWD2,7957865,7.957865,5.85686176822716,EXACT,UNAVAILABLE_OR_NONFINITE_RETAINED,5.988636016845703,6.23084020614624,6.156476020812988,5.544464111328125,
FCWD2:0074,FCWD2,8007917,8.007917,5.8070150068420805,INTERPOLATED_LINEAR,UNAVAILABLE_OR_NONFINITE_RETAINED,5.842799186706543,6.1748247146606445,6.153880596160889,5.477684497833252,
FCWD2:0075,FCWD2,8057961,8.057961,5.75717621265294,EXACT,UNAVAILABLE_OR_NONFINITE_RETAINED,5.580257892608643,5.702065944671631,5.797263145446777,5.631185531616211,
FCWD2:0076,FCWD2,8108013,8.108013,5.7078984059993,INTERPOLATED_LINEAR,UNAVAILABLE_OR_NONFINITE_RETAINED,4.99149751663208,5.026920795440674,5.158005714416504,4.894299030303955,
FCWD2:0077,FCWD2,8158066,8.158066,5.65861961481344,EXACT,UNAVAILABLE_OR_NONFINITE_RETAINED,4.923984527587891,4.915802001953125,5.149287700653076,4.772165775299072,
FCWD2:0078,FCWD2,8208109,8.208109,5.623500697031921,INTERPOLATED_LINEAR,UNAVAILABLE_OR_NONFINITE_RETAINED,4.79852819442749,5.056664943695068,5.112922191619873,5.299769878387451,
FCWD2:0079,FCWD2,8258161,8.258161,5.58837546327694,EXACT,UNAVAILABLE_OR_NONFINITE_RETAINED,5.259124279022217,5.155013561248779,5.4371185302734375,4.974136829376221,
FCWD2:0080,FCWD2,8308214,8.308214,5.543692208787001,INTERPOLATED_LINEAR,UNAVAILABLE_OR_NONFINITE_RETAINED,4.7572832107543945,4.650600433349609,4.804614543914795,5.851877689361572,
FCWD2:0081,FCWD2,8358257,8.358257,5.49901788148514,EXACT,UNAVAILABLE_OR_NONFINITE_RETAINED,4.935222148895264,4.767824172973633,4.951458930969238,4.869609355926514,
FCWD2:0082,FCWD2,8408309,8.408309,5.442898811141367,INTERPOLATED_LINEAR,UNAVAILABLE_OR_NONFINITE_RETAINED,5.048923015594482,4.8456645011901855,5.08113956451416,4.959315776824951,
FCWD2:0083,FCWD2,8458362,8.458362,5.38677861958225,EXACT,UNAVAILABLE_OR_NONFINITE_RETAINED,5.477845191955566,5.550092697143555,5.747742652893066,5.953505516052246,
FCWD2:0084,FCWD2,8508405,8.508405,5.333294221563986,INTERPOLATED_LINEAR,UNAVAILABLE_OR_NONFINITE_RETAINED,5.031158447265625,5.2585530281066895,5.3042802810668945,4.837316513061523,
FCWD2:0085,FCWD2,8558458,8.558458,5.27979913585753,EXACT,UNAVAILABLE_OR_NONFINITE_RETAINED,4.899587631225586,4.975109577178955,4.9543256759643555,5.896839618682861,
FCWD2:0086,FCWD2,8608510,8.60851,5.217061611632195,INTERPOLATED_LINEAR,UNAVAILABLE_OR_NONFINITE_RETAINED,5.6383843421936035,5.787497043609619,5.62410831451416,6.854529857635498,
FCWD2:0087,FCWD2,8658553,8.658553,5.15433536842896,EXACT,UNAVAILABLE_OR_NONFINITE_RETAINED,5.661850929260254,5.63879919052124,5.519105911254883,7.140547752380371,
FCWD2:0088,FCWD2,8708606,8.708606,5.099115624078267,INTERPOLATED_LINEAR,UNAVAILABLE_OR_NONFINITE_RETAINED,5.214256763458252,5.256064414978027,5.175501823425293,5.313684940338135,
FCWD2:0089,FCWD2,8758658,8.758658,5.04389698295304,EXACT,UNAVAILABLE_OR_NONFINITE_RETAINED,5.871257781982422,5.896111488342285,5.790004253387451,3.915217638015747,
FCWD2:0090,FCWD2,8808710,8.80871,5.017306699960334,INTERPOLATED_LINEAR,UNAVAILABLE_OR_NONFINITE_RETAINED,5.83738899230957,6.017213821411133,5.767534255981445,4.757820129394531,
FCWD2:0091,FCWD2,8858754,8.858754,4.99072066699288,EXACT,UNAVAILABLE_OR_NONFINITE_RETAINED,4.821576118469238,4.897080898284912,4.92787504196167,5.69767951965332,
FCWD2:0092,FCWD2,8908806,8.908806,4.940892919917719,INTERPOLATED_LINEAR,UNAVAILABLE_OR_NONFINITE_RETAINED,5.151004791259766,5.17785120010376,5.286860466003418,6.584206581115723,
FCWD2:0093,FCWD2,8958858,8.958858,4.89106517284256,EXACT,UNAVAILABLE_OR_NONFINITE_RETAINED,5.137148857116699,5.029491901397705,5.264860153198242,4.181894302368164,
FCWD2:0094,FCWD2,9008902,9.008902,4.86621289412062,INTERPOLATED_LINEAR,UNAVAILABLE_OR_NONFINITE_RETAINED,5.189973831176758,5.266947269439697,5.419622421264648,22.347274780273438,
FCWD2:0095,FCWD2,9058954,9.058954,4.84135664253021,EXACT,UNAVAILABLE_OR_NONFINITE_RETAINED,5.005373001098633,4.9639434814453125,5.118957042694092,3.421694040298462,
FCWD2:0096,FCWD2,9109007,9.109007,4.806983807089968,INTERPOLATED_LINEAR,UNAVAILABLE_OR_NONFINITE_RETAINED,5.683602333068848,5.578617095947266,5.688220977783203,3.62604022026062,
FCWD2:0097,FCWD2,9159050,9.15905,4.77261783893749,EXACT,UNAVAILABLE_OR_NONFINITE_RETAINED,5.565910816192627,5.321259021759033,5.560391426086426,3.698941707611084,
FCWD2:0098,FCWD2,9209102,9.209102,4.7253271241373405,INTERPOLATED_LINEAR,UNAVAILABLE_OR_NONFINITE_RETAINED,5.2916579246521,5.077629089355469,5.24143648147583,3.8298726081848145,
FCWD2:0099,FCWD2,9259155,9.259155,4.67803546450552,EXACT,UNAVAILABLE_OR_NONFINITE_RETAINED,5.223008632659912,5.388278484344482,5.2366485595703125,3.7455079555511475,
FCWD2:0100,FCWD2,9309198,9.309198,4.633569820993827,INTERPOLATED_LINEAR,UNAVAILABLE_OR_NONFINITE_RETAINED,5.084787368774414,5.452115535736084,5.2691144943237305,4.039159774780273,
FCWD2:0101,FCWD2,9359250,9.35925,4.58909618054367,EXACT,UNAVAILABLE_OR_NONFINITE_RETAINED,3.769094228744507,4.0309038162231445,4.084322929382324,4.479730129241943,
FCWD2:0102,FCWD2,9409302,9.409302,4.536683722644549,INTERPOLATED_LINEAR,UNAVAILABLE_OR_NONFINITE_RETAINED,4.190136909484863,4.104936599731445,4.210724830627441,4.0771965980529785,
FCWD2:0103,FCWD2,9459346,9.459346,4.48427964202632,EXACT,UNAVAILABLE_OR_NONFINITE_RETAINED,4.197105884552002,4.171929359436035,4.297775745391846,4.24364709854126,
FCWD2:0104,FCWD2,9509398,9.509398,4.43618453811008,INTERPOLATED_LINEAR,UNAVAILABLE_OR_NONFINITE_RETAINED,4.495572090148926,4.373928546905518,4.52741003036499,3.5505683422088623,
FCWD2:0105,FCWD2,9559451,9.559451,4.3880884732911,EXACT,UNAVAILABLE_OR_NONFINITE_RETAINED,4.7985076904296875,4.7899017333984375,4.958148956298828,4.426192283630371,
FCWD2:0106,FCWD2,9609494,9.609494,4.354453391222863,INTERPOLATED_LINEAR,UNAVAILABLE_OR_NONFINITE_RETAINED,4.3365478515625,4.438202857971191,4.597096920013428,3.453089714050293,
FCWD2:0107,FCWD2,9659546,9.659546,4.32081226004209,EXACT,UNAVAILABLE_OR_NONFINITE_RETAINED,4.007933616638184,4.023041725158691,4.183386325836182,4.253825664520264,
FCWD2:0108,FCWD2,9709599,9.709599,4.262847707531,INTERPOLATED_LINEAR,UNAVAILABLE_OR_NONFINITE_RETAINED,4.070908069610596,3.9391329288482666,4.126561641693115,4.5826239585876465,
FCWD2:0109,FCWD2,9759642,9.759642,4.20489473565494,EXACT,UNAVAILABLE_OR_NONFINITE_RETAINED,4.068503379821777,3.9010634422302246,4.058764457702637,6.031281471252441,
FCWD2:0110,FCWD2,9809694,9.809694,4.153775879085126,INTERPOLATED_LINEAR,UNAVAILABLE_OR_NONFINITE_RETAINED,4.045973777770996,3.959306240081787,4.02447509765625,5.662468910217285,
FCWD2:0111,FCWD2,9859747,9.859747,4.10265600120035,EXACT,UNAVAILABLE_OR_NONFINITE_RETAINED,4.285303115844727,4.118291854858398,4.193497180938721,4.328464984893799,
FCWD2:0112,FCWD2,9909790,9.90979,4.065894552975754,INTERPOLATED_LINEAR,UNAVAILABLE_OR_NONFINITE_RETAINED,4.85508918762207,4.552499771118164,4.6833696365356445,4.678414821624756,
FCWD2:0113,FCWD2,9959842,9.959842,4.02912649337626,EXACT,UNAVAILABLE_OR_NONFINITE_RETAINED,5.009763240814209,4.68300199508667,4.8384833335876465,2.7520911693573,
FCWD2:0114,FCWD2,10009895,10.009895,3.9839170977542153,INTERPOLATED_LINEAR,UNAVAILABLE_OR_NONFINITE_RETAINED,4.653961658477783,4.3871073722839355,4.520832538604736,2.8609020709991455,
FCWD2:0115,FCWD2,10059947,10.059947,3.93870860536266,EXACT,UNAVAILABLE_OR_NONFINITE_RETAINED,4.074814796447754,3.921419858932495,4.0196146965026855,3.6324069499969482,
FCWD2:0116,FCWD2,10109991,10.109991,3.89104871051566,INTERPOLATED_LINEAR,UNAVAILABLE_OR_NONFINITE_RETAINED,3.768641233444214,3.675645589828491,3.789423942565918,3.2315521240234375,
FCWD2:0117,FCWD2,10160043,10.160043,3.8433811967901,EXACT,UNAVAILABLE_OR_NONFINITE_RETAINED,3.452350616455078,3.3581979274749756,3.491771697998047,3.325744390487671,
FCWD2:0118,FCWD2,10210095,10.210095,3.7989395021831736,INTERPOLATED_LINEAR,UNAVAILABLE_OR_NONFINITE_RETAINED,3.4908366203308105,3.3964128494262695,3.500582218170166,3.5509514808654785,
FCWD2:0119,FCWD2,10260139,10.260139,3.75450491085997,EXACT,UNAVAILABLE_OR_NONFINITE_RETAINED,4.220947742462158,4.088187217712402,4.180285453796387,3.490570306777954,
FCWD2:0120,FCWD2,10310191,10.310191,3.710383573632266,INTERPOLATED_LINEAR,UNAVAILABLE_OR_NONFINITE_RETAINED,3.8055789470672607,3.7209672927856445,3.7555508613586426,4.00560998916626,
FCWD2:0121,FCWD2,10360243,10.360243,3.66626223640456,EXACT,UNAVAILABLE_OR_NONFINITE_RETAINED,3.417940616607666,3.3843276500701904,3.3632655143737793,3.570737361907959,
FCWD2:0122,FCWD2,10410287,10.410287,3.6145013291824686,INTERPOLATED_LINEAR,UNAVAILABLE_OR_NONFINITE_RETAINED,3.5705251693725586,3.4645445346832275,3.493734359741211,3.2229292392730713,
FCWD2:0123,FCWD2,10460339,10.460339,3.56273214749675,EXACT,UNAVAILABLE_OR_NONFINITE_RETAINED,3.2925808429718018,3.134995937347412,3.1984119415283203,3.426872968673706,
FCWD2:0124,FCWD2,10510391,10.510391,3.5232045466254744,INTERPOLATED_LINEAR,UNAVAILABLE_OR_NONFINITE_RETAINED,3.45505952835083,3.3068087100982666,3.3260436058044434,2.997714042663574,
FCWD2:0125,FCWD2,10560435,10.560435,3.48368326359978,EXACT,UNAVAILABLE_OR_NONFINITE_RETAINED,3.621906042098999,3.4179580211639404,3.476503372192383,3.188627004623413,
FCWD2:0126,FCWD2,10610487,10.610487,3.438283384925664,INTERPOLATED_LINEAR,UNAVAILABLE_OR_NONFINITE_RETAINED,4.03066873550415,3.677180290222168,3.786208391189575,2.839000701904297,
FCWD2:0127,FCWD2,10660540,10.66054,3.39288259919731,EXACT,UNAVAILABLE_OR_NONFINITE_RETAINED,4.020082473754883,3.670008897781372,3.74106764793396,2.7911646366119385,
FCWD2:0128,FCWD2,10710583,10.710583,3.3353239794615823,INTERPOLATED_LINEAR,UNAVAILABLE_OR_NONFINITE_RETAINED,4.496412754058838,4.102011680603027,4.1571550369262695,2.5203769207000732,
FCWD2:0129,FCWD2,10760635,10.760635,3.27775500807672,EXACT,UNAVAILABLE_OR_NONFINITE_RETAINED,4.1676836013793945,3.8699843883514404,3.9622573852539062,2.754002332687378,
FCWD2:0130,FCWD2,10810688,10.810688,3.2253032114592006,INTERPOLATED_LINEAR,UNAVAILABLE_OR_NONFINITE_RETAINED,3.475111722946167,3.300152063369751,3.413872241973877,2.537266254425049,
FCWD2:0131,FCWD2,10860731,10.860731,3.172861894093,EXACT,UNAVAILABLE_OR_NONFINITE_RETAINED,3.0828800201416016,2.959371328353882,3.069739580154419,3.6432924270629883,
FCWD2:0132,FCWD2,10910783,10.910783,3.125773826272906,INTERPOLATED_LINEAR,UNAVAILABLE_OR_NONFINITE_RETAINED,2.8746707439422607,2.7731289863586426,2.850480556488037,3.10746169090271,
FCWD2:0133,FCWD2,10960836,10.960836,3.07868481766987,EXACT,UNAVAILABLE_OR_NONFINITE_RETAINED,3.001709461212158,2.9288742542266846,2.941938877105713,3.0949933528900146,
FCWD2:0134,FCWD2,11010879,11.010879,3.027524059756378,INTERPOLATED_LINEAR,UNAVAILABLE_OR_NONFINITE_RETAINED,3.2923169136047363,3.166278839111328,3.1863231658935547,2.8287618160247803,
FCWD2:0135,FCWD2,11060931,11.060931,2.97635410081934,EXACT,UNAVAILABLE_OR_NONFINITE_RETAINED,3.8237452507019043,3.4790492057800293,3.540679454803467,2.693490982055664,
FCWD2:0136,FCWD2,11110984,11.110984,2.9196272013887516,INTERPOLATED_LINEAR,UNAVAILABLE_OR_NONFINITE_RETAINED,3.4547994136810303,3.152665615081787,3.21060848236084,2.568842887878418,
FCWD2:0137,FCWD2,11161027,11.161027,2.86291163532468,EXACT,UNAVAILABLE_OR_NONFINITE_RETAINED,2.842496395111084,2.6681830883026123,2.7766292095184326,2.600707530975342,
FCWD2:0138,FCWD2,11211080,11.21108,2.8166228896054935,INTERPOLATED_LINEAR,UNAVAILABLE_OR_NONFINITE_RETAINED,2.711709499359131,2.5723772048950195,2.6786835193634033,2.4357874393463135,
FCWD2:0139,FCWD2,11261132,11.261132,2.77033506868094,EXACT,UNAVAILABLE_OR_NONFINITE_RETAINED,2.436145305633545,2.388669967651367,2.418915271759033,2.356125593185425,
FCWD2:0140,FCWD2,11311175,11.311175,2.720444327366779,INTERPOLATED_LINEAR,UNAVAILABLE_OR_NONFINITE_RETAINED,2.3718459606170654,2.3549962043762207,2.366708517074585,2.224431276321411,
FCWD2:0141,FCWD2,11361228,11.361228,2.67054361647819,EXACT,UNAVAILABLE_OR_NONFINITE_RETAINED,2.4148738384246826,2.389984130859375,2.393198251724243,2.390427589416504,
FCWD2:0142,FCWD2,11411280,11.41128,2.6234286796366315,INTERPOLATED_LINEAR,UNAVAILABLE_OR_NONFINITE_RETAINED,2.6154837608337402,2.5440733432769775,2.544548988342285,2.587754726409912,
FCWD2:0143,FCWD2,11461323,11.461323,2.57632221467295,EXACT,UNAVAILABLE_OR_NONFINITE_RETAINED,2.5681145191192627,2.4546687602996826,2.497694730758667,2.65574049949646,
FCWD2:0144,FCWD2,11511376,11.511376,2.535955476406046,INTERPOLATED_LINEAR,UNAVAILABLE_OR_NONFINITE_RETAINED,2.393101453781128,2.3015575408935547,2.339803457260132,2.4513721466064453,
FCWD2:0145,FCWD2,11561428,11.561428,2.49558954461904,EXACT,UNAVAILABLE_OR_NONFINITE_RETAINED,2.3557956218719482,2.2825686931610107,2.317168712615967,2.238983154296875,
FCWD2:0146,FCWD2,11611480,11.61148,2.446019990299646,INTERPOLATED_LINEAR,UNAVAILABLE_OR_NONFINITE_RETAINED,2.3329579830169678,2.271772623062134,2.3092923164367676,2.188751220703125,
FCWD2:0147,FCWD2,11661524,11.661524,2.39645835886914,EXACT,UNAVAILABLE_OR_NONFINITE_RETAINED,2.27885365486145,2.2258100509643555,2.2333269119262695,2.087411642074585,
FCWD2:0148,FCWD2,11711576,11.711576,2.347834133827913,INTERPOLATED_LINEAR,UNAVAILABLE_OR_NONFINITE_RETAINED,2.544177293777466,2.471006393432617,2.4664194583892822,2.105130434036255,
FCWD2:0149,FCWD2,11761629,11.761629,2.29920893731252,EXACT,UNAVAILABLE_OR_NONFINITE_RETAINED,2.5618958473205566,2.4694411754608154,2.47310209274292,2.2583653926849365,
FCWD2:0150,FCWD2,11811672,11.811672,2.2444816779519328,INTERPOLATED_LINEAR,UNAVAILABLE_OR_NONFINITE_RETAINED,2.398073673248291,2.331094264984131,2.342170238494873,2.2894673347473145,
FCWD2:0151,FCWD2,11861724,11.861724,2.18974457614916,EXACT,UNAVAILABLE_OR_NONFINITE_RETAINED,2.2297356128692627,2.193173408508301,2.199000120162964,2.075897455215454,
FCWD2:0152,FCWD2,11911776,11.911776,2.1453117343033643,INTERPOLATED_LINEAR,UNAVAILABLE_OR_NONFINITE_RETAINED,2.1256940364837646,2.095151901245117,2.0995688438415527,2.1328234672546387,
FCWD2:0153,FCWD2,11961820,11.96182,2.10088599432632,EXACT,UNAVAILABLE_OR_NONFINITE_RETAINED,2.060345411300659,2.0392327308654785,2.0408334732055664,2.0965728759765625,
FCWD2:0154,FCWD2,12011872,12.011872,2.053751461492148,INTERPOLATED_LINEAR,UNAVAILABLE_OR_NONFINITE_RETAINED,2.086029291152954,2.0522193908691406,2.0516552925109863,1.7840244770050049,
FCWD2:0155,FCWD2,12061925,12.061925,2.0066159869467,EXACT,UNAVAILABLE_OR_NONFINITE_RETAINED,2.0894646644592285,2.0519728660583496,2.0474226474761963,1.7663370370864868,
FCWD2:0156,FCWD2,12111968,12.111968,1.9558864486335168,INTERPOLATED_LINEAR,UNAVAILABLE_OR_NONFINITE_RETAINED,2.0146777629852295,1.9882314205169678,1.98399817943573,1.779683232307434,
FCWD2:0157,FCWD2,12162020,12.16202,1.90514778684962,EXACT,UNAVAILABLE_OR_NONFINITE_RETAINED,2.0065786838531494,1.9670406579971313,1.9611412286758423,1.8445521593093872,
FCWD2:0158,FCWD2,12212073,12.212073,1.8556551736566678,INTERPOLATED_LINEAR,UNAVAILABLE_OR_NONFINITE_RETAINED,1.9520779848098755,1.920465350151062,1.9137673377990723,1.8327022790908813,
FCWD2:0159,FCWD2,12262116,12.262116,1.80617244850503,EXACT,UNAVAILABLE_OR_NONFINITE_RETAINED,1.950196385383606,1.9197908639907837,1.9134273529052734,1.6370859146118164,
FCWD2:0160,FCWD2,12312168,12.312168,1.7533570514766013,INTERPOLATED_LINEAR,UNAVAILABLE_OR_NONFINITE_RETAINED,1.8486882448196411,1.8277322053909302,1.829501986503601,1.591672658920288,
FCWD2:0161,FCWD2,12362221,12.362221,1.70054059923765,EXACT,UNAVAILABLE_OR_NONFINITE_RETAINED,1.7855966091156006,1.7538620233535767,1.751205563545227,1.5930147171020508,
FCWD2:0162,FCWD2,12412264,12.412264,1.6499508863850119,INTERPOLATED_LINEAR,UNAVAILABLE_OR_NONFINITE_RETAINED,1.794189453125,1.7506500482559204,1.7498726844787598,1.5824159383773804,
FCWD2:0163,FCWD2,12462316,12.462316,1.59935207520862,EXACT,UNAVAILABLE_OR_NONFINITE_RETAINED,1.777848482131958,1.7172603607177734,1.712135672569275,1.4466534852981567,
FCWD2:0164,FCWD2,12512369,12.512369,1.5530535684948727,INTERPOLATED_LINEAR,UNAVAILABLE_OR_NONFINITE_RETAINED,1.773130178451538,1.6894172430038452,1.680859923362732,1.45688796043396,
FCWD2:0165,FCWD2,12562421,12.562421,1.50675598677077,EXACT,UNAVAILABLE_OR_NONFINITE_RETAINED,1.763342261314392,1.677902102470398,1.6669474840164185,1.435003638267517,
FCWD2:0166,FCWD2,12612465,12.612465,1.4735752195105385,INTERPOLATED_LINEAR,UNAVAILABLE_OR_NONFINITE_RETAINED,1.734817624092102,1.66611647605896,1.6644221544265747,1.4101617336273193,
FCWD2:0167,FCWD2,12662517,12.662517,1.44038914799529,EXACT,UNAVAILABLE_OR_NONFINITE_RETAINED,1.806759238243103,1.745032548904419,1.752893328666687,1.4645721912384033,
FCWD2:0168,FCWD2,12712570,12.71257,1.4171027279186892,INTERPOLATED_LINEAR,UNAVAILABLE_OR_NONFINITE_RETAINED,1.7918226718902588,1.7360597848892212,1.7379810810089111,1.395408272743225,
FCWD2:0169,FCWD2,12762613,12.762613,1.39382096019461,EXACT,UNAVAILABLE_OR_NONFINITE_RETAINED,1.8286393880844116,1.762208342552185,1.7654756307601929,1.3698079586029053,
FCWD2:0170,FCWD2,12812665,12.812665,1.3745916000921097,INTERPOLATED_LINEAR,UNAVAILABLE_OR_NONFINITE_RETAINED,1.7989624738693237,1.7274068593978882,1.7412251234054565,1.3821706771850586,
FCWD2:0171,FCWD2,12862717,12.862717,1.35536223998961,EXACT,UNAVAILABLE_OR_NONFINITE_RETAINED,1.851567268371582,1.7764925956726074,1.7989643812179565,1.4430313110351562,
FCWD2:0172,FCWD2,12912761,12.912761,1.3428847802486235,INTERPOLATED_LINEAR,UNAVAILABLE_OR_NONFINITE_RETAINED,1.8415628671646118,1.7824019193649292,1.7941006422042847,1.5053162574768066,
FCWD2:0173,FCWD2,12962813,12.962813,1.33040532586936,EXACT,UNAVAILABLE_OR_NONFINITE_RETAINED,1.8339370489120483,1.7940346002578735,1.7896621227264404,1.4584102630615234,
FCWD2:0174,FCWD2,13012865,13.012865,1.318171472454926,INTERPOLATED_LINEAR,UNAVAILABLE_OR_NONFINITE_RETAINED,2.117825508117676,2.060661792755127,2.053863525390625,1.6247215270996094,
FCWD2:0175,FCWD2,13062909,13.062909,1.30593957442344,EXACT,UNAVAILABLE_OR_NONFINITE_RETAINED,2.0285074710845947,1.9817135334014893,1.9513598680496216,1.401649832725525,
FCWD2:0176,FCWD2,13112961,13.112961,1.2913429972119854,INTERPOLATED_LINEAR,UNAVAILABLE_OR_NONFINITE_RETAINED,1.972995638847351,1.8963528871536255,1.8865950107574463,1.680077075958252,
FCWD2:0177,FCWD2,13163014,13.163014,1.27674612837228,EXACT,UNAVAILABLE_OR_NONFINITE_RETAINED,2.045490026473999,1.9756041765213013,1.977686882019043,2.066488027572632,
FCWD2:0178,FCWD2,13213057,13.213057,1.2641411815737875,INTERPOLATED_LINEAR,UNAVAILABLE_OR_NONFINITE_RETAINED,2.256882667541504,2.168321132659912,2.190025568008423,1.904554009437561,
FCWD2:0179,FCWD2,13263109,13.263109,1.25153396783444,EXACT,UNAVAILABLE_OR_NONFINITE_RETAINED,2.3188412189483643,2.2478673458099365,2.242976427078247,1.6946254968643188,
FCWD2:0180,FCWD2,13313162,13.313162,1.2413580116589518,INTERPOLATED_LINEAR,UNAVAILABLE_OR_NONFINITE_RETAINED,2.1794660091400146,2.1328978538513184,2.157747745513916,1.5277361869812012,
FCWD2:0181,FCWD2,13363205,13.363205,1.23118408851968,EXACT,UNAVAILABLE_OR_NONFINITE_RETAINED,2.6736772060394287,2.5322799682617188,2.5896658897399902,1.495227575302124,
FCWD2:0182,FCWD2,13413257,13.413257,1.2261867124333121,INTERPOLATED_LINEAR,UNAVAILABLE_OR_NONFINITE_RETAINED,2.7355263233184814,2.5802738666534424,2.602208137512207,1.392837643623352,
FCWD2:0183,FCWD2,13463310,13.46331,1.22118923650326,EXACT,UNAVAILABLE_OR_NONFINITE_RETAINED,2.7880096435546875,2.699096918106079,2.638885021209717,1.3571723699569702,
FCWD2:0184,FCWD2,13513353,13.513353,1.2192426614104228,INTERPOLATED_LINEAR,UNAVAILABLE_OR_NONFINITE_RETAINED,2.489189386367798,2.425381898880005,2.430164337158203,1.3380422592163086,
FCWD2:0185,FCWD2,13563405,13.563405,1.21729573623514,EXACT,UNAVAILABLE_OR_NONFINITE_RETAINED,2.5236310958862305,2.4633164405822754,2.480473279953003,1.3575193881988525,
FCWD2:0186,FCWD2,13613458,13.613458,1.2374646175542892,INTERPOLATED_LINEAR,UNAVAILABLE_OR_NONFINITE_RETAINED,2.617219924926758,2.5538742542266846,2.544605016708374,1.3904354572296143,
FCWD2:0187,FCWD2,13663501,13.663501,1.25762946936845,EXACT,UNAVAILABLE_OR_NONFINITE_RETAINED,2.4920530319213867,2.436134099960327,2.409180164337158,1.5139118432998657,
FCWD2:0188,FCWD2,13713554,13.713554,1.2899150578009797,INTERPOLATED_LINEAR,UNAVAILABLE_OR_NONFINITE_RETAINED,2.343411684036255,2.2658212184906006,2.298975706100464,1.4042096138000488,
FCWD2:0189,FCWD2,13763606,13.763606,1.32220000120547,EXACT,UNAVAILABLE_OR_NONFINITE_RETAINED,2.5426197052001953,2.426374912261963,2.516817569732666,1.4099010229110718,
FCWD2:0190,FCWD2,13813649,13.813649,1.3663858692389064,INTERPOLATED_LINEAR,UNAVAILABLE_OR_NONFINITE_RETAINED,2.9061267375946045,2.745055675506592,2.8359928131103516,1.7629551887512207,
FCWD2:0191,FCWD2,13863702,13.863702,1.41058056685251,EXACT,UNAVAILABLE_OR_NONFINITE_RETAINED,3.0438201427459717,2.8582568168640137,2.892728328704834,2.741267681121826,
FCWD2:0192,FCWD2,13913754,13.913754,1.4942819305999606,INTERPOLATED_LINEAR,UNAVAILABLE_OR_NONFINITE_RETAINED,3.3089182376861572,3.199380397796631,3.158057928085327,3.132070302963257,
FCWD2:0193,FCWD2,13963797,13.963797,1.57796824375455,EXACT,UNAVAILABLE_OR_NONFINITE_RETAINED,3.7234108448028564,3.5676510334014893,3.513404369354248,2.58835768699646,
FCWD2:0194,FCWD2,14013850,14.01385,1.6916400265923075,INTERPOLATED_LINEAR,UNAVAILABLE_OR_NONFINITE_RETAINED,3.9231982231140137,3.7337138652801514,3.7153232097625732,2.6608834266662598,
FCWD2:0195,FCWD2,14063902,14.063902,1.8053095384017,EXACT,UNAVAILABLE_OR_NONFINITE_RETAINED,3.9533019065856934,3.7741072177886963,3.785484552383423,3.0624635219573975,
FCWD2:0196,FCWD2,14113954,14.113954,1.957983777576973,INTERPOLATED_LINEAR,UNAVAILABLE_OR_NONFINITE_RETAINED,4.77700662612915,4.476974964141846,4.552901268005371,3.2817869186401367,
FCWD2:0197,FCWD2,14163998,14.163998,2.11063361425258,EXACT,UNAVAILABLE_OR_NONFINITE_RETAINED,4.5308709144592285,4.3682403564453125,4.41309118270874,2.9686832427978516,
FCWD2:0198,FCWD2,14214050,14.21405,2.381776991192309,INTERPOLATED_LINEAR,UNAVAILABLE_OR_NONFINITE_RETAINED,5.801921844482422,5.458266735076904,5.641220569610596,3.8096096515655518,
FCWD2:0199,FCWD2,14264103,14.264103,2.65292578536565,EXACT,UNAVAILABLE_OR_NONFINITE_RETAINED,5.757828235626221,5.558475971221924,5.614160537719727,3.9868674278259277,
FCWD2:0200,FCWD2,14314146,14.314146,3.2676133962578167,INTERPOLATED_LINEAR,UNAVAILABLE_OR_NONFINITE_RETAINED,5.670643329620361,5.524718284606934,5.547310829162598,3.8758184909820557,
FCWD2:0201,FCWD2,14364198,14.364198,3.88241155584809,EXACT,UNAVAILABLE_OR_NONFINITE_RETAINED,5.830214500427246,5.740999698638916,5.799472808837891,4.451949596405029,
FCWD2:0202,FCWD2,14414251,14.414251,5.569552664712119,INTERPOLATED_LINEAR,UNAVAILABLE_OR_NONFINITE_RETAINED,6.5178985595703125,6.339047908782959,6.4701128005981445,4.194713115692139,
FCWD2:0203,FCWD2,14464294,14.464294,7.25635670264957,EXACT,UNAVAILABLE_OR_NONFINITE_RETAINED,7.259624004364014,6.993549823760986,7.171911239624023,5.557743549346924,
FCWD2:0204,FCWD2,14514346,14.514346,,OUTSIDE_MEASURED_GT_SUPPORT,UNAVAILABLE_OR_NONFINITE_RETAINED,8.271379470825195,7.500147819519043,7.972067356109619,6.563933372497559,
FCWD2:0205,FCWD2,14564399,14.564399,,OUTSIDE_MEASURED_GT_SUPPORT,UNAVAILABLE_OR_NONFINITE_RETAINED,8.818045616149902,8.021309852600098,8.61583423614502,6.542635917663574,
FCWD2:0206,FCWD2,14614442,14.614442,,OUTSIDE_MEASURED_GT_SUPPORT,UNAVAILABLE_OR_NONFINITE_RETAINED,9.963912010192871,10.26227855682373,11.744272232055664,7.7169623374938965,
FCWD2:0207,FCWD2,14664495,14.664495,,OUTSIDE_MEASURED_GT_SUPPORT,UNAVAILABLE_OR_NONFINITE_RETAINED,8.660812377929688,10.321910858154297,12.08337688446045,6.70780086517334,
FCWD2:0208,FCWD2,14714547,14.714547,,OUTSIDE_MEASURED_GT_SUPPORT,UNAVAILABLE_OR_NONFINITE_RETAINED,6.250525951385498,7.919703960418701,9.171003341674805,5.802433967590332,
FCWD2:0209,FCWD2,14764590,14.76459,,OUTSIDE_MEASURED_GT_SUPPORT,UNAVAILABLE_OR_NONFINITE_RETAINED,5.683824062347412,6.828789710998535,7.255527019500732,3.7656168937683105,
FCWD2:0210,FCWD2,14814643,14.814643,,OUTSIDE_MEASURED_GT_SUPPORT,UNAVAILABLE_OR_NONFINITE_RETAINED,3.0084409713745117,3.3604118824005127,3.3017585277557373,2.9754116535186768,
FCWD2:0211,FCWD2,14864695,14.864695,,OUTSIDE_MEASURED_GT_SUPPORT,UNAVAILABLE_OR_NONFINITE_RETAINED,2.3285939693450928,2.3631680011749268,2.4096360206604004,4.006451606750488,
FCWD2:0212,FCWD2,14914738,14.914738,,OUTSIDE_MEASURED_GT_SUPPORT,UNAVAILABLE_OR_NONFINITE_RETAINED,2.2946596145629883,2.2378764152526855,2.269757032394409,4.097510814666748,
FCWD2:0213,FCWD2,14964791,14.964791,,OUTSIDE_MEASURED_GT_SUPPORT,UNAVAILABLE_OR_NONFINITE_RETAINED,3.775184392929077,3.5087873935699463,3.3198602199554443,3.653686285018921,
FCWD2:0214,FCWD2,15014843,15.014843,,OUTSIDE_MEASURED_GT_SUPPORT,UNAVAILABLE_OR_NONFINITE_RETAINED,6.553769111633301,5.320911884307861,4.857271671295166,4.540186882019043,
FCWD2:0215,FCWD2,15064886,15.064886,,OUTSIDE_MEASURED_GT_SUPPORT,UNAVAILABLE_OR_NONFINITE_RETAINED,59.999996185302734,15.79603385925293,16.778432846069336,7.874889850616455,
FCWD2:0216,FCWD2,15114939,15.114939,,OUTSIDE_MEASURED_GT_SUPPORT,UNAVAILABLE_OR_NONFINITE_RETAINED,-21.95618438720703,59.999996185302734,-44.51547622680664,8.311806678771973,
FCWD2:0217,FCWD2,15164991,15.164991,,OUTSIDE_MEASURED_GT_SUPPORT,UNAVAILABLE_OR_NONFINITE_RETAINED,-59.999996185302734,17.687318801879883,59.999996185302734,-39.38683319091797,
FCWD3:0000,FCWD3,5355296,5.355296,15.349582546367648,INTERPOLATED_LINEAR,UNAVAILABLE_OR_NONFINITE_RETAINED,5.75597620010376,6.773764610290527,6.379662990570068,6.131619930267334,
FCWD3:0001,FCWD3,5405340,5.40534,14.9606711802474,EXACT,UNAVAILABLE_OR_NONFINITE_RETAINED,5.090197563171387,6.1465067863464355,6.628411769866943,5.989274501800537,
FCWD3:0002,FCWD3,5455392,5.455392,14.625693741229995,INTERPOLATED_LINEAR,UNAVAILABLE_OR_NONFINITE_RETAINED,5.471770286560059,6.366624355316162,6.516951084136963,9.088809967041016,
FCWD3:0003,FCWD3,5505445,5.505445,14.2907096096241,EXACT,UNAVAILABLE_OR_NONFINITE_RETAINED,6.891246795654297,8.566754341125488,8.184585571289062,7.109743118286133,
FCWD3:0004,FCWD3,5555488,5.555488,13.985563677015532,INTERPOLATED_LINEAR,UNAVAILABLE_OR_NONFINITE_RETAINED,5.439531326293945,7.055049896240234,6.697218894958496,7.123176097869873,
FCWD3:0005,FCWD3,5605540,5.60554,13.6803628653351,EXACT,UNAVAILABLE_OR_NONFINITE_RETAINED,5.175246238708496,6.254057884216309,6.561351776123047,6.582087993621826,
FCWD3:0006,FCWD3,5655593,5.655593,13.357073801627138,INTERPOLATED_LINEAR,UNAVAILABLE_OR_NONFINITE_RETAINED,5.647521018981934,6.573886394500732,6.772963523864746,7.5403218269348145,
FCWD3:0007,FCWD3,5705636,5.705636,13.0338493272672,EXACT,UNAVAILABLE_OR_NONFINITE_RETAINED,7.251702308654785,8.607900619506836,8.904297828674316,7.850642681121826,
FCWD3:0008,FCWD3,5755688,5.755688,12.795777159278051,INTERPOLATED_LINEAR,UNAVAILABLE_OR_NONFINITE_RETAINED,7.4964447021484375,7.979203224182129,8.410022735595703,6.970756530761719,
FCWD3:0009,FCWD3,5805741,5.805741,12.5577002347923,EXACT,UNAVAILABLE_OR_NONFINITE_RETAINED,7.594963550567627,7.681662559509277,7.90734338760376,6.660083293914795,
FCWD3:0010,FCWD3,5855784,5.855784,12.345532415373219,INTERPOLATED_LINEAR,UNAVAILABLE_OR_NONFINITE_RETAINED,7.679259300231934,8.184361457824707,7.905364036560059,6.190146446228027,
FCWD3:0011,FCWD3,5905836,5.905836,12.133326438562,EXACT,UNAVAILABLE_OR_NONFINITE_RETAINED,8.057546615600586,8.603405952453613,8.2327241897583,6.16916036605835,
FCWD3:0012,FCWD3,5955889,5.955889,11.900492714786411,INTERPOLATED_LINEAR,UNAVAILABLE_OR_NONFINITE_RETAINED,7.652688980102539,7.858900547027588,8.02138900756836,6.318911552429199,
FCWD3:0013,FCWD3,6005932,6.005932,11.6677055084471,EXACT,UNAVAILABLE_OR_NONFINITE_RETAINED,7.209433078765869,7.355888843536377,7.4266743659973145,6.134310245513916,
FCWD3:0014,FCWD3,6055985,6.055985,11.477358318211891,INTERPOLATED_LINEAR,UNAVAILABLE_OR_NONFINITE_RETAINED,6.922072410583496,7.149783611297607,7.286474227905273,7.0425333976745605,
FCWD3:0015,FCWD3,6106037,6.106037,11.2870149308894,EXACT,UNAVAILABLE_OR_NONFINITE_RETAINED,6.603426933288574,6.740952968597412,6.9845967292785645,12.261985778808594,
FCWD3:0016,FCWD3,6156080,6.15608,11.120363687612585,INTERPOLATED_LINEAR,UNAVAILABLE_OR_NONFINITE_RETAINED,6.7467041015625,6.924129009246826,7.057550430297852,8.134407997131348,
FCWD3:0017,FCWD3,6206133,6.206133,10.9536791427265,EXACT,UNAVAILABLE_OR_NONFINITE_RETAINED,7.520994663238525,7.6112260818481445,7.729456424713135,9.16217041015625,
FCWD3:0018,FCWD3,6256185,6.256185,10.7782444227525,INTERPOLATED_LINEAR,UNAVAILABLE_OR_NONFINITE_RETAINED,7.766747951507568,7.891819000244141,7.941179275512695,7.47441291809082,
FCWD3:0019,FCWD3,6306237,6.306237,10.6028097027785,EXACT,UNAVAILABLE_OR_NONFINITE_RETAINED,8.166200637817383,8.55620002746582,8.590717315673828,5.419102668762207,
FCWD3:0020,FCWD3,6356281,6.356281,10.46085980908096,INTERPOLATED_LINEAR,UNAVAILABLE_OR_NONFINITE_RETAINED,8.722101211547852,8.569247245788574,8.60595703125,6.944125652313232,
FCWD3:0021,FCWD3,6406333,6.406333,10.3188872233694,EXACT,UNAVAILABLE_OR_NONFINITE_RETAINED,9.583211898803711,9.081704139709473,9.169002532958984,6.338224411010742,
FCWD3:0022,FCWD3,6456386,6.456386,10.190681486965477,INTERPOLATED_LINEAR,UNAVAILABLE_OR_NONFINITE_RETAINED,9.02033519744873,8.973597526550293,9.317848205566406,5.892035007476807,
FCWD3:0023,FCWD3,6506429,6.506429,10.062501364558,EXACT,UNAVAILABLE_OR_NONFINITE_RETAINED,9.682708740234375,9.502778053283691,9.88097095489502,5.310959815979004,
FCWD3:0024,FCWD3,6556481,6.556481,9.89136808032005,INTERPOLATED_LINEAR,UNAVAILABLE_OR_NONFINITE_RETAINED,10.17300796508789,9.963623046875,10.682373046875,5.0595808029174805,
FCWD3:0025,FCWD3,6606533,6.606533,9.7202347960821,EXACT,UNAVAILABLE_OR_NONFINITE_RETAINED,10.610816955566406,10.77978515625,11.175506591796875,5.655178070068359,
FCWD3:0026,FCWD3,6656577,6.656577,9.604555427173779,INTERPOLATED_LINEAR,UNAVAILABLE_OR_NONFINITE_RETAINED,10.651984214782715,10.6605863571167,11.43260383605957,5.3289594650268555,
FCWD3:0027,FCWD3,6706629,6.706629,9.48885756583977,EXACT,UNAVAILABLE_OR_NONFINITE_RETAINED,10.736319541931152,10.832850456237793,11.23432731628418,6.74068021774292,
FCWD3:0028,FCWD3,6756682,6.756682,9.359556599005566,INTERPOLATED_LINEAR,UNAVAILABLE_OR_NONFINITE_RETAINED,10.657693862915039,10.664706230163574,10.955158233642578,6.465059280395508,
FCWD3:0029,FCWD3,6806725,6.806725,9.23028146498195,EXACT,UNAVAILABLE_OR_NONFINITE_RETAINED,8.256282806396484,8.107084274291992,8.375251770019531,8.39062213897705,
FCWD3:0030,FCWD3,6856777,6.856777,9.107761191515698,INTERPOLATED_LINEAR,UNAVAILABLE_OR_NONFINITE_RETAINED,6.845987319946289,6.615767478942871,6.895489692687988,7.429727554321289,
FCWD3:0031,FCWD3,6906830,6.90683,8.98523847018975,EXACT,UNAVAILABLE_OR_NONFINITE_RETAINED,5.125224590301514,5.113221645355225,5.127387523651123,6.41411828994751,
FCWD3:0032,FCWD3,6956873,6.956873,8.841643807565047,INTERPOLATED_LINEAR,UNAVAILABLE_OR_NONFINITE_RETAINED,6.001809120178223,5.780209064483643,5.983801364898682,7.327703475952148,
FCWD3:0033,FCWD3,7006926,7.006926,8.69802045068488,EXACT,UNAVAILABLE_OR_NONFINITE_RETAINED,6.876636028289795,6.905182361602783,7.014119625091553,7.265726566314697,
FCWD3:0034,FCWD3,7056978,7.056978,8.566870442134077,INTERPOLATED_LINEAR,UNAVAILABLE_OR_NONFINITE_RETAINED,6.797216415405273,7.124275207519531,7.14409065246582,8.883978843688965,
FCWD3:0035,FCWD3,7107021,7.107021,8.43574401605904,EXACT,UNAVAILABLE_OR_NONFINITE_RETAINED,7.4139604568481445,7.72483491897583,7.866016387939453,6.913792610168457,
FCWD3:0036,FCWD3,7157074,7.157074,8.301723938378473,INTERPOLATED_LINEAR,UNAVAILABLE_OR_NONFINITE_RETAINED,7.002991676330566,7.169931888580322,6.984897613525391,8.243643760681152,
FCWD3:0037,FCWD3,7207126,7.207126,8.16770653826124,EXACT,UNAVAILABLE_OR_NONFINITE_RETAINED,6.402902126312256,6.671946048736572,6.3821210861206055,7.120424747467041,
FCWD3:0038,FCWD3,7257178,7.257178,8.04545358006883,INTERPOLATED_LINEAR,UNAVAILABLE_OR_NONFINITE_RETAINED,6.264345645904541,6.560588359832764,6.128718376159668,6.509912490844727,
FCWD3:0039,FCWD3,7307222,7.307222,7.92322016202797,EXACT,UNAVAILABLE_OR_NONFINITE_RETAINED,6.8148298263549805,7.599325180053711,6.72064208984375,6.05409049987793,
FCWD3:0040,FCWD3,7357274,7.357274,7.750049411048716,INTERPOLATED_LINEAR,UNAVAILABLE_OR_NONFINITE_RETAINED,6.247228145599365,6.918907642364502,6.926013946533203,-16.41702651977539,
FCWD3:0041,FCWD3,7407326,7.407326,7.57687866006946,EXACT,UNAVAILABLE_OR_NONFINITE_RETAINED,6.277195453643799,6.957279205322266,6.514654159545898,4.641757965087891,
FCWD3:0042,FCWD3,7457370,7.45737,7.470635206871734,INTERPOLATED_LINEAR,UNAVAILABLE_OR_NONFINITE_RETAINED,6.134871482849121,6.46267557144165,6.2749433517456055,6.726195335388184,
FCWD3:0043,FCWD3,7507422,7.507422,7.36437476966742,EXACT,UNAVAILABLE_OR_NONFINITE_RETAINED,6.344171524047852,6.424346446990967,6.31949520111084,6.8812384605407715,
FCWD3:0044,FCWD3,7557475,7.557475,7.250685870161512,INTERPOLATED_LINEAR,UNAVAILABLE_OR_NONFINITE_RETAINED,6.199484825134277,6.79984188079834,6.403061866760254,5.362565994262695,
FCWD3:0045,FCWD3,7607518,7.607518,7.13701968435898,EXACT,UNAVAILABLE_OR_NONFINITE_RETAINED,5.718478679656982,5.9436469078063965,5.824288845062256,6.112141132354736,
FCWD3:0046,FCWD3,7657570,7.65757,7.01586509399963,INTERPOLATED_LINEAR,UNAVAILABLE_OR_NONFINITE_RETAINED,6.016928672790527,6.441904067993164,6.54888391494751,6.389300346374512,
FCWD3:0047,FCWD3,7707623,7.707623,6.89470808306587,EXACT,UNAVAILABLE_OR_NONFINITE_RETAINED,5.97890567779541,6.287725448608398,6.123786926269531,6.266796112060547,
FCWD3:0048,FCWD3,7757666,7.757666,6.786696922183679,INTERPOLATED_LINEAR,UNAVAILABLE_OR_NONFINITE_RETAINED,6.8240814208984375,6.728762149810791,6.873181343078613,6.701718330383301,
FCWD3:0049,FCWD3,7807718,7.807718,6.67866633599829,EXACT,UNAVAILABLE_OR_NONFINITE_RETAINED,6.80941915512085,6.786008358001709,6.9457197189331055,5.97487735748291,
FCWD3:0050,FCWD3,7857771,7.857771,6.601499435667663,INTERPOLATED_LINEAR,UNAVAILABLE_OR_NONFINITE_RETAINED,6.557000160217285,6.580399513244629,6.637757778167725,6.335232734680176,
FCWD3:0051,FCWD3,7907814,7.907814,6.52434795237504,EXACT,UNAVAILABLE_OR_NONFINITE_RETAINED,6.362843990325928,6.5266571044921875,6.487605094909668,5.9363579750061035,
FCWD3:0052,FCWD3,7957866,7.957866,6.429589538328841,INTERPOLATED_LINEAR,UNAVAILABLE_OR_NONFINITE_RETAINED,5.889862537384033,6.023785591125488,5.9914326667785645,5.879377841949463,
FCWD3:0053,FCWD3,8007919,8.007919,6.33482923108329,EXACT,UNAVAILABLE_OR_NONFINITE_RETAINED,5.585356712341309,5.50600528717041,5.558042526245117,6.584283828735352,
FCWD3:0054,FCWD3,8057962,8.057962,6.245140195199778,INTERPOLATED_LINEAR,UNAVAILABLE_OR_NONFINITE_RETAINED,5.902235507965088,5.799013614654541,5.643828868865967,6.764651775360107,
FCWD3:0055,FCWD3,8108015,8.108015,6.15543323692235,EXACT,UNAVAILABLE_OR_NONFINITE_RETAINED,5.817442417144775,5.8336405754089355,5.895045280456543,5.459609508514404,
FCWD3:0056,FCWD3,8158067,8.158067,6.069277554914316,INTERPOLATED_LINEAR,UNAVAILABLE_OR_NONFINITE_RETAINED,6.386193752288818,6.765322208404541,6.706378936767578,6.928725719451904,
FCWD3:0057,FCWD3,8208110,8.20811,5.98313736481746,EXACT,UNAVAILABLE_OR_NONFINITE_RETAINED,6.468487739562988,6.573110580444336,6.664965629577637,7.072399139404297,
FCWD3:0058,FCWD3,8258163,8.258163,5.879897752165346,INTERPOLATED_LINEAR,UNAVAILABLE_OR_NONFINITE_RETAINED,6.937628269195557,7.019371032714844,7.0891499519348145,6.359559059143066,
FCWD3:0059,FCWD3,8308215,8.308215,5.77666020211912,EXACT,UNAVAILABLE_OR_NONFINITE_RETAINED,6.912816047668457,7.152915954589844,7.3780999183654785,5.095539569854736,
FCWD3:0060,FCWD3,8358258,8.358258,5.710051786538792,INTERPOLATED_LINEAR,UNAVAILABLE_OR_NONFINITE_RETAINED,6.076192378997803,5.979903697967529,6.223210334777832,5.698260307312012,
FCWD3:0061,FCWD3,8408311,8.408311,5.64343006072215,EXACT,UNAVAILABLE_OR_NONFINITE_RETAINED,6.157801151275635,6.082045078277588,6.246578693389893,5.35908842086792,
FCWD3:0062,FCWD3,8458363,8.458363,5.594610693355012,INTERPOLATED_LINEAR,UNAVAILABLE_OR_NONFINITE_RETAINED,5.461379528045654,5.551688194274902,5.681510925292969,5.693387031555176,
FCWD3:0063,FCWD3,8508407,8.508407,5.54579912897155,EXACT,UNAVAILABLE_OR_NONFINITE_RETAINED,5.072129249572754,5.183493137359619,5.282739639282227,5.010023593902588,
FCWD3:0064,FCWD3,8558459,8.558459,5.500869069984805,INTERPOLATED_LINEAR,UNAVAILABLE_OR_NONFINITE_RETAINED,4.9756083488464355,5.177685737609863,5.201344966888428,4.04444694519043,
FCWD3:0065,FCWD3,8608511,8.608511,5.45593901099806,EXACT,UNAVAILABLE_OR_NONFINITE_RETAINED,5.722593307495117,5.821452617645264,5.880617141723633,4.852286338806152,
FCWD3:0066,FCWD3,8658555,8.658555,5.402644789611197,INTERPOLATED_LINEAR,UNAVAILABLE_OR_NONFINITE_RETAINED,5.596442222595215,5.781721115112305,5.724087715148926,5.977367877960205,
FCWD3:0067,FCWD3,8708607,8.708607,5.34934204864614,EXACT,UNAVAILABLE_OR_NONFINITE_RETAINED,5.726161956787109,5.841488838195801,5.743244171142578,5.275754451751709,
FCWD3:0068,FCWD3,8758659,8.758659,5.307696685096198,INTERPOLATED_LINEAR,UNAVAILABLE_OR_NONFINITE_RETAINED,4.087543487548828,4.321944713592529,4.255194664001465,7.027930736541748,
FCWD3:0069,FCWD3,8808712,8.808712,5.26605048950431,EXACT,UNAVAILABLE_OR_NONFINITE_RETAINED,6.048108100891113,5.825119495391846,6.175833702087402,6.489792346954346,
FCWD3:0070,FCWD3,8858755,8.858755,5.219578325396149,INTERPOLATED_LINEAR,UNAVAILABLE_OR_NONFINITE_RETAINED,4.82422399520874,4.714661598205566,4.911527633666992,5.760832786560059,
FCWD3:0071,FCWD3,8908807,8.908807,5.17309780348616,EXACT,UNAVAILABLE_OR_NONFINITE_RETAINED,5.405457496643066,5.108006477355957,5.559600830078125,5.2323174476623535,
FCWD3:0072,FCWD3,8958860,8.95886,5.12831333421993,INTERPOLATED_LINEAR,UNAVAILABLE_OR_NONFINITE_RETAINED,5.742878437042236,5.574145317077637,6.0385212898254395,4.244656085968018,
FCWD3:0073,FCWD3,9008903,9.008903,5.0835378123633,EXACT,UNAVAILABLE_OR_NONFINITE_RETAINED,5.143068790435791,5.239673137664795,5.547764301300049,4.4165215492248535,
FCWD3:0074,FCWD3,9058956,9.058956,5.027588557308298,INTERPOLATED_LINEAR,UNAVAILABLE_OR_NONFINITE_RETAINED,5.187154293060303,5.253560543060303,5.429051876068115,5.427552700042725,
FCWD3:0075,FCWD3,9109008,9.109008,4.97164042005353,EXACT,UNAVAILABLE_OR_NONFINITE_RETAINED,4.8370041847229,4.883084297180176,4.887333869934082,5.711878776550293,
FCWD3:0076,FCWD3,9159052,9.159052,4.914242354641865,INTERPOLATED_LINEAR,UNAVAILABLE_OR_NONFINITE_RETAINED,5.385325908660889,5.319274425506592,5.3047566413879395,5.896155834197998,
FCWD3:0077,FCWD3,9209104,9.209104,4.85683511361428,EXACT,UNAVAILABLE_OR_NONFINITE_RETAINED,5.407871246337891,5.157247543334961,5.176935195922852,5.745110511779785,
FCWD3:0078,FCWD3,9259156,9.259156,4.817602887847143,INTERPOLATED_LINEAR,UNAVAILABLE_OR_NONFINITE_RETAINED,4.48628568649292,4.401706695556641,4.436697006225586,5.522599697113037,
FCWD3:0079,FCWD3,9309200,9.3092,4.77837693271467,EXACT,UNAVAILABLE_OR_NONFINITE_RETAINED,4.689082622528076,4.573390960693359,4.646311283111572,5.374092102050781,
FCWD3:0080,FCWD3,9359252,9.359252,4.7375688962676055,INTERPOLATED_LINEAR,UNAVAILABLE_OR_NONFINITE_RETAINED,5.802602291107178,5.6141862869262695,5.644555568695068,6.4050822257995605,
FCWD3:0081,FCWD3,9409304,9.409304,4.69676085982054,EXACT,UNAVAILABLE_OR_NONFINITE_RETAINED,5.539226055145264,5.445827960968018,5.492349147796631,5.423254013061523,
FCWD3:0082,FCWD3,9459348,9.459348,4.66495006505515,INTERPOLATED_LINEAR,UNAVAILABLE_OR_NONFINITE_RETAINED,6.346127510070801,6.146724700927734,6.202446937561035,3.361419916152954,
FCWD3:0083,FCWD3,9509400,9.5094,4.63313418503762,EXACT,UNAVAILABLE_OR_NONFINITE_RETAINED,6.69384241104126,6.77183198928833,6.4990339279174805,3.366870403289795,
FCWD3:0084,FCWD3,9559452,9.559452,4.59478139108242,INTERPOLATED_LINEAR,UNAVAILABLE_OR_NONFINITE_RETAINED,6.364840030670166,6.366018772125244,6.101579666137695,3.3880019187927246,
FCWD3:0085,FCWD3,9609496,9.609496,4.55643472719898,EXACT,UNAVAILABLE_OR_NONFINITE_RETAINED,6.601293563842773,6.625674247741699,6.285253047943115,3.719632387161255,
FCWD3:0086,FCWD3,9659548,9.659548,4.523487392427592,INTERPOLATED_LINEAR,UNAVAILABLE_OR_NONFINITE_RETAINED,5.397907733917236,5.362685203552246,5.600540637969971,3.7174484729766846,
FCWD3:0087,FCWD3,9709601,9.709601,4.4905393993941,EXACT,UNAVAILABLE_OR_NONFINITE_RETAINED,4.782207012176514,4.66707181930542,5.071159362792969,4.535669803619385,
FCWD3:0088,FCWD3,9759653,9.759653,4.4399597085023155,INTERPOLATED_LINEAR,UNAVAILABLE_OR_NONFINITE_RETAINED,5.732174873352051,5.5371246337890625,5.785884380340576,3.480851411819458,
FCWD3:0089,FCWD3,9809696,9.809696,4.38938911249621,EXACT,UNAVAILABLE_OR_NONFINITE_RETAINED,4.85086727142334,4.685091495513916,4.8008575439453125,3.7311224937438965,
FCWD3:0090,FCWD3,9859749,9.859749,4.337788334268321,INTERPOLATED_LINEAR,UNAVAILABLE_OR_NONFINITE_RETAINED,4.2451043128967285,4.22108793258667,4.436385154724121,4.315582752227783,
FCWD3:0091,FCWD3,9909801,9.909801,4.28618858696322,EXACT,UNAVAILABLE_OR_NONFINITE_RETAINED,4.963056564331055,4.880420684814453,4.995581150054932,4.5190300941467285,
FCWD3:0092,FCWD3,9959844,9.959844,4.240579951035765,INTERPOLATED_LINEAR,UNAVAILABLE_OR_NONFINITE_RETAINED,4.606945514678955,4.527867794036865,4.7049031257629395,2.886338233947754,
FCWD3:0093,FCWD3,10009897,10.009897,4.19496220121907,EXACT,UNAVAILABLE_OR_NONFINITE_RETAINED,4.55741548538208,4.498199939727783,4.648499011993408,4.2016777992248535,
FCWD3:0094,FCWD3,10059949,10.059949,4.143639247216243,INTERPOLATED_LINEAR,UNAVAILABLE_OR_NONFINITE_RETAINED,4.303108215332031,4.202714443206787,4.426971435546875,3.2131950855255127,
FCWD3:0095,FCWD3,10109992,10.109992,4.09232552174746,EXACT,UNAVAILABLE_OR_NONFINITE_RETAINED,3.8534021377563477,3.7851202487945557,4.011303424835205,4.945311546325684,
FCWD3:0096,FCWD3,10160045,10.160045,4.043763385960561,INTERPOLATED_LINEAR,UNAVAILABLE_OR_NONFINITE_RETAINED,3.8186099529266357,3.7315921783447266,3.816708564758301,4.536614418029785,
FCWD3:0097,FCWD3,10210097,10.210097,3.99520222038795,EXACT,UNAVAILABLE_OR_NONFINITE_RETAINED,3.722238540649414,3.6265463829040527,3.6905524730682373,4.8053388595581055,
FCWD3:0098,FCWD3,10260141,10.260141,3.9474609030572165,INTERPOLATED_LINEAR,UNAVAILABLE_OR_NONFINITE_RETAINED,4.737215042114258,4.427143573760986,4.560964107513428,3.720069646835327,
FCWD3:0099,FCWD3,10310193,10.310193,3.89971195383178,EXACT,UNAVAILABLE_OR_NONFINITE_RETAINED,4.060535907745361,3.776094436645508,3.89794659614563,4.140253067016602,
FCWD3:0100,FCWD3,10360245,10.360245,3.8627241315002725,INTERPOLATED_LINEAR,UNAVAILABLE_OR_NONFINITE_RETAINED,3.7715725898742676,3.6149635314941406,3.6523265838623047,3.1714603900909424,
FCWD3:0101,FCWD3,10410289,10.410289,3.82574222107196,EXACT,UNAVAILABLE_OR_NONFINITE_RETAINED,4.129739284515381,3.9218969345092773,4.009429454803467,3.5089528560638428,
FCWD3:0102,FCWD3,10460341,10.460341,3.774733874234048,INTERPOLATED_LINEAR,UNAVAILABLE_OR_NONFINITE_RETAINED,4.05159330368042,3.7315304279327393,3.857912302017212,3.6498711109161377,
FCWD3:0103,FCWD3,10510394,10.510394,3.72372450828907,EXACT,UNAVAILABLE_OR_NONFINITE_RETAINED,3.820539712905884,3.5328056812286377,3.636601209640503,3.874413251876831,
FCWD3:0104,FCWD3,10560437,10.560437,3.6812280149876644,INTERPOLATED_LINEAR,UNAVAILABLE_OR_NONFINITE_RETAINED,3.530782461166382,3.3513240814208984,3.432769536972046,3.3808400630950928,
FCWD3:0105,FCWD3,10610489,10.610489,3.63872387889027,EXACT,UNAVAILABLE_OR_NONFINITE_RETAINED,3.037688732147217,2.975250720977783,3.005892276763916,3.351200580596924,
FCWD3:0106,FCWD3,10660542,10.660542,3.587580800307193,INTERPOLATED_LINEAR,UNAVAILABLE_OR_NONFINITE_RETAINED,3.042890787124634,2.9717307090759277,3.015277624130249,3.0423545837402344,
FCWD3:0107,FCWD3,10710585,10.710585,3.53644793950898,EXACT,UNAVAILABLE_OR_NONFINITE_RETAINED,3.0569193363189697,2.9923126697540283,3.024449348449707,2.576714038848877,
FCWD3:0108,FCWD3,10760637,10.760637,3.4882153846682167,INTERPOLATED_LINEAR,UNAVAILABLE_OR_NONFINITE_RETAINED,2.996349811553955,2.9426262378692627,2.957988739013672,3.1680588722229004,
FCWD3:0109,FCWD3,10810690,10.81069,3.43998186617855,EXACT,UNAVAILABLE_OR_NONFINITE_RETAINED,3.2883403301239014,3.1721181869506836,3.1920456886291504,3.6761505603790283,
FCWD3:0110,FCWD3,10860733,10.860733,3.3928771535488136,INTERPOLATED_LINEAR,UNAVAILABLE_OR_NONFINITE_RETAINED,3.265580654144287,3.1879184246063232,3.1895434856414795,4.164548397064209,
FCWD3:0111,FCWD3,10910786,10.910786,3.3457630280716,EXACT,UNAVAILABLE_OR_NONFINITE_RETAINED,3.3469200134277344,3.208000659942627,3.2634716033935547,3.724388599395752,
FCWD3:0112,FCWD3,10960838,10.960838,3.29916269036114,INTERPOLATED_LINEAR,UNAVAILABLE_OR_NONFINITE_RETAINED,3.3533918857574463,3.1558260917663574,3.232858657836914,3.3204851150512695,
FCWD3:0113,FCWD3,11010881,11.010881,3.25257073199695,EXACT,UNAVAILABLE_OR_NONFINITE_RETAINED,3.3284554481506348,3.067275047302246,3.171966552734375,2.9633400440216064,
FCWD3:0114,FCWD3,11060934,11.060934,3.222322123572257,INTERPOLATED_LINEAR,UNAVAILABLE_OR_NONFINITE_RETAINED,3.348625659942627,3.0446784496307373,3.130063056945801,2.5250084400177,
FCWD3:0115,FCWD3,11110986,11.110986,3.19207411947914,EXACT,UNAVAILABLE_OR_NONFINITE_RETAINED,3.9019317626953125,3.4967708587646484,3.5723674297332764,2.627314567565918,
FCWD3:0116,FCWD3,11161029,11.161029,3.142529149261881,INTERPOLATED_LINEAR,UNAVAILABLE_OR_NONFINITE_RETAINED,3.7637975215911865,3.464247941970825,3.5538034439086914,2.472695827484131,
FCWD3:0117,FCWD3,11211082,11.211082,3.09297427856499,EXACT,UNAVAILABLE_OR_NONFINITE_RETAINED,3.1361114978790283,2.9477062225341797,3.081860303878784,2.6323065757751465,
FCWD3:0118,FCWD3,11261134,11.261134,3.038563850805819,INTERPOLATED_LINEAR,UNAVAILABLE_OR_NONFINITE_RETAINED,3.0724260807037354,2.9304568767547607,3.005112886428833,2.949000358581543,
FCWD3:0119,FCWD3,11311186,11.311186,2.98415342304665,EXACT,UNAVAILABLE_OR_NONFINITE_RETAINED,2.8022620677948,2.6922447681427,2.744215965270996,2.9909589290618896,
FCWD3:0120,FCWD3,11361230,11.36123,2.9325882301762904,INTERPOLATED_LINEAR,UNAVAILABLE_OR_NONFINITE_RETAINED,2.8506040573120117,2.769753932952881,2.759284496307373,3.8552980422973633,
FCWD3:0121,FCWD3,11411282,11.411282,2.88101479412907,EXACT,UNAVAILABLE_OR_NONFINITE_RETAINED,2.879211187362671,2.78554105758667,2.800978183746338,2.522916316986084,
FCWD3:0122,FCWD3,11461335,11.461335,2.8369522488719285,INTERPOLATED_LINEAR,UNAVAILABLE_OR_NONFINITE_RETAINED,2.9411487579345703,2.8082032203674316,2.8540921211242676,2.2376036643981934,
FCWD3:0123,FCWD3,11511378,11.511378,2.79289850679247,EXACT,UNAVAILABLE_OR_NONFINITE_RETAINED,2.731220006942749,2.60497784614563,2.703900098800659,2.780317783355713,
FCWD3:0124,FCWD3,11561430,11.56143,2.735663653734932,INTERPOLATED_LINEAR,UNAVAILABLE_OR_NONFINITE_RETAINED,2.674464464187622,2.5178728103637695,2.6370575428009033,2.586374521255493,
FCWD3:0125,FCWD3,11611483,11.611483,2.67842765716958,EXACT,UNAVAILABLE_OR_NONFINITE_RETAINED,2.635035276412964,2.485100746154785,2.604228973388672,2.685162305831909,
FCWD3:0126,FCWD3,11661526,11.661526,2.629289057615742,INTERPOLATED_LINEAR,UNAVAILABLE_OR_NONFINITE_RETAINED,2.5215444564819336,2.420584201812744,2.47434663772583,2.5112247467041016,
FCWD3:0127,FCWD3,11711579,11.711579,2.58014063878657,EXACT,UNAVAILABLE_OR_NONFINITE_RETAINED,2.5659942626953125,2.4641048908233643,2.505141019821167,2.404663324356079,
FCWD3:0128,FCWD3,11761631,11.761631,2.5337403957217406,INTERPOLATED_LINEAR,UNAVAILABLE_OR_NONFINITE_RETAINED,2.41227126121521,2.35935115814209,2.3728532791137695,2.335530996322632,
FCWD3:0129,FCWD3,11811674,11.811674,2.48734849602356,EXACT,UNAVAILABLE_OR_NONFINITE_RETAINED,2.2910523414611816,2.261737585067749,2.263237476348877,2.157902479171753,
FCWD3:0130,FCWD3,11861727,11.861727,2.435730945495446,INTERPOLATED_LINEAR,UNAVAILABLE_OR_NONFINITE_RETAINED,2.275003433227539,2.2477312088012695,2.2614834308624268,2.1038870811462402,
FCWD3:0131,FCWD3,11911779,11.911779,2.38411442622521,EXACT,UNAVAILABLE_OR_NONFINITE_RETAINED,2.320683002471924,2.2791311740875244,2.2858753204345703,2.18109130859375,
FCWD3:0132,FCWD3,11961822,11.961822,2.334685555198137,INTERPOLATED_LINEAR,UNAVAILABLE_OR_NONFINITE_RETAINED,2.4042773246765137,2.344879150390625,2.357997417449951,2.3647167682647705,
FCWD3:0133,FCWD3,12011875,12.011875,2.28524680689132,EXACT,UNAVAILABLE_OR_NONFINITE_RETAINED,2.418358087539673,2.3518128395080566,2.3519701957702637,2.177168369293213,
FCWD3:0134,FCWD3,12061927,12.061927,2.235985977651478,INTERPOLATED_LINEAR,UNAVAILABLE_OR_NONFINITE_RETAINED,2.63863468170166,2.5216317176818848,2.5611701011657715,2.077329158782959,
FCWD3:0135,FCWD3,12111971,12.111971,2.18673302195583,EXACT,UNAVAILABLE_OR_NONFINITE_RETAINED,2.620014190673828,2.493553400039673,2.5266785621643066,2.0018537044525146,
FCWD3:0136,FCWD3,12162023,12.162023,2.1419455528746956,INTERPOLATED_LINEAR,UNAVAILABLE_OR_NONFINITE_RETAINED,2.2459070682525635,2.209432601928711,2.2438454627990723,2.126408815383911,
FCWD3:0137,FCWD3,12212075,12.212075,2.09715808379356,EXACT,UNAVAILABLE_OR_NONFINITE_RETAINED,2.218653917312622,2.1809756755828857,2.1995933055877686,2.0006816387176514,
FCWD3:0138,FCWD3,12262128,12.262128,2.0526015529135075,INTERPOLATED_LINEAR,UNAVAILABLE_OR_NONFINITE_RETAINED,2.184586763381958,2.1532254219055176,2.1606132984161377,1.9368621110916138,
FCWD3:0139,FCWD3,12312171,12.312171,2.00805392390365,EXACT,UNAVAILABLE_OR_NONFINITE_RETAINED,2.2264392375946045,2.1787023544311523,2.16953444480896,1.852748990058899,
FCWD3:0140,FCWD3,12362223,12.362223,1.9637465224728907,INTERPOLATED_LINEAR,UNAVAILABLE_OR_NONFINITE_RETAINED,2.3170981407165527,2.260467290878296,2.2463555335998535,1.8252074718475342,
FCWD3:0141,FCWD3,12412276,12.412276,1.91943823581474,EXACT,UNAVAILABLE_OR_NONFINITE_RETAINED,2.165707588195801,2.119889497756958,2.1200509071350098,1.5881950855255127,
FCWD3:0142,FCWD3,12462319,12.462319,1.8820482998840737,INTERPOLATED_LINEAR,UNAVAILABLE_OR_NONFINITE_RETAINED,2.0475027561187744,2.0132532119750977,2.0170681476593018,1.6541695594787598,
FCWD3:0143,FCWD3,12512371,12.512371,1.84465163954793,EXACT,UNAVAILABLE_OR_NONFINITE_RETAINED,1.9661835432052612,1.948225498199463,1.952264666557312,1.6551324129104614,
FCWD3:0144,FCWD3,12562424,12.562424,1.805765481314425,INTERPOLATED_LINEAR,UNAVAILABLE_OR_NONFINITE_RETAINED,1.9359753131866455,1.9127113819122314,1.9103097915649414,1.580678939819336,
FCWD3:0145,FCWD3,12612467,12.612467,1.76688709207743,EXACT,UNAVAILABLE_OR_NONFINITE_RETAINED,1.918257713317871,1.8936032056808472,1.887726068496704,1.6021528244018555,
FCWD3:0146,FCWD3,12662520,12.66252,1.7259776178141033,INTERPOLATED_LINEAR,UNAVAILABLE_OR_NONFINITE_RETAINED,1.8975722789764404,1.8786427974700928,1.8774899244308472,1.5044995546340942,
FCWD3:0147,FCWD3,12712572,12.712572,1.6850689608739,EXACT,UNAVAILABLE_OR_NONFINITE_RETAINED,1.882630705833435,1.816774606704712,1.8189897537231445,2.129685640335083,
FCWD3:0148,FCWD3,12762615,12.762615,1.6415261920225945,INTERPOLATED_LINEAR,UNAVAILABLE_OR_NONFINITE_RETAINED,1.8392629623413086,1.7852072715759277,1.7791857719421387,1.7427632808685303,
FCWD3:0149,FCWD3,12812668,12.812668,1.59797472210044,EXACT,UNAVAILABLE_OR_NONFINITE_RETAINED,1.7964125871658325,1.7573033571243286,1.7351388931274414,1.520614743232727,
FCWD3:0150,FCWD3,12862720,12.86272,1.5613717838684071,INTERPOLATED_LINEAR,UNAVAILABLE_OR_NONFINITE_RETAINED,1.8784360885620117,1.844693899154663,1.8355116844177246,1.4713990688323975,
FCWD3:0151,FCWD3,12912764,12.912764,1.52477469602209,EXACT,UNAVAILABLE_OR_NONFINITE_RETAINED,1.8441437482833862,1.787985920906067,1.7790563106536865,1.4181228876113892,
FCWD3:0152,FCWD3,12962816,12.962816,1.4948175803712245,INTERPOLATED_LINEAR,UNAVAILABLE_OR_NONFINITE_RETAINED,1.8339382410049438,1.752759337425232,1.751310110092163,1.5593715906143188,
FCWD3:0153,FCWD3,13012868,13.012868,1.46486046472036,EXACT,UNAVAILABLE_OR_NONFINITE_RETAINED,1.853501558303833,1.7694838047027588,1.7771358489990234,1.320307731628418,
FCWD3:0154,FCWD3,13062912,13.062912,1.4433585678651202,INTERPOLATED_LINEAR,UNAVAILABLE_OR_NONFINITE_RETAINED,1.8088724613189697,1.728765845298767,1.735443353652954,1.3615583181381226,
FCWD3:0155,FCWD3,13112964,13.112964,1.42185323373119,EXACT,UNAVAILABLE_OR_NONFINITE_RETAINED,1.7916650772094727,1.727792739868164,1.7276616096496582,1.2915983200073242,
FCWD3:0156,FCWD3,13163016,13.163016,1.3996631713559249,INTERPOLATED_LINEAR,UNAVAILABLE_OR_NONFINITE_RETAINED,1.8353145122528076,1.7543623447418213,1.7595566511154175,1.372969150543213,
FCWD3:0157,FCWD3,13213060,13.21306,1.37747665570205,EXACT,UNAVAILABLE_OR_NONFINITE_RETAINED,1.857005000114441,1.7737780809402466,1.7895561456680298,1.3931232690811157,
FCWD3:0158,FCWD3,13263112,13.263112,1.3596148696319963,INTERPOLATED_LINEAR,UNAVAILABLE_OR_NONFINITE_RETAINED,1.873942255973816,1.7933845520019531,1.8094044923782349,1.4282164573669434,
FCWD3:0159,FCWD3,13313165,13.313165,1.34175272669736,EXACT,UNAVAILABLE_OR_NONFINITE_RETAINED,1.914078950881958,1.8512849807739258,1.8718582391738892,1.4936487674713135,
FCWD3:0160,FCWD3,13363208,13.363208,1.3266691644347637,INTERPOLATED_LINEAR,UNAVAILABLE_OR_NONFINITE_RETAINED,2.0388925075531006,1.979127049446106,1.9944772720336914,1.5048949718475342,
FCWD3:0161,FCWD3,13413260,13.41326,1.31158288946389,EXACT,UNAVAILABLE_OR_NONFINITE_RETAINED,1.9543869495391846,1.8938369750976562,1.9062108993530273,1.5471113920211792,
FCWD3:0162,FCWD3,13463313,13.463313,1.293674089685605,INTERPOLATED_LINEAR,UNAVAILABLE_OR_NONFINITE_RETAINED,2.06245756149292,2.0017104148864746,1.993842601776123,1.4716495275497437,
FCWD3:0163,FCWD3,13513356,13.513356,1.27576886787463,EXACT,UNAVAILABLE_OR_NONFINITE_RETAINED,2.039545774459839,1.9798150062561035,1.9786872863769531,1.7215594053268433,
FCWD3:0164,FCWD3,13563408,13.563408,1.258924705991651,INTERPOLATED_LINEAR,UNAVAILABLE_OR_NONFINITE_RETAINED,2.323307752609253,2.254093885421753,2.255032539367676,1.3876557350158691,
FCWD3:0165,FCWD3,13613461,13.613461,1.24208020757543,EXACT,UNAVAILABLE_OR_NONFINITE_RETAINED,2.4070982933044434,2.348651647567749,2.317876100540161,1.4112863540649414,
FCWD3:0166,FCWD3,13663504,13.663504,1.230338296755621,INTERPOLATED_LINEAR,UNAVAILABLE_OR_NONFINITE_RETAINED,2.20686411857605,2.1471097469329834,2.1682980060577393,1.416114330291748,
FCWD3:0167,FCWD3,13713556,13.713556,1.21859427420795,EXACT,UNAVAILABLE_OR_NONFINITE_RETAINED,2.6433677673339844,2.492037296295166,2.5405964851379395,1.5337640047073364,
FCWD3:0168,FCWD3,13763609,13.763609,1.2071128348118454,INTERPOLATED_LINEAR,UNAVAILABLE_OR_NONFINITE_RETAINED,3.104170322418213,2.890115976333618,2.8759148120880127,1.5237109661102295,
FCWD3:0169,FCWD3,13813661,13.813661,1.19563162480138,EXACT,UNAVAILABLE_OR_NONFINITE_RETAINED,2.9651308059692383,2.8396480083465576,2.790229320526123,1.3485033512115479,
FCWD3:0170,FCWD3,13863705,13.863705,1.1949135380702898,INTERPOLATED_LINEAR,UNAVAILABLE_OR_NONFINITE_RETAINED,2.5271847248077393,2.448624610900879,2.4611353874206543,1.2710522413253784,
FCWD3:0171,FCWD3,13913757,13.913757,1.19419533654634,EXACT,UNAVAILABLE_OR_NONFINITE_RETAINED,2.491427421569824,2.449007034301758,2.44612455368042,1.2860016822814941,
FCWD3:0172,FCWD3,13963810,13.96381,1.201695462290308,INTERPOLATED_LINEAR,UNAVAILABLE_OR_NONFINITE_RETAINED,2.560567617416382,2.512737512588501,2.4938910007476807,1.3554662466049194,
FCWD3:0173,FCWD3,14013853,14.013853,1.20919408959747,EXACT,UNAVAILABLE_OR_NONFINITE_RETAINED,2.3450164794921875,2.2860312461853027,2.270890474319458,1.3840487003326416,
FCWD3:0174,FCWD3,14063905,14.063905,1.2191134715798997,INTERPOLATED_LINEAR,UNAVAILABLE_OR_NONFINITE_RETAINED,2.3138177394866943,2.222108840942383,2.24822998046875,1.4300485849380493,
FCWD3:0175,FCWD3,14113958,14.113958,1.22903305174386,EXACT,UNAVAILABLE_OR_NONFINITE_RETAINED,2.497995138168335,2.3739683628082275,2.4401822090148926,1.9855445623397827,
FCWD3:0176,FCWD3,14164001,14.164001,1.2569483057226813,INTERPOLATED_LINEAR,UNAVAILABLE_OR_NONFINITE_RETAINED,2.754244327545166,2.57185435295105,2.6670806407928467,2.26676869392395,
FCWD3:0177,FCWD3,14214053,14.214053,1.28486858012965,EXACT,UNAVAILABLE_OR_NONFINITE_RETAINED,2.826362371444702,2.6633758544921875,2.7275948524475098,2.1842944622039795,
FCWD3:0178,FCWD3,14264106,14.264106,1.3244676676809815,INTERPOLATED_LINEAR,UNAVAILABLE_OR_NONFINITE_RETAINED,3.022355794906616,2.8890085220336914,2.9076364040374756,2.6439883708953857,
FCWD3:0179,FCWD3,14314149,14.314149,1.36405884380092,EXACT,UNAVAILABLE_OR_NONFINITE_RETAINED,3.6439342498779297,3.4135916233062744,3.4400346279144287,2.5382182598114014,
FCWD3:0180,FCWD3,14364201,14.364201,1.4342449465600637,INTERPOLATED_LINEAR,UNAVAILABLE_OR_NONFINITE_RETAINED,3.347368001937866,3.1867146492004395,3.205988645553589,2.892404079437256,
FCWD3:0181,FCWD3,14414254,14.414254,1.50443245158291,EXACT,UNAVAILABLE_OR_NONFINITE_RETAINED,3.5991904735565186,3.424067735671997,3.4294676780700684,3.2085986137390137,
FCWD3:0182,FCWD3,14464297,14.464297,1.6002859458514007,INTERPOLATED_LINEAR,UNAVAILABLE_OR_NONFINITE_RETAINED,3.8368074893951416,3.6547601222991943,3.6635048389434814,2.652427911758423,
FCWD3:0183,FCWD3,14514350,14.51435,1.69615859434611,EXACT,UNAVAILABLE_OR_NONFINITE_RETAINED,3.9059078693389893,3.7394933700561523,3.6928532123565674,2.800384521484375,
FCWD3:0184,FCWD3,14564402,14.564402,1.8286647489020602,INTERPOLATED_LINEAR,UNAVAILABLE_OR_NONFINITE_RETAINED,4.496451377868652,4.326963424682617,4.230704307556152,3.2658097743988037,
FCWD3:0185,FCWD3,14614446,14.614446,1.9611497244994,EXACT,UNAVAILABLE_OR_NONFINITE_RETAINED,4.459370136260986,4.337736129760742,4.294065475463867,2.851231575012207,
FCWD3:0186,FCWD3,14664498,14.664498,2.1656117696380384,INTERPOLATED_LINEAR,UNAVAILABLE_OR_NONFINITE_RETAINED,4.733561992645264,4.561336517333984,4.606351852416992,3.31296443939209,
FCWD3:0187,FCWD3,14714550,14.71455,2.37007381477667,EXACT,UNAVAILABLE_OR_NONFINITE_RETAINED,5.401106834411621,5.063995838165283,5.191257476806641,3.0665946006774902,
FCWD3:0188,FCWD3,14764602,14.764602,2.846508030470361,INTERPOLATED_LINEAR,UNAVAILABLE_OR_NONFINITE_RETAINED,5.541621685028076,5.243678092956543,5.4016032218933105,3.0455687046051025,
FCWD3:0189,FCWD3,14814646,14.814646,3.32286609588582,EXACT,UNAVAILABLE_OR_NONFINITE_RETAINED,6.65249490737915,6.1209330558776855,6.440885543823242,3.7177531719207764,
FCWD3:0190,FCWD3,14864698,14.864698,4.4230351993951,INTERPOLATED_LINEAR,UNAVAILABLE_OR_NONFINITE_RETAINED,8.940470695495605,7.703144550323486,8.386244773864746,3.612128257751465,
FCWD3:0191,FCWD3,14914751,14.914751,5.52322628342669,EXACT,UNAVAILABLE_OR_NONFINITE_RETAINED,8.44551944732666,8.148275375366211,8.871706008911133,3.8989036083221436,
FCWD3:0192,FCWD3,14964794,14.964794,,OUTSIDE_MEASURED_GT_SUPPORT,UNAVAILABLE_OR_NONFINITE_RETAINED,7.794411659240723,7.690409183502197,8.067581176757812,5.332143306732178,
FCWD3:0193,FCWD3,15014846,15.014846,,OUTSIDE_MEASURED_GT_SUPPORT,UNAVAILABLE_OR_NONFINITE_RETAINED,7.600826263427734,7.557806491851807,8.005647659301758,5.426973342895508,
FCWD3:0194,FCWD3,15064899,15.064899,,OUTSIDE_MEASURED_GT_SUPPORT,UNAVAILABLE_OR_NONFINITE_RETAINED,8.370118141174316,9.775160789489746,10.194151878356934,6.508422374725342,
FCWD3:0195,FCWD3,15114942,15.114942,,OUTSIDE_MEASURED_GT_SUPPORT,UNAVAILABLE_OR_NONFINITE_RETAINED,7.734834671020508,11.145703315734863,12.216099739074707,5.683839321136475,
FCWD3:0196,FCWD3,15164995,15.164995,,OUTSIDE_MEASURED_GT_SUPPORT,UNAVAILABLE_OR_NONFINITE_RETAINED,5.098214626312256,6.586561679840088,6.690939903259277,5.759626388549805,
FCWD3:0197,FCWD3,15215047,15.215047,,OUTSIDE_MEASURED_GT_SUPPORT,UNAVAILABLE_OR_NONFINITE_RETAINED,5.776527404785156,7.1931352615356445,6.659386157989502,4.084144592285156,
