query_id,sequence_id,anchor_us,anchor_relative_seconds,truth_ttc_seconds,gt_join_status,prediction_status,H8_seed7,H8_seed13,H8_seed23,public_Garl_event_lhr,public_Garl_rgb_event_full,scorer_gt_status,H8_seed7__status,H8_seed7__absolute_error_seconds,H8_seed7__rte_percent,H8_seed13__status,H8_seed13__absolute_error_seconds,H8_seed13__rte_percent,H8_seed23__status,H8_seed23__absolute_error_seconds,H8_seed23__rte_percent,public_Garl_event_lhr__status,public_Garl_event_lhr__absolute_error_seconds,public_Garl_event_lhr__rte_percent
FCWD1:0000,FCWD1,6106034,6.106034,28.9226189494698,EXACT,UNAVAILABLE_OR_NONFINITE_RETAINED,6.377472877502441,7.850900650024414,7.977182865142822,6.804544448852539,,ELIGIBLE,SCORED,22.54514607196736,77.94987760740335,SCORED,21.071718299445386,72.85549879234455,SCORED,20.94543608432698,72.4188778371709,SCORED,22.11807450061726,76.47327698525282
FCWD1:0001,FCWD1,6156086,6.156086,27.768378826285748,INTERPOLATED_LINEAR,UNAVAILABLE_OR_NONFINITE_RETAINED,6.6991376876831055,8.889571189880371,9.6749267578125,13.676037788391113,,ELIGIBLE,SCORED,21.069241138602642,75.87494131511325,SCORED,18.878807636405377,67.98671162802836,SCORED,18.093452068473248,65.15847461482286,SCORED,14.092341037894634,50.749599485277564
FCWD1:0002,FCWD1,6206138,6.206138,26.6141387031017,EXACT,UNAVAILABLE_OR_NONFINITE_RETAINED,6.0855607986450195,7.425880432128906,9.502093315124512,11.465094566345215,,ELIGIBLE,SCORED,20.52857790445668,77.13410579792391,SCORED,19.188258270972792,72.0979870324961,SCORED,17.112045387977187,64.29682199703458,SCORED,15.149044136756483,56.92103849669561
FCWD1:0003,FCWD1,6256190,6.25619,26.06917738645454,INTERPOLATED_LINEAR,UNAVAILABLE_OR_NONFINITE_RETAINED,8.37580680847168,12.442545890808105,16.585590362548828,-8.897547721862793,,ELIGIBLE,SCORED,17.69337057798286,67.87084347040532,SCORED,13.626631495646436,52.27104520270282,SCORED,9.483587023905713,36.37854345505107,SCORED,34.966725108317334,134.13052736556978
FCWD1:0004,FCWD1,6306234,6.306234,25.5243031730307,EXACT,UNAVAILABLE_OR_NONFINITE_RETAINED,6.169134140014648,7.964489936828613,10.181248664855957,13.920575141906738,,ELIGIBLE,SCORED,19.35516903301605,75.83035235793221,SCORED,17.559813236202086,68.79644516507705,SCORED,15.343054508174742,60.111550956605186,SCORED,11.60372803112396,45.46148802755409
FCWD1:0005,FCWD1,6356286,6.356286,24.62487189294075,INTERPOLATED_LINEAR,UNAVAILABLE_OR_NONFINITE_RETAINED,4.961360931396484,6.199645519256592,7.442463397979736,9.892285346984863,,ELIGIBLE,SCORED,19.663510961544265,79.85223658028951,SCORED,18.425226373684158,74.82364356569971,SCORED,17.182408494961013,69.77664115234127,SCORED,14.732586545955886,59.82807386778447
FCWD1:0006,FCWD1,6406338,6.406338,23.7254406128508,EXACT,UNAVAILABLE_OR_NONFINITE_RETAINED,4.131593704223633,4.504613876342773,5.510605335235596,7.0762176513671875,,ELIGIBLE,SCORED,19.593846908627167,82.58580832431088,SCORED,19.220826736508027,81.01357125522523,SCORED,18.214835277615204,76.77343310433275,SCORED,16.649222961483613,70.17455748520692
FCWD1:0007,FCWD1,6456382,6.456382,22.96174145138112,INTERPOLATED_LINEAR,UNAVAILABLE_OR_NONFINITE_RETAINED,5.027847766876221,5.603121280670166,6.789589881896973,5.919371604919434,,ELIGIBLE,SCORED,17.9338936845049,78.103369130246,SCORED,17.358620170710953,75.5980124916303,SCORED,16.172151569484146,70.4308582331477,SCORED,17.042369846461686,74.22072007276526
FCWD1:0008,FCWD1,6506434,6.506434,22.1979202054799,EXACT,UNAVAILABLE_OR_NONFINITE_RETAINED,7.112727642059326,7.679555416107178,8.434261322021484,6.73632287979126,,ELIGIBLE,SCORED,15.085192563420573,67.95768443070878,SCORED,14.518364789372722,65.40416694438174,SCORED,13.763658883458415,62.00427227439372,SCORED,15.46159732568864,69.65336023629685
FCWD1:0009,FCWD1,6556487,6.556487,21.455646066427242,INTERPOLATED_LINEAR,UNAVAILABLE_OR_NONFINITE_RETAINED,7.925446033477783,7.903127670288086,8.805487632751465,7.155195713043213,,ELIGIBLE,SCORED,13.530200032949459,63.061256655052965,SCORED,13.552518396139156,63.16527758791417,SCORED,12.650158433675777,58.959578259776265,SCORED,14.30045035338403,66.65122228950581
FCWD1:0010,FCWD1,6606530,6.60653,20.7135202250069,EXACT,UNAVAILABLE_OR_NONFINITE_RETAINED,6.8442816734313965,7.165441989898682,8.15134048461914,7.530202865600586,,ELIGIBLE,SCORED,13.869238551575503,66.95741912005631,SCORED,13.548078235108218,65.40693270838615,SCORED,12.562179740387759,60.64724684132523,SCORED,13.183317359406313,63.64595305963703
FCWD1:0011,FCWD1,6656582,6.656582,20.0786210359946,INTERPOLATED_LINEAR,UNAVAILABLE_OR_NONFINITE_RETAINED,6.094810962677002,6.720879077911377,7.1545233726501465,7.976009368896484,,ELIGIBLE,SCORED,13.9838100733176,69.64527119790279,SCORED,13.357741958083224,66.52718796842187,SCORED,12.924097663344455,64.36745651096082,SCORED,12.102611667098117,60.276109825480404
FCWD1:0012,FCWD1,6706634,6.706634,19.4437218469823,EXACT,UNAVAILABLE_OR_NONFINITE_RETAINED,5.989732265472412,6.672983646392822,6.858621120452881,8.433897972106934,,ELIGIBLE,SCORED,13.453989581509887,69.19451783660426,SCORED,12.770738200589477,65.68052300424941,SCORED,12.585100726529419,64.7257805145091,SCORED,11.009823874875366,56.62405562844497
FCWD1:0013,FCWD1,6756678,6.756678,18.802449164511245,INTERPOLATED_LINEAR,UNAVAILABLE_OR_NONFINITE_RETAINED,6.988593578338623,8.012378692626953,8.53405475616455,7.619565486907959,,ELIGIBLE,SCORED,11.813855586172622,62.83147202158498,SCORED,10.790070471884292,57.38651586012556,SCORED,10.268394408346694,54.612004630374514,SCORED,11.182883677603286,59.47567564075887
FCWD1:0014,FCWD1,6806730,6.80673,18.1610739686228,EXACT,UNAVAILABLE_OR_NONFINITE_RETAINED,8.570490837097168,10.389636039733887,10.29017162322998,-7.7937140464782715,,ELIGIBLE,SCORED,9.590583131525634,52.80845806858916,SCORED,7.771437928888915,42.79173105244635,SCORED,7.870902345392821,43.33941020774164,SCORED,25.954788015101073,142.91438964426666
FCWD1:0015,FCWD1,6856783,6.856783,17.655148534096508,INTERPOLATED_LINEAR,UNAVAILABLE_OR_NONFINITE_RETAINED,7.981043815612793,9.21642780303955,9.18934154510498,8.423819541931152,,ELIGIBLE,SCORED,9.674104718483715,54.7948078703535,SCORED,8.438720731056957,47.79750628979234,SCORED,8.465806988991528,47.95092475513268,SCORED,9.231328992165356,52.286895090898554
FCWD1:0016,FCWD1,6906826,6.906826,17.1493241775145,EXACT,UNAVAILABLE_OR_NONFINITE_RETAINED,6.175068378448486,7.422825336456299,8.2035551071167,9.312759399414062,,ELIGIBLE,SCORED,10.974255799066015,63.992351450531295,SCORED,9.726498841058202,56.71651395925673,SCORED,8.945769070397802,52.16397438055974,SCORED,7.836564778100438,45.69605599021462
FCWD1:0017,FCWD1,6956878,6.956878,16.728105074623453,INTERPOLATED_LINEAR,UNAVAILABLE_OR_NONFINITE_RETAINED,8.64867115020752,9.398662567138672,10.368762016296387,7.977412223815918,,ELIGIBLE,SCORED,8.079433924415934,48.29856034723527,SCORED,7.3294425074847815,43.81513910146075,SCORED,6.359343058327067,38.015920093508946,SCORED,8.750692850807535,52.31132164564378
FCWD1:0018,FCWD1,7006931,7.006931,16.3068775561026,EXACT,UNAVAILABLE_OR_NONFINITE_RETAINED,9.185009002685547,9.620731353759766,10.687363624572754,6.051360607147217,,ELIGIBLE,SCORED,7.121868553417052,43.67401747461949,SCORED,6.686146202342833,41.00200163605598,SCORED,5.619513931529845,34.4610052549688,SCORED,10.255516948955382,62.890746028306395
FCWD1:0019,FCWD1,7056974,7.056974,16.011175220715586,INTERPOLATED_LINEAR,UNAVAILABLE_OR_NONFINITE_RETAINED,8.560988426208496,9.515485763549805,9.712746620178223,7.702719688415527,,ELIGIBLE,SCORED,7.45018679450709,46.5311677113363,SCORED,6.495689457165781,40.56972313163824,SCORED,6.298428600537363,39.337703283568636,SCORED,8.308455532300059,51.89160331935165
FCWD1:0020,FCWD1,7107026,7.107026,15.7154197046436,EXACT,UNAVAILABLE_OR_NONFINITE_RETAINED,7.444938659667969,8.179524421691895,8.353503227233887,8.159489631652832,,ELIGIBLE,SCORED,8.27048104497563,52.626536232639495,SCORED,7.535895282951705,47.952236876785385,SCORED,7.3619164774097126,46.84517891198547,SCORED,7.555930072990767,48.07972179551869
FCWD1:0021,FCWD1,7157078,7.157078,15.281668219860146,INTERPOLATED_LINEAR,UNAVAILABLE_OR_NONFINITE_RETAINED,5.811257362365723,7.048177719116211,6.464042663574219,11.806626319885254,,ELIGIBLE,SCORED,9.470410857494423,61.97236271094161,SCORED,8.233490500743935,53.87821789013611,SCORED,8.817625556285927,57.70067396716865,SCORED,3.475041899974892,22.739938140122078
FCWD1:0022,FCWD1,7207122,7.207122,14.847986063213,EXACT,UNAVAILABLE_OR_NONFINITE_RETAINED,8.23542308807373,8.636469841003418,8.471126556396484,6.387792110443115,,ELIGIBLE,SCORED,6.612562975139269,44.53508339102224,SCORED,6.211516222209582,41.83406554777876,SCORED,6.3768595068165155,42.947639361109474,SCORED,8.460193952769885,56.97873042681964
FCWD1:0023,FCWD1,7257174,7.257174,14.510834289323853,INTERPOLATED_LINEAR,UNAVAILABLE_OR_NONFINITE_RETAINED,7.667809009552002,8.140466690063477,8.156752586364746,8.59915828704834,,ELIGIBLE,SCORED,6.843025279771851,47.15804166274928,SCORED,6.370367599260376,43.900767331808666,SCORED,6.354081702959107,43.788534664985015,SCORED,5.911676002275513,40.7397389040887
FCWD1:0024,FCWD1,7307227,7.307227,14.1736757794047,EXACT,UNAVAILABLE_OR_NONFINITE_RETAINED,7.342501640319824,9.218445777893066,8.954663276672363,6.9189534187316895,,ELIGIBLE,SCORED,6.831174139084876,48.19620714769721,SCORED,4.955230001511634,34.96079689301144,SCORED,5.219012502732337,36.821870232956165,SCORED,7.254722360673011,51.18448081911545
FCWD1:0025,FCWD1,7357270,7.35727,13.869447343848105,INTERPOLATED_LINEAR,UNAVAILABLE_OR_NONFINITE_RETAINED,6.6085076332092285,7.609299659729004,7.426626682281494,14.495607376098633,,ELIGIBLE,SCORED,7.260939710638876,52.35204785473676,SCORED,6.260147684119101,45.136244645651544,SCORED,6.442820661566611,46.45333373304432,SCORED,0.6261600322505281,4.514671830296583
FCWD1:0026,FCWD1,7407322,7.407322,13.5651641942272,EXACT,UNAVAILABLE_OR_NONFINITE_RETAINED,6.927672863006592,7.196783065795898,7.16931676864624,7.205624580383301,,ELIGIBLE,SCORED,6.637491331220609,48.930416441588406,SCORED,6.368381128431302,46.946583448959906,SCORED,6.3958474255809605,47.149060151463416,SCORED,6.3595396138439,46.881405361464545
FCWD1:0027,FCWD1,7457375,7.457375,13.25182119743036,INTERPOLATED_LINEAR,UNAVAILABLE_OR_NONFINITE_RETAINED,7.822103023529053,8.497072219848633,7.611915588378906,6.330595016479492,,ELIGIBLE,SCORED,5.429718173901307,40.97337334248198,SCORED,4.754748977581727,35.879966283454785,SCORED,5.639905609051453,42.55947559981475,SCORED,6.9212261809508675,52.22849054357111
FCWD1:0028,FCWD1,7507418,7.507418,12.9385408028745,EXACT,UNAVAILABLE_OR_NONFINITE_RETAINED,7.197615146636963,7.156407833099365,7.95219087600708,7.800997734069824,,ELIGIBLE,SCORED,5.740925656237538,44.37073502880712,SCORED,5.782132969775136,44.68922004319486,SCORED,4.986349926867421,38.53873479890116,SCORED,5.137543068804677,39.70728343387293
FCWD1:0029,FCWD1,7557470,7.55747,12.6892137436572,INTERPOLATED_LINEAR,UNAVAILABLE_OR_NONFINITE_RETAINED,9.568384170532227,10.260979652404785,10.289152145385742,6.976756572723389,,ELIGIBLE,SCORED,3.1208295731249738,24.594349470115468,SCORED,2.428234091252415,19.136206074755314,SCORED,2.400061598271458,18.91418685788272,SCORED,5.712457170933812,45.0182122102658
FCWD1:0030,FCWD1,7607522,7.607522,12.4398866844399,EXACT,UNAVAILABLE_OR_NONFINITE_RETAINED,7.420629501342773,7.866189956665039,8.400567054748535,-9.976698875427246,,ELIGIBLE,SCORED,5.019257183097126,40.34809408171965,SCORED,4.573696727774861,36.76638577018348,SCORED,4.039319629691365,32.47071080433425,SCORED,22.416585559867144,180.1992745473022
FCWD1:0031,FCWD1,7657566,7.657566,12.236523681703853,INTERPOLATED_LINEAR,UNAVAILABLE_OR_NONFINITE_RETAINED,8.228228569030762,9.840551376342773,9.869856834411621,7.632251739501953,,ELIGIBLE,SCORED,4.008295112673091,32.75681244883566,SCORED,2.395972305361079,19.58049825003449,SCORED,2.3666668472922314,19.341006554262552,SCORED,4.604271942201899,37.62728747124678
FCWD1:0032,FCWD1,7707618,7.707618,12.0331281694957,EXACT,UNAVAILABLE_OR_NONFINITE_RETAINED,7.951232433319092,9.372894287109375,10.426241874694824,-23.60594367980957,,ELIGIBLE,SCORED,4.081895736176609,33.922149574740864,SCORED,2.6602338823863256,22.10758370487642,SCORED,1.6068862948008764,13.353853396778204,SCORED,35.63907184930527,296.1746218215415
FCWD1:0033,FCWD1,7757671,7.757671,11.810184529024646,INTERPOLATED_LINEAR,UNAVAILABLE_OR_NONFINITE_RETAINED,6.6647868156433105,11.182478904724121,10.496326446533203,7.304477691650391,,ELIGIBLE,SCORED,5.145397713381335,43.56746247898188,SCORED,0.6277056243005248,5.314951876982776,SCORED,1.3138580824914428,11.124788772457467,SCORED,4.505706837374255,38.151028261252435
FCWD1:0034,FCWD1,7807723,7.807723,11.587245342705,EXACT,UNAVAILABLE_OR_NONFINITE_RETAINED,7.432070732116699,10.42442512512207,9.510921478271484,-22.077608108520508,,ELIGIBLE,SCORED,4.1551746105883005,35.85990015482221,SCORED,1.1628202175829294,10.035346479610082,SCORED,2.0763238644335154,17.919046356783237,SCORED,33.66485345122551,290.53370715430606
FCWD1:0035,FCWD1,7857766,7.857766,11.376908161661651,INTERPOLATED_LINEAR,UNAVAILABLE_OR_NONFINITE_RETAINED,7.582201957702637,9.2402925491333,9.111441612243652,7.321115970611572,,ELIGIBLE,SCORED,3.7947062039590147,33.35445931388076,SCORED,2.1366156125283506,18.780283554792167,SCORED,2.265466549417999,19.912849055530366,SCORED,4.055792191050079,35.64933577223947
FCWD1:0036,FCWD1,7907819,7.907819,11.166528949329,EXACT,UNAVAILABLE_OR_NONFINITE_RETAINED,6.4332122802734375,7.580125331878662,8.411980628967285,-10.197179794311523,,ELIGIBLE,SCORED,4.733316669055563,42.38843324128927,SCORED,3.5864036174503386,32.117443421537416,SCORED,2.7545483203617156,24.66790112541854,SCORED,21.363708743640522,191.31915423838376
FCWD1:0037,FCWD1,7957871,7.957871,10.922790521669825,INTERPOLATED_LINEAR,UNAVAILABLE_OR_NONFINITE_RETAINED,7.437081813812256,8.50220775604248,8.85827922821045,6.9953742027282715,,ELIGIBLE,SCORED,3.485708707857569,31.91225448242589,SCORED,2.420582765627344,22.160845809732667,SCORED,2.0645112934593755,18.900951083549323,SCORED,3.927416318941553,35.95616258638226
FCWD1:0038,FCWD1,8007914,8.007914,10.6790959213472,EXACT,UNAVAILABLE_OR_NONFINITE_RETAINED,7.60666036605835,7.763754844665527,8.861856460571289,-7.246676921844482,,ELIGIBLE,SCORED,3.07243555528885,28.770558649512097,SCORED,2.9153410766816723,27.299512038785895,SCORED,1.8172394607759106,17.01679125424187,SCORED,17.92577284319168,167.8585244969903
FCWD1:0039,FCWD1,8057967,8.057967,10.491458718235869,INTERPOLATED_LINEAR,UNAVAILABLE_OR_NONFINITE_RETAINED,6.480941295623779,6.86334228515625,7.693077564239502,6.9778594970703125,,ELIGIBLE,SCORED,4.010517422612089,38.22649957761503,SCORED,3.6281164330796187,34.58162044495643,SCORED,2.7983811539963668,26.672946338075214,SCORED,3.5135992211655562,33.49009242211807
FCWD1:0040,FCWD1,8108019,8.108019,10.3038252638949,EXACT,UNAVAILABLE_OR_NONFINITE_RETAINED,7.417902946472168,7.673056125640869,7.812396049499512,7.021312713623047,,ELIGIBLE,SCORED,2.8859223174227324,28.008261432141545,SCORED,2.6307691382540312,25.531965759089225,SCORED,2.4914292143953887,24.17965319273684,SCORED,3.2825125502718535,31.857222596484974
FCWD1:0041,FCWD1,8158062,8.158062,10.148746922630176,INTERPOLATED_LINEAR,UNAVAILABLE_OR_NONFINITE_RETAINED,6.8999738693237305,7.736109733581543,7.961655139923096,6.467426776885986,,ELIGIBLE,SCORED,3.2487730533064454,32.01156830566118,SCORED,2.412637189048633,23.772759410019535,SCORED,2.18709178270708,21.550362812084664,SCORED,3.6813201457441895,36.27364219256863
FCWD1:0042,FCWD1,8208115,8.208115,9.99363759234775,EXACT,UNAVAILABLE_OR_NONFINITE_RETAINED,7.486949920654297,8.355661392211914,8.5654878616333,6.41887903213501,,ELIGIBLE,SCORED,2.5066876716934523,25.082835439348468,SCORED,1.6379762001358351,16.390190108455137,SCORED,1.4281497307144484,14.290589562783426,SCORED,3.5747585602127394,35.770344153263835
FCWD1:0043,FCWD1,8258167,8.258167,9.864544915258643,INTERPOLATED_LINEAR,UNAVAILABLE_OR_NONFINITE_RETAINED,6.759374141693115,7.011242389678955,7.212975025177002,5.971644878387451,,ELIGIBLE,SCORED,3.1051707735655274,31.47809453188659,SCORED,2.8533025255796876,28.924826741537274,SCORED,2.6515698900816407,26.87979945207759,SCORED,3.8929000368711915,39.46355427759865
FCWD1:0044,FCWD1,8308210,8.30821,9.73547545071037,EXACT,UNAVAILABLE_OR_NONFINITE_RETAINED,7.667900085449219,8.142934799194336,8.241692543029785,6.480316638946533,,ELIGIBLE,SCORED,2.067575365261151,21.237538687545925,SCORED,1.5925406515160336,16.358118918576604,SCORED,1.4937829076805844,15.343707816258604,SCORED,3.2551588117638364,33.436053824431525
FCWD1:0045,FCWD1,8358263,8.358263,9.576817596036244,INTERPOLATED_LINEAR,UNAVAILABLE_OR_NONFINITE_RETAINED,7.3299560546875,7.535443305969238,7.71248722076416,6.202206134796143,,ELIGIBLE,SCORED,2.2468615413487445,23.461463255588157,SCORED,2.041374290067006,21.315789609608018,SCORED,1.8643303752720843,19.467117929067722,SCORED,3.374611461240102,35.237294930174116
FCWD1:0046,FCWD1,8408315,8.408315,9.41816291115923,EXACT,UNAVAILABLE_OR_NONFINITE_RETAINED,7.914858341217041,8.187102317810059,8.066662788391113,6.58932638168335,,ELIGIBLE,SCORED,1.5033045699421894,15.961760102503428,SCORED,1.2310605933491718,13.071132926470556,SCORED,1.3515001227681172,14.349933585952042,SCORED,2.828836529475881,30.035969394032225
FCWD1:0047,FCWD1,8458358,8.458358,9.288439171955659,INTERPOLATED_LINEAR,UNAVAILABLE_OR_NONFINITE_RETAINED,8.124112129211426,8.708690643310547,8.27153491973877,6.7487335205078125,,ELIGIBLE,SCORED,1.1643270427442332,12.535228160395938,SCORED,0.5797485286451121,6.241614095891715,SCORED,1.0169042522168894,10.948063860795921,SCORED,2.5397056514478464,27.34265256444714
FCWD1:0048,FCWD1,8508411,8.508411,9.15868951029756,EXACT,UNAVAILABLE_OR_NONFINITE_RETAINED,7.417630195617676,7.7237548828125,7.4466166496276855,5.989659786224365,,ELIGIBLE,SCORED,1.7410593146798838,19.00991744203498,SCORED,1.4349346274850596,15.667466681468925,SCORED,1.712072860669874,18.693426158239205,SCORED,3.1690297240731944,34.60134466301211
FCWD1:0049,FCWD1,8558463,8.558463,9.043660525036914,INTERPOLATED_LINEAR,UNAVAILABLE_OR_NONFINITE_RETAINED,7.684855937957764,8.21342658996582,7.9456610679626465,6.698882102966309,,ELIGIBLE,SCORED,1.3588045870791507,15.02494021438962,SCORED,0.8302339350710941,9.18028637599381,SCORED,1.097999457074268,12.141095456143143,SCORED,2.344778422070606,25.92731577638508
FCWD1:0050,FCWD1,8608506,8.608506,8.92865222348256,EXACT,UNAVAILABLE_OR_NONFINITE_RETAINED,7.922167778015137,8.277990341186523,7.924132823944092,6.66119384765625,,ELIGIBLE,SCORED,1.0064844454674233,11.272523783828719,SCORED,0.6506618822960366,7.287347138292395,SCORED,1.0045193995384682,11.250515468578328,SCORED,2.26745837582631,25.395304006385672
FCWD1:0051,FCWD1,8658559,8.658559,8.824433488886486,INTERPOLATED_LINEAR,UNAVAILABLE_OR_NONFINITE_RETAINED,7.653307914733887,7.962023735046387,7.88800573348999,7.171865463256836,,ELIGIBLE,SCORED,1.1711255741525992,13.27139669223546,SCORED,0.8624097538400992,9.772975850814902,SCORED,0.9364277553964957,10.611760591496726,SCORED,1.65256802562965,18.727185464210233
FCWD1:0052,FCWD1,8708611,8.708611,8.72021683645801,EXACT,UNAVAILABLE_OR_NONFINITE_RETAINED,7.853394508361816,8.006956100463867,8.108495712280273,19.74347686767578,,ELIGIBLE,SCORED,0.8668223280961929,9.940375845611198,SCORED,0.7132607359941421,8.17939220286471,SCORED,0.6117211241777358,7.01497606825802,SCORED,11.023260031217772,126.4103890757746
FCWD1:0053,FCWD1,8758663,8.758663,8.598426102067643,INTERPOLATED_LINEAR,UNAVAILABLE_OR_NONFINITE_RETAINED,7.80692195892334,8.036619186401367,7.724492073059082,6.843067169189453,,ELIGIBLE,SCORED,0.7915041431443033,9.205221208495031,SCORED,0.5618069156662759,6.5338343203435745,SCORED,0.8739340290085611,10.163883699580884,SCORED,1.75535893287819,20.414886539015356
FCWD1:0054,FCWD1,8808707,8.808707,8.47665483394986,EXACT,UNAVAILABLE_OR_NONFINITE_RETAINED,8.589373588562012,8.891316413879395,8.513566017150879,5.5264201164245605,,ELIGIBLE,SCORED,0.11271875461215153,1.3297551548365696,SCORED,0.41466157992953434,4.891806827721388,SCORED,0.036911183201018716,0.4354451599608101,SCORED,2.9502347175252996,34.804233218383644
FCWD1:0055,FCWD1,8858759,8.858759,8.343589662097763,INTERPOLATED_LINEAR,UNAVAILABLE_OR_NONFINITE_RETAINED,7.719473361968994,7.624318599700928,7.7307820320129395,4.860692977905273,,ELIGIBLE,SCORED,0.6241163001287688,7.480189287878429,SCORED,0.7192710623968352,8.620642811142208,SCORED,0.6128076300848235,7.3446520610740365,SCORED,3.4828966841924895,41.74338414572526
FCWD1:0056,FCWD1,8908811,8.908811,8.21052449024566,EXACT,UNAVAILABLE_OR_NONFINITE_RETAINED,7.792410850524902,8.509865760803223,8.004173278808594,6.698240280151367,,ELIGIBLE,SCORED,0.4181136397207581,5.09241084680387,SCORED,0.2993412705575622,3.64582397766657,SCORED,0.2063512114370667,2.5132524929706728,SCORED,1.5122842100942933,18.418850243866032
FCWD1:0057,FCWD1,8958855,8.958855,8.05393418321318,INTERPOLATED_LINEAR,UNAVAILABLE_OR_NONFINITE_RETAINED,6.955080032348633,7.172030925750732,7.189070224761963,5.431365489959717,,ELIGIBLE,SCORED,1.0988541508645469,13.643694197984498,SCORED,0.8819032574624472,10.949968517257053,SCORED,0.8648639584512168,10.738403602227757,SCORED,2.622568693253463,32.56257915193403
FCWD1:0058,FCWD1,9008907,9.008907,7.8973188437601,EXACT,UNAVAILABLE_OR_NONFINITE_RETAINED,6.8588643074035645,7.0101776123046875,6.893493175506592,6.026623725891113,,ELIGIBLE,SCORED,1.0384545363565358,13.149456884054375,SCORED,0.8871412314554128,11.233448326027366,SCORED,1.0038256682535085,12.710967964104174,SCORED,1.870695117868987,23.687724338837825
FCWD1:0059,FCWD1,9058959,9.058959,7.766340076819543,INTERPOLATED_LINEAR,UNAVAILABLE_OR_NONFINITE_RETAINED,7.197364807128906,7.312082767486572,7.098431587219238,6.274343013763428,,ELIGIBLE,SCORED,0.5689752696906369,7.326169908382927,SCORED,0.4542573093329709,5.849052511733397,SCORED,0.6679084896003049,8.600041757041183,SCORED,1.4919970630561155,19.211070443712984
FCWD1:0060,FCWD1,9109003,9.109003,7.63538224470947,EXACT,UNAVAILABLE_OR_NONFINITE_RETAINED,6.326531410217285,6.576598644256592,6.482240676879883,5.483036994934082,,ELIGIBLE,SCORED,1.3088508344921852,17.14191631203642,SCORED,1.0587836004528786,13.866805439721189,SCORED,1.1531415678295875,15.10260430810252,SCORED,2.1523452497753883,28.189096246841356
FCWD1:0061,FCWD1,9159055,9.159055,7.512052067370158,INTERPOLATED_LINEAR,UNAVAILABLE_OR_NONFINITE_RETAINED,6.788048267364502,7.081255912780762,6.967617988586426,7.88384485244751,,ELIGIBLE,SCORED,0.7240038000056561,9.637896456422162,SCORED,0.43079615458939635,5.734733342179972,SCORED,0.5444340787837323,7.247474776547034,SCORED,0.3717927850773517,4.949283920598677
FCWD1:0062,FCWD1,9209107,9.209107,7.38872189003085,EXACT,UNAVAILABLE_OR_NONFINITE_RETAINED,6.533764362335205,6.589091777801514,6.542335033416748,6.616952419281006,,ELIGIBLE,SCORED,0.8549575276956451,11.571115281104124,SCORED,0.7996301122293366,10.822306267992419,SCORED,0.8463868566141022,11.455118614710349,SCORED,0.7717694707498444,10.445236432449104
FCWD1:0063,FCWD1,9259151,9.259151,7.273705483619834,INTERPOLATED_LINEAR,UNAVAILABLE_OR_NONFINITE_RETAINED,6.722686290740967,6.840569019317627,6.8148884773254395,6.530158042907715,,ELIGIBLE,SCORED,0.5510191928788668,7.575494967726498,SCORED,0.43313646430220665,5.954825436328388,SCORED,0.45881700629439415,6.307885400744315,SCORED,0.7435474407121188,10.222402355808402
FCWD1:0064,FCWD1,9309203,9.309203,7.15867069076386,EXACT,UNAVAILABLE_OR_NONFINITE_RETAINED,6.400557994842529,6.564423561096191,6.590192794799805,6.106712818145752,,ELIGIBLE,SCORED,0.7581126959213309,10.590132283909222,SCORED,0.5942471296676688,8.30108207707289,SCORED,0.5684778959640555,7.941109746778931,SCORED,1.0519578726181082,14.69487727624275
FCWD1:0065,FCWD1,9359255,9.359255,7.029760855418206,INTERPOLATED_LINEAR,UNAVAILABLE_OR_NONFINITE_RETAINED,6.603361129760742,6.692739486694336,6.829736232757568,6.321411609649658,,ELIGIBLE,SCORED,0.42639972565746387,6.06563629157904,SCORED,0.3370213687238701,4.794208162346092,SCORED,0.2000246226606377,2.845397258520796,SCORED,0.7083492457685479,10.076434466793929
FCWD1:0066,FCWD1,9409299,9.409299,6.90087162421789,EXACT,UNAVAILABLE_OR_NONFINITE_RETAINED,6.874597549438477,6.866292476654053,6.926559925079346,5.242683410644531,,ELIGIBLE,SCORED,0.02627407477941368,0.38073559703976456,SCORED,0.03457914756383751,0.5010837680632341,SCORED,0.02568830086145546,0.37224719224315145,SCORED,1.658188213573359,24.028677881126207
FCWD1:0067,FCWD1,9459351,9.459351,6.796527259432062,INTERPOLATED_LINEAR,UNAVAILABLE_OR_NONFINITE_RETAINED,6.507783889770508,6.685061931610107,6.643346786499023,5.028614044189453,,ELIGIBLE,SCORED,0.288743369661554,4.248395667961792,SCORED,0.1114653278219544,1.6400335578330156,SCORED,0.15318047293303838,2.2538050255070794,SCORED,1.7679132152426087,26.01200801172599
FCWD1:0068,FCWD1,9509403,9.509403,6.69218289464623,EXACT,UNAVAILABLE_OR_NONFINITE_RETAINED,6.0172319412231445,6.088490962982178,6.041990280151367,6.256490230560303,,ELIGIBLE,SCORED,0.6749509534230853,10.085662093351461,SCORED,0.6036919316640521,9.020852256548574,SCORED,0.6501926144948627,9.715703003500083,SCORED,0.4356926640859271,6.510471559802748
FCWD1:0069,FCWD1,9559447,9.559447,6.600141750467439,INTERPOLATED_LINEAR,UNAVAILABLE_OR_NONFINITE_RETAINED,6.551051139831543,6.5896430015563965,6.506566047668457,5.503469467163086,,ELIGIBLE,SCORED,0.04909061063589615,0.7437811564034882,SCORED,0.010498748911042632,0.15906853682800196,SCORED,0.09357570279898209,1.4177832285549747,SCORED,1.0966722833043532,16.61588985155787
FCWD1:0070,FCWD1,9609499,9.609499,6.50808589265358,EXACT,UNAVAILABLE_OR_NONFINITE_RETAINED,6.0075459480285645,6.031957149505615,5.977509498596191,6.36115026473999,,ELIGIBLE,SCORED,0.5005399446250154,7.691046997244336,SCORED,0.4761287431479646,7.315956657631478,SCORED,0.5305763940573884,8.152572089687855,SCORED,0.1469356279135896,2.2577395310570907
FCWD1:0071,FCWD1,9659551,9.659551,6.405548672864254,INTERPOLATED_LINEAR,UNAVAILABLE_OR_NONFINITE_RETAINED,6.356850624084473,6.3223490715026855,6.217522144317627,7.491969108581543,,ELIGIBLE,SCORED,0.04869804877978101,0.7602478923636932,SCORED,0.08319960136156812,1.2988676787989382,SCORED,0.18802652854662671,2.935369601407623,SCORED,1.0864204357172893,16.96061479197994
FCWD1:0072,FCWD1,9709595,9.709595,6.30302784198563,EXACT,UNAVAILABLE_OR_NONFINITE_RETAINED,6.8673200607299805,6.939202308654785,6.876781940460205,5.917054653167725,,ELIGIBLE,SCORED,0.5642922187443506,8.952716581473688,SCORED,0.6361744666691553,10.09315653710872,SCORED,0.5737540984745753,9.102833001191799,SCORED,0.3859731888179052,6.123615482813937
FCWD1:0073,FCWD1,9759647,9.759647,6.207938884037292,INTERPOLATED_LINEAR,UNAVAILABLE_OR_NONFINITE_RETAINED,6.786006927490234,6.701380729675293,6.7157511711120605,7.517516136169434,,ELIGIBLE,SCORED,0.5780680434529426,9.311754742614346,SCORED,0.4934418456380012,7.948561589528643,SCORED,0.5078122870747688,8.180046494667106,SCORED,1.3095772521321418,21.095202072615557
FCWD1:0074,FCWD1,9809699,9.809699,6.11284992608895,EXACT,UNAVAILABLE_OR_NONFINITE_RETAINED,5.985811710357666,5.909000396728516,5.745508193969727,5.996660232543945,,ELIGIBLE,SCORED,0.12703821573128415,2.0782158447747827,SCORED,0.20384952936043454,3.3347707178353567,SCORED,0.3673417321192236,6.00933666883348,SCORED,0.11618969354500486,1.9007450689918042
FCWD1:0075,FCWD1,9859743,9.859743,6.025356299112974,INTERPOLATED_LINEAR,UNAVAILABLE_OR_NONFINITE_RETAINED,5.11904239654541,5.490530967712402,5.325213432312012,4.579409599304199,,ELIGIBLE,SCORED,0.9063139025675637,15.041664883800934,SCORED,0.5348253314005715,8.876244073388758,SCORED,0.7001428668009622,11.619941328681826,SCORED,1.4459466998087747,23.997696202988703
FCWD1:0076,FCWD1,9909795,9.909795,5.93784868546495,EXACT,UNAVAILABLE_OR_NONFINITE_RETAINED,5.615296840667725,5.672894477844238,5.611625671386719,4.843419075012207,,ELIGIBLE,SCORED,0.32255184479722576,5.4321331155977255,SCORED,0.2649542076207121,4.462124612054938,SCORED,0.3262230140782316,5.493959704240719,SCORED,1.0944296104527433,18.431416299505223
FCWD1:0077,FCWD1,9959847,9.959847,5.839342599024738,INTERPOLATED_LINEAR,UNAVAILABLE_OR_NONFINITE_RETAINED,5.430797576904297,5.2834367752075195,5.499282360076904,5.464001178741455,,ELIGIBLE,SCORED,0.40854502212044075,6.996421518214639,SCORED,0.5559058238172181,9.520006993767812,SCORED,0.3400602389478333,5.82360485244741,SCORED,0.37534142028328255,6.427802683575553
FCWD1:0078,FCWD1,10009891,10.009891,5.74085225718397,EXACT,UNAVAILABLE_OR_NONFINITE_RETAINED,5.2725510597229,5.307253360748291,5.353888034820557,5.735192775726318,,ELIGIBLE,SCORED,0.46830119746107,8.157346269886125,SCORED,0.4335988964356794,7.552866316897176,SCORED,0.38696422236341377,6.740536161319525,SCORED,0.005659481457652049,0.09858260070305597
FCWD1:0079,FCWD1,10059943,10.059943,5.662271816993134,INTERPOLATED_LINEAR,UNAVAILABLE_OR_NONFINITE_RETAINED,5.7909836769104,5.913425922393799,5.992452144622803,5.513289928436279,,ELIGIBLE,SCORED,0.1287118599172663,2.2731487303556692,SCORED,0.25115410540066474,4.435571331049883,SCORED,0.33018032762966865,5.831234145961683,SCORED,0.1489818885568548,2.6311327568157865
FCWD1:0080,FCWD1,10109995,10.109995,5.5836913768023,EXACT,UNAVAILABLE_OR_NONFINITE_RETAINED,5.212423801422119,5.232223033905029,5.3346099853515625,5.552005290985107,,ELIGIBLE,SCORED,0.3712675753801813,6.649142123481775,SCORED,0.35146834289727114,6.29455174326902,SCORED,0.24908139145073793,4.460873186608376,SCORED,0.03168608581719301,0.5674755941711659
FCWD1:0081,FCWD1,10160039,10.160039,5.489835439251447,INTERPOLATED_LINEAR,UNAVAILABLE_OR_NONFINITE_RETAINED,5.490506649017334,5.28578519821167,5.510482311248779,6.328899383544922,,ELIGIBLE,SCORED,0.0006712097658869709,0.012226409576650117,SCORED,0.2040502410397771,3.7168735438015217,SCORED,0.020646871997332283,0.3760927303887917,SCORED,0.8390639442934749,15.283954384029466
FCWD1:0082,FCWD1,10210091,10.210091,5.39596449795388,EXACT,UNAVAILABLE_OR_NONFINITE_RETAINED,6.051418304443359,5.7756571769714355,5.981460094451904,5.730354309082031,,ELIGIBLE,SCORED,0.6554538064894793,12.14711117424927,SCORED,0.37969267901755543,7.036604469164555,SCORED,0.5854955964980242,10.850619879356895,SCORED,0.33438981112815114,6.1970350482281695
FCWD1:0083,FCWD1,10260144,10.260144,5.314058718911291,INTERPOLATED_LINEAR,UNAVAILABLE_OR_NONFINITE_RETAINED,6.6724853515625,6.541863441467285,6.709179401397705,6.805648326873779,,ELIGIBLE,SCORED,1.3584266326512093,25.562883372307088,SCORED,1.2278047225559945,23.104839210499712,SCORED,1.3951206824864144,26.253392299214894,SCORED,1.4915896079624886,28.068745319925174
FCWD1:0084,FCWD1,10310196,10.310196,5.23215457624972,EXACT,UNAVAILABLE_OR_NONFINITE_RETAINED,6.691648483276367,6.742035388946533,6.551727771759033,6.093936443328857,,ELIGIBLE,SCORED,1.4594939070266468,27.894701613972117,SCORED,1.5098808126968128,28.85772564041979,SCORED,1.3195731955093128,25.22045509701188,SCORED,0.8617818670791371,16.470879338905945
FCWD1:0085,FCWD1,10360239,10.360239,5.136383676269721,INTERPOLATED_LINEAR,UNAVAILABLE_OR_NONFINITE_RETAINED,5.831238746643066,5.764591693878174,5.965010166168213,6.355343341827393,,ELIGIBLE,SCORED,0.6948550703733458,13.52809903169036,SCORED,0.6282080176084532,12.230550854500942,SCORED,0.8286264898984923,16.132488188660375,SCORED,1.218959665557672,23.731865498858856
FCWD1:0086,FCWD1,10410291,10.410291,5.04059555234032,EXACT,UNAVAILABLE_OR_NONFINITE_RETAINED,6.455556392669678,6.527143478393555,6.495647430419922,5.493288040161133,,ELIGIBLE,SCORED,1.4149608403293579,28.07130279818621,SCORED,1.4865479260532348,29.491513663758223,SCORED,1.455051878079602,28.86666591220614,SCORED,0.45269248782081295,8.980932572751852
FCWD1:0087,FCWD1,10460344,10.460344,4.990296981197205,INTERPOLATED_LINEAR,UNAVAILABLE_OR_NONFINITE_RETAINED,5.766480445861816,5.825003147125244,5.735771656036377,5.278443813323975,,ELIGIBLE,SCORED,0.7761834646646113,15.553853159224198,SCORED,0.834706165928039,16.72658298840939,SCORED,0.7454746748391718,14.938483173406796,SCORED,0.2881468321267695,5.774141964145011
FCWD1:0088,FCWD1,10510387,10.510387,4.94000845911631,EXACT,UNAVAILABLE_OR_NONFINITE_RETAINED,5.1641435623168945,5.2456464767456055,5.386463165283203,5.565376281738281,,ELIGIBLE,SCORED,0.2241351032005845,4.5371400687981565,SCORED,0.30563801762929543,6.186993811018074,SCORED,0.4464547061668931,9.037529183639432,SCORED,0.6253678226219712,12.659245987077513
FCWD1:0089,FCWD1,10560439,10.560439,4.896003949611688,INTERPOLATED_LINEAR,UNAVAILABLE_OR_NONFINITE_RETAINED,5.122305870056152,5.088768482208252,5.321910381317139,4.861622333526611,,ELIGIBLE,SCORED,0.22630192044446407,4.622176018922789,SCORED,0.19276453259656368,3.9371809046815045,SCORED,0.4259064317054504,8.69906225748102,SCORED,0.03438161608507695,0.7022383241296981
FCWD1:0090,FCWD1,10610492,10.610492,4.85199856093122,EXACT,UNAVAILABLE_OR_NONFINITE_RETAINED,4.774667739868164,4.69069242477417,4.9446330070495605,4.636319160461426,,ELIGIBLE,SCORED,0.07733082106305567,1.593793157436839,SCORED,0.1613061361570498,3.3245297609093094,SCORED,0.09263444611834082,1.9092018465183132,SCORED,0.21567940046979395,4.445166208548909
FCWD1:0091,FCWD1,10660535,10.660535,4.791769487961034,INTERPOLATED_LINEAR,UNAVAILABLE_OR_NONFINITE_RETAINED,5.240432262420654,5.153997421264648,5.375240802764893,5.573455810546875,,ELIGIBLE,SCORED,0.44866277445962055,9.363196113395116,SCORED,0.3622279333036147,7.559377265823943,SCORED,0.5834713148038588,12.17653136841802,SCORED,0.7816863225858413,16.313103636344994
FCWD1:0092,FCWD1,10710588,10.710588,4.73152837952675,EXACT,UNAVAILABLE_OR_NONFINITE_RETAINED,4.307557106018066,4.439438819885254,4.5446929931640625,4.570527076721191,,ELIGIBLE,SCORED,0.423971273508684,8.960556494666736,SCORED,0.2920895596414965,6.173260228245982,SCORED,0.18683538636268793,3.948732235679315,SCORED,0.16100130280555902,3.4027335332534228
FCWD1:0093,FCWD1,10760640,10.76064,4.6843063545196175,INTERPOLATED_LINEAR,UNAVAILABLE_OR_NONFINITE_RETAINED,4.198062419891357,4.205063819885254,4.378479480743408,3.7755401134490967,,ELIGIBLE,SCORED,0.4862439346282601,10.380276135422086,SCORED,0.4792425346343636,10.230811103376492,SCORED,0.3058268737762093,6.528754753222632,SCORED,0.9087662410705208,19.4002307341343
FCWD1:0094,FCWD1,10810683,10.810683,4.63709282064621,EXACT,UNAVAILABLE_OR_NONFINITE_RETAINED,3.8843610286712646,3.8861944675445557,4.0229363441467285,5.566890716552734,,ELIGIBLE,SCORED,0.752731791974945,16.232838571259112,SCORED,0.750898353101654,16.193300029672713,SCORED,0.6141564764994811,13.244429220071,SCORED,0.9297978959065247,20.051310850770314
FCWD1:0095,FCWD1,10860736,10.860736,4.590671756188078,INTERPOLATED_LINEAR,UNAVAILABLE_OR_NONFINITE_RETAINED,3.5851552486419678,3.614201545715332,3.7650880813598633,3.7978124618530273,,ELIGIBLE,SCORED,1.00551650754611,21.903472104942075,SCORED,0.9764702104727458,21.27074777578021,SCORED,0.8255836748282146,17.98394044870131,SCORED,0.7928592943350505,17.271095309010096
FCWD1:0096,FCWD1,10910788,10.910788,4.54425161916815,EXACT,UNAVAILABLE_OR_NONFINITE_RETAINED,4.678105354309082,4.617929935455322,4.880550384521484,4.745345592498779,,ELIGIBLE,SCORED,0.13385373514093235,2.9455616976912693,SCORED,0.07367831628717258,1.6213520390549987,SCORED,0.3362987653533347,7.400531342384074,SCORED,0.20109397333062962,4.4252385251378525
FCWD1:0097,FCWD1,10960831,10.960831,4.4953682429631,INTERPOLATED_LINEAR,UNAVAILABLE_OR_NONFINITE_RETAINED,4.329431056976318,4.307806015014648,4.5057878494262695,4.150454521179199,,ELIGIBLE,SCORED,0.16593718598678198,3.691292392932092,SCORED,0.1875622279484519,4.172344017468548,SCORED,0.010419606463169195,0.23178538219821482,SCORED,0.3449137217839011,7.672646669687573
FCWD1:0098,FCWD1,11010883,11.010883,4.44647607531098,EXACT,UNAVAILABLE_OR_NONFINITE_RETAINED,5.054059028625488,5.120874404907227,5.035910129547119,4.334011077880859,,ELIGIBLE,SCORED,0.6075829533145081,13.664370234399936,SCORED,0.6743983295962463,15.167029309813163,SCORED,0.5894340542361389,13.256206583657706,SCORED,0.11246499743012084,2.529306253430256
FCWD1:0099,FCWD1,11060936,11.060936,4.401428973287,INTERPOLATED_LINEAR,UNAVAILABLE_OR_NONFINITE_RETAINED,5.9482550621032715,6.182285308837891,5.7812886238098145,53.63560104370117,,ELIGIBLE,SCORED,1.546826088816272,35.14372487217709,SCORED,1.780856335550891,40.4608672855839,SCORED,1.379859650522815,31.35026508203157,SCORED,49.234172070414175,1118.5951737316336
FCWD1:0100,FCWD1,11110979,11.110979,4.35639087114355,EXACT,UNAVAILABLE_OR_NONFINITE_RETAINED,4.883395671844482,5.312347888946533,5.4442572593688965,9.606138229370117,,ELIGIBLE,SCORED,0.527004800700932,12.097279979897523,SCORED,0.9559570178029828,21.943784340729845,SCORED,1.087866388225346,24.971735099146,SCORED,5.249747358226567,120.50680284454161
FCWD1:0101,FCWD1,11161032,11.161032,4.310931398306652,INTERPOLATED_LINEAR,UNAVAILABLE_OR_NONFINITE_RETAINED,5.122117519378662,5.619007110595703,5.6717119216918945,4.1975884437561035,,ELIGIBLE,SCORED,0.8111861210720104,18.816957314390272,SCORED,1.3080757122890514,30.343227285010098,SCORED,1.3607805233852428,31.565812527653815,SCORED,0.11334295455054821,2.6291987526192067
FCWD1:0102,FCWD1,11211084,11.211084,4.26547283369649,EXACT,UNAVAILABLE_OR_NONFINITE_RETAINED,4.124971389770508,4.4141130447387695,4.605769157409668,4.360991954803467,,ELIGIBLE,SCORED,0.14050144392598263,3.2939242471794863,SCORED,0.1486402110422791,3.4847299897926294,SCORED,0.34029632371317753,7.977927347817011,SCORED,0.09551912110697636,2.2393559830551957
FCWD1:0103,FCWD1,11261136,11.261136,4.22844148435276,INTERPOLATED_LINEAR,UNAVAILABLE_OR_NONFINITE_RETAINED,5.637062072753906,5.534348964691162,5.902159690856934,4.710081577301025,,ELIGIBLE,SCORED,1.4086205884011465,33.31299708447453,SCORED,1.3059074803384023,30.88389623389326,SCORED,1.6737182065041738,39.58239017136043,SCORED,0.4816400929482656,11.390487363501718
FCWD1:0104,FCWD1,11311180,11.31118,4.19141605386931,EXACT,UNAVAILABLE_OR_NONFINITE_RETAINED,5.2625932693481445,5.0550432205200195,5.5574049949646,3.404294967651367,,ELIGIBLE,SCORED,1.0711772154788344,25.55645160756532,SCORED,0.8636271666507094,20.604663329794022,SCORED,1.3659889410952895,32.59015386540487,SCORED,0.787121086217943,18.779359436086317
FCWD1:0105,FCWD1,11361232,11.361232,4.130072979944691,INTERPOLATED_LINEAR,UNAVAILABLE_OR_NONFINITE_RETAINED,4.361459732055664,4.469784259796143,4.66165018081665,4.1147356033325195,,ELIGIBLE,SCORED,0.23138675211097315,5.602485797092909,SCORED,0.33971127985145166,8.22530937107075,SCORED,0.5315772008719595,12.87089122766732,SCORED,0.015337376612171383,0.37135848898187696
FCWD1:0106,FCWD1,11411284,11.411284,4.06872990602007,EXACT,UNAVAILABLE_OR_NONFINITE_RETAINED,4.330225944519043,4.3727922439575195,4.543431282043457,4.10548210144043,,ELIGIBLE,SCORED,0.26149603849897307,6.4269697064940345,SCORED,0.30406233793744963,7.4731512034642735,SCORED,0.47470137602338713,11.667065324759495,SCORED,0.03675219542035979,0.9032842255265322
FCWD1:0107,FCWD1,11461328,11.461328,4.025917591130569,INTERPOLATED_LINEAR,UNAVAILABLE_OR_NONFINITE_RETAINED,3.9850051403045654,4.073028087615967,4.143982887268066,4.742273807525635,,ELIGIBLE,SCORED,0.0409124508260037,1.0162267334069934,SCORED,0.04711049648539767,1.170180348181642,SCORED,0.11806529613749728,2.932630722437164,SCORED,0.7163562163950656,17.793613509955044
FCWD1:0108,FCWD1,11511380,11.51138,3.98309843229336,EXACT,UNAVAILABLE_OR_NONFINITE_RETAINED,4.338853359222412,4.338623046875,4.533146381378174,3.845480442047119,,ELIGIBLE,SCORED,0.3557549269290523,8.93161273757973,SCORED,0.3555246145816402,8.92583049666033,SCORED,0.550047949084814,13.809549486029432,SCORED,0.13761799024624066,3.4550486910011906
FCWD1:0109,FCWD1,11561432,11.561432,3.940427187426735,INTERPOLATED_LINEAR,UNAVAILABLE_OR_NONFINITE_RETAINED,3.949896812438965,3.8811235427856445,3.9660582542419434,4.226808071136475,,ELIGIBLE,SCORED,0.009469625012229699,0.2403197562550004,SCORED,0.059303644641090614,1.5050054681969238,SCORED,0.025631066815208214,0.6504641653319416,SCORED,0.28638088370973946,7.267762353877124
FCWD1:0110,FCWD1,11611476,11.611476,3.89776276286617,EXACT,UNAVAILABLE_OR_NONFINITE_RETAINED,3.1642916202545166,3.2308037281036377,3.2887041568756104,4.048604965209961,,ELIGIBLE,SCORED,0.7334711426116534,18.81774718562668,SCORED,0.6669590347625323,17.11132963546741,SCORED,0.6090586059905596,15.625851111130636,SCORED,0.15084220234379098,3.869968787758419
FCWD1:0111,FCWD1,11661528,11.661528,3.854733676226499,INTERPOLATED_LINEAR,UNAVAILABLE_OR_NONFINITE_RETAINED,3.10334849357605,3.098886728286743,3.1822926998138428,4.358386516571045,,ELIGIBLE,SCORED,0.7513851826504494,19.492531670462906,SCORED,0.755846947939756,19.608279363145904,SCORED,0.6724409764126564,17.444550853404916,SCORED,0.5036528403445457,13.065827178950137
FCWD1:0112,FCWD1,11711580,11.71158,3.81170458958683,EXACT,UNAVAILABLE_OR_NONFINITE_RETAINED,3.786442518234253,3.624927520751953,3.668992757797241,4.145849227905273,,ELIGIBLE,SCORED,0.025262071352576854,0.6627499786208547,SCORED,0.18677706883487666,4.900092975335279,SCORED,0.14271183178958857,3.744042289621868,SCORED,0.33414463831844365,8.766278457971039
FCWD1:0113,FCWD1,11761623,11.761623,3.774385448528802,INTERPOLATED_LINEAR,UNAVAILABLE_OR_NONFINITE_RETAINED,3.54660964012146,3.461627960205078,3.544799566268921,4.169329643249512,,ELIGIBLE,SCORED,0.22777580840734224,6.034778681550019,SCORED,0.3127574883237241,8.286315549611716,SCORED,0.2295858822598813,6.082735464905164,SCORED,0.3949441947207095,10.463801328893231
FCWD1:0114,FCWD1,11811676,11.811676,3.73705885005594,EXACT,UNAVAILABLE_OR_NONFINITE_RETAINED,3.5131773948669434,3.5087504386901855,3.542031764984131,3.3124477863311768,,ELIGIBLE,SCORED,0.22388145518899671,5.990846389417856,SCORED,0.22830841136575453,6.109307359779388,SCORED,0.19502708507180921,5.218731973377669,SCORED,0.4246110637247633,11.362172252610026
FCWD1:0115,FCWD1,11861728,11.861728,3.6894096115059094,INTERPOLATED_LINEAR,UNAVAILABLE_OR_NONFINITE_RETAINED,3.3637502193450928,3.2992756366729736,3.3774917125701904,3.1671319007873535,,ELIGIBLE,SCORED,0.32565939216081663,8.826870053821212,SCORED,0.39013397483293577,10.574428320895885,SCORED,0.311917898935719,8.45441227135534,SCORED,0.5222777107185559,14.15613243619695
FCWD1:0116,FCWD1,11911772,11.911772,3.64176798891345,EXACT,UNAVAILABLE_OR_NONFINITE_RETAINED,3.8538107872009277,3.696213722229004,3.8510804176330566,3.2398204803466797,,ELIGIBLE,SCORED,0.21204279828747774,5.822523536177887,SCORED,0.05444573331555391,1.495035748606221,SCORED,0.20931242871960665,5.747549798801342,SCORED,0.4019475085667703,11.037153102295639
FCWD1:0117,FCWD1,11961824,11.961824,3.5987487618224847,INTERPOLATED_LINEAR,UNAVAILABLE_OR_NONFINITE_RETAINED,4.133734226226807,3.9698469638824463,4.111726760864258,2.720566511154175,,ELIGIBLE,SCORED,0.5349854644043219,14.865874219388232,SCORED,0.3710982020599616,10.311867446729718,SCORED,0.5129779990417731,14.254343189603208,SCORED,0.8781822506683099,24.402432867349685
FCWD1:0118,FCWD1,12011876,12.011876,3.55572953473152,EXACT,UNAVAILABLE_OR_NONFINITE_RETAINED,3.3180317878723145,3.2933313846588135,3.318845510482788,3.010575771331787,,ELIGIBLE,SCORED,0.23769774685920542,6.684922026195479,SCORED,0.2623981500727064,7.379586875482618,SCORED,0.23688402424873178,6.6620371975681785,SCORED,0.5451537633997328,15.331699390372652
FCWD1:0119,FCWD1,12061920,12.06192,3.5085140159420627,INTERPOLATED_LINEAR,UNAVAILABLE_OR_NONFINITE_RETAINED,3.2183456420898438,3.166210174560547,3.241704225540161,2.697761297225952,,ELIGIBLE,SCORED,0.29016837385221894,8.270406574799061,SCORED,0.3423038413815158,9.75637662629102,SCORED,0.26680979040190156,7.604638008842644,SCORED,0.8107527187161105,23.108151058601862
FCWD1:0120,FCWD1,12111972,12.111972,3.4612909493117,EXACT,UNAVAILABLE_OR_NONFINITE_RETAINED,3.003671169281006,2.9117445945739746,2.9797792434692383,3.044027090072632,,ELIGIBLE,SCORED,0.45761978003069403,13.221072332035384,SCORED,0.5495463547377253,15.87691883708898,SCORED,0.4815117058424616,13.911332878220287,SCORED,0.41726385923906806,12.055151252801897
FCWD1:0121,FCWD1,12162024,12.162024,3.418641519974143,INTERPOLATED_LINEAR,UNAVAILABLE_OR_NONFINITE_RETAINED,2.8240795135498047,2.7989959716796875,2.821007251739502,3.7210350036621094,,ELIGIBLE,SCORED,0.5945620064243382,17.391762281902995,SCORED,0.6196455482944554,18.125490627608773,SCORED,0.5976342682346409,17.48163019558603,SCORED,0.3023934836879665,8.845428276734136
FCWD1:0122,FCWD1,12212067,12.212067,3.37599975955819,EXACT,UNAVAILABLE_OR_NONFINITE_RETAINED,2.8369264602661133,2.799593687057495,2.841160774230957,2.9484665393829346,,ELIGIBLE,SCORED,0.5390732992920766,15.967812135230247,SCORED,0.5764060725006948,17.07364080429105,SCORED,0.5348389853272328,15.842388134447797,SCORED,0.4275332201752553,12.663899603808199
FCWD1:0123,FCWD1,12262120,12.26212,3.3279201312488818,INTERPOLATED_LINEAR,UNAVAILABLE_OR_NONFINITE_RETAINED,2.708001136779785,2.6616055965423584,2.717362880706787,2.6868093013763428,,ELIGIBLE,SCORED,0.6199189944690966,18.627820681395292,SCORED,0.6663145347065234,20.02195090110149,SCORED,0.6105572505420946,18.346511528597546,SCORED,0.641110829872539,19.26460986405785
FCWD1:0124,FCWD1,12312172,12.312172,3.27984146351393,EXACT,UNAVAILABLE_OR_NONFINITE_RETAINED,3.0450191497802734,2.9210307598114014,2.9887232780456543,2.8456168174743652,,ELIGIBLE,SCORED,0.2348223137336567,7.1595629345472895,SCORED,0.35881070370252877,10.939879493995695,SCORED,0.29111818546827584,8.875983449406728,SCORED,0.4342246460395649,13.239196188902033
FCWD1:0125,FCWD1,12362216,12.362216,3.227575943969431,INTERPOLATED_LINEAR,UNAVAILABLE_OR_NONFINITE_RETAINED,2.9009363651275635,2.8086588382720947,2.8703744411468506,3.2752583026885986,,ELIGIBLE,SCORED,0.32663957884186745,10.120275541530715,SCORED,0.4189171056973362,12.979310571454175,SCORED,0.35720150282258034,11.067175769790763,SCORED,0.047682358719167706,1.4773427348242534
FCWD1:0126,FCWD1,12412268,12.412268,3.17530206929432,EXACT,UNAVAILABLE_OR_NONFINITE_RETAINED,2.922330379486084,2.8169920444488525,2.8740928173065186,4.0954203605651855,,ELIGIBLE,SCORED,0.2529716898082359,7.966854311421667,SCORED,0.35831002484546737,11.284281527429556,SCORED,0.30120925198780135,9.486003076700737,SCORED,0.9201182912708656,28.977346759181028
FCWD1:0127,FCWD1,12462320,12.46232,3.144385678116752,INTERPOLATED_LINEAR,UNAVAILABLE_OR_NONFINITE_RETAINED,3.1189706325531006,2.9811723232269287,3.0408706665039062,3.02467679977417,,ELIGIBLE,SCORED,0.025415045563651262,0.8082674380730848,SCORED,0.16321335488982314,5.190627728198264,SCORED,0.1035150116128456,3.29205836081925,SCORED,0.11970887834258193,3.807067281081068
FCWD1:0128,FCWD1,12512364,12.512364,3.11347422842263,EXACT,UNAVAILABLE_OR_NONFINITE_RETAINED,3.0841140747070312,2.934067487716675,3.012817621231079,3.1326842308044434,,ELIGIBLE,SCORED,0.02936015371559897,0.9430029465981355,SCORED,0.17940674070595541,5.762268371074576,SCORED,0.10065660719155112,3.2329352937199825,SCORED,0.01921000238181314,0.6169957087309967
FCWD1:0129,FCWD1,12562416,12.562416,3.063052796768089,INTERPOLATED_LINEAR,UNAVAILABLE_OR_NONFINITE_RETAINED,2.863128185272217,2.697596549987793,2.8254058361053467,2.7205488681793213,,ELIGIBLE,SCORED,0.19992461149587237,6.526972427860803,SCORED,0.3654562467802962,11.931111574893489,SCORED,0.2376469606627425,7.758500307715567,SCORED,0.3425039285887679,11.181783381277436
FCWD1:0130,FCWD1,12612468,12.612468,3.01263136511355,EXACT,UNAVAILABLE_OR_NONFINITE_RETAINED,2.8741228580474854,2.6910736560821533,2.8268935680389404,2.1206326484680176,,ELIGIBLE,SCORED,0.13850850706606455,4.597592279958354,SCORED,0.3215577090313966,10.673649380241272,SCORED,0.18573779707460947,6.165301179077672,SCORED,0.8919987166455323,29.608624771518027
FCWD1:0131,FCWD1,12662520,12.66252,2.9618248403098013,INTERPOLATED_LINEAR,UNAVAILABLE_OR_NONFINITE_RETAINED,3.156388998031616,2.951150417327881,3.0684173107147217,2.1312873363494873,,ELIGIBLE,SCORED,0.1945641577218149,6.569063608145844,SCORED,0.01067442298192045,0.36040021126988475,SCORED,0.10659247040492037,3.5988782643125847,SCORED,0.830537503960314,28.04141192473223
FCWD1:0132,FCWD1,12712564,12.712564,2.9110264361046,EXACT,UNAVAILABLE_OR_NONFINITE_RETAINED,2.927150011062622,2.7903997898101807,2.86537504196167,2.4015963077545166,,ELIGIBLE,SCORED,0.01612357495802197,0.5538793725143144,SCORED,0.12062664629441944,4.143783951884559,SCORED,0.04565139414293018,1.568223276048937,SCORED,0.5094301283500835,17.50001724586806
FCWD1:0133,FCWD1,12762616,12.762616,2.8527065449503906,INTERPOLATED_LINEAR,UNAVAILABLE_OR_NONFINITE_RETAINED,2.756377696990967,2.6932387351989746,2.7075977325439453,2.82195782661438,,ELIGIBLE,SCORED,0.09632884795942376,3.3767527939365714,SCORED,0.15946780975141595,5.590053068504077,SCORED,0.14510881240644524,5.086706610720407,SCORED,0.030748718336010672,1.077878774122047
FCWD1:0134,FCWD1,12812669,12.812669,2.79438548861015,EXACT,UNAVAILABLE_OR_NONFINITE_RETAINED,2.8402838706970215,2.7841930389404297,2.7949812412261963,2.874573230743408,,ELIGIBLE,SCORED,0.04589838208687169,1.6425214872447782,SCORED,0.010192449669720105,0.36474744487703264,SCORED,0.0005957526160464965,0.02131962889425136,SCORED,0.08018774213325841,2.8696020094615355
FCWD1:0135,FCWD1,12862712,12.862712,2.743975220423134,INTERPOLATED_LINEAR,UNAVAILABLE_OR_NONFINITE_RETAINED,2.7892870903015137,2.721968650817871,2.7506587505340576,2.552626848220825,,ELIGIBLE,SCORED,0.04531186987837987,1.6513221235063693,SCORED,0.022006569605262705,0.8019959306290378,SCORED,0.006683530110923819,0.24357108115186213,SCORED,0.1913483722023086,6.973400152381908
FCWD1:0136,FCWD1,12912764,12.912764,2.69355588618465,EXACT,UNAVAILABLE_OR_NONFINITE_RETAINED,2.761902332305908,2.702742099761963,2.7044143676757812,2.3771607875823975,,ELIGIBLE,SCORED,0.06834644612125818,2.537405905398499,SCORED,0.009186213577312863,0.3410441054677684,SCORED,0.010858481491131222,0.40312813061814623,SCORED,0.31639509860225257,11.746372155300545
FCWD1:0137,FCWD1,12962817,12.962817,2.646571008068877,INTERPOLATED_LINEAR,UNAVAILABLE_OR_NONFINITE_RETAINED,2.771662950515747,2.6567625999450684,2.735969066619873,2.2482964992523193,,ELIGIBLE,SCORED,0.12509194244687016,4.726566642855579,SCORED,0.010191591876191453,0.38508665911926354,SCORED,0.08939805855099614,3.3778824856177656,SCORED,0.39827450881655757,15.04869915079915
FCWD1:0138,FCWD1,13012860,13.01286,2.59959551697848,EXACT,UNAVAILABLE_OR_NONFINITE_RETAINED,2.68888783454895,2.559539318084717,2.656027317047119,2.5482611656188965,,ELIGIBLE,SCORED,0.08929231757047029,3.434854268184579,SCORED,0.040056198893763106,1.5408627469984477,SCORED,0.05643180006863924,2.170791559689645,SCORED,0.05133435135958342,1.9747053348995438
FCWD1:0139,FCWD1,13062912,13.062912,2.5495038548089743,INTERPOLATED_LINEAR,UNAVAILABLE_OR_NONFINITE_RETAINED,2.6162731647491455,2.5090043544769287,2.581700086593628,2.6750667095184326,,ELIGIBLE,SCORED,0.06676930994017116,2.6189138649164336,SCORED,0.040499500332045635,1.5885247733849819,SCORED,0.032196231784653584,1.2628430321422652,SCORED,0.12556285470945827,4.924991757616553
FCWD1:0140,FCWD1,13112965,13.112965,2.49941119184705,EXACT,UNAVAILABLE_OR_NONFINITE_RETAINED,2.5340700149536133,2.430654287338257,2.5015270709991455,2.3607637882232666,,ELIGIBLE,SCORED,0.03465882310656321,1.386679519545183,SCORED,0.06875690450879324,2.7509240869639497,SCORED,0.0021158791520954345,0.08465510433006473,SCORED,0.13864740362378347,5.547202640207587
FCWD1:0141,FCWD1,13163008,13.163008,2.4580715377452105,INTERPOLATED_LINEAR,UNAVAILABLE_OR_NONFINITE_RETAINED,2.487344264984131,2.403449296951294,2.4438416957855225,2.4224438667297363,,ELIGIBLE,SCORED,0.029272727238920382,1.190881827050984,SCORED,0.05462224079391653,2.2221583039857955,SCORED,0.014229841959688017,0.5789026780213669,SCORED,0.03562767101547415,1.449415546634392
FCWD1:0142,FCWD1,13213061,13.213061,2.41672362281686,EXACT,UNAVAILABLE_OR_NONFINITE_RETAINED,2.4159634113311768,2.3555755615234375,2.3758578300476074,2.321129322052002,,ELIGIBLE,SCORED,0.000760211485683282,0.031456285630096274,SCORED,0.06114806129342254,2.530204973217012,SCORED,0.04086579276925262,1.6909584688720294,SCORED,0.09559430076485809,3.9555330142979384
FCWD1:0143,FCWD1,13263113,13.263113,2.371095887057595,INTERPOLATED_LINEAR,UNAVAILABLE_OR_NONFINITE_RETAINED,2.1985809803009033,2.187413215637207,2.192105293273926,2.0262582302093506,,ELIGIBLE,SCORED,0.17251490675669157,7.275745687820895,SCORED,0.18368267142038786,7.746741598389274,SCORED,0.1789905937836691,7.54885514165296,SCORED,0.3448376568482443,14.54338724682154
FCWD1:0144,FCWD1,13313156,13.313156,2.32547635575813,EXACT,UNAVAILABLE_OR_NONFINITE_RETAINED,2.180008888244629,2.168778657913208,2.1588943004608154,1.9723514318466187,,ELIGIBLE,SCORED,0.14546746751350126,6.255383640143583,SCORED,0.15669769784492216,6.738305356531438,SCORED,0.16658205529731474,7.163351925072884,SCORED,0.3531249239115115,15.18505759205576
FCWD1:0145,FCWD1,13363208,13.363208,2.277804430418825,INTERPOLATED_LINEAR,UNAVAILABLE_OR_NONFINITE_RETAINED,2.253657102584839,2.225356340408325,2.2278499603271484,2.145138740539551,,ELIGIBLE,SCORED,0.02414732783398632,1.060114183268416,SCORED,0.05244809001049999,2.3025721308679796,SCORED,0.04995447009167675,2.193097415412942,SCORED,0.1326656898792744,5.8242792097335965
FCWD1:0146,FCWD1,13413261,13.413261,2.23013155263156,EXACT,UNAVAILABLE_OR_NONFINITE_RETAINED,2.2710938453674316,2.2454793453216553,2.2335493564605713,2.333442211151123,,ELIGIBLE,SCORED,0.040962292735871486,1.8367657588421584,SCORED,0.015347792690095119,0.6882012261556808,SCORED,0.0034178038290111346,0.1532557048026211,SCORED,0.10331065851956289,4.632491675105717
FCWD1:0147,FCWD1,13463304,13.463304,2.1864116695595297,INTERPOLATED_LINEAR,UNAVAILABLE_OR_NONFINITE_RETAINED,2.3739593029022217,2.3128609657287598,2.319978952407837,2.141554594039917,,ELIGIBLE,SCORED,0.18754763334269198,8.577873780763115,SCORED,0.12644929616923006,5.78341663327768,SCORED,0.1335672828483072,6.108972281291172,SCORED,0.04485707551961271,2.05162989862058
FCWD1:0148,FCWD1,13513356,13.513356,2.14268392367057,EXACT,UNAVAILABLE_OR_NONFINITE_RETAINED,2.2350897789001465,2.1806464195251465,2.2081501483917236,1.9171288013458252,,ELIGIBLE,SCORED,0.09240585522957634,4.312621857510301,SCORED,0.03796249585457634,1.7717263584795968,SCORED,0.06546622472115349,3.055337467086848,SCORED,0.22555512232474495,10.526756645392334
FCWD1:0149,FCWD1,13563409,13.563409,2.092352333965249,INTERPOLATED_LINEAR,UNAVAILABLE_OR_NONFINITE_RETAINED,2.1089909076690674,2.0752856731414795,2.099818468093872,1.7982763051986694,,ELIGIBLE,SCORED,0.016638573703818604,0.7952089824320644,SCORED,0.017066660823769286,0.8156685920781802,SCORED,0.007466134128623292,0.3568296795632936,SCORED,0.29407602876657934,14.054804441528804
FCWD1:0150,FCWD1,13613452,13.613452,2.04203079991887,EXACT,UNAVAILABLE_OR_NONFINITE_RETAINED,2.0689663887023926,2.031789779663086,2.0592539310455322,1.9114367961883545,,ELIGIBLE,SCORED,0.026935588783522757,1.3190588890526485,SCORED,0.010241020255783884,0.5015115470437939,SCORED,0.017223131126662405,0.8434315058982794,SCORED,0.13059400373051533,6.395300390949238
FCWD1:0151,FCWD1,13663504,13.663504,1.9859584587957952,INTERPOLATED_LINEAR,UNAVAILABLE_OR_NONFINITE_RETAINED,2.040530204772949,1.995640516281128,2.0111539363861084,1.9716607332229614,,ELIGIBLE,SCORED,0.054571745977153974,2.74787953068485,SCORED,0.009682057485332685,0.4875256802301641,SCORED,0.025195477590313153,1.268680997768235,SCORED,0.01429772557283382,0.7199408179717606
FCWD1:0152,FCWD1,13713557,13.713557,1.92988499739099,EXACT,UNAVAILABLE_OR_NONFINITE_RETAINED,2.0663256645202637,2.0164639949798584,2.0279605388641357,1.9357068538665771,,ELIGIBLE,SCORED,0.13644066712927372,7.0698858902850565,SCORED,0.08657899758886844,4.486225744327487,SCORED,0.09807554147314579,5.081937089812814,SCORED,0.005821856475587195,0.30166857006804854
FCWD1:0153,FCWD1,13763609,13.763609,1.8847714213116455,INTERPOLATED_LINEAR,UNAVAILABLE_OR_NONFINITE_RETAINED,2.132760524749756,2.0743086338043213,2.084240674972534,1.886460304260254,,ELIGIBLE,SCORED,0.24798910343811031,13.1575161122472,SCORED,0.18953721249267574,10.056243974708268,SCORED,0.19946925366088863,10.58320661091489,SCORED,0.0016888829486083612,0.08960677828152964
FCWD1:0154,FCWD1,13813652,13.813652,1.83966595723951,EXACT,UNAVAILABLE_OR_NONFINITE_RETAINED,2.0604546070098877,1.999835729598999,2.0199339389801025,2.0059897899627686,,ELIGIBLE,SCORED,0.2207886497703777,12.001561963003308,SCORED,0.16016977235948904,8.70645954659236,SCORED,0.18026798174059255,9.798951871191422,SCORED,0.16632383272325857,9.040980079494101
FCWD1:0155,FCWD1,13863705,13.863705,1.7930748173258444,INTERPOLATED_LINEAR,UNAVAILABLE_OR_NONFINITE_RETAINED,1.9963548183441162,1.9366340637207031,1.9493408203125,1.6756991147994995,,ELIGIBLE,SCORED,0.20328000101827182,11.336950307597288,SCORED,0.14355924639485873,8.006316580194914,SCORED,0.1562660029866556,8.714973936207947,SCORED,0.11737570252634488,6.546057163492856
FCWD1:0156,FCWD1,13913757,13.913757,1.74648460824829,EXACT,UNAVAILABLE_OR_NONFINITE_RETAINED,1.9688124656677246,1.9094997644424438,1.9152412414550781,1.6055597066879272,,ELIGIBLE,SCORED,0.2223278574194345,12.730021001583722,SCORED,0.16301515619415374,9.333901680224747,SCORED,0.16875663320678802,9.66264646191469,SCORED,0.14092490156036286,8.06906060865371
FCWD1:0157,FCWD1,13963800,13.9638,1.706407661750213,INTERPOLATED_LINEAR,UNAVAILABLE_OR_NONFINITE_RETAINED,1.8942941427230835,1.8455244302749634,1.8501545190811157,1.6324775218963623,,ELIGIBLE,SCORED,0.18788648097287042,11.010644477542996,SCORED,0.1391167685247503,8.152610401553298,SCORED,0.14374685733090264,8.423945845593876,SCORED,0.07393013985385077,4.332501635513214
FCWD1:0158,FCWD1,14013853,14.013853,1.66632270675015,EXACT,UNAVAILABLE_OR_NONFINITE_RETAINED,1.8716363906860352,1.8232966661453247,1.8290584087371826,1.4728070497512817,,ELIGIBLE,SCORED,0.20531368393588512,12.321363869325825,SCORED,0.15697395939517467,9.420381703933144,SCORED,0.16273570198703258,9.766157619277603,SCORED,0.1935156569988683,11.613336133208213
FCWD1:0159,FCWD1,14063905,14.063905,1.6280892723084766,INTERPOLATED_LINEAR,UNAVAILABLE_OR_NONFINITE_RETAINED,1.838894009590149,1.7797547578811646,1.7803688049316406,1.4032384157180786,,ELIGIBLE,SCORED,0.21080473728167237,12.947983926137614,SCORED,0.151665485572688,9.315550943815303,SCORED,0.15227953262316407,9.353266753440744,SCORED,0.22485085659039794,13.810720358815503
FCWD1:0160,FCWD1,14113948,14.113948,1.58986271273514,EXACT,UNAVAILABLE_OR_NONFINITE_RETAINED,1.7760460376739502,1.7095284461975098,1.701598048210144,1.5793665647506714,,ELIGIBLE,SCORED,0.1861833249388103,11.710654224886344,SCORED,0.11966573346236986,7.526796653813047,SCORED,0.11173533547500414,7.0279864154294724,SCORED,0.010496147984468518,0.6601920971158158
FCWD1:0161,FCWD1,14164001,14.164001,1.5478356171964747,INTERPOLATED_LINEAR,UNAVAILABLE_OR_NONFINITE_RETAINED,1.75947105884552,1.6853615045547485,1.6773977279663086,1.6395864486694336,,ELIGIBLE,SCORED,0.21163544164904535,13.672992099275449,SCORED,0.13752588735827387,8.885044757360497,SCORED,0.12956211076983393,8.370534269298181,SCORED,0.09175083147295893,5.927685760271049
FCWD1:0162,FCWD1,14214053,14.214053,1.50580936130969,EXACT,UNAVAILABLE_OR_NONFINITE_RETAINED,1.8044458627700806,1.7315274477005005,1.7239347696304321,1.4597997665405273,,ELIGIBLE,SCORED,0.29863650146039067,19.83229146620852,SCORED,0.2257180863908106,14.989818245949172,SCORED,0.21812540832074223,14.485592527531232,SCORED,0.046009594769162554,3.0554727544757285
FCWD1:0163,FCWD1,14264096,14.264096,1.470363454151092,INTERPOLATED_LINEAR,UNAVAILABLE_OR_NONFINITE_RETAINED,1.7964669466018677,1.723999261856079,1.7103791236877441,1.379357099533081,,ELIGIBLE,SCORED,0.32610349245077574,22.178427485403613,SCORED,0.25363580770498717,17.249871587118758,SCORED,0.2400156695366522,16.323560603947698,SCORED,0.09100635461801088,6.189378167764175
FCWD1:0164,FCWD1,14314149,14.314149,1.43491046390252,EXACT,UNAVAILABLE_OR_NONFINITE_RETAINED,1.715712070465088,1.6395304203033447,1.618985891342163,1.4010376930236816,,ELIGIBLE,SCORED,0.2808016065625678,19.569277221581675,SCORED,0.20461995640082464,14.260120164175301,SCORED,0.184075427439643,12.828356337928836,SCORED,0.03387277087883844,2.3606191278802724
FCWD1:0165,FCWD1,14364201,14.364201,1.4050404609865943,INTERPOLATED_LINEAR,UNAVAILABLE_OR_NONFINITE_RETAINED,1.7100743055343628,1.6360877752304077,1.6204471588134766,1.37923002243042,,ELIGIBLE,SCORED,0.3050338445477685,21.70996871745453,SCORED,0.23104731424381342,16.44417514365217,SCORED,0.21540669782688227,15.330996067944373,SCORED,0.025810438556174375,1.8369889887762199
FCWD1:0166,FCWD1,14414245,14.414245,1.37517523230593,EXACT,UNAVAILABLE_OR_NONFINITE_RETAINED,1.6868780851364136,1.6252598762512207,1.604485034942627,1.380144476890564,,ELIGIBLE,SCORED,0.3117028528304835,22.666409742401477,SCORED,0.2500846439452906,18.185656494550308,SCORED,0.22930980263669687,16.67495147161603,SCORED,0.004969244584633881,0.36135355465218205
FCWD1:0167,FCWD1,14464297,14.464297,1.3527147878320047,INTERPOLATED_LINEAR,UNAVAILABLE_OR_NONFINITE_RETAINED,1.699933648109436,1.6281636953353882,1.6133373975753784,1.2910586595535278,,ELIGIBLE,SCORED,0.3472188602774313,25.668297811242148,SCORED,0.27544890750338347,20.36267437756375,SCORED,0.2606226097433737,19.2666341853979,SCORED,0.061656128278476885,4.55795477606134
FCWD1:0168,FCWD1,14514349,14.514349,1.33025434335808,EXACT,UNAVAILABLE_OR_NONFINITE_RETAINED,1.739000916481018,1.6628780364990234,1.657139539718628,1.2705334424972534,,ELIGIBLE,SCORED,0.40874657312293805,30.726948960084016,SCORED,0.3326236931409434,25.004518481877057,SCORED,0.3268851963605479,24.5731350544109,SCORED,0.0597209008608266,4.489434758022875
FCWD1:0169,FCWD1,14564393,14.564393,1.3115864145473528,INTERPOLATED_LINEAR,UNAVAILABLE_OR_NONFINITE_RETAINED,1.815953016281128,1.7287009954452515,1.7240458726882935,1.33072030544281,,ELIGIBLE,SCORED,0.5043666017337751,38.45469853451015,SCORED,0.41711458089789866,31.802295012475472,SCORED,0.41245945814094065,31.447371943333703,SCORED,0.01913389089545725,1.4588357033311168
FCWD1:0170,FCWD1,14614445,14.614445,1.29291550149415,EXACT,UNAVAILABLE_OR_NONFINITE_RETAINED,1.807043194770813,1.7227879762649536,1.7150959968566895,1.4803404808044434,,ELIGIBLE,SCORED,0.514127693276663,39.76498794256194,SCORED,0.4298724747708036,33.24830387399827,SCORED,0.42218049536253943,32.6533709956025,SCORED,0.18742497931029334,14.49630537291082
FCWD1:0171,FCWD1,14664497,14.664497,1.2779597655302806,INTERPOLATED_LINEAR,UNAVAILABLE_OR_NONFINITE_RETAINED,1.848936676979065,1.7757811546325684,1.7697030305862427,1.3784345388412476,,ELIGIBLE,SCORED,0.5709769114487844,44.678786206689495,SCORED,0.4978213891022878,38.95438671308406,SCORED,0.4917432650559621,38.478775178960085,SCORED,0.10047477331096699,7.862123364210584
FCWD1:0172,FCWD1,14714540,14.71454,1.26300671880208,EXACT,UNAVAILABLE_OR_NONFINITE_RETAINED,1.9251925945281982,1.8638495206832886,1.8608289957046509,1.4818466901779175,,ELIGIBLE,SCORED,0.6621858757261183,52.429323286116784,SCORED,0.6008428018812086,47.57241532737753,SCORED,0.597822276902571,47.33326181111575,SCORED,0.21883997137583755,17.326904767648426
FCWD1:0173,FCWD1,14764593,14.764593,1.245921677921751,INTERPOLATED_LINEAR,UNAVAILABLE_OR_NONFINITE_RETAINED,1.9311412572860718,1.8768784999847412,1.8782520294189453,1.3719778060913086,,ELIGIBLE,SCORED,0.6852195793643208,54.997002741560394,SCORED,0.6309568220629902,50.64177253223912,SCORED,0.6323303514971943,50.752014569001446,SCORED,0.12605612816955758,10.11750019309596
FCWD1:0174,FCWD1,14814645,14.814645,1.22883697838042,EXACT,UNAVAILABLE_OR_NONFINITE_RETAINED,1.938657283782959,1.8527662754058838,1.8508203029632568,1.301449179649353,,ELIGIBLE,SCORED,0.7098203054025389,57.76358604849818,SCORED,0.6239292970254637,50.773968231960986,SCORED,0.6219833245828368,50.61560935467592,SCORED,0.07261220126893297,5.909018246231022
FCWD1:0175,FCWD1,14864698,14.864698,1.2178929002381045,INTERPOLATED_LINEAR,UNAVAILABLE_OR_NONFINITE_RETAINED,2.0383377075195312,1.926682710647583,1.9179348945617676,1.837294340133667,,ELIGIBLE,SCORED,0.8204448072814268,67.36592414004757,SCORED,0.7087898104094785,58.19804108151927,SCORED,0.7000419943236631,57.47976642172733,SCORED,0.6194014398955625,50.85844902901283
FCWD1:0176,FCWD1,14914741,14.914741,1.20695100859373,EXACT,UNAVAILABLE_OR_NONFINITE_RETAINED,2.209625244140625,2.1126110553741455,2.098822593688965,1.7346242666244507,,ELIGIBLE,SCORED,1.002674235546895,83.07497391423976,SCORED,0.9056600467804155,75.03701810031531,SCORED,0.8918715850952348,73.89459710832773,SCORED,0.5276732580307206,43.719525836059844
FCWD1:0177,FCWD1,14964793,14.964793,1.201945569438044,INTERPOLATED_LINEAR,UNAVAILABLE_OR_NONFINITE_RETAINED,2.1300060749053955,2.0674002170562744,2.0679943561553955,1.6865880489349365,,ELIGIBLE,SCORED,0.9280605054673514,77.21318910483238,SCORED,0.8654546476182303,72.00447920639732,SCORED,0.8660487867173514,72.05391065439532,SCORED,0.48464247949689243,40.32149972677061
FCWD1:0178,FCWD1,15014846,15.014846,1.19694003027758,EXACT,UNAVAILABLE_OR_NONFINITE_RETAINED,2.287902355194092,2.2275757789611816,2.237182855606079,1.7152740955352783,,ELIGIBLE,SCORED,1.090962324916512,91.14594694134418,SCORED,1.0306357486836017,86.10588021227673,SCORED,1.0402428253284992,86.90851663531201,SCORED,0.5183340652576984,43.30493192190194
FCWD1:0179,FCWD1,15064889,15.064889,1.2003662665497734,INTERPOLATED_LINEAR,UNAVAILABLE_OR_NONFINITE_RETAINED,2.5044431686401367,2.3892221450805664,2.4505255222320557,1.5058742761611938,,ELIGIBLE,SCORED,1.3040769020903633,108.63991586823633,SCORED,1.188855878530793,99.04109367784343,SCORED,1.2501592556822823,104.14814965399097,SCORED,0.30550800961142044,25.45123252168237
FCWD1:0180,FCWD1,15114941,15.114941,1.20379311901457,EXACT,UNAVAILABLE_OR_NONFINITE_RETAINED,2.511270523071289,2.4068570137023926,2.4098353385925293,1.2955188751220703,,ELIGIBLE,SCORED,1.307477404056719,108.61313155926868,SCORED,1.2030638946878225,99.93942278658774,SCORED,1.2060422195779592,100.1868344757802,SCORED,0.09172575610750022,7.6197275643664835
FCWD1:0181,FCWD1,15164993,15.164993,1.2070136257533615,INTERPOLATED_LINEAR,UNAVAILABLE_OR_NONFINITE_RETAINED,2.600045680999756,2.522777795791626,2.484380006790161,1.2684911489486694,,ELIGIBLE,SCORED,1.3930320552463944,115.41146061022542,SCORED,1.3157641700382645,109.00988538692147,SCORED,1.2773663810367997,105.82866289015813,SCORED,0.06147752319530797,5.093357844816091
FCWD1:0182,FCWD1,15215037,15.215037,1.21023361774641,EXACT,UNAVAILABLE_OR_NONFINITE_RETAINED,2.4958853721618652,2.4222826957702637,2.448042392730713,1.2709848880767822,,ELIGIBLE,SCORED,1.2856517544154553,106.23170068680479,SCORED,1.2120490780238538,100.15000907682803,SCORED,1.237808774984303,102.27849869922147,SCORED,0.06075127033037231,5.019796958168949
FCWD1:0183,FCWD1,15265089,15.265089,1.2194247105818896,INTERPOLATED_LINEAR,UNAVAILABLE_OR_NONFINITE_RETAINED,2.242042064666748,2.190539598464966,2.2016851902008057,1.2925018072128296,,ELIGIBLE,SCORED,1.0226173540848584,83.86063897269082,SCORED,0.9711148878830762,79.63713376118775,SCORED,0.982260479618916,80.55113785173317,SCORED,0.07307709663093997,5.992751827709705
FCWD1:0184,FCWD1,15315142,15.315142,1.22861598704825,EXACT,UNAVAILABLE_OR_NONFINITE_RETAINED,2.6477982997894287,2.587432622909546,2.577218770980835,1.570801854133606,,ELIGIBLE,SCORED,1.4191823127411787,115.51065000796257,SCORED,1.3588166358612959,110.59734287894567,SCORED,1.348602783932585,109.76601298934771,SCORED,0.3421858670853559,27.851327891919876
FCWD1:0185,FCWD1,15365185,15.365185,1.2565043580932815,INTERPOLATED_LINEAR,UNAVAILABLE_OR_NONFINITE_RETAINED,2.544318914413452,2.5040524005889893,2.459737539291382,1.5947999954223633,,ELIGIBLE,SCORED,1.2878145563201706,102.49184955270681,SCORED,1.2475480424957077,99.28720377769602,SCORED,1.2032331811981003,95.76036672280078,SCORED,0.33829563732908174,26.92355463394
FCWD1:0186,FCWD1,15415237,15.415237,1.28439774473169,EXACT,UNAVAILABLE_OR_NONFINITE_RETAINED,2.174419403076172,2.1252760887145996,2.124490737915039,1.3506790399551392,,ELIGIBLE,SCORED,0.8900216583444818,69.2948630589823,SCORED,0.8408783439829095,65.46868736199536,SCORED,0.840092993183349,65.40754191053519,SCORED,0.06628129522344905,5.160496076493437
FCWD1:0187,FCWD1,15465290,15.46529,1.3287510437720724,INTERPOLATED_LINEAR,UNAVAILABLE_OR_NONFINITE_RETAINED,2.603074073791504,2.530906915664673,2.5415165424346924,1.4753520488739014,,ELIGIBLE,SCORED,1.2743230300194315,95.90382156177803,SCORED,1.2021558718926004,90.47261919583579,SCORED,1.21276549866262,91.27108530577772,SCORED,0.14660100510182894,11.03299265795167
FCWD1:0188,FCWD1,15515333,15.515333,1.37309548154559,EXACT,UNAVAILABLE_OR_NONFINITE_RETAINED,2.920442581176758,2.7820825576782227,2.826512336730957,1.9075249433517456,,ELIGIBLE,SCORED,1.5473470996311678,112.6904225108538,SCORED,1.4089870761326326,102.61391833775771,SCORED,1.453416855185367,105.84965683153843,SCORED,0.5344294618061556,38.9215075709512
FCWD1:0189,FCWD1,15565385,15.565385,1.4537129730780136,INTERPOLATED_LINEAR,UNAVAILABLE_OR_NONFINITE_RETAINED,2.8894569873809814,2.7676236629486084,2.761831760406494,2.6341333389282227,,ELIGIBLE,SCORED,1.4357440143029678,98.76392664110307,SCORED,1.3139106898705948,90.38308897309976,SCORED,1.3081187873284805,89.98466764444842,SCORED,1.180420365850209,81.2003736439698
FCWD1:0190,FCWD1,15615437,15.615437,1.53433046461044,EXACT,UNAVAILABLE_OR_NONFINITE_RETAINED,2.925226926803589,2.8439648151397705,2.8478095531463623,2.8810198307037354,,ELIGIBLE,SCORED,1.3908964621931488,90.65168777355218,SCORED,1.3096343505293304,85.35542901195285,SCORED,1.3134790885359222,85.60600984152452,SCORED,1.3466893660932953,87.77048994039325
FCWD1:0191,FCWD1,15665481,15.665481,1.6723005738845773,INTERPOLATED_LINEAR,UNAVAILABLE_OR_NONFINITE_RETAINED,3.294261932373047,3.1950762271881104,3.1721343994140625,2.2694547176361084,,ELIGIBLE,SCORED,1.6219613584884696,96.98982251263747,SCORED,1.522775653303533,91.05872933872685,SCORED,1.4998338255294852,89.6868570729202,SCORED,0.5971541437515311,35.70854145941033
FCWD1:0192,FCWD1,15715533,15.715533,1.81029273896709,EXACT,UNAVAILABLE_OR_NONFINITE_RETAINED,4.481097221374512,4.202530860900879,4.23045539855957,2.7692348957061768,,ELIGIBLE,SCORED,2.670804482407422,147.5343973335119,SCORED,2.392238121933789,132.14647943065515,SCORED,2.4201626595924806,133.68902208453687,SCORED,0.9589421567390868,52.97166232275982
FCWD1:0193,FCWD1,15765586,15.765586,2.0117235199738643,INTERPOLATED_LINEAR,UNAVAILABLE_OR_NONFINITE_RETAINED,5.125784397125244,4.745415210723877,4.856814384460449,2.990036725997925,,ELIGIBLE,SCORED,3.11406087715138,154.79566880004649,SCORED,2.7336916907500126,135.88804145340646,SCORED,2.845090864486585,141.42554064902257,SCORED,0.9783132060240605,48.63059939950249
FCWD1:0194,FCWD1,15815629,15.815629,2.21311405748254,EXACT,UNAVAILABLE_OR_NONFINITE_RETAINED,5.367177963256836,5.051315784454346,5.181070804595947,3.349447727203369,,ELIGIBLE,SCORED,3.154063905774296,142.51700652799178,SCORED,2.8382017269718056,128.24471099335543,SCORED,2.967956747113407,134.10771745264296,SCORED,1.136333669720829,51.34546346036184
FCWD1:0195,FCWD1,15865681,15.865681,2.591119217817779,INTERPOLATED_LINEAR,UNAVAILABLE_OR_NONFINITE_RETAINED,6.27253532409668,5.838977336883545,6.030211925506592,2.7590746879577637,,ELIGIBLE,SCORED,3.681416106278901,142.0782216797945,SCORED,3.247858119065766,125.34576165897484,SCORED,3.439092707688813,132.72614722008782,SCORED,0.1679554701399848,6.481966132049903
FCWD1:0196,FCWD1,15915734,15.915734,2.96913193040188,EXACT,UNAVAILABLE_OR_NONFINITE_RETAINED,6.188461780548096,5.889997959136963,6.127107620239258,4.550234794616699,,ELIGIBLE,SCORED,3.2193298501462158,108.4266353132537,SCORED,2.920866028735083,98.37441033951416,SCORED,3.157975689837378,106.36023470368113,SCORED,1.5811028642148193,53.25135094286002
FCWD1:0197,FCWD1,15965777,15.965777,3.9252748034398346,INTERPOLATED_LINEAR,UNAVAILABLE_OR_NONFINITE_RETAINED,6.864446640014648,6.488129615783691,6.728409767150879,3.638512134552002,,ELIGIBLE,SCORED,2.939171836574814,74.87811640599354,SCORED,2.562854812343857,65.29109274331446,SCORED,2.8031349637110443,71.41245146083975,SCORED,0.28676266888783264,7.305543770758012
FCWD1:0198,FCWD1,16015829,16.015829,4.88158963431124,EXACT,UNAVAILABLE_OR_NONFINITE_RETAINED,8.72289752960205,7.682994842529297,8.274538040161133,5.710751056671143,,ELIGIBLE,SCORED,3.841307895290811,78.68969296991705,SCORED,2.801405208218057,57.38715086839365,SCORED,3.392948405849893,69.50499038267922,SCORED,0.8291614223599026,16.98547982263757
FCWD1:0199,FCWD1,16065882,16.065882,9.25766324520781,INTERPOLATED_LINEAR,UNAVAILABLE_OR_NONFINITE_RETAINED,9.951143264770508,8.738969802856445,9.289012908935547,6.3057780265808105,,ELIGIBLE,SCORED,0.6934800195626973,7.490875409857605,SCORED,0.5186934423513652,5.602854938797483,SCORED,0.0313496637277364,0.33863473856606763,SCORED,2.951885218627,31.885856510875254
FCWD1:0200,FCWD1,16115925,16.115925,13.6328625681278,EXACT,UNAVAILABLE_OR_NONFINITE_RETAINED,10.41926383972168,9.68503189086914,9.9976224899292,4.8375115394592285,,ELIGIBLE,SCORED,3.2135987284061205,23.57244278189363,SCORED,3.9478306772586595,28.95819317131732,SCORED,3.635240078198601,26.66527341585186,SCORED,8.795351028668572,64.51580498750994
FCWD1:0201,FCWD1,16165977,16.165977,,OUTSIDE_MEASURED_GT_SUPPORT,UNAVAILABLE_OR_NONFINITE_RETAINED,8.2221040725708,8.041779518127441,8.111628532409668,5.766436576843262,,EXCLUDED_GT_NONFINITE,EXCLUDED_GT_NONFINITE,,,EXCLUDED_GT_NONFINITE,,,EXCLUDED_GT_NONFINITE,,,EXCLUDED_GT_NONFINITE,,
FCWD1:0202,FCWD1,16216030,16.21603,,OUTSIDE_MEASURED_GT_SUPPORT,UNAVAILABLE_OR_NONFINITE_RETAINED,7.38617467880249,7.153061389923096,7.253060817718506,4.972235202789307,,EXCLUDED_GT_NONFINITE,EXCLUDED_GT_NONFINITE,,,EXCLUDED_GT_NONFINITE,,,EXCLUDED_GT_NONFINITE,,,EXCLUDED_GT_NONFINITE,,
FCWD1:0203,FCWD1,16266082,16.266082,,OUTSIDE_MEASURED_GT_SUPPORT,UNAVAILABLE_OR_NONFINITE_RETAINED,7.532316207885742,7.524575233459473,7.551750183105469,7.773743629455566,,EXCLUDED_GT_NONFINITE,EXCLUDED_GT_NONFINITE,,,EXCLUDED_GT_NONFINITE,,,EXCLUDED_GT_NONFINITE,,,EXCLUDED_GT_NONFINITE,,
FCWD1:0204,FCWD1,16316125,16.316125,,OUTSIDE_MEASURED_GT_SUPPORT,UNAVAILABLE_OR_NONFINITE_RETAINED,7.105726718902588,7.342347145080566,7.2498369216918945,5.166226387023926,,EXCLUDED_GT_NONFINITE,EXCLUDED_GT_NONFINITE,,,EXCLUDED_GT_NONFINITE,,,EXCLUDED_GT_NONFINITE,,,EXCLUDED_GT_NONFINITE,,
FCWD1:0205,FCWD1,16366178,16.366178,,OUTSIDE_MEASURED_GT_SUPPORT,UNAVAILABLE_OR_NONFINITE_RETAINED,7.228994369506836,7.816496849060059,8.18635368347168,3.8522441387176514,,EXCLUDED_GT_NONFINITE,EXCLUDED_GT_NONFINITE,,,EXCLUDED_GT_NONFINITE,,,EXCLUDED_GT_NONFINITE,,,EXCLUDED_GT_NONFINITE,,
FCWD1:0206,FCWD1,16416230,16.41623,,OUTSIDE_MEASURED_GT_SUPPORT,UNAVAILABLE_OR_NONFINITE_RETAINED,3.0621497631073,3.201942205429077,3.253117084503174,3.915318012237549,,EXCLUDED_GT_NONFINITE,EXCLUDED_GT_NONFINITE,,,EXCLUDED_GT_NONFINITE,,,EXCLUDED_GT_NONFINITE,,,EXCLUDED_GT_NONFINITE,,
FCWD1:0207,FCWD1,16466273,16.466273,,OUTSIDE_MEASURED_GT_SUPPORT,UNAVAILABLE_OR_NONFINITE_RETAINED,2.6958518028259277,2.708409070968628,2.8217151165008545,6.708015441894531,,EXCLUDED_GT_NONFINITE,EXCLUDED_GT_NONFINITE,,,EXCLUDED_GT_NONFINITE,,,EXCLUDED_GT_NONFINITE,,,EXCLUDED_GT_NONFINITE,,
FCWD1:0208,FCWD1,16516326,16.516326,,OUTSIDE_MEASURED_GT_SUPPORT,UNAVAILABLE_OR_NONFINITE_RETAINED,2.503070592880249,2.4440298080444336,2.5492002964019775,4.159736633300781,,EXCLUDED_GT_NONFINITE,EXCLUDED_GT_NONFINITE,,,EXCLUDED_GT_NONFINITE,,,EXCLUDED_GT_NONFINITE,,,EXCLUDED_GT_NONFINITE,,
FCWD1:0209,FCWD1,16566378,16.566378,,OUTSIDE_MEASURED_GT_SUPPORT,UNAVAILABLE_OR_NONFINITE_RETAINED,3.181732177734375,3.0644495487213135,3.1011128425598145,3.3093831539154053,,EXCLUDED_GT_NONFINITE,EXCLUDED_GT_NONFINITE,,,EXCLUDED_GT_NONFINITE,,,EXCLUDED_GT_NONFINITE,,,EXCLUDED_GT_NONFINITE,,
FCWD1:0210,FCWD1,16616421,16.616421,,OUTSIDE_MEASURED_GT_SUPPORT,UNAVAILABLE_OR_NONFINITE_RETAINED,11.00430679321289,7.034646034240723,6.866883277893066,4.992223739624023,,EXCLUDED_GT_NONFINITE,EXCLUDED_GT_NONFINITE,,,EXCLUDED_GT_NONFINITE,,,EXCLUDED_GT_NONFINITE,,,EXCLUDED_GT_NONFINITE,,
FCWD1:0211,FCWD1,16666474,16.666474,,OUTSIDE_MEASURED_GT_SUPPORT,UNAVAILABLE_OR_NONFINITE_RETAINED,11.957569122314453,7.2764458656311035,7.473745822906494,6.570359706878662,,EXCLUDED_GT_NONFINITE,EXCLUDED_GT_NONFINITE,,,EXCLUDED_GT_NONFINITE,,,EXCLUDED_GT_NONFINITE,,,EXCLUDED_GT_NONFINITE,,
FCWD1:0212,FCWD1,16716526,16.716526,,OUTSIDE_MEASURED_GT_SUPPORT,UNAVAILABLE_OR_NONFINITE_RETAINED,12.460928916931152,8.037906646728516,10.058731079101562,9.228950500488281,,EXCLUDED_GT_NONFINITE,EXCLUDED_GT_NONFINITE,,,EXCLUDED_GT_NONFINITE,,,EXCLUDED_GT_NONFINITE,,,EXCLUDED_GT_NONFINITE,,
FCWD1:0213,FCWD1,16766569,16.766569,,OUTSIDE_MEASURED_GT_SUPPORT,UNAVAILABLE_OR_NONFINITE_RETAINED,18.123271942138672,9.028848648071289,16.7823543548584,7.813059329986572,,EXCLUDED_GT_NONFINITE,EXCLUDED_GT_NONFINITE,,,EXCLUDED_GT_NONFINITE,,,EXCLUDED_GT_NONFINITE,,,EXCLUDED_GT_NONFINITE,,
FCWD2:0000,FCWD2,4304250,4.30425,16.473274054659676,INTERPOLATED_LINEAR,UNAVAILABLE_OR_NONFINITE_RETAINED,6.556779861450195,7.799617767333984,7.927021503448486,29.0736083984375,,ELIGIBLE,SCORED,9.91649419320948,60.19746991585121,SCORED,8.673656287325691,52.65289861958096,SCORED,8.54625255121119,51.879502051954105,SCORED,12.600334343777824,76.48955697555252
FCWD2:0001,FCWD2,4354302,4.354302,16.0773303107143,EXACT,UNAVAILABLE_OR_NONFINITE_RETAINED,7.006577491760254,7.614092826843262,8.558737754821777,7.075978755950928,,ELIGIBLE,SCORED,9.070752818954045,56.41952142333662,SCORED,8.463237483871037,52.6408136196029,SCORED,7.518592555892521,46.765180602664856,SCORED,9.001351554763371,55.9878498531853
FCWD2:0002,FCWD2,4404355,4.404355,15.74679360920229,INTERPOLATED_LINEAR,UNAVAILABLE_OR_NONFINITE_RETAINED,6.888986587524414,8.710874557495117,8.923053741455078,7.742925643920898,,ELIGIBLE,SCORED,8.857807021677877,56.25149628240158,SCORED,7.0359190517071735,44.68159821181274,SCORED,6.8237398677472125,43.33415447675314,SCORED,8.003867965281392,50.828556999718344
FCWD2:0003,FCWD2,4454398,4.454398,15.416322945031,EXACT,UNAVAILABLE_OR_NONFINITE_RETAINED,7.2253851890563965,8.369180679321289,9.029809951782227,7.663873672485352,,ELIGIBLE,SCORED,8.190937755974604,53.131591658922225,SCORED,7.047142265709711,45.71221224955689,SCORED,6.386512993248774,41.426953859365526,SCORED,7.752449272545649,50.28727862142005
FCWD2:0004,FCWD2,4504450,4.50445,15.053386709234694,INTERPOLATED_LINEAR,UNAVAILABLE_OR_NONFINITE_RETAINED,8.431869506835938,9.831769943237305,10.061314582824707,7.2482733726501465,,ELIGIBLE,SCORED,6.621517202398756,43.98689364923244,SCORED,5.221616765997389,34.68732230730591,SCORED,4.992072126409987,33.162451897602125,SCORED,7.805113336584547,51.84955045230054
FCWD2:0005,FCWD2,4554503,4.554503,14.6904432222549,EXACT,UNAVAILABLE_OR_NONFINITE_RETAINED,8.4403715133667,9.064891815185547,8.926292419433594,6.734511375427246,,ELIGIBLE,SCORED,6.250071708888202,42.545154113660914,SCORED,5.625551407069354,38.29395289140815,SCORED,5.764150802821307,39.23741929099224,SCORED,7.955931846827655,54.15719407822239
FCWD2:0006,FCWD2,4604546,4.604546,14.426590822343584,INTERPOLATED_LINEAR,UNAVAILABLE_OR_NONFINITE_RETAINED,8.482783317565918,9.39087200164795,9.04794979095459,7.206522464752197,,ELIGIBLE,SCORED,5.943807504777666,41.20036104144597,SCORED,5.035718820695635,34.90581304140425,SCORED,5.3786410313889945,37.28282792257943,SCORED,7.220068357591387,50.04694765730172
FCWD2:0007,FCWD2,4654599,4.654599,14.1626856972959,EXACT,UNAVAILABLE_OR_NONFINITE_RETAINED,7.737583160400391,9.104066848754883,9.608092308044434,6.81134033203125,,ELIGIBLE,SCORED,6.42510253689551,45.366413364114,SCORED,5.058618848541018,35.71793483708296,SCORED,4.554593389251467,32.15910800111226,SCORED,7.351345365264651,51.906435844073364
FCWD2:0008,FCWD2,4704651,4.704651,13.987266486582365,INTERPOLATED_LINEAR,UNAVAILABLE_OR_NONFINITE_RETAINED,7.084026336669922,8.419130325317383,9.353998184204102,6.768855094909668,,ELIGIBLE,SCORED,6.903240149912444,49.35374725672489,SCORED,5.568136161264983,39.80860854124969,SCORED,4.633268302378264,33.124901901474765,SCORED,7.2184113916726975,51.60701984620897
FCWD2:0009,FCWD2,4754694,4.754694,13.8118788185224,EXACT,UNAVAILABLE_OR_NONFINITE_RETAINED,7.277834892272949,7.778744697570801,8.469901084899902,8.343884468078613,,ELIGIBLE,SCORED,6.534043926249451,47.30742292270173,SCORED,6.033134120951599,43.68076349512185,SCORED,5.341977733622498,38.67669130182815,SCORED,5.467994350443787,39.5890698310424
FCWD2:0010,FCWD2,4804747,4.804747,13.658838134374973,INTERPOLATED_LINEAR,UNAVAILABLE_OR_NONFINITE_RETAINED,8.389225959777832,9.092911720275879,9.067570686340332,6.894642353057861,,ELIGIBLE,SCORED,5.269612174597141,38.58023737271763,SCORED,4.565926414099094,33.428366081944425,SCORED,4.591267448034641,33.61389455578856,SCORED,6.764195781317111,49.522482913782916
FCWD2:0011,FCWD2,4854799,4.854799,13.5058005078002,EXACT,UNAVAILABLE_OR_NONFINITE_RETAINED,7.558865547180176,7.882762432098389,8.043025016784668,7.190430641174316,,ELIGIBLE,SCORED,5.946934960620025,44.03245077687476,SCORED,5.623038075701812,41.634245022753426,SCORED,5.462775491015533,40.44762461773767,SCORED,6.315369866625884,46.76042610712691
FCWD2:0012,FCWD2,4904842,4.904842,13.249651612377013,INTERPOLATED_LINEAR,UNAVAILABLE_OR_NONFINITE_RETAINED,8.261947631835938,8.786553382873535,8.5755615234375,7.410005569458008,,ELIGIBLE,SCORED,4.987703980541076,37.64403869971847,SCORED,4.463098229503478,33.684645906722,SCORED,4.674090088939513,35.27707916918558,SCORED,5.839646042919005,44.073959178398056
FCWD2:0013,FCWD2,4954895,4.954895,12.9934515311945,EXACT,UNAVAILABLE_OR_NONFINITE_RETAINED,8.490354537963867,9.14699935913086,8.636151313781738,7.879771709442139,,ELIGIBLE,SCORED,4.503096993230633,34.65666518568726,SCORED,3.846452172063641,29.60300550495864,SCORED,4.357300217412762,33.534586302583385,SCORED,5.113679821752362,39.35582327355829
FCWD2:0014,FCWD2,5004947,5.004947,12.7783195716197,INTERPOLATED_LINEAR,UNAVAILABLE_OR_NONFINITE_RETAINED,8.939351081848145,9.678986549377441,8.699326515197754,6.99120569229126,,ELIGIBLE,SCORED,3.838968489771556,30.042827370648954,SCORED,3.0993330222422593,24.25462131285082,SCORED,4.078993056421947,31.921200855559125,SCORED,5.787113879328441,45.28853615604874
FCWD2:0015,FCWD2,5054999,5.054999,12.5631876120449,EXACT,UNAVAILABLE_OR_NONFINITE_RETAINED,8.579174995422363,9.284621238708496,8.551335334777832,6.930414199829102,,ELIGIBLE,SCORED,3.984012616622536,31.71179751230398,SCORED,3.278566373336403,26.09661237720507,SCORED,4.011852277267067,31.933394622083984,SCORED,5.632773412215798,44.835543224837316
FCWD2:0016,FCWD2,5105043,5.105043,12.31997225080794,INTERPOLATED_LINEAR,UNAVAILABLE_OR_NONFINITE_RETAINED,8.83655834197998,9.491671562194824,9.013635635375977,6.987449645996094,,ELIGIBLE,SCORED,3.483413908827959,28.274527230363834,SCORED,2.8283006886131155,22.957037816604146,SCORED,3.306336615431963,26.837208299841215,SCORED,5.332522604811846,43.28356019196505
FCWD2:0017,FCWD2,5155095,5.155095,12.0767180093278,EXACT,UNAVAILABLE_OR_NONFINITE_RETAINED,8.032421112060547,8.27835464477539,8.451356887817383,6.803661346435547,,ELIGIBLE,SCORED,4.0442968972672535,33.488377340131024,SCORED,3.7983633645524097,31.451950452255613,SCORED,3.6253611215104176,30.019423478384322,SCORED,5.2730566628922535,43.66299402552462
FCWD2:0018,FCWD2,5205148,5.205148,11.876870187411345,INTERPOLATED_LINEAR,UNAVAILABLE_OR_NONFINITE_RETAINED,8.684117317199707,9.15009593963623,8.804247856140137,7.223245620727539,,ELIGIBLE,SCORED,3.1927528702116383,26.882106311103186,SCORED,2.726774247775115,22.95869370253205,SCORED,3.0726223312712087,25.870640015312908,SCORED,4.653624566683806,39.18224661254885
FCWD2:0019,FCWD2,5255191,5.255191,11.6770622927364,EXACT,UNAVAILABLE_OR_NONFINITE_RETAINED,8.127135276794434,8.630254745483398,8.319592475891113,6.807470798492432,,ELIGIBLE,SCORED,3.5499270159419662,30.400857055889503,SCORED,3.0468075472530014,26.092243672864857,SCORED,3.3574698168452866,28.75269252381883,SCORED,4.869591494243968,41.702196769756455
FCWD2:0020,FCWD2,5305243,5.305243,11.509037248749099,INTERPOLATED_LINEAR,UNAVAILABLE_OR_NONFINITE_RETAINED,8.18678092956543,8.565085411071777,8.237189292907715,7.154310703277588,,ELIGIBLE,SCORED,3.322256319183669,28.86650071051565,SCORED,2.9439518376773215,25.579479621523472,SCORED,3.271847955841384,28.428511309206133,SCORED,4.354726545471511,37.837452875954675
FCWD2:0021,FCWD2,5355295,5.355295,11.3410122047618,EXACT,UNAVAILABLE_OR_NONFINITE_RETAINED,7.205945014953613,7.6511335372924805,7.528838157653809,6.229426383972168,,ELIGIBLE,SCORED,4.135067189808186,36.461182786418114,SCORED,3.689878667469319,32.53570846101403,SCORED,3.812174047107991,33.614054709396726,SCORED,5.111585820789632,45.071689620820685
FCWD2:0022,FCWD2,5405339,5.405339,11.219713112439738,INTERPOLATED_LINEAR,UNAVAILABLE_OR_NONFINITE_RETAINED,7.184719562530518,7.5858917236328125,7.549278259277344,6.510847091674805,,ELIGIBLE,SCORED,4.03499354990922,35.96342891722841,SCORED,3.6338213888069255,32.387828034372504,SCORED,3.6704348531623943,32.714159590166695,SCORED,4.708866020764933,41.96957599160025
FCWD2:0023,FCWD2,5455391,5.455391,11.0983946293268,EXACT,UNAVAILABLE_OR_NONFINITE_RETAINED,7.678711891174316,8.091878890991211,7.86944055557251,6.800985813140869,,ELIGIBLE,SCORED,3.419682738152483,30.81240893269545,SCORED,3.0065157383355885,27.089645293302716,SCORED,3.2289540737542897,29.093884130070347,SCORED,4.29740881618593,38.72099488001897
FCWD2:0024,FCWD2,5505443,5.505443,10.973331728932243,INTERPOLATED_LINEAR,UNAVAILABLE_OR_NONFINITE_RETAINED,7.836698532104492,8.068840026855469,7.9847283363342285,6.367886543273926,,ELIGIBLE,SCORED,3.1366331968277503,28.584146313172287,SCORED,2.9044917020767738,26.468640280132995,SCORED,2.988603392598014,27.23515033012512,SCORED,4.605445185658317,41.96943370914067
FCWD2:0025,FCWD2,5555487,5.555487,10.8482888178129,EXACT,UNAVAILABLE_OR_NONFINITE_RETAINED,7.699096202850342,7.755423069000244,7.908602237701416,6.678083896636963,,ELIGIBLE,SCORED,3.1491926149625584,29.02939503040868,SCORED,3.092865748812656,28.510171518794447,SCORED,2.939686580111484,27.098159253324045,SCORED,4.170204921175937,38.441131050350144
FCWD2:0026,FCWD2,5605539,5.605539,10.709348708484418,INTERPOLATED_LINEAR,UNAVAILABLE_OR_NONFINITE_RETAINED,7.320026874542236,7.241400241851807,7.737958908081055,6.706996440887451,,ELIGIBLE,SCORED,3.389321833942182,31.64825356052709,SCORED,3.4679484666326115,32.382440436225124,SCORED,2.9713898004033634,27.74575636004174,SCORED,4.002352267596967,37.37250860480551
FCWD2:0027,FCWD2,5655592,5.655592,10.5704058232407,EXACT,UNAVAILABLE_OR_NONFINITE_RETAINED,7.619677543640137,7.583596229553223,8.116828918457031,7.286046981811523,,ELIGIBLE,SCORED,2.950728279600563,27.91499521345645,SCORED,2.986809593687477,28.25633796500515,SCORED,2.4535769047836684,23.21175691655181,SCORED,3.2843588414291762,31.07126534544205
FCWD2:0028,FCWD2,5705635,5.705635,10.45250040481442,INTERPOLATED_LINEAR,UNAVAILABLE_OR_NONFINITE_RETAINED,7.111043930053711,7.118596076965332,7.562470436096191,5.80183219909668,,ELIGIBLE,SCORED,3.34145647476071,31.96801095766172,SCORED,3.3339043278490887,31.895758897206,SCORED,2.8900299687182294,27.649173468456233,SCORED,4.650668205717741,44.49335590148022
FCWD2:0029,FCWD2,5755687,5.755687,10.3345737816489,EXACT,UNAVAILABLE_OR_NONFINITE_RETAINED,7.25705623626709,7.454275131225586,7.866826057434082,7.62185001373291,,ELIGIBLE,SCORED,3.0775175453818093,29.778853104194358,SCORED,2.8802986504233132,27.870512236681293,SCORED,2.467747724214817,23.878563125620104,SCORED,2.712723767915989,26.249014475400738
FCWD2:0030,FCWD2,5805740,5.80574,10.205395695009663,INTERPOLATED_LINEAR,UNAVAILABLE_OR_NONFINITE_RETAINED,7.274816513061523,7.616934299468994,7.789463996887207,6.769892692565918,,ELIGIBLE,SCORED,2.93057918194814,28.715977993691748,SCORED,2.5884613955406692,25.36365539267038,SCORED,2.4159316981224563,23.673082066811215,SCORED,3.4355030024437454,33.66359428986837
FCWD2:0031,FCWD2,5855783,5.855783,10.076243416631,EXACT,UNAVAILABLE_OR_NONFINITE_RETAINED,7.823967933654785,8.044755935668945,8.164183616638184,5.772626876831055,,ELIGIBLE,SCORED,2.2522754829762146,22.35233300595734,SCORED,2.0314874809620544,20.161159243226024,SCORED,1.9120597999928162,18.975919109267757,SCORED,4.303616539799945,42.71052575701732
FCWD2:0032,FCWD2,5905835,5.905835,9.959921943845197,INTERPOLATED_LINEAR,UNAVAILABLE_OR_NONFINITE_RETAINED,7.762482166290283,7.9141926765441895,8.054140090942383,6.516916751861572,,ELIGIBLE,SCORED,2.197439777554914,22.062821274546604,SCORED,2.0457292673010077,20.53961144309148,SCORED,1.9057818529028143,19.134505909260717,SCORED,3.443005191983625,34.56859613353952
FCWD2:0033,FCWD2,5955888,5.955888,9.84359814704691,EXACT,UNAVAILABLE_OR_NONFINITE_RETAINED,7.315826416015625,7.384093284606934,7.573128700256348,5.984595775604248,,ELIGIBLE,SCORED,2.527771731031285,25.679347056539676,SCORED,2.4595048624399762,24.985831661340526,SCORED,2.270469446790562,23.065442258750736,SCORED,3.859002371442662,39.203168534468944
FCWD2:0034,FCWD2,6005940,6.00594,9.703947403704738,INTERPOLATED_LINEAR,UNAVAILABLE_OR_NONFINITE_RETAINED,7.710389614105225,7.611512660980225,7.730912208557129,6.076565742492676,,ELIGIBLE,SCORED,1.9935577895995138,20.543781892700906,SCORED,2.092434742724514,21.562717270351975,SCORED,1.9730351951476095,20.332294818440083,SCORED,3.6273816612120626,37.380475288099916
FCWD2:0035,FCWD2,6055984,6.055984,9.56431898126776,EXACT,UNAVAILABLE_OR_NONFINITE_RETAINED,7.722348690032959,7.687287330627441,7.750992774963379,6.590853691101074,,ELIGIBLE,SCORED,1.8419702912348015,19.258771009649518,SCORED,1.877031650640319,19.6253560166342,SCORED,1.8133262063043816,18.959281992328776,SCORED,2.9734652901666863,31.08914807202039
FCWD2:0036,FCWD2,6106036,6.106036,9.420547494119996,INTERPOLATED_LINEAR,UNAVAILABLE_OR_NONFINITE_RETAINED,7.623489856719971,7.586195945739746,7.846281051635742,6.115438461303711,,ELIGIBLE,SCORED,1.7970576374000249,19.075936282065246,SCORED,1.8343515483802495,19.471814663905608,SCORED,1.5742664424842534,16.71098673900705,SCORED,3.3051090328162847,35.084044052420815
FCWD2:0037,FCWD2,6156088,6.156088,9.27677600697223,EXACT,UNAVAILABLE_OR_NONFINITE_RETAINED,7.244459629058838,7.208085060119629,7.367547035217285,7.278239727020264,,ELIGIBLE,SCORED,2.032316377913393,21.9075719451019,SCORED,2.068690946852602,22.29967550469923,SCORED,1.9092289717549455,20.580738074520813,SCORED,1.998536279951967,21.543435763134834
FCWD2:0038,FCWD2,6206132,6.206132,9.155873852953093,INTERPOLATED_LINEAR,UNAVAILABLE_OR_NONFINITE_RETAINED,7.599944591522217,7.70339298248291,7.851523399353027,6.973016262054443,,ELIGIBLE,SCORED,1.555929261430876,16.993782203858494,SCORED,1.4524808704701826,15.863924009849766,SCORED,1.3043504536000654,14.246050945528987,SCORED,2.1828575908986494,23.841062316456014
FCWD2:0039,FCWD2,6256184,6.256184,9.03495237159737,EXACT,UNAVAILABLE_OR_NONFINITE_RETAINED,7.535101413726807,7.633682727813721,7.7041802406311035,6.857051372528076,,ELIGIBLE,SCORED,1.4998509578705637,16.600540835008204,SCORED,1.4012696437836496,15.509430334007469,SCORED,1.3307721309662668,14.729154911206107,SCORED,2.177900999069294,24.105284781753017
FCWD2:0040,FCWD2,6306236,6.306236,8.913546632148782,INTERPOLATED_LINEAR,UNAVAILABLE_OR_NONFINITE_RETAINED,7.954219341278076,7.892928123474121,7.833160400390625,6.907132148742676,,ELIGIBLE,SCORED,0.9593272908707053,10.762576676389038,SCORED,1.0206185086746604,11.45019542494524,SCORED,1.0803862317581565,12.120722270768091,SCORED,2.0064144834061057,22.509721059510753
FCWD2:0041,FCWD2,6356280,6.35628,8.79216029743758,EXACT,UNAVAILABLE_OR_NONFINITE_RETAINED,7.30084753036499,7.334931373596191,7.418618202209473,7.52587890625,,ELIGIBLE,SCORED,1.4913127670725892,16.96184687973925,SCORED,1.457228923841388,16.574185121102584,SCORED,1.3735420952281068,15.622350466340077,SCORED,1.2662813911875794,14.402391998660777
FCWD2:0042,FCWD2,6406332,6.406332,8.66089721944899,INTERPOLATED_LINEAR,UNAVAILABLE_OR_NONFINITE_RETAINED,7.573193073272705,8.203588485717773,8.107324600219727,6.410564422607422,,ELIGIBLE,SCORED,1.0877041461762857,12.558792912744968,SCORED,0.4573087337312174,5.280154262820261,SCORED,0.5535726192292643,6.391631319514524,SCORED,2.250332796841569,25.982675233556645
FCWD2:0043,FCWD2,6456384,6.456384,8.5296341414604,EXACT,UNAVAILABLE_OR_NONFINITE_RETAINED,7.471656322479248,8.241657257080078,7.956293106079102,7.070700168609619,,ELIGIBLE,SCORED,1.0579778189811524,12.403554495246038,SCORED,0.2879768843803223,3.3761926901476267,SCORED,0.5733410353812989,6.721754132389251,SCORED,1.4589339728507813,17.10429719088737
FCWD2:0044,FCWD2,6506428,6.506428,8.432776653794182,INTERPOLATED_LINEAR,UNAVAILABLE_OR_NONFINITE_RETAINED,8.052806854248047,8.97569465637207,8.467387199401855,6.653242588043213,,ELIGIBLE,SCORED,0.3799697995461351,4.505868175403107,SCORED,0.5429180025778884,6.438187857538143,SCORED,0.034610545607673515,0.4104288187462086,SCORED,1.779534065750969,21.102587425344634
FCWD2:0045,FCWD2,6556480,6.55648,8.33590368255548,EXACT,UNAVAILABLE_OR_NONFINITE_RETAINED,7.190799713134766,7.8367919921875,7.318770408630371,6.319149971008301,,ELIGIBLE,SCORED,1.145103969420715,13.737010563318652,SCORED,0.49911169036798064,5.987493490507456,SCORED,1.0171332739251095,12.201835729624145,SCORED,2.01675371154718,24.193582223936126
FCWD2:0046,FCWD2,6606533,6.606533,8.26377061226357,INTERPOLATED_LINEAR,UNAVAILABLE_OR_NONFINITE_RETAINED,6.222690105438232,6.578911304473877,6.357226848602295,6.771969795227051,,ELIGIBLE,SCORED,2.041080506825338,24.699142831921563,SCORED,1.6848593077896936,20.388505282193275,SCORED,1.9065437636612756,23.071111882412776,SCORED,1.4918008170365198,18.05230187322314
FCWD2:0047,FCWD2,6656576,6.656576,8.1916519533097,EXACT,UNAVAILABLE_OR_NONFINITE_RETAINED,5.965031623840332,6.214821815490723,6.253262519836426,6.611007213592529,,ELIGIBLE,SCORED,2.226620329469368,27.18157878484741,SCORED,1.9768301378189772,24.132252555240363,SCORED,1.938389433473274,23.662985738671434,SCORED,1.5806447397171706,19.295799537461274
FCWD2:0048,FCWD2,6706628,6.706628,8.044460190086799,INTERPOLATED_LINEAR,UNAVAILABLE_OR_NONFINITE_RETAINED,6.216268062591553,6.573256969451904,6.425831317901611,7.325367450714111,,ELIGIBLE,SCORED,1.828192127495246,22.72610074878772,SCORED,1.4712032206348944,18.28840202911142,SCORED,1.6186288721851874,20.12103775688798,SCORED,0.7190927393726874,8.938980644827188
FCWD2:0049,FCWD2,6756681,6.756681,7.89726548608704,EXACT,UNAVAILABLE_OR_NONFINITE_RETAINED,5.758134365081787,5.802208423614502,5.867208480834961,4.6288743019104,,ELIGIBLE,SCORED,2.139131121005253,27.086985042782903,SCORED,2.095057062472538,26.528892388935034,SCORED,2.030057005252079,25.705821956074793,SCORED,3.2683911841766395,41.38636582415405
FCWD2:0050,FCWD2,6806724,6.806724,7.809318357952804,INTERPOLATED_LINEAR,UNAVAILABLE_OR_NONFINITE_RETAINED,6.164663314819336,6.318450450897217,6.144664764404297,5.596192359924316,,ELIGIBLE,SCORED,1.6446550431334677,21.060161306634328,SCORED,1.4908679070555868,19.09088397628618,SCORED,1.6646535935485067,21.316247042909545,SCORED,2.213125998028487,28.339554063315887
FCWD2:0051,FCWD2,6856776,6.856776,7.72135541293802,EXACT,UNAVAILABLE_OR_NONFINITE_RETAINED,6.01278829574585,6.12290620803833,6.088832378387451,6.716985702514648,,ELIGIBLE,SCORED,1.7085671171921701,22.127813393089887,SCORED,1.5984492048996897,20.70166595648873,SCORED,1.6325230345505686,21.142959328294722,SCORED,1.0043697104233713,13.007686561616296
FCWD2:0052,FCWD2,6906829,6.906829,7.640794353748335,INTERPOLATED_LINEAR,UNAVAILABLE_OR_NONFINITE_RETAINED,6.808970928192139,7.187678337097168,7.146996021270752,6.10355806350708,,ELIGIBLE,SCORED,0.8318234255561965,10.88660925873669,SCORED,0.4531160166511672,5.930221331357814,SCORED,0.4937983324775832,6.462657017268645,SCORED,1.537236290241255,20.118802039046308
FCWD2:0053,FCWD2,6956872,6.956872,7.56024938970963,EXACT,UNAVAILABLE_OR_NONFINITE_RETAINED,5.907557964324951,5.954277038574219,5.891833782196045,6.758248329162598,,ELIGIBLE,SCORED,1.6526914253846785,21.860276562227984,SCORED,1.605972351135411,21.24231977481225,SCORED,1.6684156075135848,22.06826152831004,SCORED,0.802001060547032,10.608129695280262
FCWD2:0054,FCWD2,7006924,7.006924,7.45674311455031,INTERPOLATED_LINEAR,UNAVAILABLE_OR_NONFINITE_RETAINED,6.950117588043213,6.901448726654053,7.1415696144104,5.018941402435303,,ELIGIBLE,SCORED,0.5066255265070971,6.794193104473735,SCORED,0.5552943878962573,7.446875658257743,SCORED,0.31517350013990963,4.226691134429895,SCORED,2.4378017121150073,32.692580053591165
FCWD2:0055,FCWD2,7056977,7.056977,7.35323477141618,EXACT,UNAVAILABLE_OR_NONFINITE_RETAINED,6.396669387817383,6.529656410217285,6.596776485443115,6.824500560760498,,ELIGIBLE,SCORED,0.9565653835987975,13.008769790911625,SCORED,0.8235783611988952,11.20021849975939,SCORED,0.7564582859730651,10.28742192366281,SCORED,0.5287342106556823,7.190498156144848
FCWD2:0056,FCWD2,7107020,7.10702,7.261458309093372,INTERPOLATED_LINEAR,UNAVAILABLE_OR_NONFINITE_RETAINED,6.306370735168457,6.1982502937316895,6.465022087097168,7.250560283660889,,ELIGIBLE,SCORED,0.9550875739249154,13.1528342279247,SCORED,1.063208015361683,14.641797420089157,SCORED,0.7964362219962045,10.967992765294046,SCORED,0.010898025432483749,0.1500803966447949
FCWD2:0057,FCWD2,7157073,7.157073,7.16966350725009,EXACT,UNAVAILABLE_OR_NONFINITE_RETAINED,6.576724052429199,6.7687153816223145,6.6518659591674805,6.949044227600098,,ELIGIBLE,SCORED,0.5929394548208906,8.270115525244663,SCORED,0.4009481256277754,5.592286516965958,SCORED,0.5177975480826094,7.222062061336677,SCORED,0.22061927964999217,3.0771218122984165
FCWD2:0058,FCWD2,7207125,7.207125,7.068988068301506,INTERPOLATED_LINEAR,UNAVAILABLE_OR_NONFINITE_RETAINED,7.47312593460083,7.612586498260498,7.493931770324707,6.738920211791992,,ELIGIBLE,SCORED,0.40413786629932424,5.7170540167063555,SCORED,0.5435984299589922,7.689904477227456,SCORED,0.4249437020232012,6.0113795343454886,SCORED,0.33006785650951365,4.669237708712393
FCWD2:0059,FCWD2,7257168,7.257168,6.96833073210507,EXACT,UNAVAILABLE_OR_NONFINITE_RETAINED,7.176663875579834,7.589036464691162,7.376914024353027,5.928324222564697,,ELIGIBLE,SCORED,0.20833314347476417,2.98971377054356,SCORED,0.6207057325860923,8.907524003221107,SCORED,0.40858329224795753,5.863431400658105,SCORED,1.0400065095403725,14.924758159780914
FCWD2:0060,FCWD2,7307220,7.30722,6.88316710546112,INTERPOLATED_LINEAR,UNAVAILABLE_OR_NONFINITE_RETAINED,6.985041618347168,7.316455364227295,7.1919403076171875,6.250033855438232,,ELIGIBLE,SCORED,0.10187451288604787,1.4800528786410023,SCORED,0.4332882587661748,6.294896696934801,SCORED,0.3087732021560674,4.485917564184749,SCORED,0.6331332500228877,9.19828387604535
FCWD2:0061,FCWD2,7357273,7.357273,6.7980017773142,EXACT,UNAVAILABLE_OR_NONFINITE_RETAINED,6.857115745544434,7.194799900054932,6.982071399688721,5.9684157371521,,ELIGIBLE,SCORED,0.05911396823023374,0.8695785933375981,SCORED,0.3967981227407318,5.836981744619394,SCORED,0.18406962237452085,2.707701886586507,SCORED,0.8295860401621002,12.203380748303639
FCWD2:0062,FCWD2,7407316,7.407316,6.7078315444510945,INTERPOLATED_LINEAR,UNAVAILABLE_OR_NONFINITE_RETAINED,6.393226146697998,6.3101959228515625,6.253836154937744,6.976698875427246,,ELIGIBLE,SCORED,0.3146053977530965,4.690120729304045,SCORED,0.39763562159953203,5.927930941087322,SCORED,0.4539953895133504,6.768139398028087,SCORED,0.26886733097615156,4.008260034475167
FCWD2:0063,FCWD2,7457369,7.457369,6.61764329303737,EXACT,UNAVAILABLE_OR_NONFINITE_RETAINED,7.292215347290039,7.0545430183410645,6.986975193023682,7.106942176818848,,ELIGIBLE,SCORED,0.6745720542526694,10.193539064917685,SCORED,0.4368997253036948,6.602044050385289,SCORED,0.369331899986312,5.581018553461437,SCORED,0.489298883781478,7.393854006852934
FCWD2:0064,FCWD2,7507421,7.507421,6.54894527196863,INTERPOLATED_LINEAR,UNAVAILABLE_OR_NONFINITE_RETAINED,7.250543594360352,7.363369464874268,7.310125827789307,6.453420639038086,,ELIGIBLE,SCORED,0.7015983223917219,10.713149877656859,SCORED,0.814424192905638,12.43595967111846,SCORED,0.761180555820677,11.622948798774496,SCORED,0.0955246329305437,1.4586262209186054
FCWD2:0065,FCWD2,7557473,7.557473,6.48024725089989,EXACT,UNAVAILABLE_OR_NONFINITE_RETAINED,6.669830799102783,6.535698413848877,6.737852096557617,5.887279510498047,,ELIGIBLE,SCORED,0.18958354820289358,2.925560412476033,SCORED,0.05545116294898733,0.8556951733791797,SCORED,0.25760484565772757,3.9752317416894063,SCORED,0.5929677404018427,9.150387592379278
FCWD2:0066,FCWD2,7607517,7.607517,6.394667961594155,INTERPOLATED_LINEAR,UNAVAILABLE_OR_NONFINITE_RETAINED,7.283956050872803,7.199311256408691,7.44246244430542,4.301883220672607,,ELIGIBLE,SCORED,0.8892880892786481,13.906712508290322,SCORED,0.8046432948145368,12.583034797852799,SCORED,1.0477944827112653,16.38544001039979,SCORED,2.092784740921547,32.727027478058886
FCWD2:0067,FCWD2,7657569,7.657569,6.3090749916411,EXACT,UNAVAILABLE_OR_NONFINITE_RETAINED,6.803371906280518,6.9832940101623535,7.131758689880371,5.693850994110107,,ELIGIBLE,SCORED,0.49429691463941783,7.834697087834782,SCORED,0.6742190185212538,10.686495554649886,SCORED,0.8226836982392713,13.039688057746119,SCORED,0.6152239975309923,9.751413612076307
FCWD2:0068,FCWD2,7707621,7.707621,6.216749674248735,INTERPOLATED_LINEAR,UNAVAILABLE_OR_NONFINITE_RETAINED,7.159745693206787,7.315919399261475,7.3407087326049805,5.654453754425049,,ELIGIBLE,SCORED,0.942996018958052,15.168634228014152,SCORED,1.0991697250127395,17.68077826208386,SCORED,1.1239590583562453,18.079528970129726,SCORED,0.5622959198236863,9.044853810872432
FCWD2:0069,FCWD2,7757665,7.757665,6.12443911356018,EXACT,UNAVAILABLE_OR_NONFINITE_RETAINED,7.327181339263916,7.4607110023498535,7.415099143981934,4.916328430175781,,ELIGIBLE,SCORED,1.2027422257037363,19.63840612017406,SCORED,1.3362718887896738,21.818681907230026,SCORED,1.290660030421754,21.073930305945748,SCORED,1.2081106833843984,19.7260624358157
FCWD2:0070,FCWD2,7807717,7.807717,6.036565423971945,INTERPOLATED_LINEAR,UNAVAILABLE_OR_NONFINITE_RETAINED,6.340941905975342,6.420390605926514,6.501123905181885,5.786444187164307,,ELIGIBLE,SCORED,0.30437648200339673,5.042212924499753,SCORED,0.3838251819545686,6.3583371502999295,SCORED,0.4645584812099397,7.695741677297503,SCORED,0.2501212368076384,4.143436196589143
FCWD2:0071,FCWD2,7857769,7.857769,5.94869173438371,EXACT,UNAVAILABLE_OR_NONFINITE_RETAINED,6.614076614379883,6.696138858795166,6.6498565673828125,5.1348557472229,,ELIGIBLE,SCORED,0.6653848799961732,11.185398566717087,SCORED,0.7474471244114564,12.564899271736977,SCORED,0.7011648329991029,11.786874565147462,SCORED,0.8138359871608092,13.680923865272762
FCWD2:0072,FCWD2,7907813,7.907813,5.902780420981193,INTERPOLATED_LINEAR,UNAVAILABLE_OR_NONFINITE_RETAINED,6.873803615570068,7.0294647216796875,6.803620338439941,5.366013526916504,,ELIGIBLE,SCORED,0.9710231945888754,16.45026793030303,SCORED,1.1266843006984946,19.087349017655157,SCORED,0.9008399174587485,15.261281179573436,SCORED,0.536766894064689,9.093458603961837
FCWD2:0073,FCWD2,7957865,7.957865,5.85686176822716,EXACT,UNAVAILABLE_OR_NONFINITE_RETAINED,5.988636016845703,6.23084020614624,6.156476020812988,5.544464111328125,,ELIGIBLE,SCORED,0.1317742486185427,2.2499122197727752,SCORED,0.3739784379190798,6.385304156363605,SCORED,0.29961425258582786,5.115610790256357,SCORED,0.3123976568990354,5.333874509276603
FCWD2:0074,FCWD2,8007917,8.007917,5.8070150068420805,INTERPOLATED_LINEAR,UNAVAILABLE_OR_NONFINITE_RETAINED,5.842799186706543,6.1748247146606445,6.153880596160889,5.477684497833252,,ELIGIBLE,SCORED,0.03578417986446247,0.6162233061615989,SCORED,0.36780970781856404,6.333885953199612,SCORED,0.3468655893188082,5.973216685510815,SCORED,0.32933050900882854,5.671252934955341
FCWD2:0075,FCWD2,8057961,8.057961,5.75717621265294,EXACT,UNAVAILABLE_OR_NONFINITE_RETAINED,5.580257892608643,5.702065944671631,5.797263145446777,5.631185531616211,,ELIGIBLE,SCORED,0.17691832004429742,3.073005124551719,SCORED,0.055110267981309136,0.957244766282983,SCORED,0.04008693279383735,0.6962950466191318,SCORED,0.12599068103672906,2.188411060961287
FCWD2:0076,FCWD2,8108013,8.108013,5.7078984059993,INTERPOLATED_LINEAR,UNAVAILABLE_OR_NONFINITE_RETAINED,4.99149751663208,5.026920795440674,5.158005714416504,4.894299030303955,,ELIGIBLE,SCORED,0.71640088936722,12.551044857670297,SCORED,0.6809776105586263,11.930443783703003,SCORED,0.5498926915827962,9.633890662889693,SCORED,0.813599375695345,14.253921808422684
FCWD2:0077,FCWD2,8158066,8.158066,5.65861961481344,EXACT,UNAVAILABLE_OR_NONFINITE_RETAINED,4.923984527587891,4.915802001953125,5.149287700653076,4.772165775299072,,ELIGIBLE,SCORED,0.7346350872255494,12.98258475092374,SCORED,0.742817612860315,13.1271876080118,SCORED,0.5093319141603638,9.000992270747574,SCORED,0.8864538395143677,15.665549194961983
FCWD2:0078,FCWD2,8208109,8.208109,5.623500697031921,INTERPOLATED_LINEAR,UNAVAILABLE_OR_NONFINITE_RETAINED,4.79852819442749,5.056664943695068,5.112922191619873,5.299769878387451,,ELIGIBLE,SCORED,0.8249725026044308,14.670088029683193,SCORED,0.5668357533368527,10.079766748069012,SCORED,0.510578505412048,9.079371247904902,SCORED,0.32373081864446984,5.756748973381201
FCWD2:0079,FCWD2,8258161,8.258161,5.58837546327694,EXACT,UNAVAILABLE_OR_NONFINITE_RETAINED,5.259124279022217,5.155013561248779,5.4371185302734375,4.974136829376221,,ELIGIBLE,SCORED,0.3292511842547228,5.891715515865765,SCORED,0.4333619020281603,7.754702683739209,SCORED,0.15125693300350207,2.7066351213776048,SCORED,0.6142386339007189,10.991363016624128
FCWD2:0080,FCWD2,8308214,8.308214,5.543692208787001,INTERPOLATED_LINEAR,UNAVAILABLE_OR_NONFINITE_RETAINED,4.7572832107543945,4.650600433349609,4.804614543914795,5.851877689361572,,ELIGIBLE,SCORED,0.7864089980326066,14.185654044539358,SCORED,0.8930917754373917,16.1100534048734,SCORED,0.7390776648722062,13.331866868451586,SCORED,0.3081854805745712,5.559209800394101
FCWD2:0081,FCWD2,8358257,8.358257,5.49901788148514,EXACT,UNAVAILABLE_OR_NONFINITE_RETAINED,4.935222148895264,4.767824172973633,4.951458930969238,4.869609355926514,,ELIGIBLE,SCORED,0.5637957325898766,10.252662288808747,SCORED,0.7311937085115074,13.296805434537545,SCORED,0.547558950515902,9.957395344348665,SCORED,0.6294085255586266,11.445835222282271
FCWD2:0082,FCWD2,8408309,8.408309,5.442898811141367,INTERPOLATED_LINEAR,UNAVAILABLE_OR_NONFINITE_RETAINED,5.048923015594482,4.8456645011901855,5.08113956451416,4.959315776824951,,ELIGIBLE,SCORED,0.39397579554688456,7.238345029314782,SCORED,0.5972343099511814,10.972724841561813,SCORED,0.3617592466272068,6.646444462401213,SCORED,0.4835830343164158,8.88465964729205
FCWD2:0083,FCWD2,8458362,8.458362,5.38677861958225,EXACT,UNAVAILABLE_OR_NONFINITE_RETAINED,5.477845191955566,5.550092697143555,5.747742652893066,5.953505516052246,,ELIGIBLE,SCORED,0.09106657237331639,1.690557173488943,SCORED,0.16331407756130467,3.0317577367597455,SCORED,0.3609640333108164,6.70092570722369,SCORED,0.5667268964699961,10.520701452437752
FCWD2:0084,FCWD2,8508405,8.508405,5.333294221563986,INTERPOLATED_LINEAR,UNAVAILABLE_OR_NONFINITE_RETAINED,5.031158447265625,5.2585530281066895,5.3042802810668945,4.837316513061523,,ELIGIBLE,SCORED,0.30213577429836125,5.665087312767081,SCORED,0.0747411934572968,1.401407654486742,SCORED,0.029013940497091717,0.5440153738336865,SCORED,0.4959777085024628,9.299650233003975
FCWD2:0085,FCWD2,8558458,8.558458,5.27979913585753,EXACT,UNAVAILABLE_OR_NONFINITE_RETAINED,4.899587631225586,4.975109577178955,4.9543256759643555,5.896839618682861,,ELIGIBLE,SCORED,0.3802115046319443,7.201249419693907,SCORED,0.30468955867857517,5.770855118507995,SCORED,0.3254734598931748,6.164504586599435,SCORED,0.6170404828253311,11.68681737596279
FCWD2:0086,FCWD2,8608510,8.60851,5.217061611632195,INTERPOLATED_LINEAR,UNAVAILABLE_OR_NONFINITE_RETAINED,5.6383843421936035,5.787497043609619,5.62410831451416,6.854529857635498,,ELIGIBLE,SCORED,0.4213227305614087,8.075862658436094,SCORED,0.5704354319774243,10.93403671341653,SCORED,0.4070467028819653,7.802221502893423,SCORED,1.6374682460033032,31.38679141439178
FCWD2:0087,FCWD2,8658553,8.658553,5.15433536842896,EXACT,UNAVAILABLE_OR_NONFINITE_RETAINED,5.661850929260254,5.63879919052124,5.519105911254883,7.140547752380371,,ELIGIBLE,SCORED,0.507515560831294,9.84638221136908,SCORED,0.48446382209228034,9.399152120750436,SCORED,0.3647705428259229,7.076965636737466,SCORED,1.9862123839514112,38.53479143241717
FCWD2:0088,FCWD2,8708606,8.708606,5.099115624078267,INTERPOLATED_LINEAR,UNAVAILABLE_OR_NONFINITE_RETAINED,5.214256763458252,5.256064414978027,5.175501823425293,5.313684940338135,,ELIGIBLE,SCORED,0.11514113937998527,2.2580609632831883,SCORED,0.15694879089976066,3.0779610126634704,SCORED,0.07638619934702628,1.4980283833205705,SCORED,0.21456931625986808,4.207971187134129
FCWD2:0089,FCWD2,8758658,8.758658,5.04389698295304,EXACT,UNAVAILABLE_OR_NONFINITE_RETAINED,5.871257781982422,5.896111488342285,5.790004253387451,3.915217638015747,,ELIGIBLE,SCORED,0.8273607990293819,16.403205732108127,SCORED,0.8522145053892451,16.89595382834922,SCORED,0.7461072704344112,14.792278132484563,SCORED,1.128679344937293,22.37712920687939
FCWD2:0090,FCWD2,8808710,8.80871,5.017306699960334,INTERPOLATED_LINEAR,UNAVAILABLE_OR_NONFINITE_RETAINED,5.83738899230957,6.017213821411133,5.767534255981445,4.757820129394531,,ELIGIBLE,SCORED,0.8200822923492366,16.345070002511907,SCORED,0.9999071214507991,19.92916082763496,SCORED,0.7502275560211116,14.952794415120024,SCORED,0.2594865705658025,5.171829949479747
FCWD2:0091,FCWD2,8858754,8.858754,4.99072066699288,EXACT,UNAVAILABLE_OR_NONFINITE_RETAINED,4.821576118469238,4.897080898284912,4.92787504196167,5.69767951965332,,ELIGIBLE,SCORED,0.1691445485236418,3.389180837996259,SCORED,0.09363976870796797,1.8762774948971426,SCORED,0.06284562503121016,1.2592494997135817,SCORED,0.7069588526604402,14.165466268950949
FCWD2:0092,FCWD2,8908806,8.908806,4.940892919917719,INTERPOLATED_LINEAR,UNAVAILABLE_OR_NONFINITE_RETAINED,5.151004791259766,5.17785120010376,5.286860466003418,6.584206581115723,,ELIGIBLE,SCORED,0.2101118713420469,4.252508094135056,SCORED,0.23695828018604104,4.795859453476825,SCORED,0.34596754608569924,7.002125965754804,SCORED,1.643313661198004,33.25944698322606
FCWD2:0093,FCWD2,8958858,8.958858,4.89106517284256,EXACT,UNAVAILABLE_OR_NONFINITE_RETAINED,5.137148857116699,5.029491901397705,5.264860153198242,4.181894302368164,,ELIGIBLE,SCORED,0.24608368427413918,5.031290231839657,SCORED,0.13842672855514504,2.830195952484007,SCORED,0.37379498035568215,7.642404407758939,SCORED,0.709170870474396,14.499313450412362
FCWD2:0094,FCWD2,9008902,9.008902,4.86621289412062,INTERPOLATED_LINEAR,UNAVAILABLE_OR_NONFINITE_RETAINED,5.189973831176758,5.266947269439697,5.419622421264648,22.347274780273438,,ELIGIBLE,SCORED,0.3237609370561376,6.6532423488357235,SCORED,0.4007343753190771,8.23503582844158,SCORED,0.5534095271440282,11.372489021445405,SCORED,17.481061886152816,359.233397027769
FCWD2:0095,FCWD2,9058954,9.058954,4.84135664253021,EXACT,UNAVAILABLE_OR_NONFINITE_RETAINED,5.005373001098633,4.9639434814453125,5.118957042694092,3.421694040298462,,ELIGIBLE,SCORED,0.16401635856842312,3.3878181402208005,SCORED,0.1225868389151028,2.5320761919955554,SCORED,0.2776004001638821,5.733938246259863,SCORED,1.4196626022317478,29.323652584491235
FCWD2:0096,FCWD2,9109007,9.109007,4.806983807089968,INTERPOLATED_LINEAR,UNAVAILABLE_OR_NONFINITE_RETAINED,5.683602333068848,5.578617095947266,5.688220977783203,3.62604022026062,,ELIGIBLE,SCORED,0.8766185259788797,18.23635279748453,SCORED,0.7716332888572977,16.052338011190965,SCORED,0.8812371706932352,18.332434766962837,SCORED,1.1809435868293479,24.567247035189467
FCWD2:0097,FCWD2,9159050,9.15905,4.77261783893749,EXACT,UNAVAILABLE_OR_NONFINITE_RETAINED,5.565910816192627,5.321259021759033,5.560391426086426,3.698941707611084,,ELIGIBLE,SCORED,0.7932929772551374,16.621757786325194,SCORED,0.5486411828215436,11.49560265113717,SCORED,0.7877735871489362,16.50611077052663,SCORED,1.0736761313264056,22.49658714692803
FCWD2:0098,FCWD2,9209102,9.209102,4.7253271241373405,INTERPOLATED_LINEAR,UNAVAILABLE_OR_NONFINITE_RETAINED,5.2916579246521,5.077629089355469,5.24143648147583,3.8298726081848145,,ELIGIBLE,SCORED,0.5663308005147591,11.985007294455809,SCORED,0.3523019652181283,7.455610076571044,SCORED,0.5161093573384896,10.92219318959237,SCORED,0.895454515952526,18.950106361493457
FCWD2:0099,FCWD2,9259155,9.259155,4.67803546450552,EXACT,UNAVAILABLE_OR_NONFINITE_RETAINED,5.223008632659912,5.388278484344482,5.2366485595703125,3.7455079555511475,,ELIGIBLE,SCORED,0.5449731681543923,11.649616004183017,SCORED,0.7102430198389627,15.182506101715438,SCORED,0.5586130950647927,11.941189828577743,SCORED,0.9325275089543723,19.93416929029081
FCWD2:0100,FCWD2,9309198,9.309198,4.633569820993827,INTERPOLATED_LINEAR,UNAVAILABLE_OR_NONFINITE_RETAINED,5.084787368774414,5.452115535736084,5.2691144943237305,4.039159774780273,,ELIGIBLE,SCORED,0.45121754778058687,9.738011192497966,SCORED,0.8185457147422568,17.665552616334413,SCORED,0.6355446733299033,13.716091434521408,SCORED,0.5944100462135538,12.828339038302486
FCWD2:0101,FCWD2,9359250,9.35925,4.58909618054367,EXACT,UNAVAILABLE_OR_NONFINITE_RETAINED,3.769094228744507,4.0309038162231445,4.084322929382324,4.479730129241943,,ELIGIBLE,SCORED,0.8200019517991635,17.86848476342062,SCORED,0.5581923643205258,12.163448800377871,SCORED,0.5047732511613461,10.999404486256498,SCORED,0.10936605130172694,2.383171914448094
FCWD2:0102,FCWD2,9409302,9.409302,4.536683722644549,INTERPOLATED_LINEAR,UNAVAILABLE_OR_NONFINITE_RETAINED,4.190136909484863,4.104936599731445,4.210724830627441,4.0771965980529785,,ELIGIBLE,SCORED,0.3465468131596854,7.63876951417002,SCORED,0.43174712291310335,9.516800140994333,SCORED,0.32595889201710726,7.184959586010054,SCORED,0.45948712459157015,10.128260039333828
FCWD2:0103,FCWD2,9459346,9.459346,4.48427964202632,EXACT,UNAVAILABLE_OR_NONFINITE_RETAINED,4.197105884552002,4.171929359436035,4.297775745391846,4.24364709854126,,ELIGIBLE,SCORED,0.28717375747431806,6.404010909198167,SCORED,0.31235028259028486,6.965450585707508,SCORED,0.1865038966344743,4.159060351334343,SCORED,0.24063254348506025,5.3661359838015175
FCWD2:0104,FCWD2,9509398,9.509398,4.43618453811008,INTERPOLATED_LINEAR,UNAVAILABLE_OR_NONFINITE_RETAINED,4.495572090148926,4.373928546905518,4.52741003036499,3.5505683422088623,,ELIGIBLE,SCORED,0.059387552038845826,1.338707881258392,SCORED,0.06225599120456238,1.4033679318283028,SCORED,0.09122549225491028,2.056395343142657,SCORED,0.8856161959012177,19.963466088777977
FCWD2:0105,FCWD2,9559451,9.559451,4.3880884732911,EXACT,UNAVAILABLE_OR_NONFINITE_RETAINED,4.7985076904296875,4.7899017333984375,4.958148956298828,4.426192283630371,,ELIGIBLE,SCORED,0.4104192171385872,9.353029676513556,SCORED,0.4018132601073372,9.156908812414489,SCORED,0.5700604830077278,12.991089092152649,SCORED,0.038103810339270794,0.8683464467773742
FCWD2:0106,FCWD2,9609494,9.609494,4.354453391222863,INTERPOLATED_LINEAR,UNAVAILABLE_OR_NONFINITE_RETAINED,4.3365478515625,4.438202857971191,4.597096920013428,3.453089714050293,,ELIGIBLE,SCORED,0.017905539660363345,0.41120062730387663,SCORED,0.08374946674832806,1.9233060782586229,SCORED,0.2426435287905644,5.572307405555274,SCORED,0.9013636771725704,20.699812265516982
FCWD2:0107,FCWD2,9659546,9.659546,4.32081226004209,EXACT,UNAVAILABLE_OR_NONFINITE_RETAINED,4.007933616638184,4.023041725158691,4.183386325836182,4.253825664520264,,ELIGIBLE,SCORED,0.3128786434039066,7.241199676675116,SCORED,0.2977705348833988,6.8915406863916395,SCORED,0.13742593420590854,3.180557865862236,SCORED,0.06698659552182651,1.5503241402387145
FCWD2:0108,FCWD2,9709599,9.709599,4.262847707531,INTERPOLATED_LINEAR,UNAVAILABLE_OR_NONFINITE_RETAINED,4.070908069610596,3.9391329288482666,4.126561641693115,4.5826239585876465,,ELIGIBLE,SCORED,0.19193963792040414,4.502615413196962,SCORED,0.32371477868273324,7.5938621525427585,SCORED,0.1362860658378846,3.1970662615301397,SCORED,0.31977625105664664,7.501470214188298
FCWD2:0109,FCWD2,9759642,9.759642,4.20489473565494,EXACT,UNAVAILABLE_OR_NONFINITE_RETAINED,4.068503379821777,3.9010634422302246,4.058764457702637,6.031281471252441,,ELIGIBLE,SCORED,0.13639135583316264,3.2436330611714776,SCORED,0.3038312934247154,7.225657537831126,SCORED,0.14613027795230327,3.4752422388415036,SCORED,1.8263867355975014,43.43477899959913
FCWD2:0110,FCWD2,9809694,9.809694,4.153775879085126,INTERPOLATED_LINEAR,UNAVAILABLE_OR_NONFINITE_RETAINED,4.045973777770996,3.959306240081787,4.02447509765625,5.662468910217285,,ELIGIBLE,SCORED,0.10780210131412993,2.595279679313691,SCORED,0.1944696390033389,4.68175570045852,SCORED,0.12930078142887602,3.11284925313194,SCORED,1.5086930311321591,36.321002265159535
FCWD2:0111,FCWD2,9859747,9.859747,4.10265600120035,EXACT,UNAVAILABLE_OR_NONFINITE_RETAINED,4.285303115844727,4.118291854858398,4.193497180938721,4.328464984893799,,ELIGIBLE,SCORED,0.18264711464437688,4.45192369506335,SCORED,0.01563585365804876,0.38111539581856346,SCORED,0.09084117973837103,2.2142041573018267,SCORED,0.22580898369344915,5.503970686974054
FCWD2:0112,FCWD2,9909790,9.90979,4.065894552975754,INTERPOLATED_LINEAR,UNAVAILABLE_OR_NONFINITE_RETAINED,4.85508918762207,4.552499771118164,4.6833696365356445,4.678414821624756,,ELIGIBLE,SCORED,0.7891946346463161,19.410110723818917,SCORED,0.48660521814240987,11.967974373223043,SCORED,0.6174750835598903,15.18669693752809,SCORED,0.6125202686490017,15.064834089234047
FCWD2:0113,FCWD2,9959842,9.959842,4.02912649337626,EXACT,UNAVAILABLE_OR_NONFINITE_RETAINED,5.009763240814209,4.68300199508667,4.8384833335876465,2.7520911693573,,ELIGIBLE,SCORED,0.9806367474379494,24.33869348728766,SCORED,0.6538755017104103,16.22871614443871,SCORED,0.8093568402113869,20.087650301918806,SCORED,1.2770353240189598,31.695091383166062
FCWD2:0114,FCWD2,10009895,10.009895,3.9839170977542153,INTERPOLATED_LINEAR,UNAVAILABLE_OR_NONFINITE_RETAINED,4.653961658477783,4.3871073722839355,4.520832538604736,2.8609020709991455,,ELIGIBLE,SCORED,0.6700445607235679,16.818737546051864,SCORED,0.4031902745297202,10.12044840885378,SCORED,0.536915440850521,13.477073635723672,SCORED,1.1230150267550698,28.188714754835832
FCWD2:0115,FCWD2,10059947,10.059947,3.93870860536266,EXACT,UNAVAILABLE_OR_NONFINITE_RETAINED,4.074814796447754,3.921419858932495,4.0196146965026855,3.6324069499969482,,ELIGIBLE,SCORED,0.1361061910850938,3.455604481625817,SCORED,0.01728874643016498,0.4389445415338895,SCORED,0.08090609114002545,2.0541273611830433,SCORED,0.30630165536571186,7.7767026214803945
FCWD2:0116,FCWD2,10109991,10.109991,3.89104871051566,INTERPOLATED_LINEAR,UNAVAILABLE_OR_NONFINITE_RETAINED,3.768641233444214,3.675645589828491,3.789423942565918,3.2315521240234375,,ELIGIBLE,SCORED,0.12240747707144628,3.145873675151814,SCORED,0.21540312068716894,5.53586286661065,SCORED,0.10162476794974218,2.6117577936019822,SCORED,0.6594965864922226,16.949070432089837
FCWD2:0117,FCWD2,10160043,10.160043,3.8433811967901,EXACT,UNAVAILABLE_OR_NONFINITE_RETAINED,3.452350616455078,3.3581979274749756,3.491771697998047,3.325744390487671,,ELIGIBLE,SCORED,0.391030580335022,10.174129505072289,SCORED,0.48518326931512457,12.623865405813453,SCORED,0.3516094987920533,9.148441978269267,SCORED,0.5176368063024293,13.468266086505995
FCWD2:0118,FCWD2,10210095,10.210095,3.7989395021831736,INTERPOLATED_LINEAR,UNAVAILABLE_OR_NONFINITE_RETAINED,3.4908366203308105,3.3964128494262695,3.500582218170166,3.5509514808654785,,ELIGIBLE,SCORED,0.308102881852363,8.110233965960829,SCORED,0.402526652756904,10.595763699989961,SCORED,0.29835728401300754,7.85369927164009,SCORED,0.24798802131769504,6.527822335027482
FCWD2:0119,FCWD2,10260139,10.260139,3.75450491085997,EXACT,UNAVAILABLE_OR_NONFINITE_RETAINED,4.220947742462158,4.088187217712402,4.180285453796387,3.490570306777954,,ELIGIBLE,SCORED,0.46644283160218825,12.423550978798678,SCORED,0.3336823068524324,8.887518188809677,SCORED,0.42578054293641676,11.340524331313011,SCORED,0.26393460408201586,7.029811129520179
FCWD2:0120,FCWD2,10310191,10.310191,3.710383573632266,INTERPOLATED_LINEAR,UNAVAILABLE_OR_NONFINITE_RETAINED,3.8055789470672607,3.7209672927856445,3.7555508613586426,4.00560998916626,,ELIGIBLE,SCORED,0.09519537343499485,2.565647770529657,SCORED,0.010583719153378635,0.2852459575498213,SCORED,0.04516728772637668,1.2173212507557631,SCORED,0.29522641553399387,7.956762681680997
FCWD2:0121,FCWD2,10360243,10.360243,3.66626223640456,EXACT,UNAVAILABLE_OR_NONFINITE_RETAINED,3.417940616607666,3.3843276500701904,3.3632655143737793,3.570737361907959,,ELIGIBLE,SCORED,0.24832161979689404,6.773154885953242,SCORED,0.28193458633436963,7.689973279457991,SCORED,0.30299672203078076,8.264458527329033,SCORED,0.09552487449660108,2.605511235614195
FCWD2:0122,FCWD2,10410287,10.410287,3.6145013291824686,INTERPOLATED_LINEAR,UNAVAILABLE_OR_NONFINITE_RETAINED,3.5705251693725586,3.4645445346832275,3.493734359741211,3.2229292392730713,,ELIGIBLE,SCORED,0.04397615980990999,1.216659112969715,SCORED,0.14995679449924104,4.148754720008871,SCORED,0.12076696944125764,3.3411792787629944,SCORED,0.3915720899093973,10.833364114378773
FCWD2:0123,FCWD2,10460339,10.460339,3.56273214749675,EXACT,UNAVAILABLE_OR_NONFINITE_RETAINED,3.2925808429718018,3.134995937347412,3.1984119415283203,3.426872968673706,,ELIGIBLE,SCORED,0.2701513045249482,7.582700392303197,SCORED,0.4277362101493378,12.00584810872954,SCORED,0.3643202059684296,10.225865736901065,SCORED,0.13585917882304388,3.8133424910570777
FCWD2:0124,FCWD2,10510391,10.510391,3.5232045466254744,INTERPOLATED_LINEAR,UNAVAILABLE_OR_NONFINITE_RETAINED,3.45505952835083,3.3068087100982666,3.3260436058044434,2.997714042663574,,ELIGIBLE,SCORED,0.06814501827464436,1.9341771779874,SCORED,0.21639583652720784,6.142017406695044,SCORED,0.19716094082103108,5.59606852829115,SCORED,0.5254905039619002,14.915129025512158
FCWD2:0125,FCWD2,10560435,10.560435,3.48368326359978,EXACT,UNAVAILABLE_OR_NONFINITE_RETAINED,3.621906042098999,3.4179580211639404,3.476503372192383,3.188627004623413,,ELIGIBLE,SCORED,0.13822277849921916,3.9677194520947925,SCORED,0.06572524243583944,1.886659534251798,SCORED,0.007179891407397054,0.20610057987814562,SCORED,0.2950562589763668,8.469663762470688
FCWD2:0126,FCWD2,10610487,10.610487,3.438283384925664,INTERPOLATED_LINEAR,UNAVAILABLE_OR_NONFINITE_RETAINED,4.03066873550415,3.677180290222168,3.786208391189575,2.839000701904297,,ELIGIBLE,SCORED,0.5923853505784864,17.22910197500471,SCORED,0.23889690529650398,6.9481447150019875,SCORED,0.3479250062639112,10.119148636476728,SCORED,0.5992826830213671,17.429705929673496
FCWD2:0127,FCWD2,10660540,10.66054,3.39288259919731,EXACT,UNAVAILABLE_OR_NONFINITE_RETAINED,4.020082473754883,3.670008897781372,3.74106764793396,2.7911646366119385,,ELIGIBLE,SCORED,0.6271998745575726,18.48575234244639,SCORED,0.2771262985840619,8.1678717279998,SCORED,0.3481850487366498,10.262219176667758,SCORED,0.6017179625853717,17.73471215089277
FCWD2:0128,FCWD2,10710583,10.710583,3.3353239794615823,INTERPOLATED_LINEAR,UNAVAILABLE_OR_NONFINITE_RETAINED,4.496412754058838,4.102011680603027,4.1571550369262695,2.5203769207000732,,ELIGIBLE,SCORED,1.1610887745972556,34.81187380137772,SCORED,0.766687701141445,22.98690339716895,SCORED,0.8218310574646872,24.640216738325808,SCORED,0.8149470587615091,24.43382003606933
FCWD2:0129,FCWD2,10760635,10.760635,3.27775500807672,EXACT,UNAVAILABLE_OR_NONFINITE_RETAINED,4.1676836013793945,3.8699843883514404,3.9622573852539062,2.754002332687378,,ELIGIBLE,SCORED,0.8899285933026744,27.1505524699009,SCORED,0.5922293802747203,18.068140505175254,SCORED,0.6845023771771861,20.883268441067223,SCORED,0.5237526753893422,15.979006182547586
FCWD2:0130,FCWD2,10810688,10.810688,3.2253032114592006,INTERPOLATED_LINEAR,UNAVAILABLE_OR_NONFINITE_RETAINED,3.475111722946167,3.300152063369751,3.413872241973877,2.537266254425049,,ELIGIBLE,SCORED,0.24980851148696637,7.7452721530000685,SCORED,0.07484885191055035,2.320676445074044,SCORED,0.18856903051467633,5.846552034075686,SCORED,0.6880369570341518,21.33247362882413
FCWD2:0131,FCWD2,10860731,10.860731,3.172861894093,EXACT,UNAVAILABLE_OR_NONFINITE_RETAINED,3.0828800201416016,2.959371328353882,3.069739580154419,3.6432924270629883,,ELIGIBLE,SCORED,0.08998187395139823,2.835984576540184,SCORED,0.21349056573911795,6.728643504357342,SCORED,0.10312231393858085,3.250135599364295,SCORED,0.4704305329699885,14.82669428019547
FCWD2:0132,FCWD2,10910783,10.910783,3.125773826272906,INTERPOLATED_LINEAR,UNAVAILABLE_OR_NONFINITE_RETAINED,2.8746707439422607,2.7731289863586426,2.850480556488037,3.10746169090271,,ELIGIBLE,SCORED,0.25110308233064504,8.033309391103773,SCORED,0.3526448399142632,11.281841218011223,SCORED,0.2752932697848687,8.807203754505855,SCORED,0.018312135370195826,0.5858432627555383
FCWD2:0133,FCWD2,10960836,10.960836,3.07868481766987,EXACT,UNAVAILABLE_OR_NONFINITE_RETAINED,3.001709461212158,2.9288742542266846,2.941938877105713,3.0949933528900146,,ELIGIBLE,SCORED,0.07697535645771181,2.5002675173475954,SCORED,0.14981056344318544,4.866057174263486,SCORED,0.13674594056415712,4.441699903131186,SCORED,0.016308535220144638,0.5297240927860845
FCWD2:0134,FCWD2,11010879,11.010879,3.027524059756378,INTERPOLATED_LINEAR,UNAVAILABLE_OR_NONFINITE_RETAINED,3.2923169136047363,3.166278839111328,3.1863231658935547,2.8287618160247803,,ELIGIBLE,SCORED,0.26479285384835816,8.746184955823795,SCORED,0.13875477935494995,4.583110707503854,SCORED,0.15879910613717652,5.245180649363855,SCORED,0.1987622437315979,6.565174704097713
FCWD2:0135,FCWD2,11060931,11.060931,2.97635410081934,EXACT,UNAVAILABLE_OR_NONFINITE_RETAINED,3.8237452507019043,3.4790492057800293,3.540679454803467,2.693490982055664,,ELIGIBLE,SCORED,0.8473911498825641,28.470777373206086,SCORED,0.5026951049606891,16.889626970873717,SCORED,0.5643253539841266,18.960289497435046,SCORED,0.2828631187636761,9.503678298419151
FCWD2:0136,FCWD2,11110984,11.110984,2.9196272013887516,INTERPOLATED_LINEAR,UNAVAILABLE_OR_NONFINITE_RETAINED,3.4547994136810303,3.152665615081787,3.21060848236084,2.568842887878418,,ELIGIBLE,SCORED,0.5351722122922786,18.330155714322647,SCORED,0.23303841369303546,7.981786632971096,SCORED,0.2909812809720882,9.96638477794973,SCORED,0.3507843135103337,12.014695346840151
FCWD2:0137,FCWD2,11161027,11.161027,2.86291163532468,EXACT,UNAVAILABLE_OR_NONFINITE_RETAINED,2.842496395111084,2.6681830883026123,2.7766292095184326,2.600707530975342,,ELIGIBLE,SCORED,0.020415240213595975,0.7130936198553227,SCORED,0.19472854702206766,6.80176588824348,SCORED,0.08628242580624734,3.0137998232859236,SCORED,0.26220410434933816,9.158651671748222
FCWD2:0138,FCWD2,11211080,11.21108,2.8166228896054935,INTERPOLATED_LINEAR,UNAVAILABLE_OR_NONFINITE_RETAINED,2.711709499359131,2.5723772048950195,2.6786835193634033,2.4357874393463135,,ELIGIBLE,SCORED,0.10491339024636259,3.7247936397001005,SCORED,0.24424568471047392,8.671579202591934,SCORED,0.13793937024209013,4.897331863315591,SCORED,0.38083545025918,13.52099536166594
FCWD2:0139,FCWD2,11261132,11.261132,2.77033506868094,EXACT,UNAVAILABLE_OR_NONFINITE_RETAINED,2.436145305633545,2.388669967651367,2.418915271759033,2.356125593185425,,ELIGIBLE,SCORED,0.3341897630473949,12.063153184084522,SCORED,0.38166510102957263,13.776857007094728,SCORED,0.3514197969219066,12.685100834724325,SCORED,0.414209475495515,14.95160207074647
FCWD2:0140,FCWD2,11311175,11.311175,2.720444327366779,INTERPOLATED_LINEAR,UNAVAILABLE_OR_NONFINITE_RETAINED,2.3718459606170654,2.3549962043762207,2.366708517074585,2.224431276321411,,ELIGIBLE,SCORED,0.3485983667497137,12.814023181541643,SCORED,0.3654481229905584,13.43339833549505,SCORED,0.35373581029219414,13.002868933347678,SCORED,0.49601305104536797,18.23279550533856
FCWD2:0141,FCWD2,11361228,11.361228,2.67054361647819,EXACT,UNAVAILABLE_OR_NONFINITE_RETAINED,2.4148738384246826,2.389984130859375,2.393198251724243,2.390427589416504,,ELIGIBLE,SCORED,0.25566977805350755,9.573697897159791,SCORED,0.28055948561881516,10.505706923776298,SCORED,0.277345364753947,10.385352369556104,SCORED,0.28011602706168626,10.489101369970975
FCWD2:0142,FCWD2,11411280,11.41128,2.6234286796366315,INTERPOLATED_LINEAR,UNAVAILABLE_OR_NONFINITE_RETAINED,2.6154837608337402,2.5440733432769775,2.544548988342285,2.587754726409912,,ELIGIBLE,SCORED,0.007944918802891276,0.30284485583925685,SCORED,0.07935533635965397,3.0248711152553764,SCORED,0.07887969129434635,3.006740450259616,SCORED,0.0356739532267194,1.3598217288552539
FCWD2:0143,FCWD2,11461323,11.461323,2.57632221467295,EXACT,UNAVAILABLE_OR_NONFINITE_RETAINED,2.5681145191192627,2.4546687602996826,2.497694730758667,2.65574049949646,,ELIGIBLE,SCORED,0.008207695553687167,0.31858187252129444,SCORED,0.12165345437326724,4.721981345361744,SCORED,0.07862748391428287,3.0519274129018137,SCORED,0.0794182848235101,3.082622366534685
FCWD2:0144,FCWD2,11511376,11.511376,2.535955476406046,INTERPOLATED_LINEAR,UNAVAILABLE_OR_NONFINITE_RETAINED,2.393101453781128,2.3015575408935547,2.339803457260132,2.4513721466064453,,ELIGIBLE,SCORED,0.1428540226249182,5.6331439551679665,SCORED,0.23439793551249144,9.242983076527826,SCORED,0.1961520191459143,7.734836868031325,SCORED,0.08458332979960081,3.3353633605378685
FCWD2:0145,FCWD2,11561428,11.561428,2.49558954461904,EXACT,UNAVAILABLE_OR_NONFINITE_RETAINED,2.3557956218719482,2.2825686931610107,2.317168712615967,2.238983154296875,,ELIGIBLE,SCORED,0.13979392274709168,5.601639221822902,SCORED,0.21302085145802918,8.5358929282799,SCORED,0.17842083200307313,7.14944620551813,SCORED,0.2566063903221649,10.28239563174387
FCWD2:0146,FCWD2,11611480,11.61148,2.446019990299646,INTERPOLATED_LINEAR,UNAVAILABLE_OR_NONFINITE_RETAINED,2.3329579830169678,2.271772623062134,2.3092923164367676,2.188751220703125,,ELIGIBLE,SCORED,0.11306200728267823,4.622284680053974,SCORED,0.17424736723751222,7.12370986044829,SCORED,0.13672767386287843,5.589801980568802,SCORED,0.257268769596521,10.517852291346347
FCWD2:0147,FCWD2,11661524,11.661524,2.39645835886914,EXACT,UNAVAILABLE_OR_NONFINITE_RETAINED,2.27885365486145,2.2258100509643555,2.2333269119262695,2.087411642074585,,ELIGIBLE,SCORED,0.11760470400768996,4.907437826843201,SCORED,0.1706483079047847,7.120854292052526,SCORED,0.16313144694287063,6.807188881005652,SCORED,0.3090467167945552,12.895976917386982
FCWD2:0148,FCWD2,11711576,11.711576,2.347834133827913,INTERPOLATED_LINEAR,UNAVAILABLE_OR_NONFINITE_RETAINED,2.544177293777466,2.471006393432617,2.4664194583892822,2.105130434036255,,ELIGIBLE,SCORED,0.19634315994955287,8.362735557874979,SCORED,0.12317225960470424,5.246207891350654,SCORED,0.11858532456136928,5.050839105402542,SCORED,0.24270369979165807,10.33734437602513
FCWD2:0149,FCWD2,11761629,11.761629,2.29920893731252,EXACT,UNAVAILABLE_OR_NONFINITE_RETAINED,2.5618958473205566,2.4694411754608154,2.47310209274292,2.2583653926849365,,ELIGIBLE,SCORED,0.26268691000803646,11.42509955250451,SCORED,0.17023223814829525,7.403948174769834,SCORED,0.17389315543039974,7.563173255304865,SCORED,0.04084354462758366,1.7764172696425111
FCWD2:0150,FCWD2,11811672,11.811672,2.2444816779519328,INTERPOLATED_LINEAR,UNAVAILABLE_OR_NONFINITE_RETAINED,2.398073673248291,2.331094264984131,2.342170238494873,2.2894673347473145,,ELIGIBLE,SCORED,0.15359199529635825,6.843094189858098,SCORED,0.0866125870321981,3.8589126337280337,SCORED,0.09768856054294028,4.352388415666646,SCORED,0.04498565679538169,2.004278192033657
FCWD2:0151,FCWD2,11861724,11.861724,2.18974457614916,EXACT,UNAVAILABLE_OR_NONFINITE_RETAINED,2.2297356128692627,2.193173408508301,2.199000120162964,2.075897455215454,,ELIGIBLE,SCORED,0.039991036720102624,1.8262877394782748,SCORED,0.00342883235914071,0.15658595054819519,SCORED,0.009255544013803796,0.42267687814440924,SCORED,0.11384712093370597,5.199105054248618
FCWD2:0152,FCWD2,11911776,11.911776,2.1453117343033643,INTERPOLATED_LINEAR,UNAVAILABLE_OR_NONFINITE_RETAINED,2.1256940364837646,2.095151901245117,2.0995688438415527,2.1328234672546387,,ELIGIBLE,SCORED,0.019617697819599655,0.9144450900032022,SCORED,0.050159833058247116,2.3381139559438084,SCORED,0.04574289046181157,2.132225808043949,SCORED,0.012488267048725632,0.5821189922676148
FCWD2:0153,FCWD2,11961820,11.96182,2.10088599432632,EXACT,UNAVAILABLE_OR_NONFINITE_RETAINED,2.060345411300659,2.0392327308654785,2.0408334732055664,2.0965728759765625,,ELIGIBLE,SCORED,0.04054058302566066,1.92968981349512,SCORED,0.06165326346084132,2.9346315615099026,SCORED,0.06005252112075343,2.8584378820617613,SCORED,0.004313118349757339,0.2052999716027144
FCWD2:0154,FCWD2,12011872,12.011872,2.053751461492148,INTERPOLATED_LINEAR,UNAVAILABLE_OR_NONFINITE_RETAINED,2.086029291152954,2.0522193908691406,2.0516552925109863,1.7840244770050049,,ELIGIBLE,SCORED,0.032277829660805946,1.5716521821659262,SCORED,0.001532070623007531,0.074598638235145,SCORED,0.002096168981161828,0.1020653677168347,SCORED,0.2697269844871433,13.133380038652476
FCWD2:0155,FCWD2,12061925,12.061925,2.0066159869467,EXACT,UNAVAILABLE_OR_NONFINITE_RETAINED,2.0894646644592285,2.0519728660583496,2.0474226474761963,1.7663370370864868,,ELIGIBLE,SCORED,0.08284867751252856,4.12877591185708,SCORED,0.04535687911164965,2.2603666773663766,SCORED,0.04080666052949633,2.0336058715244474,SCORED,0.24027894986021314,11.974336466132993
FCWD2:0156,FCWD2,12111968,12.111968,1.9558864486335168,INTERPOLATED_LINEAR,UNAVAILABLE_OR_NONFINITE_RETAINED,2.0146777629852295,1.9882314205169678,1.98399817943573,1.779683232307434,,ELIGIBLE,SCORED,0.0587913143517127,3.005865416818412,SCORED,0.03234497188345098,1.6537244228083305,SCORED,0.028111730802213186,1.4372884899250409,SCORED,0.1762032163260827,9.008867383338504
FCWD2:0157,FCWD2,12162020,12.16202,1.90514778684962,EXACT,UNAVAILABLE_OR_NONFINITE_RETAINED,2.0065786838531494,1.9670406579971313,1.9611412286758423,1.8445521593093872,,ELIGIBLE,SCORED,0.10143089700352936,5.324043504848354,SCORED,0.0618928711475113,3.2487175837344484,SCORED,0.055993441826222234,2.9390602772509213,SCORED,0.060595627540232844,3.18062608887863
FCWD2:0158,FCWD2,12212073,12.212073,1.8556551736566678,INTERPOLATED_LINEAR,UNAVAILABLE_OR_NONFINITE_RETAINED,1.9520779848098755,1.920465350151062,1.9137673377990723,1.8327022790908813,,ELIGIBLE,SCORED,0.09642281115320772,5.196159961292885,SCORED,0.06481017649439424,3.4925764988266828,SCORED,0.0581121641424045,3.131625151449414,SCORED,0.02295289456578642,1.2369159363027837
FCWD2:0159,FCWD2,12262116,12.262116,1.80617244850503,EXACT,UNAVAILABLE_OR_NONFINITE_RETAINED,1.950196385383606,1.9197908639907837,1.9134273529052734,1.6370859146118164,,ELIGIBLE,SCORED,0.14402393687857606,7.973985927965227,SCORED,0.1136184154857538,6.29056298471366,SCORED,0.10725490440024354,5.938242745814139,SCORED,0.1690865338932135,9.361594128687242
FCWD2:0160,FCWD2,12312168,12.312168,1.7533570514766013,INTERPOLATED_LINEAR,UNAVAILABLE_OR_NONFINITE_RETAINED,1.8486882448196411,1.8277322053909302,1.829501986503601,1.591672658920288,,ELIGIBLE,SCORED,0.09533119334303986,5.437066755043193,SCORED,0.07437515391432892,4.241871548735233,SCORED,0.07614493502699982,4.3428082695919725,SCORED,0.16168439255631317,9.221418559337334
FCWD2:0161,FCWD2,12362221,12.362221,1.70054059923765,EXACT,UNAVAILABLE_OR_NONFINITE_RETAINED,1.7855966091156006,1.7538620233535767,1.751205563545227,1.5930147171020508,,ELIGIBLE,SCORED,0.08505600987795048,5.00170415902337,SCORED,0.05332142411592655,3.1355572539597394,SCORED,0.05066496430757694,2.9793445878498854,SCORED,0.10752588213559933,6.323041166074073
FCWD2:0162,FCWD2,12412264,12.412264,1.6499508863850119,INTERPOLATED_LINEAR,UNAVAILABLE_OR_NONFINITE_RETAINED,1.794189453125,1.7506500482559204,1.7498726844787598,1.5824159383773804,,ELIGIBLE,SCORED,0.14423856673998814,8.741991530184883,SCORED,0.10069916187090855,6.103161172969039,SCORED,0.0999217980937479,6.056046814379625,SCORED,0.06753494800763149,4.0931489879434135
FCWD2:0163,FCWD2,12462316,12.462316,1.59935207520862,EXACT,UNAVAILABLE_OR_NONFINITE_RETAINED,1.777848482131958,1.7172603607177734,1.712135672569275,1.4466534852981567,,ELIGIBLE,SCORED,0.1784964069233379,11.160544928799043,SCORED,0.11790828550915333,7.372253260356906,SCORED,0.1127835973606548,7.051830494917341,SCORED,0.15269858991046337,9.547528169527357
FCWD2:0164,FCWD2,12512369,12.512369,1.5530535684948727,INTERPOLATED_LINEAR,UNAVAILABLE_OR_NONFINITE_RETAINED,1.773130178451538,1.6894172430038452,1.680859923362732,1.45688796043396,,ELIGIBLE,SCORED,0.22007660995666534,14.170574307359566,SCORED,0.13636367450897247,8.780358725238823,SCORED,0.12780635486785918,8.229359080750932,SCORED,0.09616560806091279,6.192034197127584
FCWD2:0165,FCWD2,12562421,12.562421,1.50675598677077,EXACT,UNAVAILABLE_OR_NONFINITE_RETAINED,1.763342261314392,1.677902102470398,1.6669474840164185,1.435003638267517,,ELIGIBLE,SCORED,0.25658627454362204,17.02905293202314,SCORED,0.1711461156996279,11.35858209307153,SCORED,0.1601914972456484,10.63154874791409,SCORED,0.07175234850325296,4.762041706370137
FCWD2:0166,FCWD2,12612465,12.612465,1.4735752195105385,INTERPOLATED_LINEAR,UNAVAILABLE_OR_NONFINITE_RETAINED,1.734817624092102,1.66611647605896,1.6644221544265747,1.4101617336273193,,ELIGIBLE,SCORED,0.26124240458156356,17.728474333895054,SCORED,0.19254125654842147,13.066265908867267,SCORED,0.19084693491603621,12.951285580075634,SCORED,0.06341348588321916,4.303376240561545
FCWD2:0167,FCWD2,12662517,12.662517,1.44038914799529,EXACT,UNAVAILABLE_OR_NONFINITE_RETAINED,1.806759238243103,1.745032548904419,1.752893328666687,1.4645721912384033,,ELIGIBLE,SCORED,0.3663700902478131,25.43549364820757,SCORED,0.304643400909129,21.15007609805494,SCORED,0.31250418067139707,21.695816099859908,SCORED,0.024183043243113378,1.6789242877017603
FCWD2:0168,FCWD2,12712570,12.71257,1.4171027279186892,INTERPOLATED_LINEAR,UNAVAILABLE_OR_NONFINITE_RETAINED,1.7918226718902588,1.7360597848892212,1.7379810810089111,1.395408272743225,,ELIGIBLE,SCORED,0.3747199439715696,26.442680307441364,SCORED,0.318957056970532,22.507687741098835,SCORED,0.32087835309022195,22.64326691131974,SCORED,0.02169445517546409,1.5309020826829485
FCWD2:0169,FCWD2,12762613,12.762613,1.39382096019461,EXACT,UNAVAILABLE_OR_NONFINITE_RETAINED,1.8286393880844116,1.762208342552185,1.7654756307601929,1.3698079586029053,,ELIGIBLE,SCORED,0.4348184278898015,31.19614644258834,SCORED,0.36838738235757496,26.430036057582274,SCORED,0.37165467056558277,26.664448388958874,SCORED,0.02401300159170483,1.722818229706637
FCWD2:0170,FCWD2,12812665,12.812665,1.3745916000921097,INTERPOLATED_LINEAR,UNAVAILABLE_OR_NONFINITE_RETAINED,1.7989624738693237,1.7274068593978882,1.7412251234054565,1.3821706771850586,,ELIGIBLE,SCORED,0.42437087377721405,30.87250596822922,SCORED,0.3528152593057785,25.6669151246186,SCORED,0.36663352331334687,26.672178361105885,SCORED,0.007579077092948916,0.5513693734517985
FCWD2:0171,FCWD2,12862717,12.862717,1.35536223998961,EXACT,UNAVAILABLE_OR_NONFINITE_RETAINED,1.851567268371582,1.7764925956726074,1.7989643812179565,1.4430313110351562,,ELIGIBLE,SCORED,0.4962050283819721,36.610509998107666,SCORED,0.4211303556829975,31.071424543022967,SCORED,0.4436021412283466,32.72941566025532,SCORED,0.08766907104554633,6.4683129320629735
FCWD2:0172,FCWD2,12912761,12.912761,1.3428847802486235,INTERPOLATED_LINEAR,UNAVAILABLE_OR_NONFINITE_RETAINED,1.8415628671646118,1.7824019193649292,1.7941006422042847,1.5053162574768066,,ELIGIBLE,SCORED,0.49867808691598836,37.13483794370374,SCORED,0.43951713911630574,32.729326117981095,SCORED,0.4512158619556612,33.60048967656946,SCORED,0.16243147722818319,12.095712127894577
FCWD2:0173,FCWD2,12962813,12.962813,1.33040532586936,EXACT,UNAVAILABLE_OR_NONFINITE_RETAINED,1.8339370489120483,1.7940346002578735,1.7896621227264404,1.4584102630615234,,ELIGIBLE,SCORED,0.5035317230426883,37.84799363409441,SCORED,0.46362927438851353,34.84872357118329,SCORED,0.45925679685708043,34.5200660225091,SCORED,0.12800493719216344,9.621499155418517
FCWD2:0174,FCWD2,13012865,13.012865,1.318171472454926,INTERPOLATED_LINEAR,UNAVAILABLE_OR_NONFINITE_RETAINED,2.117825508117676,2.060661792755127,2.053863525390625,1.6247215270996094,,ELIGIBLE,SCORED,0.7996540356627497,60.66388572144534,SCORED,0.7424903203002009,56.327293968622115,SCORED,0.735692052935699,55.81155929323568,SCORED,0.3065500546446833,23.255703908822497
FCWD2:0175,FCWD2,13062909,13.062909,1.30593957442344,EXACT,UNAVAILABLE_OR_NONFINITE_RETAINED,2.0285074710845947,1.9817135334014893,1.9513598680496216,1.401649832725525,,ELIGIBLE,SCORED,0.7225678966611546,55.32935143497443,SCORED,0.6757739589780491,51.746188890584534,SCORED,0.6454202936261815,49.421910957184096,SCORED,0.0957102583020848,7.328842786952065
FCWD2:0176,FCWD2,13112961,13.112961,1.2913429972119854,INTERPOLATED_LINEAR,UNAVAILABLE_OR_NONFINITE_RETAINED,1.972995638847351,1.8963528871536255,1.8865950107574463,1.680077075958252,,ELIGIBLE,SCORED,0.6816526416353657,52.78633508735141,SCORED,0.6050098899416401,46.8512154592435,SCORED,0.5952520135454609,46.095577614205695,SCORED,0.38873407874626653,30.103084895767036
FCWD2:0177,FCWD2,13163014,13.163014,1.27674612837228,EXACT,UNAVAILABLE_OR_NONFINITE_RETAINED,2.045490026473999,1.9756041765213013,1.977686882019043,2.066488027572632,,ELIGIBLE,SCORED,0.768743898101719,60.21117910745406,SCORED,0.6988580481490212,54.7374323382514,SCORED,0.7009407536467629,54.90055838590169,SCORED,0.7897418992003518,61.85582878619663
FCWD2:0178,FCWD2,13213057,13.213057,1.2641411815737875,INTERPOLATED_LINEAR,UNAVAILABLE_OR_NONFINITE_RETAINED,2.256882667541504,2.168321132659912,2.190025568008423,1.904554009437561,,ELIGIBLE,SCORED,0.9927414859677164,78.53090306984595,SCORED,0.9041799510861246,71.52523501848658,SCORED,0.9258843864346353,73.24216629680232,SCORED,0.6404128278637735,50.65991340195832
FCWD2:0179,FCWD2,13263109,13.263109,1.25153396783444,EXACT,UNAVAILABLE_OR_NONFINITE_RETAINED,2.3188412189483643,2.2478673458099365,2.242976427078247,1.6946254968643188,,ELIGIBLE,SCORED,1.0673072511139243,85.27992675745848,SCORED,0.9963333779754966,79.608976151041,SCORED,0.9914424592438071,79.2181822247561,SCORED,0.4430915290298789,35.40387559728572
FCWD2:0180,FCWD2,13313162,13.313162,1.2413580116589518,INTERPOLATED_LINEAR,UNAVAILABLE_OR_NONFINITE_RETAINED,2.1794660091400146,2.1328978538513184,2.157747745513916,1.5277361869812012,,ELIGIBLE,SCORED,0.9381079974810629,75.57110750245005,SCORED,0.8915398421923666,71.81971951837747,SCORED,0.9163897338549643,73.82155069272082,SCORED,0.2863781753222494,23.06974882608873
FCWD2:0181,FCWD2,13363205,13.363205,1.23118408851968,EXACT,UNAVAILABLE_OR_NONFINITE_RETAINED,2.6736772060394287,2.5322799682617188,2.5896658897399902,1.495227575302124,,ELIGIBLE,SCORED,1.4424931175197486,117.16307341610765,SCORED,1.3010958797420387,105.67841900120862,SCORED,1.3584818012203101,110.33945401728566,SCORED,0.26404348678244394,21.44630435404001
FCWD2:0182,FCWD2,13413257,13.413257,1.2261867124333121,INTERPOLATED_LINEAR,UNAVAILABLE_OR_NONFINITE_RETAINED,2.7355263233184814,2.5802738666534424,2.602208137512207,1.392837643623352,,ELIGIBLE,SCORED,1.5093396108851693,123.09215191950278,SCORED,1.3540871542201303,110.43074765775316,SCORED,1.376021425078895,112.2195674709476,SCORED,0.16665093119003993,13.59099144528558
FCWD2:0183,FCWD2,13463310,13.46331,1.22118923650326,EXACT,UNAVAILABLE_OR_NONFINITE_RETAINED,2.7880096435546875,2.699096918106079,2.638885021209717,1.3571723699569702,,ELIGIBLE,SCORED,1.5668204070514276,128.30283466449836,SCORED,1.4779076816028192,121.0220035868187,SCORED,1.4176957847064569,116.09140846719805,SCORED,0.13598313345371027,11.135303963461297
FCWD2:0184,FCWD2,13513353,13.513353,1.2192426614104228,INTERPOLATED_LINEAR,UNAVAILABLE_OR_NONFINITE_RETAINED,2.489189386367798,2.425381898880005,2.430164337158203,1.3380422592163086,,ELIGIBLE,SCORED,1.269946724957375,104.15865234639163,SCORED,1.206139237469582,98.92528170514615,SCORED,1.2109216757477803,99.31752833738472,SCORED,0.11879959780588578,9.743720554238
FCWD2:0185,FCWD2,13563405,13.563405,1.21729573623514,EXACT,UNAVAILABLE_OR_NONFINITE_RETAINED,2.5236310958862305,2.4633164405822754,2.480473279953003,1.3575193881988525,,ELIGIBLE,SCORED,1.3063353596510905,107.31454327535334,SCORED,1.2460207043471354,102.35973619696033,SCORED,1.263177543717863,103.76915864542715,SCORED,0.14022365196371256,11.519275701843593
FCWD2:0186,FCWD2,13613458,13.613458,1.2374646175542892,INTERPOLATED_LINEAR,UNAVAILABLE_OR_NONFINITE_RETAINED,2.617219924926758,2.5538742542266846,2.544605016708374,1.3904354572296143,,ELIGIBLE,SCORED,1.3797553073724687,111.49856632663979,SCORED,1.3164096366723954,106.37957788838702,SCORED,1.3071403991540849,105.63052717721352,SCORED,0.1529708396753251,12.36163341604505
FCWD2:0187,FCWD2,13663501,13.663501,1.25762946936845,EXACT,UNAVAILABLE_OR_NONFINITE_RETAINED,2.4920530319213867,2.436134099960327,2.409180164337158,1.5139118432998657,,ELIGIBLE,SCORED,1.2344235625529367,98.15478983430893,SCORED,1.1785046305918772,93.70841406759438,SCORED,1.1515506949687082,91.56518060498281,SCORED,0.25628237393141573,20.378209971504113
FCWD2:0188,FCWD2,13713554,13.713554,1.2899150578009797,INTERPOLATED_LINEAR,UNAVAILABLE_OR_NONFINITE_RETAINED,2.343411684036255,2.2658212184906006,2.298975706100464,1.4042096138000488,,ELIGIBLE,SCORED,1.0534966262352752,81.67178294912335,SCORED,0.9759061606896209,75.65662209985558,SCORED,1.0090606482994842,78.22690666311856,SCORED,0.11429455599906913,8.860626543418766
FCWD2:0189,FCWD2,13763606,13.763606,1.32220000120547,EXACT,UNAVAILABLE_OR_NONFINITE_RETAINED,2.5426197052001953,2.426374912261963,2.516817569732666,1.4099010229110718,,ELIGIBLE,SCORED,1.2204197039947253,92.3022010952995,SCORED,1.104174911056493,83.51043034713355,SCORED,1.194617568527196,90.3507462893696,SCORED,0.08770102170560179,6.63296185339914
FCWD2:0190,FCWD2,13813649,13.813649,1.3663858692389064,INTERPOLATED_LINEAR,UNAVAILABLE_OR_NONFINITE_RETAINED,2.9061267375946045,2.745055675506592,2.8359928131103516,1.7629551887512207,,ELIGIBLE,SCORED,1.5397408683556981,112.68711884537804,SCORED,1.3786698062676854,100.89900937248576,SCORED,1.4696069438714452,107.55431367934405,SCORED,0.39656931951231433,29.023230438793128
FCWD2:0191,FCWD2,13863702,13.863702,1.41058056685251,EXACT,UNAVAILABLE_OR_NONFINITE_RETAINED,3.0438201427459717,2.8582568168640137,2.892728328704834,2.741267681121826,,ELIGIBLE,SCORED,1.6332395758934617,115.78491964750235,SCORED,1.4476762500115037,102.6298166890082,SCORED,1.482147761852324,105.07359853677163,SCORED,1.3306871142693162,94.33612978509525
FCWD2:0192,FCWD2,13913754,13.913754,1.4942819305999606,INTERPOLATED_LINEAR,UNAVAILABLE_OR_NONFINITE_RETAINED,3.3089182376861572,3.199380397796631,3.158057928085327,3.132070302963257,,ELIGIBLE,SCORED,1.8146363070861966,121.43868368652578,SCORED,1.7050984671966702,114.1082169488636,SCORED,1.6637759974853665,111.342843904788,SCORED,1.6377883723632962,109.60370588873528
FCWD2:0193,FCWD2,13963797,13.963797,1.57796824375455,EXACT,UNAVAILABLE_OR_NONFINITE_RETAINED,3.7234108448028564,3.5676510334014893,3.513404369354248,2.58835768699646,,ELIGIBLE,SCORED,2.1454426010483063,135.96234331963058,SCORED,1.9896827896469393,126.09143419215924,SCORED,1.9354361255996981,122.65368034242594,SCORED,1.01038944324191,64.03103783874843
FCWD2:0194,FCWD2,14013850,14.01385,1.6916400265923075,INTERPOLATED_LINEAR,UNAVAILABLE_OR_NONFINITE_RETAINED,3.9231982231140137,3.7337138652801514,3.7153232097625732,2.6608834266662598,,ELIGIBLE,SCORED,2.231558196521706,131.91684764145873,SCORED,2.042073838687844,120.71562546326484,SCORED,2.0236831831702657,119.62847599715623,SCORED,0.9692434000739523,57.29607864779758
FCWD2:0195,FCWD2,14063902,14.063902,1.8053095384017,EXACT,UNAVAILABLE_OR_NONFINITE_RETAINED,3.9533019065856934,3.7741072177886963,3.785484552383423,3.0624635219573975,,ELIGIBLE,SCORED,2.1479923681839934,118.98194312348684,SCORED,1.9687976793869963,109.05596173440915,SCORED,1.980175013981723,109.68617690542072,SCORED,1.2571539835556975,69.6364782223827
FCWD2:0196,FCWD2,14113954,14.113954,1.957983777576973,INTERPOLATED_LINEAR,UNAVAILABLE_OR_NONFINITE_RETAINED,4.77700662612915,4.476974964141846,4.552901268005371,3.2817869186401367,,ELIGIBLE,SCORED,2.8190228485521773,143.97580208967562,SCORED,2.5189911865648726,128.65230117902982,SCORED,2.594917490428398,132.5300812062722,SCORED,1.3238031410631637,67.61052651321681
FCWD2:0197,FCWD2,14163998,14.163998,2.11063361425258,EXACT,UNAVAILABLE_OR_NONFINITE_RETAINED,4.5308709144592285,4.3682403564453125,4.41309118270874,2.9686832427978516,,ELIGIBLE,SCORED,2.4202373002066486,114.66875557479008,SCORED,2.2576067421927326,106.96346002203698,SCORED,2.3024575684561603,109.08845348184741,SCORED,0.8580496285452717,40.65365124250261
FCWD2:0198,FCWD2,14214050,14.21405,2.381776991192309,INTERPOLATED_LINEAR,UNAVAILABLE_OR_NONFINITE_RETAINED,5.801921844482422,5.458266735076904,5.641220569610596,3.8096096515655518,,ELIGIBLE,SCORED,3.420144853290113,143.59635120910295,SCORED,3.0764897438845953,129.16783373343932,SCORED,3.2594435784182867,136.8492344359503,SCORED,1.4278326603732427,59.94820949456208
FCWD2:0199,FCWD2,14264103,14.264103,2.65292578536565,EXACT,UNAVAILABLE_OR_NONFINITE_RETAINED,5.757828235626221,5.558475971221924,5.614160537719727,3.9868674278259277,,ELIGIBLE,SCORED,3.1049024502605707,117.03691325962309,SCORED,2.905550185856274,109.52248275787349,SCORED,2.9612347523540765,111.62146972558196,SCORED,1.3339416424602777,50.281905729090035
FCWD2:0200,FCWD2,14314146,14.314146,3.2676133962578167,INTERPOLATED_LINEAR,UNAVAILABLE_OR_NONFINITE_RETAINED,5.670643329620361,5.524718284606934,5.547310829162598,3.8758184909820557,,ELIGIBLE,SCORED,2.4030299333625447,73.54082756897058,SCORED,2.257104888349117,69.07502861060709,SCORED,2.279697432904781,69.76643673684191,SCORED,0.608205094724239,18.613128940552652
FCWD2:0201,FCWD2,14364198,14.364198,3.88241155584809,EXACT,UNAVAILABLE_OR_NONFINITE_RETAINED,5.830214500427246,5.740999698638916,5.799472808837891,4.451949596405029,,ELIGIBLE,SCORED,1.947802944579156,50.1699244544328,SCORED,1.858588142790826,47.87200213205702,SCORED,1.9170612529898006,49.378104959071756,SCORED,0.5695380405569392,14.669697747500315
FCWD2:0202,FCWD2,14414251,14.414251,5.569552664712119,INTERPOLATED_LINEAR,UNAVAILABLE_OR_NONFINITE_RETAINED,6.5178985595703125,6.339047908782959,6.4701128005981445,4.194713115692139,,ELIGIBLE,SCORED,0.9483458948581935,17.02732610586082,SCORED,0.76949524407084,13.816104997915735,SCORED,0.9005601358860256,16.169344112532492,SCORED,1.3748395490199803,24.684918731997367
FCWD2:0203,FCWD2,14464294,14.464294,7.25635670264957,EXACT,UNAVAILABLE_OR_NONFINITE_RETAINED,7.259624004364014,6.993549823760986,7.171911239624023,5.557743549346924,,ELIGIBLE,SCORED,0.003267301714443782,0.045026751692771205,SCORED,0.26280687888858356,3.621746968318452,SCORED,0.08444546302554645,1.1637446515647754,SCORED,1.698613153302646,23.40862257615338
FCWD2:0204,FCWD2,14514346,14.514346,,OUTSIDE_MEASURED_GT_SUPPORT,UNAVAILABLE_OR_NONFINITE_RETAINED,8.271379470825195,7.500147819519043,7.972067356109619,6.563933372497559,,EXCLUDED_GT_NONFINITE,EXCLUDED_GT_NONFINITE,,,EXCLUDED_GT_NONFINITE,,,EXCLUDED_GT_NONFINITE,,,EXCLUDED_GT_NONFINITE,,
FCWD2:0205,FCWD2,14564399,14.564399,,OUTSIDE_MEASURED_GT_SUPPORT,UNAVAILABLE_OR_NONFINITE_RETAINED,8.818045616149902,8.021309852600098,8.61583423614502,6.542635917663574,,EXCLUDED_GT_NONFINITE,EXCLUDED_GT_NONFINITE,,,EXCLUDED_GT_NONFINITE,,,EXCLUDED_GT_NONFINITE,,,EXCLUDED_GT_NONFINITE,,
FCWD2:0206,FCWD2,14614442,14.614442,,OUTSIDE_MEASURED_GT_SUPPORT,UNAVAILABLE_OR_NONFINITE_RETAINED,9.963912010192871,10.26227855682373,11.744272232055664,7.7169623374938965,,EXCLUDED_GT_NONFINITE,EXCLUDED_GT_NONFINITE,,,EXCLUDED_GT_NONFINITE,,,EXCLUDED_GT_NONFINITE,,,EXCLUDED_GT_NONFINITE,,
FCWD2:0207,FCWD2,14664495,14.664495,,OUTSIDE_MEASURED_GT_SUPPORT,UNAVAILABLE_OR_NONFINITE_RETAINED,8.660812377929688,10.321910858154297,12.08337688446045,6.70780086517334,,EXCLUDED_GT_NONFINITE,EXCLUDED_GT_NONFINITE,,,EXCLUDED_GT_NONFINITE,,,EXCLUDED_GT_NONFINITE,,,EXCLUDED_GT_NONFINITE,,
FCWD2:0208,FCWD2,14714547,14.714547,,OUTSIDE_MEASURED_GT_SUPPORT,UNAVAILABLE_OR_NONFINITE_RETAINED,6.250525951385498,7.919703960418701,9.171003341674805,5.802433967590332,,EXCLUDED_GT_NONFINITE,EXCLUDED_GT_NONFINITE,,,EXCLUDED_GT_NONFINITE,,,EXCLUDED_GT_NONFINITE,,,EXCLUDED_GT_NONFINITE,,
FCWD2:0209,FCWD2,14764590,14.76459,,OUTSIDE_MEASURED_GT_SUPPORT,UNAVAILABLE_OR_NONFINITE_RETAINED,5.683824062347412,6.828789710998535,7.255527019500732,3.7656168937683105,,EXCLUDED_GT_NONFINITE,EXCLUDED_GT_NONFINITE,,,EXCLUDED_GT_NONFINITE,,,EXCLUDED_GT_NONFINITE,,,EXCLUDED_GT_NONFINITE,,
FCWD2:0210,FCWD2,14814643,14.814643,,OUTSIDE_MEASURED_GT_SUPPORT,UNAVAILABLE_OR_NONFINITE_RETAINED,3.0084409713745117,3.3604118824005127,3.3017585277557373,2.9754116535186768,,EXCLUDED_GT_NONFINITE,EXCLUDED_GT_NONFINITE,,,EXCLUDED_GT_NONFINITE,,,EXCLUDED_GT_NONFINITE,,,EXCLUDED_GT_NONFINITE,,
FCWD2:0211,FCWD2,14864695,14.864695,,OUTSIDE_MEASURED_GT_SUPPORT,UNAVAILABLE_OR_NONFINITE_RETAINED,2.3285939693450928,2.3631680011749268,2.4096360206604004,4.006451606750488,,EXCLUDED_GT_NONFINITE,EXCLUDED_GT_NONFINITE,,,EXCLUDED_GT_NONFINITE,,,EXCLUDED_GT_NONFINITE,,,EXCLUDED_GT_NONFINITE,,
FCWD2:0212,FCWD2,14914738,14.914738,,OUTSIDE_MEASURED_GT_SUPPORT,UNAVAILABLE_OR_NONFINITE_RETAINED,2.2946596145629883,2.2378764152526855,2.269757032394409,4.097510814666748,,EXCLUDED_GT_NONFINITE,EXCLUDED_GT_NONFINITE,,,EXCLUDED_GT_NONFINITE,,,EXCLUDED_GT_NONFINITE,,,EXCLUDED_GT_NONFINITE,,
FCWD2:0213,FCWD2,14964791,14.964791,,OUTSIDE_MEASURED_GT_SUPPORT,UNAVAILABLE_OR_NONFINITE_RETAINED,3.775184392929077,3.5087873935699463,3.3198602199554443,3.653686285018921,,EXCLUDED_GT_NONFINITE,EXCLUDED_GT_NONFINITE,,,EXCLUDED_GT_NONFINITE,,,EXCLUDED_GT_NONFINITE,,,EXCLUDED_GT_NONFINITE,,
FCWD2:0214,FCWD2,15014843,15.014843,,OUTSIDE_MEASURED_GT_SUPPORT,UNAVAILABLE_OR_NONFINITE_RETAINED,6.553769111633301,5.320911884307861,4.857271671295166,4.540186882019043,,EXCLUDED_GT_NONFINITE,EXCLUDED_GT_NONFINITE,,,EXCLUDED_GT_NONFINITE,,,EXCLUDED_GT_NONFINITE,,,EXCLUDED_GT_NONFINITE,,
FCWD2:0215,FCWD2,15064886,15.064886,,OUTSIDE_MEASURED_GT_SUPPORT,UNAVAILABLE_OR_NONFINITE_RETAINED,59.999996185302734,15.79603385925293,16.778432846069336,7.874889850616455,,EXCLUDED_GT_NONFINITE,EXCLUDED_GT_NONFINITE,,,EXCLUDED_GT_NONFINITE,,,EXCLUDED_GT_NONFINITE,,,EXCLUDED_GT_NONFINITE,,
FCWD2:0216,FCWD2,15114939,15.114939,,OUTSIDE_MEASURED_GT_SUPPORT,UNAVAILABLE_OR_NONFINITE_RETAINED,-21.95618438720703,59.999996185302734,-44.51547622680664,8.311806678771973,,EXCLUDED_GT_NONFINITE,EXCLUDED_GT_NONFINITE,,,EXCLUDED_GT_NONFINITE,,,EXCLUDED_GT_NONFINITE,,,EXCLUDED_GT_NONFINITE,,
FCWD2:0217,FCWD2,15164991,15.164991,,OUTSIDE_MEASURED_GT_SUPPORT,UNAVAILABLE_OR_NONFINITE_RETAINED,-59.999996185302734,17.687318801879883,59.999996185302734,-39.38683319091797,,EXCLUDED_GT_NONFINITE,EXCLUDED_GT_NONFINITE,,,EXCLUDED_GT_NONFINITE,,,EXCLUDED_GT_NONFINITE,,,EXCLUDED_GT_NONFINITE,,
FCWD3:0000,FCWD3,5355296,5.355296,15.349582546367648,INTERPOLATED_LINEAR,UNAVAILABLE_OR_NONFINITE_RETAINED,5.75597620010376,6.773764610290527,6.379662990570068,6.131619930267334,,ELIGIBLE,SCORED,9.593606346263888,62.50076389558969,SCORED,8.57581793607712,55.87004017973452,SCORED,8.96991955579758,58.437547266848874,SCORED,9.217962616100314,60.05350691626248
FCWD3:0001,FCWD3,5405340,5.40534,14.9606711802474,EXACT,UNAVAILABLE_OR_NONFINITE_RETAINED,5.090197563171387,6.1465067863464355,6.628411769866943,5.989274501800537,,ELIGIBLE,SCORED,9.870473617076014,65.97614169949819,SCORED,8.814164393900965,58.91556794282279,SCORED,8.332259410380457,55.69442246268706,SCORED,8.971396678446864,59.9665387358544
FCWD3:0002,FCWD3,5455392,5.455392,14.625693741229995,INTERPOLATED_LINEAR,UNAVAILABLE_OR_NONFINITE_RETAINED,5.471770286560059,6.366624355316162,6.516951084136963,9.088809967041016,,ELIGIBLE,SCORED,9.153923454669936,62.58796072602644,SCORED,8.259069385913833,56.46959065354571,SCORED,8.108742657093032,55.44176433993279,SCORED,5.536883774188979,37.85723858404365
FCWD3:0003,FCWD3,5505445,5.505445,14.2907096096241,EXACT,UNAVAILABLE_OR_NONFINITE_RETAINED,6.891246795654297,8.566754341125488,8.184585571289062,7.109743118286133,,ELIGIBLE,SCORED,7.399462813969803,51.77813429912972,SCORED,5.723955268498612,40.05368120169348,SCORED,6.106124038335038,42.72792747970233,SCORED,7.180966491337967,50.249194669115205
FCWD3:0004,FCWD3,5555488,5.555488,13.985563677015532,INTERPOLATED_LINEAR,UNAVAILABLE_OR_NONFINITE_RETAINED,5.439531326293945,7.055049896240234,6.697218894958496,7.123176097869873,,ELIGIBLE,SCORED,8.546032350721587,61.10609874642735,SCORED,6.930513780775298,49.55476905207044,SCORED,7.288344782057036,52.113343089882115,SCORED,6.8623875791456594,49.06765102663397
FCWD3:0005,FCWD3,5605540,5.60554,13.6803628653351,EXACT,UNAVAILABLE_OR_NONFINITE_RETAINED,5.175246238708496,6.254057884216309,6.561351776123047,6.582087993621826,,ELIGIBLE,SCORED,8.505116626626604,62.17025608419979,SCORED,7.426304981118792,54.28441521778951,SCORED,7.119011089212053,52.038174420439056,SCORED,7.098274871713274,51.88659790377134
FCWD3:0006,FCWD3,5655593,5.655593,13.357073801627138,INTERPOLATED_LINEAR,UNAVAILABLE_OR_NONFINITE_RETAINED,5.647521018981934,6.573886394500732,6.772963523864746,7.5403218269348145,,ELIGIBLE,SCORED,7.709552782645204,57.718875385011636,SCORED,6.783187407126405,50.78348377696385,SCORED,6.584110277762392,49.29305906028853,SCORED,5.816751974692323,43.54810088706507
FCWD3:0007,FCWD3,5705636,5.705636,13.0338493272672,EXACT,UNAVAILABLE_OR_NONFINITE_RETAINED,7.251702308654785,8.607900619506836,8.904297828674316,7.850642681121826,,ELIGIBLE,SCORED,5.782147018612415,44.36254304793897,SCORED,4.425948707760364,33.95734135502969,SCORED,4.129551498592884,31.68328400078816,SCORED,5.183206646145374,39.76727454798753
FCWD3:0008,FCWD3,5755688,5.755688,12.795777159278051,INTERPOLATED_LINEAR,UNAVAILABLE_OR_NONFINITE_RETAINED,7.4964447021484375,7.979203224182129,8.410022735595703,6.970756530761719,,ELIGIBLE,SCORED,5.299332457129614,41.41469792076784,SCORED,4.8165739350959225,37.64190228651714,SCORED,4.385754423682348,34.27501408542658,SCORED,5.825020628516333,45.522992124731445
FCWD3:0009,FCWD3,5805741,5.805741,12.5577002347923,EXACT,UNAVAILABLE_OR_NONFINITE_RETAINED,7.594963550567627,7.681662559509277,7.90734338760376,6.660083293914795,,ELIGIBLE,SCORED,4.962736684224673,39.519470854025805,SCORED,4.876037675283023,38.82906570562576,SCORED,4.65035684718854,37.0319147633759,SCORED,5.897616940877505,46.96414813707368
FCWD3:0010,FCWD3,5855784,5.855784,12.345532415373219,INTERPOLATED_LINEAR,UNAVAILABLE_OR_NONFINITE_RETAINED,7.679259300231934,8.184361457824707,7.905364036560059,6.190146446228027,,ELIGIBLE,SCORED,4.666273115141285,37.797261050731436,SCORED,4.161170957548512,33.70588499177915,SCORED,4.44016837881316,35.96579093894777,SCORED,6.1553859691451915,49.85921839612381
FCWD3:0011,FCWD3,5905836,5.905836,12.133326438562,EXACT,UNAVAILABLE_OR_NONFINITE_RETAINED,8.057546615600586,8.603405952453613,8.2327241897583,6.16916036605835,,ELIGIBLE,SCORED,4.0757798229614135,33.59161103593007,SCORED,3.529920486108386,29.09276779111154,SCORED,3.9006022488036987,32.147838999920495,SCORED,5.96416607250365,49.155242815757475
FCWD3:0012,FCWD3,5955889,5.955889,11.900492714786411,INTERPOLATED_LINEAR,UNAVAILABLE_OR_NONFINITE_RETAINED,7.652688980102539,7.858900547027588,8.02138900756836,6.318911552429199,,ELIGIBLE,SCORED,4.247803734683872,35.69435179272837,SCORED,4.041592167758823,33.96155322827204,SCORED,3.879103707218052,32.59616051357479,SCORED,5.581581162357212,46.90210141822174
FCWD3:0013,FCWD3,6005932,6.005932,11.6677055084471,EXACT,UNAVAILABLE_OR_NONFINITE_RETAINED,7.209433078765869,7.355888843536377,7.4266743659973145,6.134310245513916,,ELIGIBLE,SCORED,4.45827242968123,38.21036129557404,SCORED,4.311816664910722,36.955137938552575,SCORED,4.241031142449785,36.348458909760744,SCORED,5.533395262933183,47.42487937261664
FCWD3:0014,FCWD3,6055985,6.055985,11.477358318211891,INTERPOLATED_LINEAR,UNAVAILABLE_OR_NONFINITE_RETAINED,6.922072410583496,7.149783611297607,7.286474227905273,7.0425333976745605,,ELIGIBLE,SCORED,4.555285907628395,39.68932380894843,SCORED,4.327574706914284,37.705320222053466,SCORED,4.190884090306618,36.51436135488304,SCORED,4.434824920537331,38.63977056027167
FCWD3:0015,FCWD3,6106037,6.106037,11.2870149308894,EXACT,UNAVAILABLE_OR_NONFINITE_RETAINED,6.603426933288574,6.740952968597412,6.9845967292785645,12.261985778808594,,ELIGIBLE,SCORED,4.683587997600826,41.49536459620654,SCORED,4.546061962291988,40.27691989536303,SCORED,4.302418201610836,38.11829990440007,SCORED,0.9749708479191934,8.637986694347068
FCWD3:0016,FCWD3,6156080,6.15608,11.120363687612585,INTERPOLATED_LINEAR,UNAVAILABLE_OR_NONFINITE_RETAINED,6.7467041015625,6.924129009246826,7.057550430297852,8.134407997131348,,ELIGIBLE,SCORED,4.373659586050085,39.33018477554001,SCORED,4.196234678365759,37.734689226397435,SCORED,4.062813257314733,36.534895543393624,SCORED,2.985955690481237,26.851241329520654
FCWD3:0017,FCWD3,6206133,6.206133,10.9536791427265,EXACT,UNAVAILABLE_OR_NONFINITE_RETAINED,7.520994663238525,7.6112260818481445,7.729456424713135,9.16217041015625,,ELIGIBLE,SCORED,3.4326844794879747,31.338187240652903,SCORED,3.3424530608783556,30.51443279765797,SCORED,3.2242227180133654,29.435066300571027,SCORED,1.7915087325702501,16.355315042798694
FCWD3:0018,FCWD3,6256185,6.256185,10.7782444227525,INTERPOLATED_LINEAR,UNAVAILABLE_OR_NONFINITE_RETAINED,7.766747951507568,7.891819000244141,7.941179275512695,7.47441291809082,,ELIGIBLE,SCORED,3.011496471244932,27.94051009724522,SCORED,2.88642542250836,26.780107309639554,SCORED,2.837065147239805,26.32214520252351,SCORED,3.30383150466168,30.652779572222418
FCWD3:0019,FCWD3,6306237,6.306237,10.6028097027785,EXACT,UNAVAILABLE_OR_NONFINITE_RETAINED,8.166200637817383,8.55620002746582,8.590717315673828,5.419102668762207,,ELIGIBLE,SCORED,2.436609064961118,22.980786539275496,SCORED,2.0466096753126806,19.302521998262026,SCORED,2.0120923871046728,18.976973495783835,SCORED,5.183707034016294,48.88993747249737
FCWD3:0020,FCWD3,6356281,6.356281,10.46085980908096,INTERPOLATED_LINEAR,UNAVAILABLE_OR_NONFINITE_RETAINED,8.722101211547852,8.569247245788574,8.60595703125,6.944125652313232,,ELIGIBLE,SCORED,1.7387585975331081,16.621564854771407,SCORED,1.8916125632923855,18.082763728946038,SCORED,1.8549027778309597,17.731838602986905,SCORED,3.5167341567677273,33.61802204551951
FCWD3:0021,FCWD3,6406333,6.406333,10.3188872233694,EXACT,UNAVAILABLE_OR_NONFINITE_RETAINED,9.583211898803711,9.081704139709473,9.169002532958984,6.338224411010742,,ELIGIBLE,SCORED,0.7356753245656886,7.129405609740451,SCORED,1.237183083659927,11.989500969232928,SCORED,1.1498846904104152,11.143495083522643,SCORED,3.9806628123586574,38.57647366610972
FCWD3:0022,FCWD3,6456386,6.456386,10.190681486965477,INTERPOLATED_LINEAR,UNAVAILABLE_OR_NONFINITE_RETAINED,9.02033519744873,8.973597526550293,9.317848205566406,5.892035007476807,,ELIGIBLE,SCORED,1.170346289516747,11.484475214083508,SCORED,1.2170839604151844,11.943106670264509,SCORED,0.8728332813990711,8.565013856192834,SCORED,4.298646479488671,42.18212967392721
FCWD3:0023,FCWD3,6506429,6.506429,10.062501364558,EXACT,UNAVAILABLE_OR_NONFINITE_RETAINED,9.682708740234375,9.502778053283691,9.88097095489502,5.310959815979004,,ELIGIBLE,SCORED,0.3797926243236258,3.7743361274098906,SCORED,0.5597233112743094,5.56246693536618,SCORED,0.18153040966298128,1.8040286712642357,SCORED,4.751541548578997,47.22028227807063
FCWD3:0024,FCWD3,6556481,6.556481,9.89136808032005,INTERPOLATED_LINEAR,UNAVAILABLE_OR_NONFINITE_RETAINED,10.17300796508789,9.963623046875,10.682373046875,5.0595808029174805,,ELIGIBLE,SCORED,0.2816398847678414,2.8473299394064058,SCORED,0.07225496655495078,0.7304850650407994,SCORED,0.7910049665549508,7.996921761800989,SCORED,4.831787277402569,48.84852366394022
FCWD3:0025,FCWD3,6606533,6.606533,9.7202347960821,EXACT,UNAVAILABLE_OR_NONFINITE_RETAINED,10.610816955566406,10.77978515625,11.175506591796875,5.655178070068359,,ELIGIBLE,SCORED,0.8905821594843069,9.162146575340655,SCORED,1.0595503601679006,10.900460558781665,SCORED,1.4552717957147756,14.97157040179057,SCORED,4.06505672601374,41.820561038836516
FCWD3:0026,FCWD3,6656577,6.656577,9.604555427173779,INTERPOLATED_LINEAR,UNAVAILABLE_OR_NONFINITE_RETAINED,10.651984214782715,10.6605863571167,11.43260383605957,5.3289594650268555,,ELIGIBLE,SCORED,1.0474287876089363,10.90554160003584,SCORED,1.0560309299429207,10.995104749514333,SCORED,1.8280484088857918,19.03313925092013,SCORED,4.275595962146923,44.51633388517029
FCWD3:0027,FCWD3,6706629,6.706629,9.48885756583977,EXACT,UNAVAILABLE_OR_NONFINITE_RETAINED,10.736319541931152,10.832850456237793,11.23432731628418,6.74068021774292,,ELIGIBLE,SCORED,1.2474619760913832,13.146598180399414,SCORED,1.3439928903980238,14.163906256074988,SCORED,1.7454697504444106,18.394940996144413,SCORED,2.748177348096849,28.962151966432582
FCWD3:0028,FCWD3,6756682,6.756682,9.359556599005566,INTERPOLATED_LINEAR,UNAVAILABLE_OR_NONFINITE_RETAINED,10.657693862915039,10.664706230163574,10.955158233642578,6.465059280395508,,ELIGIBLE,SCORED,1.2981372639094726,13.869644893727093,SCORED,1.3051496311580078,13.944566896434788,SCORED,1.5956016346370117,17.047833599366673,SCORED,2.8944973186100587,30.92558165541296
FCWD3:0029,FCWD3,6806725,6.806725,9.23028146498195,EXACT,UNAVAILABLE_OR_NONFINITE_RETAINED,8.256282806396484,8.107084274291992,8.375251770019531,8.39062213897705,,ELIGIBLE,SCORED,0.9739986585854652,10.552209727088425,SCORED,1.1231971906899574,12.168612571037713,SCORED,0.8550296949624183,9.263311180772215,SCORED,0.8396593260048988,9.096790051207185
FCWD3:0030,FCWD3,6856777,6.856777,9.107761191515698,INTERPOLATED_LINEAR,UNAVAILABLE_OR_NONFINITE_RETAINED,6.845987319946289,6.615767478942871,6.895489692687988,7.429727554321289,,ELIGIBLE,SCORED,2.2617738715694085,24.833477997604458,SCORED,2.4919937125728264,27.361210512351096,SCORED,2.2122714988277092,24.289959434691184,SCORED,1.6780336371944085,18.424216466694084
FCWD3:0031,FCWD3,6906830,6.90683,8.98523847018975,EXACT,UNAVAILABLE_OR_NONFINITE_RETAINED,5.125224590301514,5.113221645355225,5.127387523651123,6.41411828994751,,ELIGIBLE,SCORED,3.8600138798882355,42.959503998637,SCORED,3.8720168248345246,43.09308915596044,SCORED,3.857850946538626,42.93543192356871,SCORED,2.5711201802422394,28.61493536061868
FCWD3:0032,FCWD3,6956873,6.956873,8.841643807565047,INTERPOLATED_LINEAR,UNAVAILABLE_OR_NONFINITE_RETAINED,6.001809120178223,5.780209064483643,5.983801364898682,7.327703475952148,,ELIGIBLE,SCORED,2.8398346873868245,32.118854244693935,SCORED,3.0614347430814046,34.62517615176935,SCORED,2.8578424426663656,32.32252401098935,SCORED,1.5139403316128988,17.12283784060095
FCWD3:0033,FCWD3,7006926,7.006926,8.69802045068488,EXACT,UNAVAILABLE_OR_NONFINITE_RETAINED,6.876636028289795,6.905182361602783,7.014119625091553,7.265726566314697,,ELIGIBLE,SCORED,1.8213844223950844,20.940217750944345,SCORED,1.792838089082096,20.612024301931005,SCORED,1.6839008255933265,19.35958687543367,SCORED,1.432293884370182,16.466894881322148
FCWD3:0034,FCWD3,7056978,7.056978,8.566870442134077,INTERPOLATED_LINEAR,UNAVAILABLE_OR_NONFINITE_RETAINED,6.797216415405273,7.124275207519531,7.14409065246582,8.883978843688965,,ELIGIBLE,SCORED,1.7696540267288032,20.656948633484507,SCORED,1.4425952346145454,16.839232533732392,SCORED,1.4227797896682564,16.607929339874904,SCORED,0.3171084015548882,3.7015664436252864
FCWD3:0035,FCWD3,7107021,7.107021,8.43574401605904,EXACT,UNAVAILABLE_OR_NONFINITE_RETAINED,7.4139604568481445,7.72483491897583,7.866016387939453,6.913792610168457,,ELIGIBLE,SCORED,1.0217835592108955,12.112548190956678,SCORED,0.7109090970832099,8.427343168899618,SCORED,0.5697276281195869,6.753733008434137,SCORED,1.521951405890583,18.04169736532142
FCWD3:0036,FCWD3,7157074,7.157074,8.301723938378473,INTERPOLATED_LINEAR,UNAVAILABLE_OR_NONFINITE_RETAINED,7.002991676330566,7.169931888580322,6.984897613525391,8.243643760681152,,ELIGIBLE,SCORED,1.2987322620479063,15.64412731244807,SCORED,1.1317920497981504,13.633217126938296,SCORED,1.316826324853082,15.862082799037161,SCORED,0.05808017769732032,0.6996158644690464
FCWD3:0037,FCWD3,7207126,7.207126,8.16770653826124,EXACT,UNAVAILABLE_OR_NONFINITE_RETAINED,6.402902126312256,6.671946048736572,6.3821210861206055,7.120424747467041,,ELIGIBLE,SCORED,1.764804411948985,21.607098684090094,SCORED,1.4957604895246686,18.31310273597427,SCORED,1.7855854521406354,21.86152800392795,SCORED,1.0472817907941998,12.822225993162917
FCWD3:0038,FCWD3,7257178,7.257178,8.04545358006883,INTERPOLATED_LINEAR,UNAVAILABLE_OR_NONFINITE_RETAINED,6.264345645904541,6.560588359832764,6.128718376159668,6.509912490844727,,ELIGIBLE,SCORED,1.7811079341642895,22.138067374804887,SCORED,1.4848652202360668,18.45595410449641,SCORED,1.9167352039091625,23.82383025187704,SCORED,1.535541089224104,19.08582373811878
FCWD3:0039,FCWD3,7307222,7.307222,7.92322016202797,EXACT,UNAVAILABLE_OR_NONFINITE_RETAINED,6.8148298263549805,7.599325180053711,6.72064208984375,6.05409049987793,,ELIGIBLE,SCORED,1.1083903356729898,13.989139680668602,SCORED,0.32389498197425937,4.0879210138136255,SCORED,1.2025780721842203,15.177895446444555,SCORED,1.8691296621500406,23.590530414740257
FCWD3:0040,FCWD3,7357274,7.357274,7.750049411048716,INTERPOLATED_LINEAR,UNAVAILABLE_OR_NONFINITE_RETAINED,6.247228145599365,6.918907642364502,6.926013946533203,-16.41702651977539,,ELIGIBLE,SCORED,1.5028212654493505,19.391118504443092,SCORED,0.8311417686842137,10.724341544188244,SCORED,0.8240354645155126,10.632647881454039,SCORED,24.167075930824105,311.8312496997859
FCWD3:0041,FCWD3,7407326,7.407326,7.57687866006946,EXACT,UNAVAILABLE_OR_NONFINITE_RETAINED,6.277195453643799,6.957279205322266,6.514654159545898,4.641757965087891,,ELIGIBLE,SCORED,1.2996832064256614,17.153279928779362,SCORED,0.6195994547471946,8.177502670229043,SCORED,1.0622245005235618,14.019288788687344,SCORED,2.9351206949815696,38.737860623924284
FCWD3:0042,FCWD3,7457370,7.45737,7.470635206871734,INTERPOLATED_LINEAR,UNAVAILABLE_OR_NONFINITE_RETAINED,6.134871482849121,6.46267557144165,6.2749433517456055,6.726195335388184,,ELIGIBLE,SCORED,1.3357637240226126,17.880189395326564,SCORED,1.0079596354300833,13.492288239464953,SCORED,1.1956918551261282,16.005223411608853,SCORED,0.7444398714835501,9.964880507065718
FCWD3:0043,FCWD3,7507422,7.507422,7.36437476966742,EXACT,UNAVAILABLE_OR_NONFINITE_RETAINED,6.344171524047852,6.424346446990967,6.31949520111084,6.8812384605407715,,ELIGIBLE,SCORED,1.0202032456195687,13.853222812907465,SCORED,0.9400283226764534,12.76453673363103,SCORED,1.0448795685565804,14.188299770677853,SCORED,0.48313630912664873,6.560452505983308
FCWD3:0044,FCWD3,7557475,7.557475,7.250685870161512,INTERPOLATED_LINEAR,UNAVAILABLE_OR_NONFINITE_RETAINED,6.199484825134277,6.79984188079834,6.403061866760254,5.362565994262695,,ELIGIBLE,SCORED,1.0512010450272342,14.497953212305118,SCORED,0.4508439893631717,6.2179495490007906,SCORED,0.8476240034012577,11.690259633084567,SCORED,1.8881198758988162,26.04056926074992
FCWD3:0045,FCWD3,7607518,7.607518,7.13701968435898,EXACT,UNAVAILABLE_OR_NONFINITE_RETAINED,5.718478679656982,5.9436469078063965,5.824288845062256,6.112141132354736,,ELIGIBLE,SCORED,1.4185410047019973,19.87581746216531,SCORED,1.1933727765525832,16.720883916964667,SCORED,1.3127308392967239,18.3932635379109,SCORED,1.0248785520042434,14.360035383541108
FCWD3:0046,FCWD3,7657570,7.65757,7.01586509399963,INTERPOLATED_LINEAR,UNAVAILABLE_OR_NONFINITE_RETAINED,6.016928672790527,6.441904067993164,6.54888391494751,6.389300346374512,,ELIGIBLE,SCORED,0.9989364212091028,14.238250134875747,SCORED,0.573961026006466,8.18090168947733,SCORED,0.46698117905212033,6.656074094861222,SCORED,0.6265647476251184,8.930684088566533
FCWD3:0047,FCWD3,7707623,7.707623,6.89470808306587,EXACT,UNAVAILABLE_OR_NONFINITE_RETAINED,5.97890567779541,6.287725448608398,6.123786926269531,6.266796112060547,,ELIGIBLE,SCORED,0.9158024052704601,13.282685709635297,SCORED,0.6069826344574718,8.80360164846261,SCORED,0.770921156796339,11.181345859874801,SCORED,0.6279119710053234,9.107158177552744
FCWD3:0048,FCWD3,7757666,7.757666,6.786696922183679,INTERPOLATED_LINEAR,UNAVAILABLE_OR_NONFINITE_RETAINED,6.8240814208984375,6.728762149810791,6.873181343078613,6.701718330383301,,ELIGIBLE,SCORED,0.037384498714758685,0.5508496864293433,SCORED,0.0579347723728878,0.8536519758752801,SCORED,0.08648442089493447,1.2743227211494121,SCORED,0.08497859180037803,1.2521347685736266
FCWD3:0049,FCWD3,7807718,7.807718,6.67866633599829,EXACT,UNAVAILABLE_OR_NONFINITE_RETAINED,6.80941915512085,6.786008358001709,6.9457197189331055,5.97487735748291,,ELIGIBLE,SCORED,0.13075281912255932,1.9577684008227236,SCORED,0.10734202200341869,1.6072373824821988,SCORED,0.2670533829348152,3.9986034561329453,SCORED,0.7037889785153801,10.537867039740076
FCWD3:0050,FCWD3,7857771,7.857771,6.601499435667663,INTERPOLATED_LINEAR,UNAVAILABLE_OR_NONFINITE_RETAINED,6.557000160217285,6.580399513244629,6.637757778167725,6.335232734680176,,ELIGIBLE,SCORED,0.04449927545037813,0.6740783042402481,SCORED,0.02109992242303438,0.3196231799859326,SCORED,0.036258342500061325,0.5492440445296232,SCORED,0.2662667009874875,4.033427611140253
FCWD3:0051,FCWD3,7907814,7.907814,6.52434795237504,EXACT,UNAVAILABLE_OR_NONFINITE_RETAINED,6.362843990325928,6.5266571044921875,6.487605094909668,5.9363579750061035,,ELIGIBLE,SCORED,0.1615039620491121,2.475403875268796,SCORED,0.0023091521171476614,0.035392841307721294,SCORED,0.03674285746537187,0.5631652041488142,SCORED,0.5879899773689363,9.01224124864297
FCWD3:0052,FCWD3,7957866,7.957866,6.429589538328841,INTERPOLATED_LINEAR,UNAVAILABLE_OR_NONFINITE_RETAINED,5.889862537384033,6.023785591125488,5.9914326667785645,5.879377841949463,,ELIGIBLE,SCORED,0.5397270009448079,8.394423901048775,SCORED,0.4058039472033528,6.311506275544117,SCORED,0.4381568715502766,6.814694296397667,SCORED,0.5502116963793782,8.557493337628944
FCWD3:0053,FCWD3,8007919,8.007919,6.33482923108329,EXACT,UNAVAILABLE_OR_NONFINITE_RETAINED,5.585356712341309,5.50600528717041,5.558042526245117,6.584283828735352,,ELIGIBLE,SCORED,0.7494725187419817,11.830982200191336,SCORED,0.8288239439128802,13.083603577600256,SCORED,0.7767867048381731,12.26215698170191,SCORED,0.24945459765206124,3.9378267124874515
FCWD3:0054,FCWD3,8057962,8.057962,6.245140195199778,INTERPOLATED_LINEAR,UNAVAILABLE_OR_NONFINITE_RETAINED,5.902235507965088,5.799013614654541,5.643828868865967,6.764651775360107,,ELIGIBLE,SCORED,0.34290468723469036,5.4907444271348504,SCORED,0.44612658054523724,7.143579913356388,SCORED,0.6013113263338115,9.628468017355306,SCORED,0.5195115801603292,8.3186536078028
FCWD3:0055,FCWD3,8108015,8.108015,6.15543323692235,EXACT,UNAVAILABLE_OR_NONFINITE_RETAINED,5.817442417144775,5.8336405754089355,5.895045280456543,5.459609508514404,,ELIGIBLE,SCORED,0.3379908197775743,5.490934703835177,SCORED,0.3217926615134141,5.227782499259256,SCORED,0.2603879564658067,4.230213316325365,SCORED,0.6958237284079454,11.304220216932281
FCWD3:0056,FCWD3,8158067,8.158067,6.069277554914316,INTERPOLATED_LINEAR,UNAVAILABLE_OR_NONFINITE_RETAINED,6.386193752288818,6.765322208404541,6.706378936767578,6.928725719451904,,ELIGIBLE,SCORED,0.3169161973745025,5.221646143335368,SCORED,0.6960446534902252,11.468327938415591,SCORED,0.6371013818532623,10.49715350943868,SCORED,0.8594481645375884,14.160633728831368
FCWD3:0057,FCWD3,8208110,8.20811,5.98313736481746,EXACT,UNAVAILABLE_OR_NONFINITE_RETAINED,6.468487739562988,6.573110580444336,6.664965629577637,7.072399139404297,,ELIGIBLE,SCORED,0.48535037474552833,8.111971114009947,SCORED,0.589973215626876,9.860599542575862,SCORED,0.6818282647601768,11.395831704776157,SCORED,1.089261774586837,18.20552844051357
FCWD3:0058,FCWD3,8258163,8.258163,5.879897752165346,INTERPOLATED_LINEAR,UNAVAILABLE_OR_NONFINITE_RETAINED,6.937628269195557,7.019371032714844,7.0891499519348145,6.359559059143066,,ELIGIBLE,SCORED,1.057730517030211,17.98892704623458,SCORED,1.139473280549498,19.379134273718837,SCORED,1.2092521997694687,20.565871223256334,SCORED,0.4796613069777207,8.157647074748526
FCWD3:0059,FCWD3,8308215,8.308215,5.77666020211912,EXACT,UNAVAILABLE_OR_NONFINITE_RETAINED,6.912816047668457,7.152915954589844,7.3780999183654785,5.095539569854736,,ELIGIBLE,SCORED,1.1361558455493368,19.6680401096216,SCORED,1.3762557524707235,23.824419375850695,SCORED,1.6014397162463583,27.722588142866417,SCORED,0.6811206322643839,11.790907002189957
FCWD3:0060,FCWD3,8358258,8.358258,5.710051786538792,INTERPOLATED_LINEAR,UNAVAILABLE_OR_NONFINITE_RETAINED,6.076192378997803,5.979903697967529,6.223210334777832,5.698260307312012,,ELIGIBLE,SCORED,0.3661405924590104,6.412211415002776,SCORED,0.269851911428737,4.72591005330112,SCORED,0.5131585482390397,8.98693334881462,SCORED,0.011791479226780588,0.20650389291702234
FCWD3:0061,FCWD3,8408311,8.408311,5.64343006072215,EXACT,UNAVAILABLE_OR_NONFINITE_RETAINED,6.157801151275635,6.082045078277588,6.246578693389893,5.35908842086792,,ELIGIBLE,SCORED,0.5143710905534844,9.114511653709835,SCORED,0.4386150175554375,7.772135258805902,SCORED,0.6031486326677422,10.687624834152041,SCORED,0.28434163985423044,5.0384542165805675
FCWD3:0062,FCWD3,8458363,8.458363,5.594610693355012,INTERPOLATED_LINEAR,UNAVAILABLE_OR_NONFINITE_RETAINED,5.461379528045654,5.551688194274902,5.681510925292969,5.693387031555176,,ELIGIBLE,SCORED,0.13323116530935764,2.3814197736332696,SCORED,0.04292249908010959,0.7672115439791137,SCORED,0.08690023193795682,1.5532847002414734,SCORED,0.09877633820016385,1.7655623172758965
FCWD3:0063,FCWD3,8508407,8.508407,5.54579912897155,EXACT,UNAVAILABLE_OR_NONFINITE_RETAINED,5.072129249572754,5.183493137359619,5.282739639282227,5.010023593902588,,ELIGIBLE,SCORED,0.4736698793987957,8.54105726484609,SCORED,0.36230599161193044,6.532980787551873,SCORED,0.263059489689323,4.743400970206192,SCORED,0.5357755350689617,9.660925731515261
FCWD3:0064,FCWD3,8558459,8.558459,5.500869069984805,INTERPOLATED_LINEAR,UNAVAILABLE_OR_NONFINITE_RETAINED,4.9756083488464355,5.177685737609863,5.201344966888428,4.04444694519043,,ELIGIBLE,SCORED,0.5252607211383697,9.54868611587988,SCORED,0.323183332374942,5.875132242982739,SCORED,0.29952410309637756,5.445032399166063,SCORED,1.4564221247943756,26.47621868953879
FCWD3:0065,FCWD3,8608511,8.608511,5.45593901099806,EXACT,UNAVAILABLE_OR_NONFINITE_RETAINED,5.722593307495117,5.821452617645264,5.880617141723633,4.852286338806152,,ELIGIBLE,SCORED,0.2666542964970571,4.887413439914493,SCORED,0.36551360664720356,6.699371197339316,SCORED,0.4246781307255727,7.783777088957707,SCORED,0.6036526721919078,11.064138931448229
FCWD3:0066,FCWD3,8658555,8.658555,5.402644789611197,INTERPOLATED_LINEAR,UNAVAILABLE_OR_NONFINITE_RETAINED,5.596442222595215,5.781721115112305,5.724087715148926,5.977367877960205,,ELIGIBLE,SCORED,0.19379743298401753,3.5870844841895337,SCORED,0.37907632550110737,7.016495443676719,SCORED,0.32144292553772846,5.949732733786875,SCORED,0.5747230883490078,10.637810012128668
FCWD3:0067,FCWD3,8708607,8.708607,5.34934204864614,EXACT,UNAVAILABLE_OR_NONFINITE_RETAINED,5.726161956787109,5.841488838195801,5.743244171142578,5.275754451751709,,ELIGIBLE,SCORED,0.3768199081409698,7.044229079281607,SCORED,0.4921467895496612,9.200136859339892,SCORED,0.3939021224964385,7.363562077622815,SCORED,0.07358759689443062,1.375638278974044
FCWD3:0068,FCWD3,8758659,8.758659,5.307696685096198,INTERPOLATED_LINEAR,UNAVAILABLE_OR_NONFINITE_RETAINED,4.087543487548828,4.321944713592529,4.255194664001465,7.027930736541748,,ELIGIBLE,SCORED,1.2201531975473703,22.98837461781703,SCORED,0.9857519715036691,18.572123276592304,SCORED,1.0525020210947336,19.829731869383522,SCORED,1.7202340514455496,32.41018003677374
FCWD3:0069,FCWD3,8808712,8.808712,5.26605048950431,EXACT,UNAVAILABLE_OR_NONFINITE_RETAINED,6.048108100891113,5.825119495391846,6.175833702087402,6.489792346954346,,ELIGIBLE,SCORED,0.7820576113868034,14.850932647636236,SCORED,0.5590690058875358,10.616476370703401,SCORED,0.9097832125830925,17.27638605813538,SCORED,1.2237418574500358,23.238323671393925
FCWD3:0070,FCWD3,8858755,8.858755,5.219578325396149,INTERPOLATED_LINEAR,UNAVAILABLE_OR_NONFINITE_RETAINED,4.82422399520874,4.714661598205566,4.911527633666992,5.760832786560059,,ELIGIBLE,SCORED,0.3953543301874092,7.574449611452148,SCORED,0.504916727190583,9.673515669529904,SCORED,0.3080506917291572,5.901831000989475,SCORED,0.5412544611639092,10.369697079367606
FCWD3:0071,FCWD3,8908807,8.908807,5.17309780348616,EXACT,UNAVAILABLE_OR_NONFINITE_RETAINED,5.405457496643066,5.108006477355957,5.559600830078125,5.2323174476623535,,ELIGIBLE,SCORED,0.23235969315690674,4.491693410480643,SCORED,0.06509132613020263,1.2582659095742879,SCORED,0.38650302659196534,7.471403814006769,SCORED,0.05921964417619385,1.1447617351499837
FCWD3:0072,FCWD3,8958860,8.95886,5.12831333421993,INTERPOLATED_LINEAR,UNAVAILABLE_OR_NONFINITE_RETAINED,5.742878437042236,5.574145317077637,6.0385212898254395,4.244656085968018,,ELIGIBLE,SCORED,0.614565102822306,11.983766645486918,SCORED,0.4458319828577064,8.693540230523416,SCORED,0.9102079556055092,17.748680634077544,SCORED,0.8836572482519127,17.23095276482996
FCWD3:0073,FCWD3,9008903,9.008903,5.0835378123633,EXACT,UNAVAILABLE_OR_NONFINITE_RETAINED,5.143068790435791,5.239673137664795,5.547764301300049,4.4165215492248535,,ELIGIBLE,SCORED,0.05953097807249108,1.1710541018837344,SCORED,0.156135325301495,3.0713910482138975,SCORED,0.4642264889367489,9.131957036057402,SCORED,0.6670162631384464,13.12110360458508
FCWD3:0074,FCWD3,9058956,9.058956,5.027588557308298,INTERPOLATED_LINEAR,UNAVAILABLE_OR_NONFINITE_RETAINED,5.187154293060303,5.253560543060303,5.429051876068115,5.427552700042725,,ELIGIBLE,SCORED,0.15956573575200483,3.1738025881225678,SCORED,0.22597198575200483,4.494639590654712,SCORED,0.40146331875981733,7.985206310811465,SCORED,0.3999641427344267,7.955387322875164
FCWD3:0075,FCWD3,9109008,9.109008,4.97164042005353,EXACT,UNAVAILABLE_OR_NONFINITE_RETAINED,4.8370041847229,4.883084297180176,4.887333869934082,5.711878776550293,,ELIGIBLE,SCORED,0.13463623533062918,2.7080847357255085,SCORED,0.0885561228733538,1.781225418398226,SCORED,0.08430655011944754,1.695749149101572,SCORED,0.7402383564967634,14.88921752085991
FCWD3:0076,FCWD3,9159052,9.159052,4.914242354641865,INTERPOLATED_LINEAR,UNAVAILABLE_OR_NONFINITE_RETAINED,5.385325908660889,5.319274425506592,5.3047566413879395,5.896155834197998,,ELIGIBLE,SCORED,0.4710835540190237,9.586087132516989,SCORED,0.4050320708647268,8.24200439528881,SCORED,0.39051428674607447,7.946581763050512,SCORED,0.9819134795561331,19.980973844902934
FCWD3:0077,FCWD3,9209104,9.209104,4.85683511361428,EXACT,UNAVAILABLE_OR_NONFINITE_RETAINED,5.407871246337891,5.157247543334961,5.176935195922852,5.745110511779785,,ELIGIBLE,SCORED,0.5510361327236106,11.345580400269128,SCORED,0.30041242972068094,6.185353685954658,SCORED,0.32010008230857157,6.590713392993173,SCORED,0.8882753981655052,18.289181686970693
FCWD3:0078,FCWD3,9259156,9.259156,4.817602887847143,INTERPOLATED_LINEAR,UNAVAILABLE_OR_NONFINITE_RETAINED,4.48628568649292,4.401706695556641,4.436697006225586,5.522599697113037,,ELIGIBLE,SCORED,0.3313172013542234,6.877221080010605,SCORED,0.4158961922905027,8.632845047059398,SCORED,0.38090588162155736,7.9065437830591705,SCORED,0.7049968092658938,14.633767574415787
FCWD3:0079,FCWD3,9309200,9.3092,4.77837693271467,EXACT,UNAVAILABLE_OR_NONFINITE_RETAINED,4.689082622528076,4.573390960693359,4.646311283111572,5.374092102050781,,ELIGIBLE,SCORED,0.0892943101865935,1.868716332846183,SCORED,0.2049859720213103,4.28986609695637,SCORED,0.1320656496030974,2.7638181638397636,SCORED,0.5957151693361116,12.466893627784122
FCWD3:0080,FCWD3,9359252,9.359252,4.7375688962676055,INTERPOLATED_LINEAR,UNAVAILABLE_OR_NONFINITE_RETAINED,5.802602291107178,5.6141862869262695,5.644555568695068,6.4050822257995605,,ELIGIBLE,SCORED,1.0650333948395723,22.48058905652299,SCORED,0.8766173906586641,18.503528072157195,SCORED,0.9069866724274629,19.144558998224035,SCORED,1.667513329531955,35.19765867353761
FCWD3:0081,FCWD3,9409304,9.409304,4.69676085982054,EXACT,UNAVAILABLE_OR_NONFINITE_RETAINED,5.539226055145264,5.445827960968018,5.492349147796631,5.423254013061523,,ELIGIBLE,SCORED,0.8424651953247233,17.937153294981965,SCORED,0.7490671011474772,15.948589325795448,SCORED,0.7955882879760905,16.939084439706587,SCORED,0.7264931532409831,15.467961323215887
FCWD3:0082,FCWD3,9459348,9.459348,4.66495006505515,INTERPOLATED_LINEAR,UNAVAILABLE_OR_NONFINITE_RETAINED,6.346127510070801,6.146724700927734,6.202446937561035,3.361419916152954,,ELIGIBLE,SCORED,1.681177445015651,36.03848747726683,SCORED,1.4817746358725845,31.76399779651375,SCORED,1.5374968725058853,32.95848510840831,SCORED,1.3035301489021958,27.9430675725097
FCWD3:0083,FCWD3,9509400,9.5094,4.63313418503762,EXACT,UNAVAILABLE_OR_NONFINITE_RETAINED,6.69384241104126,6.77183198928833,6.4990339279174805,3.366870403289795,,ELIGIBLE,SCORED,2.06070822600364,44.47762882971427,SCORED,2.13869780425071,46.16092948823895,SCORED,1.8658997428798605,40.27294846986414,SCORED,1.266263781747825,27.330608853012173
FCWD3:0084,FCWD3,9559452,9.559452,4.59478139108242,INTERPOLATED_LINEAR,UNAVAILABLE_OR_NONFINITE_RETAINED,6.364840030670166,6.366018772125244,6.101579666137695,3.3880019187927246,,ELIGIBLE,SCORED,1.770058639587746,38.52323949563927,SCORED,1.7712373810428241,38.54889341374222,SCORED,1.5067982750552753,32.79368803006991,SCORED,1.2067794722896954,26.264132492392793
FCWD3:0085,FCWD3,9609496,9.609496,4.55643472719898,EXACT,UNAVAILABLE_OR_NONFINITE_RETAINED,6.601293563842773,6.625674247741699,6.285253047943115,3.719632387161255,,ELIGIBLE,SCORED,2.044858836643794,44.87848414545048,SCORED,2.0692395205427196,45.41356662459561,SCORED,1.7288183207441357,37.942348003455514,SCORED,0.8368023400377247,18.365287557891566
FCWD3:0086,FCWD3,9659548,9.659548,4.523487392427592,INTERPOLATED_LINEAR,UNAVAILABLE_OR_NONFINITE_RETAINED,5.397907733917236,5.362685203552246,5.600540637969971,3.7174484729766846,,ELIGIBLE,SCORED,0.8744203414896443,19.330668257270737,SCORED,0.8391978111246541,18.55200950774148,SCORED,1.0770532455423787,23.810240907167938,SCORED,0.8060389194509074,17.818971283090843
FCWD3:0087,FCWD3,9709601,9.709601,4.4905393993941,EXACT,UNAVAILABLE_OR_NONFINITE_RETAINED,4.782207012176514,4.66707181930542,5.071159362792969,4.535669803619385,,ELIGIBLE,SCORED,0.2916676127824136,6.495157637894631,SCORED,0.17653241991131985,3.931207461071136,SCORED,0.5806199633988687,12.929848994916082,SCORED,0.04513040422528469,1.0050107617667055
FCWD3:0088,FCWD3,9759653,9.759653,4.4399597085023155,INTERPOLATED_LINEAR,UNAVAILABLE_OR_NONFINITE_RETAINED,5.732174873352051,5.5371246337890625,5.785884380340576,3.480851411819458,,ELIGIBLE,SCORED,1.2922151648497353,29.10420926512472,SCORED,1.097164925286747,24.711145985981076,SCORED,1.3459246718382607,30.31389382342542,SCORED,0.9591082966828575,21.601734242006966
FCWD3:0089,FCWD3,9809696,9.809696,4.38938911249621,EXACT,UNAVAILABLE_OR_NONFINITE_RETAINED,4.85086727142334,4.685091495513916,4.8008575439453125,3.7311224937438965,,ELIGIBLE,SCORED,0.46147815892712973,10.513493953255168,SCORED,0.2957023830177059,6.736754829410472,SCORED,0.4114684314491024,9.374161663582923,SCORED,0.6582666187523136,14.99677066401531
FCWD3:0090,FCWD3,9859749,9.859749,4.337788334268321,INTERPOLATED_LINEAR,UNAVAILABLE_OR_NONFINITE_RETAINED,4.2451043128967285,4.22108793258667,4.436385154724121,4.315582752227783,,ELIGIBLE,SCORED,0.0926840213715927,2.1366653748269218,SCORED,0.1167004016816513,2.6903203358200694,SCORED,0.09859682045579987,2.2729744482202987,SCORED,0.02220558204053802,0.5119102254278979
FCWD3:0091,FCWD3,9909801,9.909801,4.28618858696322,EXACT,UNAVAILABLE_OR_NONFINITE_RETAINED,4.963056564331055,4.880420684814453,4.995581150054932,4.5190300941467285,,ELIGIBLE,SCORED,0.6768679773678343,15.791838451219379,SCORED,0.5942320978512328,13.863881296745467,SCORED,0.7093925630917113,16.550661472278296,SCORED,0.23284150718350816,5.4323672992764225
FCWD3:0092,FCWD3,9959844,9.959844,4.240579951035765,INTERPOLATED_LINEAR,UNAVAILABLE_OR_NONFINITE_RETAINED,4.606945514678955,4.527867794036865,4.7049031257629395,2.886338233947754,,ELIGIBLE,SCORED,0.36636556364318995,8.639515534984898,SCORED,0.2872878430011001,6.774730020853157,SCORED,0.4643231747271743,10.949520586535883,SCORED,1.3542417170880112,31.935295000327407
FCWD3:0093,FCWD3,10009897,10.009897,4.19496220121907,EXACT,UNAVAILABLE_OR_NONFINITE_RETAINED,4.55741548538208,4.498199939727783,4.648499011993408,4.2016777992248535,,ELIGIBLE,SCORED,0.3624532841630099,8.640203815368821,SCORED,0.30323773850871305,7.228616706500744,SCORED,0.45353681077433805,10.811463584642997,SCORED,0.006715598005783363,0.1600872113658566
FCWD3:0094,FCWD3,10059949,10.059949,4.143639247216243,INTERPOLATED_LINEAR,UNAVAILABLE_OR_NONFINITE_RETAINED,4.303108215332031,4.202714443206787,4.426971435546875,3.2131950855255127,,ELIGIBLE,SCORED,0.15946896811578792,3.848524415413854,SCORED,0.05907519599054378,1.4256838606360667,SCORED,0.2833321883306317,6.837761963013028,SCORED,0.9304441616907306,22.454757911558456
FCWD3:0095,FCWD3,10109992,10.109992,4.09232552174746,EXACT,UNAVAILABLE_OR_NONFINITE_RETAINED,3.8534021377563477,3.7851202487945557,4.011303424835205,4.945311546325684,,ELIGIBLE,SCORED,0.23892338399111246,5.838327931671721,SCORED,0.30720527295290445,7.506863061610139,SCORED,0.08102209691225504,1.9798546445459173,SCORED,0.8529860245782235,20.843552646173432
FCWD3:0096,FCWD3,10160045,10.160045,4.043763385960561,INTERPOLATED_LINEAR,UNAVAILABLE_OR_NONFINITE_RETAINED,3.8186099529266357,3.7315921783447266,3.816708564758301,4.536614418029785,,ELIGIBLE,SCORED,0.22515343303392488,5.567918088769224,SCORED,0.31217120761583406,7.719818837562389,SCORED,0.22705482120225984,5.614938351501122,SCORED,0.49285103206922454,12.187929535648438
FCWD3:0097,FCWD3,10210097,10.210097,3.99520222038795,EXACT,UNAVAILABLE_OR_NONFINITE_RETAINED,3.722238540649414,3.6265463829040527,3.6905524730682373,4.8053388595581055,,ELIGIBLE,SCORED,0.27296367973853597,6.832286945215757,SCORED,0.3686558374838973,9.227463771485873,SCORED,0.3046497473197127,7.625389918063523,SCORED,0.8101366391701554,20.277738008753108
FCWD3:0098,FCWD3,10260141,10.260141,3.9474609030572165,INTERPOLATED_LINEAR,UNAVAILABLE_OR_NONFINITE_RETAINED,4.737215042114258,4.427143573760986,4.560964107513428,3.720069646835327,,ELIGIBLE,SCORED,0.7897541390570413,20.006636125145537,SCORED,0.4796826707037698,12.151676292278582,SCORED,0.6135032044562112,15.54171705617318,SCORED,0.22739125622188938,5.760443530822057
FCWD3:0099,FCWD3,10310193,10.310193,3.89971195383178,EXACT,UNAVAILABLE_OR_NONFINITE_RETAINED,4.060535907745361,3.776094436645508,3.89794659614563,4.140253067016602,,ELIGIBLE,SCORED,0.16082395391358117,4.12399571603125,SCORED,0.12361751718627234,3.16991405133931,SCORED,0.0017653576861502707,0.045268925168066965,SCORED,0.2405411131848214,6.168176420016623
FCWD3:0100,FCWD3,10360245,10.360245,3.8627241315002725,INTERPOLATED_LINEAR,UNAVAILABLE_OR_NONFINITE_RETAINED,3.7715725898742676,3.6149635314941406,3.6523265838623047,3.1714603900909424,,ELIGIBLE,SCORED,0.09115154162600492,2.359773530878631,SCORED,0.24776060000613187,6.414141718940261,SCORED,0.2103975476379678,5.4468696307403635,SCORED,0.6912637414093301,17.8957574467231
FCWD3:0101,FCWD3,10410289,10.410289,3.82574222107196,EXACT,UNAVAILABLE_OR_NONFINITE_RETAINED,4.129739284515381,3.9218969345092773,4.009429454803467,3.5089528560638428,,ELIGIBLE,SCORED,0.30399706344342103,7.946093748005898,SCORED,0.09615471343731752,2.513361012869688,SCORED,0.18368723373150697,4.80134894399755,SCORED,0.31678936500811705,8.280468121016103
FCWD3:0102,FCWD3,10460341,10.460341,3.774733874234048,INTERPOLATED_LINEAR,UNAVAILABLE_OR_NONFINITE_RETAINED,4.05159330368042,3.7315304279327393,3.857912302017212,3.6498711109161377,,ELIGIBLE,SCORED,0.27685942944637176,7.334541683486252,SCORED,0.0432034463013089,1.1445428403896567,SCORED,0.08317842778316376,2.2035574044287283,SCORED,0.12486276331791046,3.3078560629190594
FCWD3:0103,FCWD3,10510394,10.510394,3.72372450828907,EXACT,UNAVAILABLE_OR_NONFINITE_RETAINED,3.820539712905884,3.5328056812286377,3.636601209640503,3.874413251876831,,ELIGIBLE,SCORED,0.09681520461681359,2.5999561568344114,SCORED,0.1909188270604325,5.12709322710217,SCORED,0.08712329864856727,2.3396816401060128,SCORED,0.15068874358776085,4.046721051794388
FCWD3:0104,FCWD3,10560437,10.560437,3.6812280149876644,INTERPOLATED_LINEAR,UNAVAILABLE_OR_NONFINITE_RETAINED,3.530782461166382,3.3513240814208984,3.432769536972046,3.3808400630950928,,ELIGIBLE,SCORED,0.15044555382128255,4.086830623062795,SCORED,0.32990393356676595,8.961790256501443,SCORED,0.2484584780156185,6.749336824669664,SCORED,0.3003879518925716,8.159993096585684
FCWD3:0105,FCWD3,10610489,10.610489,3.63872387889027,EXACT,UNAVAILABLE_OR_NONFINITE_RETAINED,3.037688732147217,2.975250720977783,3.005892276763916,3.351200580596924,,ELIGIBLE,SCORED,0.6010351467430533,16.517745417010197,SCORED,0.6634731579124868,18.23367697014788,SCORED,0.632831602126354,17.391580762631364,SCORED,0.2875232982933462,7.901761932566162
FCWD3:0106,FCWD3,10660542,10.660542,3.587580800307193,INTERPOLATED_LINEAR,UNAVAILABLE_OR_NONFINITE_RETAINED,3.042890787124634,2.9717307090759277,3.015277624130249,3.0423545837402344,,ELIGIBLE,SCORED,0.5446900131825592,15.182654928243544,SCORED,0.6158500912312652,17.166166436684353,SCORED,0.5723031761769439,15.952342484605209,SCORED,0.5452262165669586,15.197601027418607
FCWD3:0107,FCWD3,10710585,10.710585,3.53644793950898,EXACT,UNAVAILABLE_OR_NONFINITE_RETAINED,3.0569193363189697,2.9923126697540283,3.024449348449707,2.576714038848877,,ELIGIBLE,SCORED,0.4795286031900101,13.559611547868297,SCORED,0.5441352697549515,15.386491730187954,SCORED,0.5119985910592728,14.477764124257448,SCORED,0.9597339006601029,27.138357953414626
FCWD3:0108,FCWD3,10760637,10.760637,3.4882153846682167,INTERPOLATED_LINEAR,UNAVAILABLE_OR_NONFINITE_RETAINED,2.996349811553955,2.9426262378692627,2.957988739013672,3.1680588722229004,,ELIGIBLE,SCORED,0.4918655731142616,14.100779879481143,SCORED,0.545589146798954,15.640924846469822,SCORED,0.5302266456545448,15.20051336236445,SCORED,0.3201565124453163,9.17823233773072
FCWD3:0109,FCWD3,10810690,10.81069,3.43998186617855,EXACT,UNAVAILABLE_OR_NONFINITE_RETAINED,3.2883403301239014,3.1721181869506836,3.1920456886291504,3.6761505603790283,,ELIGIBLE,SCORED,0.1516415360546488,4.408207425323036,SCORED,0.2678636792278666,7.786775908950773,SCORED,0.24793617754939978,7.207485015751848,SCORED,0.23616869420047815,6.865405208162802
FCWD3:0110,FCWD3,10860733,10.860733,3.3928771535488136,INTERPOLATED_LINEAR,UNAVAILABLE_OR_NONFINITE_RETAINED,3.265580654144287,3.1879184246063232,3.1895434856414795,4.164548397064209,,ELIGIBLE,SCORED,0.12729649940452648,3.7518746964174476,SCORED,0.20495872894249034,6.0408532247656455,SCORED,0.2033336679073341,5.9929569714793605,SCORED,0.7716712435153954,22.743860404973937
FCWD3:0111,FCWD3,10910786,10.910786,3.3457630280716,EXACT,UNAVAILABLE_OR_NONFINITE_RETAINED,3.3469200134277344,3.208000659942627,3.2634716033935547,3.724388599395752,,ELIGIBLE,SCORED,0.001156985356134399,0.03458061274594368,SCORED,0.13776236812897302,4.117517199309098,SCORED,0.08229142467804529,2.4595712244891312,SCORED,0.378625571324152,11.316568691428834
FCWD3:0112,FCWD3,10960838,10.960838,3.29916269036114,INTERPOLATED_LINEAR,UNAVAILABLE_OR_NONFINITE_RETAINED,3.3533918857574463,3.1558260917663574,3.232858657836914,3.3204851150512695,,ELIGIBLE,SCORED,0.05422919539630611,1.6437260143230448,SCORED,0.14333659859478276,4.344635655997084,SCORED,0.06630403252422612,2.009723034209271,SCORED,0.02132242469012935,0.6462980668526931
FCWD3:0113,FCWD3,11010881,11.010881,3.25257073199695,EXACT,UNAVAILABLE_OR_NONFINITE_RETAINED,3.3284554481506348,3.067275047302246,3.171966552734375,2.9633400440216064,,ELIGIBLE,SCORED,0.07588471615368464,2.3330688986152937,SCORED,0.18529568469470403,5.696899466992984,SCORED,0.08060417926257513,2.4781683752373724,SCORED,0.2892306879753437,8.892371966889325
FCWD3:0114,FCWD3,11060934,11.060934,3.222322123572257,INTERPOLATED_LINEAR,UNAVAILABLE_OR_NONFINITE_RETAINED,3.348625659942627,3.0446784496307373,3.130063056945801,2.5250084400177,,ELIGIBLE,SCORED,0.12630353637036995,3.919643397735488,SCORED,0.1776436739415197,5.512908614629267,SCORED,0.09225906662645622,2.863123644639788,SCORED,0.6973136835545568,21.64009856288101
FCWD3:0115,FCWD3,11110986,11.110986,3.19207411947914,EXACT,UNAVAILABLE_OR_NONFINITE_RETAINED,3.9019317626953125,3.4967708587646484,3.5723674297332764,2.627314567565918,,ELIGIBLE,SCORED,0.7098576432161723,22.238131592383002,SCORED,0.3046967392855082,9.545415547406726,SCORED,0.38029331025413615,11.913674182358577,SCORED,0.5647595519132222,17.6925575902785
FCWD3:0116,FCWD3,11161029,11.161029,3.142529149261881,INTERPOLATED_LINEAR,UNAVAILABLE_OR_NONFINITE_RETAINED,3.7637975215911865,3.464247941970825,3.5538034439086914,2.472695827484131,,ELIGIBLE,SCORED,0.6212683723293053,19.769693225446424,SCORED,0.321718792708944,10.237575450477825,SCORED,0.4112742946468102,13.087366102663218,SCORED,0.6698333217777503,21.315102898411652
FCWD3:0117,FCWD3,11211082,11.211082,3.09297427856499,EXACT,UNAVAILABLE_OR_NONFINITE_RETAINED,3.1361114978790283,2.9477062225341797,3.081860303878784,2.6323065757751465,,ELIGIBLE,SCORED,0.043137219314038244,1.3946840622952772,SCORED,0.1452680560308104,4.696710769227885,SCORED,0.011113974686205896,0.35932968350976113,SCORED,0.4606677027898436,14.894003677378592
FCWD3:0118,FCWD3,11261134,11.261134,3.038563850805819,INTERPOLATED_LINEAR,UNAVAILABLE_OR_NONFINITE_RETAINED,3.0724260807037354,2.9304568767547607,3.005112886428833,2.949000358581543,,ELIGIBLE,SCORED,0.03386222989791632,1.1144156108135146,SCORED,0.10810697405105829,3.5578312439407385,SCORED,0.033450964376986025,1.100880745623131,SCORED,0.08956349222427606,2.947559986291684
FCWD3:0119,FCWD3,11311186,11.311186,2.98415342304665,EXACT,UNAVAILABLE_OR_NONFINITE_RETAINED,2.8022620677948,2.6922447681427,2.744215965270996,2.9909589290618896,,ELIGIBLE,SCORED,0.1818913552518504,6.095241412425429,SCORED,0.29190865490395,9.781958683810833,SCORED,0.23993745777565412,8.04038612501001,SCORED,0.0068055060152394375,0.2280548299789293
FCWD3:0120,FCWD3,11361230,11.36123,2.9325882301762904,INTERPOLATED_LINEAR,UNAVAILABLE_OR_NONFINITE_RETAINED,2.8506040573120117,2.769753932952881,2.759284496307373,3.8552980422973633,,ELIGIBLE,SCORED,0.08198417286427873,2.7956251075641227,SCORED,0.16283429722340959,5.5525796478294165,SCORED,0.1733037338689174,5.909582944022775,SCORED,0.9227098121210728,31.464008571895715
FCWD3:0121,FCWD3,11411282,11.411282,2.88101479412907,EXACT,UNAVAILABLE_OR_NONFINITE_RETAINED,2.879211187362671,2.78554105758667,2.800978183746338,2.522916316986084,,ELIGIBLE,SCORED,0.001803606766399124,0.06260317614732533,SCORED,0.0954737365424001,3.3138926164820957,SCORED,0.08003661038273213,2.7780700934209253,SCORED,0.35809847714298604,12.429595220153637
FCWD3:0122,FCWD3,11461335,11.461335,2.8369522488719285,INTERPOLATED_LINEAR,UNAVAILABLE_OR_NONFINITE_RETAINED,2.9411487579345703,2.8082032203674316,2.8540921211242676,2.2376036643981934,,ELIGIBLE,SCORED,0.10419650906264177,3.6728326711904984,SCORED,0.0287490285044969,1.013377243692717,SCORED,0.01713987225233904,0.6041649893527271,SCORED,0.5993485844737352,21.12649533357698
FCWD3:0123,FCWD3,11511378,11.511378,2.79289850679247,EXACT,UNAVAILABLE_OR_NONFINITE_RETAINED,2.731220006942749,2.60497784614563,2.703900098800659,2.780317783355713,,ELIGIBLE,SCORED,0.06167849984972085,2.2084046269392044,SCORED,0.18792066064684,6.728517351769406,SCORED,0.08899840799181069,3.1865965689537976,SCORED,0.01258072343675698,0.4504540142135501
FCWD3:0124,FCWD3,11561430,11.56143,2.735663653734932,INTERPOLATED_LINEAR,UNAVAILABLE_OR_NONFINITE_RETAINED,2.674464464187622,2.5178728103637695,2.6370575428009033,2.586374521255493,,ELIGIBLE,SCORED,0.06119918954731007,2.2370874966210255,SCORED,0.2177908433711626,7.961170338825034,SCORED,0.09860611093402882,3.6044676325397096,SCORED,0.14928913247943898,5.457145006683051
FCWD3:0125,FCWD3,11611483,11.611483,2.67842765716958,EXACT,UNAVAILABLE_OR_NONFINITE_RETAINED,2.635035276412964,2.485100746154785,2.604228973388672,2.685162305831909,,ELIGIBLE,SCORED,0.04339238075661633,1.6200691715702746,SCORED,0.19332691101479504,7.217925430888532,SCORED,0.07419868378090833,2.7702328857863403,SCORED,0.006734648662328979,0.2514403793696559
FCWD3:0126,FCWD3,11661526,11.661526,2.629289057615742,INTERPOLATED_LINEAR,UNAVAILABLE_OR_NONFINITE_RETAINED,2.5215444564819336,2.420584201812744,2.47434663772583,2.5112247467041016,,ELIGIBLE,SCORED,0.10774460113380835,4.097860629729008,SCORED,0.2087048558029978,7.937691567174164,SCORED,0.15494241988991186,5.892939745104129,SCORED,0.11806431091164038,4.4903511300770385
FCWD3:0127,FCWD3,11711579,11.711579,2.58014063878657,EXACT,UNAVAILABLE_OR_NONFINITE_RETAINED,2.5659942626953125,2.4641048908233643,2.505141019821167,2.404663324356079,,ELIGIBLE,SCORED,0.014146376091257462,0.5482792634866,SCORED,0.1160357479632057,4.497264459885289,SCORED,0.07499961896540297,2.906803522178349,SCORED,0.17547731443049086,6.801075561253792
FCWD3:0128,FCWD3,11761631,11.761631,2.5337403957217406,INTERPOLATED_LINEAR,UNAVAILABLE_OR_NONFINITE_RETAINED,2.41227126121521,2.35935115814209,2.3728532791137695,2.335530996322632,,ELIGIBLE,SCORED,0.12146913450653063,4.79406393455435,SCORED,0.17438923757965075,6.882679767592198,SCORED,0.16088711660797106,6.349786934747987,SCORED,0.19820939939910875,7.822798252488234
FCWD3:0129,FCWD3,11811674,11.811674,2.48734849602356,EXACT,UNAVAILABLE_OR_NONFINITE_RETAINED,2.2910523414611816,2.261737585067749,2.263237476348877,2.157902479171753,,ELIGIBLE,SCORED,0.19629615456237826,7.891783353888298,SCORED,0.22561091095581087,9.070337804151185,SCORED,0.22411101967468294,9.010036994533001,SCORED,0.32944601685180697,13.244867672482613
FCWD3:0130,FCWD3,11861727,11.861727,2.435730945495446,INTERPOLATED_LINEAR,UNAVAILABLE_OR_NONFINITE_RETAINED,2.275003433227539,2.2477312088012695,2.2614834308624268,2.1038870811462402,,ELIGIBLE,SCORED,0.16072751226790682,6.598738360866604,SCORED,0.18799973669417636,7.718411470768411,SCORED,0.17424751463301913,7.1538079751898005,SCORED,0.33184386434920565,13.623995087097196
FCWD3:0131,FCWD3,11911779,11.911779,2.38411442622521,EXACT,UNAVAILABLE_OR_NONFINITE_RETAINED,2.320683002471924,2.2791311740875244,2.2858753204345703,2.18109130859375,,ELIGIBLE,SCORED,0.06343142375328625,2.6605863819094373,SCORED,0.10498325213768567,4.403448550240376,SCORED,0.09823910579063977,4.120570082962949,SCORED,0.20302311763146008,8.515661639316047
FCWD3:0132,FCWD3,11961822,11.961822,2.334685555198137,INTERPOLATED_LINEAR,UNAVAILABLE_OR_NONFINITE_RETAINED,2.4042773246765137,2.344879150390625,2.357997417449951,2.3647167682647705,,ELIGIBLE,SCORED,0.06959176947837653,2.98077697544458,SCORED,0.010193595192487859,0.43661533647612605,SCORED,0.02331186225181403,0.9985011557513847,SCORED,0.030031213066633367,1.2863065434987333
FCWD3:0133,FCWD3,12011875,12.011875,2.28524680689132,EXACT,UNAVAILABLE_OR_NONFINITE_RETAINED,2.418358087539673,2.3518128395080566,2.3519701957702637,2.177168369293213,,ELIGIBLE,SCORED,0.13311128064835298,5.824809830034406,SCORED,0.06656603261673677,2.9128596708242758,SCORED,0.0667233888789438,2.9197454155820193,SCORED,0.10807843759810698,4.729398910970533
FCWD3:0134,FCWD3,12061927,12.061927,2.235985977651478,INTERPOLATED_LINEAR,UNAVAILABLE_OR_NONFINITE_RETAINED,2.63863468170166,2.5216317176818848,2.5611701011657715,2.077329158782959,,ELIGIBLE,SCORED,0.40264870405018227,18.00765783303776,SCORED,0.2856457400304069,12.774934319151187,SCORED,0.3251841235142936,14.543209428166634,SCORED,0.1586568188685189,7.095608847921348
FCWD3:0135,FCWD3,12111971,12.111971,2.18673302195583,EXACT,UNAVAILABLE_OR_NONFINITE_RETAINED,2.620014190673828,2.493553400039673,2.5266785621643066,2.0018537044525146,,ELIGIBLE,SCORED,0.43328116871799827,19.814086327304302,SCORED,0.306820378083843,14.03099395322711,SCORED,0.3399455402084768,15.545818204383588,SCORED,0.1848793175033152,8.45459027906195
FCWD3:0136,FCWD3,12162023,12.162023,2.1419455528746956,INTERPOLATED_LINEAR,UNAVAILABLE_OR_NONFINITE_RETAINED,2.2459070682525635,2.209432601928711,2.2438454627990723,2.126408815383911,,ELIGIBLE,SCORED,0.10396151537786791,4.853602148679345,SCORED,0.06748704905401537,3.150735972884152,SCORED,0.1018999099243767,4.757352948940149,SCORED,0.015536737490784436,0.7253563224299819
FCWD3:0137,FCWD3,12212075,12.212075,2.09715808379356,EXACT,UNAVAILABLE_OR_NONFINITE_RETAINED,2.218653917312622,2.1809756755828857,2.1995933055877686,2.0006816387176514,,ELIGIBLE,SCORED,0.12149583351906212,5.793355992471855,SCORED,0.0838175917893258,3.9967226332174124,SCORED,0.10243522179420861,4.884477836258915,SCORED,0.09647644507590858,4.600342044858719
FCWD3:0138,FCWD3,12262128,12.262128,2.0526015529135075,INTERPOLATED_LINEAR,UNAVAILABLE_OR_NONFINITE_RETAINED,2.184586763381958,2.1532254219055176,2.1606132984161377,1.9368621110916138,,ELIGIBLE,SCORED,0.13198521046845046,6.4301427756939855,SCORED,0.10062386899201003,4.902260199948808,SCORED,0.10801174550263015,5.262187653970929,SCORED,0.11573944182189377,5.638670674179832
FCWD3:0139,FCWD3,12312171,12.312171,2.00805392390365,EXACT,UNAVAILABLE_OR_NONFINITE_RETAINED,2.2264392375946045,2.1787023544311523,2.16953444480896,1.852748990058899,,ELIGIBLE,SCORED,0.2183853136909546,10.875470578320641,SCORED,0.17064843052750245,8.4981995999272,SCORED,0.16148052090531007,8.041642656258578,SCORED,0.15530493384475097,7.734101758723626
FCWD3:0140,FCWD3,12362223,12.362223,1.9637465224728907,INTERPOLATED_LINEAR,UNAVAILABLE_OR_NONFINITE_RETAINED,2.3170981407165527,2.260467290878296,2.2463555335998535,1.8252074718475342,,ELIGIBLE,SCORED,0.353351618243662,17.993748897831082,SCORED,0.2967207684054052,15.10993221425304,SCORED,0.2826090111269628,14.391318222225607,SCORED,0.13853905062535654,7.054833658006849
FCWD3:0141,FCWD3,12412276,12.412276,1.91943823581474,EXACT,UNAVAILABLE_OR_NONFINITE_RETAINED,2.165707588195801,2.119889497756958,2.1200509071350098,1.5881950855255127,,ELIGIBLE,SCORED,0.24626935238106085,12.830282724701867,SCORED,0.20045126194221807,10.443225429295094,SCORED,0.20061267132026983,10.451634628145051,SCORED,0.33124315028922724,17.25729664589208
FCWD3:0142,FCWD3,12462319,12.462319,1.8820482998840737,INTERPOLATED_LINEAR,UNAVAILABLE_OR_NONFINITE_RETAINED,2.0475027561187744,2.0132532119750977,2.0170681476593018,1.6541695594787598,,ELIGIBLE,SCORED,0.16545445623470068,8.79119075981695,SCORED,0.13120491209102392,6.971389209251728,SCORED,0.13501984777522802,7.174090472786733,SCORED,0.22787874040531397,12.108017653922609
FCWD3:0143,FCWD3,12512371,12.512371,1.84465163954793,EXACT,UNAVAILABLE_OR_NONFINITE_RETAINED,1.9661835432052612,1.948225498199463,1.952264666557312,1.6551324129104614,,ELIGIBLE,SCORED,0.12153190365733124,6.588339014900132,SCORED,0.1035738586515329,5.61481942882808,SCORED,0.10761302700938202,5.8337858868439145,SCORED,0.18951922663746856,10.273984668666989
FCWD3:0144,FCWD3,12562424,12.562424,1.805765481314425,INTERPOLATED_LINEAR,UNAVAILABLE_OR_NONFINITE_RETAINED,1.9359753131866455,1.9127113819122314,1.9103097915649414,1.580678939819336,,ELIGIBLE,SCORED,0.13020983187222046,7.210783084492241,SCORED,0.1069459005978064,5.9224689863913,SCORED,0.10454431025051636,5.789473291649039,SCORED,0.2250865414950891,12.464882279799012
FCWD3:0145,FCWD3,12612467,12.612467,1.76688709207743,EXACT,UNAVAILABLE_OR_NONFINITE_RETAINED,1.918257713317871,1.8936032056808472,1.887726068496704,1.6021528244018555,,ELIGIBLE,SCORED,0.1513706212404411,8.567079465302223,SCORED,0.12671611360341717,7.171715395488559,SCORED,0.1208389764192741,6.839088754516669,SCORED,0.16473426767557453,9.323417914717293
FCWD3:0146,FCWD3,12662520,12.66252,1.7259776178141033,INTERPOLATED_LINEAR,UNAVAILABLE_OR_NONFINITE_RETAINED,1.8975722789764404,1.8786427974700928,1.8774899244308472,1.5044995546340942,,ELIGIBLE,SCORED,0.17159466116233713,9.941882176876453,SCORED,0.15266517965598947,8.8451424908589,SCORED,0.15151230661674386,8.778347126460972,SCORED,0.22147806318000907,12.832035647165812
FCWD3:0147,FCWD3,12712572,12.712572,1.6850689608739,EXACT,UNAVAILABLE_OR_NONFINITE_RETAINED,1.882630705833435,1.816774606704712,1.8189897537231445,2.129685640335083,,ELIGIBLE,SCORED,0.19756174495953505,11.724252807854036,SCORED,0.1317056458308119,7.816038921190948,SCORED,0.13392079284924452,7.947496272187658,SCORED,0.444616679461183,26.3856666869348
FCWD3:0148,FCWD3,12762615,12.762615,1.6415261920225945,INTERPOLATED_LINEAR,UNAVAILABLE_OR_NONFINITE_RETAINED,1.8392629623413086,1.7852072715759277,1.7791857719421387,1.7427632808685303,,ELIGIBLE,SCORED,0.19773677031871406,12.045910158465041,SCORED,0.1436810795533332,8.752895948391636,SCORED,0.13765957991954414,8.38607270408082,SCORED,0.10123708884593574,6.167253945622226
FCWD3:0149,FCWD3,12812668,12.812668,1.59797472210044,EXACT,UNAVAILABLE_OR_NONFINITE_RETAINED,1.7964125871658325,1.7573033571243286,1.7351388931274414,1.520614743232727,,ELIGIBLE,SCORED,0.19843786506539263,12.41808536273704,SCORED,0.15932863502388872,9.970660538012828,SCORED,0.1371641710270015,8.583625831496734,SCORED,0.07735997886771284,4.841126570890176
FCWD3:0150,FCWD3,12862720,12.86272,1.5613717838684071,INTERPOLATED_LINEAR,UNAVAILABLE_OR_NONFINITE_RETAINED,1.8784360885620117,1.844693899154663,1.8355116844177246,1.4713990688323975,,ELIGIBLE,SCORED,0.3170643046936046,20.30677817861264,SCORED,0.28332211528625595,18.14571764479474,SCORED,0.2741399005493175,17.55763126896765,SCORED,0.08997271503600968,5.762414561706502
FCWD3:0151,FCWD3,12912764,12.912764,1.52477469602209,EXACT,UNAVAILABLE_OR_NONFINITE_RETAINED,1.8441437482833862,1.787985920906067,1.7790563106536865,1.4181228876113892,,ELIGIBLE,SCORED,0.3193690522612962,20.945327404401613,SCORED,0.26321122488397686,17.26230278943215,SCORED,0.2542816146315965,16.67666805430201,SCORED,0.10665180841070088,6.994594590855918
FCWD3:0152,FCWD3,12962816,12.962816,1.4948175803712245,INTERPOLATED_LINEAR,UNAVAILABLE_OR_NONFINITE_RETAINED,1.8339382410049438,1.752759337425232,1.751310110092163,1.5593715906143188,,ELIGIBLE,SCORED,0.3391206606337194,22.686424423072534,SCORED,0.25794175705400746,17.255734776008584,SCORED,0.2564925297209386,17.15878466302497,SCORED,0.06455401024309437,4.318520941335394
FCWD3:0153,FCWD3,13012868,13.012868,1.46486046472036,EXACT,UNAVAILABLE_OR_NONFINITE_RETAINED,1.853501558303833,1.7694838047027588,1.7771358489990234,1.320307731628418,,ELIGIBLE,SCORED,0.388641093583473,26.53092925527648,SCORED,0.30462333998239877,20.795382722036326,SCORED,0.3122753842786634,21.317756318741008,SCORED,0.14455273309194205,9.86802064588022
FCWD3:0154,FCWD3,13062912,13.062912,1.4433585678651202,INTERPOLATED_LINEAR,UNAVAILABLE_OR_NONFINITE_RETAINED,1.8088724613189697,1.728765845298767,1.735443353652954,1.3615583181381226,,ELIGIBLE,SCORED,0.36551389345384955,25.323845480370355,SCORED,0.2854072774336469,19.77383054965991,SCORED,0.2920847857878339,20.236467381757965,SCORED,0.08180024972699762,5.667354706460006
FCWD3:0155,FCWD3,13112964,13.112964,1.42185323373119,EXACT,UNAVAILABLE_OR_NONFINITE_RETAINED,1.7916650772094727,1.727792739868164,1.7276616096496582,1.2915983200073242,,ELIGIBLE,SCORED,0.36981184347828266,26.00914318757303,SCORED,0.30593950613697407,21.5169539920893,SCORED,0.3058083759184682,21.507731505872364,SCORED,0.13025491372386577,9.160925377794038
FCWD3:0156,FCWD3,13163016,13.163016,1.3996631713559249,INTERPOLATED_LINEAR,UNAVAILABLE_OR_NONFINITE_RETAINED,1.8353145122528076,1.7543623447418213,1.7595566511154175,1.372969150543213,,ELIGIBLE,SCORED,0.43565134089688273,31.125441449948642,SCORED,0.3546991733858964,25.3417522618875,SCORED,0.3598934797594926,25.71286343205312,SCORED,0.026694020812711994,1.907174623081076
FCWD3:0157,FCWD3,13213060,13.21306,1.37747665570205,EXACT,UNAVAILABLE_OR_NONFINITE_RETAINED,1.857005000114441,1.7737780809402466,1.7895561456680298,1.3931232690811157,,ELIGIBLE,SCORED,0.479528344412391,34.81208501264893,SCORED,0.39630142523819667,28.7701010102575,SCORED,0.4120794899659799,29.915533469128587,SCORED,0.01564661337906581,1.1358895495104633
FCWD3:0158,FCWD3,13263112,13.263112,1.3596148696319963,INTERPOLATED_LINEAR,UNAVAILABLE_OR_NONFINITE_RETAINED,1.873942255973816,1.7933845520019531,1.8094044923782349,1.4282164573669434,,ELIGIBLE,SCORED,0.5143273863418196,37.828902715739744,SCORED,0.43376968236995683,31.90386425292364,SCORED,0.44978962274623857,33.0821347127501,SCORED,0.06860158773494707,5.045663243850465
FCWD3:0159,FCWD3,13313165,13.313165,1.34175272669736,EXACT,UNAVAILABLE_OR_NONFINITE_RETAINED,1.914078950881958,1.8512849807739258,1.8718582391738892,1.4936487674713135,,ELIGIBLE,SCORED,0.5723262241845981,42.65511914355063,SCORED,0.5095322540765659,37.97512342909468,SCORED,0.5301055124765293,39.50843564010119,SCORED,0.15189604077395358,11.32071787532984
FCWD3:0160,FCWD3,13363208,13.363208,1.3266691644347637,INTERPOLATED_LINEAR,UNAVAILABLE_OR_NONFINITE_RETAINED,2.0388925075531006,1.979127049446106,1.9944772720336914,1.5048949718475342,,ELIGIBLE,SCORED,0.7122233431183369,53.6850755419332,SCORED,0.6524578850113423,49.18014999537028,SCORED,0.6678081075989277,50.33719977078475,SCORED,0.1782258074127705,13.43408079351153
FCWD3:0161,FCWD3,13413260,13.41326,1.31158288946389,EXACT,UNAVAILABLE_OR_NONFINITE_RETAINED,1.9543869495391846,1.8938369750976562,1.9062108993530273,1.5471113920211792,,ELIGIBLE,SCORED,0.6428040600752947,49.009793070573004,SCORED,0.5822540856337663,44.39323586111763,SCORED,0.5946280098891374,45.336670268105735,SCORED,0.2355285025572893,17.95757663883231
FCWD3:0162,FCWD3,13463313,13.463313,1.293674089685605,INTERPOLATED_LINEAR,UNAVAILABLE_OR_NONFINITE_RETAINED,2.06245756149292,2.0017104148864746,1.993842601776123,1.4716495275497437,,ELIGIBLE,SCORED,0.768783471807315,59.42636386836414,SCORED,0.7080363252008697,54.7306567276879,SCORED,0.7001685120905181,54.12248089939534,SCORED,0.17797543786413872,13.757362791998965
FCWD3:0163,FCWD3,13513356,13.513356,1.27576886787463,EXACT,UNAVAILABLE_OR_NONFINITE_RETAINED,2.039545774459839,1.9798150062561035,1.9786872863769531,1.7215594053268433,,ELIGIBLE,SCORED,0.7637769065852089,59.86796870640249,SCORED,0.7040461383814736,55.186025941703754,SCORED,0.7029184185023232,55.097630629077166,SCORED,0.4457905374522133,34.94289198284632
FCWD3:0164,FCWD3,13563408,13.563408,1.258924705991651,INTERPOLATED_LINEAR,UNAVAILABLE_OR_NONFINITE_RETAINED,2.323307752609253,2.254093885421753,2.255032539367676,1.3876557350158691,,ELIGIBLE,SCORED,1.0643830466176019,84.5469980493544,SCORED,0.9951691794301019,79.04914207289389,SCORED,0.9961078333760247,79.1237020478833,SCORED,0.12873102902421807,10.225474836703361
FCWD3:0165,FCWD3,13613461,13.613461,1.24208020757543,EXACT,UNAVAILABLE_OR_NONFINITE_RETAINED,2.4070982933044434,2.348651647567749,2.317876100540161,1.4112863540649414,,ELIGIBLE,SCORED,1.1650180857290133,93.79572097064136,SCORED,1.106571439992319,89.09017575864708,SCORED,1.075795892964731,86.61243343251643,SCORED,0.16920614648951138,13.622803540184075
FCWD3:0166,FCWD3,13663504,13.663504,1.230338296755621,INTERPOLATED_LINEAR,UNAVAILABLE_OR_NONFINITE_RETAINED,2.20686411857605,2.1471097469329834,2.1682980060577393,1.416114330291748,,ELIGIBLE,SCORED,0.9765258218204289,79.37051332918021,SCORED,0.9167714501773625,74.51377012280864,SCORED,0.9379597093021184,76.23591915942961,SCORED,0.18577603353612715,15.09958960279584
FCWD3:0167,FCWD3,13713556,13.713556,1.21859427420795,EXACT,UNAVAILABLE_OR_NONFINITE_RETAINED,2.6433677673339844,2.492037296295166,2.5405964851379395,1.5337640047073364,,ELIGIBLE,SCORED,1.4247734931260343,116.91943112502268,SCORED,1.273443022087216,104.50098519582458,SCORED,1.3220022109299894,108.48583806035452,SCORED,0.31516973049938635,25.86338514549785
FCWD3:0168,FCWD3,13763609,13.763609,1.2071128348118454,INTERPOLATED_LINEAR,UNAVAILABLE_OR_NONFINITE_RETAINED,3.104170322418213,2.890115976333618,2.8759148120880127,1.5237109661102295,,ELIGIBLE,SCORED,1.8970574876063675,157.15659985522933,SCORED,1.6830031415217728,139.42384613813715,SCORED,1.6688019772761673,138.24738907165099,SCORED,0.3165981312983841,26.227716429486293
FCWD3:0169,FCWD3,13813661,13.813661,1.19563162480138,EXACT,UNAVAILABLE_OR_NONFINITE_RETAINED,2.9651308059692383,2.8396480083465576,2.790229320526123,1.3485033512115479,,ELIGIBLE,SCORED,1.7694991811678582,147.99702052559957,SCORED,1.6440163835451775,137.5019152590819,SCORED,1.594597695724743,133.3686448775257,SCORED,0.15287172641016777,12.785855044237646
FCWD3:0170,FCWD3,13863705,13.863705,1.1949135380702898,INTERPOLATED_LINEAR,UNAVAILABLE_OR_NONFINITE_RETAINED,2.5271847248077393,2.448624610900879,2.4611353874206543,1.2710522413253784,,ELIGIBLE,SCORED,1.3322711867374495,111.49519561800125,SCORED,1.2537110728305891,104.92065182015209,SCORED,1.2662218493503645,105.967654479439,SCORED,0.07613870325508865,6.3719006295675475
FCWD3:0171,FCWD3,13913757,13.913757,1.19419533654634,EXACT,UNAVAILABLE_OR_NONFINITE_RETAINED,2.491427421569824,2.449007034301758,2.44612455368042,1.2860016822814941,,ELIGIBLE,SCORED,1.2972320850234842,108.62813187456672,SCORED,1.2548116977554178,105.07591675783819,SCORED,1.25192921713408,104.83454245891704,SCORED,0.09180634573515412,7.687715981261632
FCWD3:0172,FCWD3,13963810,13.96381,1.201695462290308,INTERPOLATED_LINEAR,UNAVAILABLE_OR_NONFINITE_RETAINED,2.560567617416382,2.512737512588501,2.4938910007476807,1.3554662466049194,,ELIGIBLE,SCORED,1.3588721551260738,113.07957779387827,SCORED,1.311042050298193,109.09935931683404,SCORED,1.2921955384573727,107.5310325292051,SCORED,0.15377078431461144,12.796152531152954
FCWD3:0173,FCWD3,14013853,14.013853,1.20919408959747,EXACT,UNAVAILABLE_OR_NONFINITE_RETAINED,2.3450164794921875,2.2860312461853027,2.270890474319458,1.3840487003326416,,ELIGIBLE,SCORED,1.1358223898947175,93.93218174534931,SCORED,1.0768371565878327,89.0541200830962,SCORED,1.061696384721988,87.80198264741911,SCORED,0.1748546107351716,14.460425521380044
FCWD3:0174,FCWD3,14063905,14.063905,1.2191134715798997,INTERPOLATED_LINEAR,UNAVAILABLE_OR_NONFINITE_RETAINED,2.3138177394866943,2.222108840942383,2.24822998046875,1.4300485849380493,,ELIGIBLE,SCORED,1.0947042679067946,89.79510877589777,SCORED,1.0029953693624831,82.27251955986179,SCORED,1.0291165088888503,84.41515354228474,SCORED,0.21093511335814963,17.30233635141363
FCWD3:0175,FCWD3,14113958,14.113958,1.22903305174386,EXACT,UNAVAILABLE_OR_NONFINITE_RETAINED,2.497995138168335,2.3739683628082275,2.4401822090148926,1.9855445623397827,,ELIGIBLE,SCORED,1.268962086424475,103.24881699674067,SCORED,1.1449353110643676,93.15740609577855,SCORED,1.2111491572710327,98.54488091695728,SCORED,0.7565115105959228,61.55339024630118
FCWD3:0176,FCWD3,14164001,14.164001,1.2569483057226813,INTERPOLATED_LINEAR,UNAVAILABLE_OR_NONFINITE_RETAINED,2.754244327545166,2.57185435295105,2.6670806407928467,2.26676869392395,,ELIGIBLE,SCORED,1.4972960218224847,119.12152751274967,SCORED,1.3149060472283685,104.61098847437201,SCORED,1.4101323350701653,112.18697926160223,SCORED,1.0098203882012688,80.33905480469808
FCWD3:0177,FCWD3,14214053,14.214053,1.28486858012965,EXACT,UNAVAILABLE_OR_NONFINITE_RETAINED,2.826362371444702,2.6633758544921875,2.7275948524475098,2.1842944622039795,,ELIGIBLE,SCORED,1.5414937913150522,119.97287622672718,SCORED,1.3785072743625375,107.28780325715795,SCORED,1.4427262723178598,112.28590181357545,SCORED,0.8994258820743295,70.0013912694147
FCWD3:0178,FCWD3,14264106,14.264106,1.3244676676809815,INTERPOLATED_LINEAR,UNAVAILABLE_OR_NONFINITE_RETAINED,3.022355794906616,2.8890085220336914,2.9076364040374756,2.6439883708953857,,ELIGIBLE,SCORED,1.6978881272256348,128.1940034216522,SCORED,1.56454085435271,118.12601338106457,SCORED,1.5831687363564941,119.5324563209968,SCORED,1.3195207032144043,99.62649413139403
FCWD3:0179,FCWD3,14314149,14.314149,1.36405884380092,EXACT,UNAVAILABLE_OR_NONFINITE_RETAINED,3.6439342498779297,3.4135916233062744,3.4400346279144287,2.5382182598114014,,ELIGIBLE,SCORED,2.27987540607701,167.13908028514277,SCORED,2.0495327795053546,150.25251944369032,SCORED,2.075975784113509,152.19107251479326,SCORED,1.1741594160104813,86.07835514915998
FCWD3:0180,FCWD3,14364201,14.364201,1.4342449465600637,INTERPOLATED_LINEAR,UNAVAILABLE_OR_NONFINITE_RETAINED,3.347368001937866,3.1867146492004395,3.205988645553589,2.892404079437256,,ELIGIBLE,SCORED,1.9131230553778025,133.3888649889473,SCORED,1.7524697026403757,122.18761564010052,SCORED,1.7717436989935251,123.53145836371455,SCORED,1.4581591328771921,101.66737114008906
FCWD3:0181,FCWD3,14414254,14.414254,1.50443245158291,EXACT,UNAVAILABLE_OR_NONFINITE_RETAINED,3.5991904735565186,3.424067735671997,3.4294676780700684,3.2085986137390137,,ELIGIBLE,SCORED,2.0947580219736084,139.23908778819407,SCORED,1.9196352840890871,127.59863575591683,SCORED,1.9250352264871584,127.95757127292124,SCORED,1.7041661621561037,113.27634952058108
FCWD3:0182,FCWD3,14464297,14.464297,1.6002859458514007,INTERPOLATED_LINEAR,UNAVAILABLE_OR_NONFINITE_RETAINED,3.8368074893951416,3.6547601222991943,3.6635048389434814,2.652427911758423,,ELIGIBLE,SCORED,2.236521543543741,139.75761952679298,SCORED,2.0544741764477936,128.38169214532164,SCORED,2.0632188930920807,128.9281392766582,SCORED,1.0521419659070221,65.74712279606072
FCWD3:0183,FCWD3,14514350,14.51435,1.69615859434611,EXACT,UNAVAILABLE_OR_NONFINITE_RETAINED,3.9059078693389893,3.7394933700561523,3.6928532123565674,2.800384521484375,,ELIGIBLE,SCORED,2.2097492749928795,130.27963790407026,SCORED,2.0433347757100426,120.46837969758208,SCORED,1.9966946180104574,117.7186275308299,SCORED,1.104225927138265,65.10157309694013
FCWD3:0184,FCWD3,14564402,14.564402,1.8286647489020602,INTERPOLATED_LINEAR,UNAVAILABLE_OR_NONFINITE_RETAINED,4.496451377868652,4.326963424682617,4.230704307556152,3.2658097743988037,,ELIGIBLE,SCORED,2.667786628966592,145.88713598642644,SCORED,2.498298675780557,136.61873655521322,SCORED,2.402039558654092,131.35483472825126,SCORED,1.4371450254967435,78.5898577833697
FCWD3:0185,FCWD3,14614446,14.614446,1.9611497244994,EXACT,UNAVAILABLE_OR_NONFINITE_RETAINED,4.459370136260986,4.337736129760742,4.294065475463867,2.851231575012207,,ELIGIBLE,SCORED,2.4982204117615865,127.38550150214962,SCORED,2.3765864052613423,121.18332300548782,SCORED,2.3329157509644673,118.95653461950559,SCORED,0.890081850512807,45.38571631699399
FCWD3:0186,FCWD3,14664498,14.664498,2.1656117696380384,INTERPOLATED_LINEAR,UNAVAILABLE_OR_NONFINITE_RETAINED,4.733561992645264,4.561336517333984,4.606351852416992,3.31296443939209,,ELIGIBLE,SCORED,2.5679502230072253,118.5785125021016,SCORED,2.395724747695946,110.6257724160951,SCORED,2.440740082778954,112.70441530648408,SCORED,1.1473526697540515,52.98053353052383
FCWD3:0187,FCWD3,14714550,14.71455,2.37007381477667,EXACT,UNAVAILABLE_OR_NONFINITE_RETAINED,5.401106834411621,5.063995838165283,5.191257476806641,3.0665946006774902,,ELIGIBLE,SCORED,3.0310330196349513,127.88770546880892,SCORED,2.6939220233886134,113.66405580251768,SCORED,2.821183662029971,119.03357796034757,SCORED,0.6965207859008204,29.388147388415963
FCWD3:0188,FCWD3,14764602,14.764602,2.846508030470361,INTERPOLATED_LINEAR,UNAVAILABLE_OR_NONFINITE_RETAINED,5.541621685028076,5.243678092956543,5.4016032218933105,3.0455687046051025,,ELIGIBLE,SCORED,2.6951136545577152,94.6814000068839,SCORED,2.397170062486182,84.21441418136699,SCORED,2.5550951914229496,89.76244451348842,SCORED,0.1990606741347416,6.993153435855529
FCWD3:0189,FCWD3,14814646,14.814646,3.32286609588582,EXACT,UNAVAILABLE_OR_NONFINITE_RETAINED,6.65249490737915,6.1209330558776855,6.440885543823242,3.7177531719207764,,ELIGIBLE,SCORED,3.3296288114933303,100.20352055762594,SCORED,2.7980669599918655,84.20643141341957,SCORED,3.118019447937422,93.83524216633263,SCORED,0.3948870760349563,11.88392985573155
FCWD3:0190,FCWD3,14864698,14.864698,4.4230351993951,INTERPOLATED_LINEAR,UNAVAILABLE_OR_NONFINITE_RETAINED,8.940470695495605,7.703144550323486,8.386244773864746,3.612128257751465,,ELIGIBLE,SCORED,4.517435496100505,102.13428771080808,SCORED,3.2801093509283863,74.15969358274558,SCORED,3.963209574469646,89.60384432417946,SCORED,0.8109069416436352,18.333721191152534
FCWD3:0191,FCWD3,14914751,14.914751,5.52322628342669,EXACT,UNAVAILABLE_OR_NONFINITE_RETAINED,8.44551944732666,8.148275375366211,8.871706008911133,3.8989036083221436,,ELIGIBLE,SCORED,2.92229316389997,52.90916964001222,SCORED,2.6250490919395206,47.52745872129834,SCORED,3.3484797254844425,60.62543074746155,SCORED,1.6243226751045468,29.40894672337765
FCWD3:0192,FCWD3,14964794,14.964794,,OUTSIDE_MEASURED_GT_SUPPORT,UNAVAILABLE_OR_NONFINITE_RETAINED,7.794411659240723,7.690409183502197,8.067581176757812,5.332143306732178,,EXCLUDED_GT_NONFINITE,EXCLUDED_GT_NONFINITE,,,EXCLUDED_GT_NONFINITE,,,EXCLUDED_GT_NONFINITE,,,EXCLUDED_GT_NONFINITE,,
FCWD3:0193,FCWD3,15014846,15.014846,,OUTSIDE_MEASURED_GT_SUPPORT,UNAVAILABLE_OR_NONFINITE_RETAINED,7.600826263427734,7.557806491851807,8.005647659301758,5.426973342895508,,EXCLUDED_GT_NONFINITE,EXCLUDED_GT_NONFINITE,,,EXCLUDED_GT_NONFINITE,,,EXCLUDED_GT_NONFINITE,,,EXCLUDED_GT_NONFINITE,,
FCWD3:0194,FCWD3,15064899,15.064899,,OUTSIDE_MEASURED_GT_SUPPORT,UNAVAILABLE_OR_NONFINITE_RETAINED,8.370118141174316,9.775160789489746,10.194151878356934,6.508422374725342,,EXCLUDED_GT_NONFINITE,EXCLUDED_GT_NONFINITE,,,EXCLUDED_GT_NONFINITE,,,EXCLUDED_GT_NONFINITE,,,EXCLUDED_GT_NONFINITE,,
FCWD3:0195,FCWD3,15114942,15.114942,,OUTSIDE_MEASURED_GT_SUPPORT,UNAVAILABLE_OR_NONFINITE_RETAINED,7.734834671020508,11.145703315734863,12.216099739074707,5.683839321136475,,EXCLUDED_GT_NONFINITE,EXCLUDED_GT_NONFINITE,,,EXCLUDED_GT_NONFINITE,,,EXCLUDED_GT_NONFINITE,,,EXCLUDED_GT_NONFINITE,,
FCWD3:0196,FCWD3,15164995,15.164995,,OUTSIDE_MEASURED_GT_SUPPORT,UNAVAILABLE_OR_NONFINITE_RETAINED,5.098214626312256,6.586561679840088,6.690939903259277,5.759626388549805,,EXCLUDED_GT_NONFINITE,EXCLUDED_GT_NONFINITE,,,EXCLUDED_GT_NONFINITE,,,EXCLUDED_GT_NONFINITE,,,EXCLUDED_GT_NONFINITE,,
FCWD3:0197,FCWD3,15215047,15.215047,,OUTSIDE_MEASURED_GT_SUPPORT,UNAVAILABLE_OR_NONFINITE_RETAINED,5.776527404785156,7.1931352615356445,6.659386157989502,4.084144592285156,,EXCLUDED_GT_NONFINITE,EXCLUDED_GT_NONFINITE,,,EXCLUDED_GT_NONFINITE,,,EXCLUDED_GT_NONFINITE,,,EXCLUDED_GT_NONFINITE,,
