query_id,sequence_id,anchor_us,truth_ttc_seconds,prediction_status,H8_seed7,H8_seed13,H8_seed23,public_Garl_event_lhr,public_Garl_rgb_event_full,full_unavailable_reason,scorer_gt_status,H8_seed7__status,H8_seed7__absolute_error_seconds,H8_seed7__rte_percent,H8_seed13__status,H8_seed13__absolute_error_seconds,H8_seed13__rte_percent,H8_seed23__status,H8_seed23__absolute_error_seconds,H8_seed23__rte_percent,public_Garl_event_lhr__status,public_Garl_event_lhr__absolute_error_seconds,public_Garl_event_lhr__rte_percent,public_Garl_rgb_event_full__status,public_Garl_rgb_event_full__absolute_error_seconds,public_Garl_rgb_event_full__rte_percent
CCRm-low-0-overlap-0:00,CCRm-low-0-overlap-0,14400373,5.6188084522,PREDICTED,4.586138725280762,4.840200901031494,4.931060314178467,-29.300064086914062,5.741453647613525,,ELIGIBLE,SCORED,1.032669726919238,18.3788028316734,SCORED,0.7786075511685056,13.857164873873712,SCORED,0.6877481380215329,12.240106490055744,SCORED,34.91887253911406,621.4640138772102,SCORED,0.1226451954135257,2.1827616381103887
CCRm-low-0-overlap-0:01,CCRm-low-0-overlap-0,14550379,5.430728759000001,PREDICTED,4.852412700653076,4.995306968688965,4.958747863769531,5.363165855407715,4.872126579284668,,ELIGIBLE,SCORED,0.5783160583469247,10.648958620673483,SCORED,0.435421790311036,8.017741441964658,SCORED,0.4719808952304696,8.690931110272922,SCORED,0.067562903592286,1.2440853997784056,SCORED,0.5586021797153329,10.285952484546335
CCRm-low-0-overlap-0:02,CCRm-low-0-overlap-0,14750384,5.2243791968,PREDICTED,4.157408714294434,4.12401008605957,4.121304035186768,6.879658222198486,4.753331661224365,,ELIGIBLE,SCORED,1.0669704825055666,20.422914231782787,SCORED,1.1003691107404299,21.062198383578668,SCORED,1.1030751616132326,21.11399498506694,SCORED,1.6552790253984861,31.683745820218522,SCORED,0.47104753557563495,9.016335105693662
CCRm-low-0-overlap-0:03,CCRm-low-0-overlap-0,14950390,5.0237552149999996,PREDICTED,4.06026554107666,3.944333791732788,3.969014883041382,3.93680739402771,4.298224449157715,,ELIGIBLE,SCORED,0.9634896739233394,19.178674769951733,SCORED,1.0794214232672115,21.48634591200343,SCORED,1.0547403319586177,20.99505821480631,SCORED,1.0869478209722896,21.63616208303433,SCORED,0.7255307658422847,14.442000750275104
CCRm-low-0-overlap-0:04,CCRm-low-0-overlap-0,15150395,4.83473375,PREDICTED,3.4608113765716553,3.482102632522583,3.456878662109375,4.780869007110596,4.12475061416626,,ELIGIBLE,SCORED,1.3739223734283446,28.417746342874512,SCORED,1.3526311174774168,27.977365195703214,SCORED,1.3778550878906248,28.499089280575685,SCORED,0.05386474288940413,1.11412014962363,SCORED,0.7099831358337401,14.685051391583665
CCRm-low-0-overlap-0:05,CCRm-low-0-overlap-0,15300401,4.6928065757,PREDICTED,4.102903842926025,3.9267220497131348,4.089763641357422,4.721667289733887,4.03713846206665,,ELIGIBLE,SCORED,0.5899027327739743,12.57036111031237,SCORED,0.7660845259868649,16.324655909616144,SCORED,0.6030429343425778,12.850368422709288,SCORED,0.028860714033887014,0.6149990111105745,SCORED,0.6556681136333493,13.97176941040974
CCRm-low-0-overlap-0:06,CCRm-low-0-overlap-0,15500406,4.495315760200001,PREDICTED,3.3539767265319824,3.284162759780884,3.3251144886016846,4.805490493774414,3.6719346046447754,,ELIGIBLE,SCORED,1.141339033668019,25.389518657911577,SCORED,1.2111530004191176,26.942556764137787,SCORED,1.1702012715983168,26.031570061415515,SCORED,0.3101747335744127,6.899954310675891,SCORED,0.823381155555226,18.3164253520334
CCRm-low-0-overlap-0:07,CCRm-low-0-overlap-0,15700402,4.289244629,PREDICTED,3.488129138946533,3.512505292892456,3.415236473083496,6.120726108551025,3.3702046871185303,,ELIGIBLE,SCORED,0.8011154900534665,18.67730939469031,SCORED,0.7767393361075436,18.10900061180781,SCORED,0.8740081559165036,20.376738365707787,SCORED,1.8314814795510257,42.69939436814122,SCORED,0.9190399418814694,21.42661520557142
CCRm-low-0-overlap-0:08,CCRm-low-0-overlap-0,15900417,4.1188862355,PREDICTED,3.3365304470062256,3.315891981124878,3.3240292072296143,4.4497294425964355,3.323925733566284,,ELIGIBLE,SCORED,0.7823557884937742,18.994352933343457,SCORED,0.8029942543751218,19.495422025843954,SCORED,0.7948570282703855,19.297863131534058,SCORED,0.3308432070964358,8.032346323259741,SCORED,0.7949605019337156,19.3003753073363
CCRm-low-0-overlap-0:09,CCRm-low-0-overlap-0,16050414,4.0006536644,PREDICTED,3.3490936756134033,3.3517911434173584,3.353426218032837,3.167550563812256,3.1816186904907227,,ELIGIBLE,SCORED,0.6515599887865964,16.286338269781584,SCORED,0.6488625209826413,16.218912593123825,SCORED,0.6472274463671628,16.17804240658335,SCORED,0.8331031005877438,20.824174509309568,SCORED,0.819034973909277,20.472528806917165
CCRm-low-0-overlap-0:10,CCRm-low-0-overlap-0,16250419,3.8394525692999975,PREDICTED,2.882692813873291,2.8389511108398438,2.875134229660034,4.5996856689453125,3.1208953857421875,,ELIGIBLE,SCORED,0.9567597554267064,24.919171109884065,SCORED,1.0005014584601537,26.058440374028724,SCORED,0.9643183396399633,25.116037305697887,SCORED,0.760233099645315,19.800559739273442,SCORED,0.71855718355781,18.715094680511083
CCRm-low-0-overlap-0:11,CCRm-low-0-overlap-0,16450424,3.7014592055999973,PREDICTED,3.178392171859741,3.105746269226074,3.1933095455169678,2.9509453773498535,3.2775683403015137,,ELIGIBLE,SCORED,0.5230670337402561,14.131373728201558,SCORED,0.5957129363739231,16.09400248076919,SCORED,0.5081496600830295,13.728360407545265,SCORED,0.7505138282501438,20.27616101008703,SCORED,0.42389086529848363,11.451993436998368
CCRm-low-0-overlap-0:12,CCRm-low-0-overlap-0,16650430,3.5788639190000002,PREDICTED,3.691946029663086,3.5426158905029297,3.653404951095581,5.231583118438721,3.179767370223999,,ELIGIBLE,SCORED,0.11308211066308571,3.1597208841257904,SCORED,0.03624802849707054,1.012836176995489,SCORED,0.07454103209558083,2.082812696505347,SCORED,1.6527191994387205,46.179995575258424,SCORED,0.3990965487760012,11.151487114590154
CCRm-low-0-overlap-0:13,CCRm-low-0-overlap-0,16850435,3.3853491250000003,PREDICTED,2.7272608280181885,2.6702451705932617,2.713993549346924,-7.9867167472839355,2.961702585220337,,ELIGIBLE,SCORED,0.6580882969818118,19.439303678370596,SCORED,0.7151039544067386,21.1234920831611,SCORED,0.6713555756530765,19.83120649788451,SCORED,11.372065872283937,335.9200322443534,SCORED,0.4236465397796634,12.51411668743806
CCRm-low-0-overlap-0:14,CCRm-low-0-overlap-0,17000441,3.2494405388000005,PREDICTED,2.8363826274871826,2.815351963043213,2.8050973415374756,3.522745370864868,2.491633653640747,,ELIGIBLE,SCORED,0.4130579113128179,12.711662404056723,SCORED,0.4340885757567876,13.358871183317422,SCORED,0.4443431972625249,13.674452323618091,SCORED,0.27330483206486766,8.410827304007155,SCORED,0.7578068851592534,23.321149475137254
CCRm-low-0-overlap-0:15,CCRm-low-0-overlap-0,17200446,3.0997882037999998,PREDICTED,2.8196778297424316,2.7829787731170654,2.817009687423706,2.941131830215454,2.3923330307006836,,ELIGIBLE,SCORED,0.2801103740575681,9.036435899529637,SCORED,0.3168094306829343,10.220357322947445,SCORED,0.2827785163762937,9.122510887345086,SCORED,0.15865637358454565,5.118297223986154,SCORED,0.7074551730993162,22.822693893474845
CCRm-low-0-overlap-0:16,CCRm-low-0-overlap-0,17400451,2.9266185935,PREDICTED,2.589421272277832,2.5491576194763184,2.595417022705078,3.6398937702178955,2.544257640838623,,ELIGIBLE,SCORED,0.33719732122216817,11.521737816163716,SCORED,0.37746097402368184,12.897511649178343,SCORED,0.3312015707949221,11.316868263275525,SCORED,0.7132751767178953,24.371989513839438,SCORED,0.38236095266137715,13.064939637525649
CCRm-low-0-overlap-0:17,CCRm-low-0-overlap-0,17600457,2.729226705400001,PREDICTED,2.4964816570281982,2.457123041152954,2.4863202571868896,2.5327043533325195,2.3219807147979736,,ELIGIBLE,SCORED,0.23274504837180254,8.527875237014836,SCORED,0.2721036642470467,9.969991269272981,SCORED,0.24290644821311114,8.900193147476559,SCORED,0.19652235206748125,7.200660600258876,SCORED,0.40724599060202715,14.92166223481022
CCRm-low-0-overlap-0:18,CCRm-low-0-overlap-0,18000467,2.480721876299998,PREDICTED,2.683332681655884,2.534308433532715,2.6378462314605713,1.9417692422866821,2.1547651290893555,,ELIGIBLE,SCORED,0.20261080535588594,8.167413174832818,SCORED,0.05358655723271699,2.1601195097550177,SCORED,0.15712435516057344,6.333815840529643,SCORED,0.5389526340133157,21.72563716885364,SCORED,0.3259567472106424,13.139592564758109
CCRm-low-0-overlap-0:19,CCRm-low-0-overlap-0,18200464,2.3922449363999996,PREDICTED,2.8374788761138916,2.717057943344116,2.7845656871795654,2.977339029312134,2.1954879760742188,,ELIGIBLE,SCORED,0.445233939713892,18.611553229323917,SCORED,0.32481300694411663,13.577748749796317,SCORED,0.39232075077956585,16.39968988167051,SCORED,0.5850940929121342,24.45795094011655,SCORED,0.19675696032578083,8.224783229006352
CCRm-low-0-overlap-0:20,CCRm-low-0-overlap-0,18400469,2.2538151783,PREDICTED,2.181492805480957,2.1113500595092773,2.1531126499176025,1.7631200551986694,2.3796794414520264,,ELIGIBLE,SCORED,0.07232237281904297,3.208886581090205,SCORED,0.14246511879072266,6.321064839849945,SCORED,0.10070252838239746,4.468091676370509,SCORED,0.49069512310133057,21.77175519207615,SCORED,0.12586426315202637,5.584497982082223
CCRm-low-0-overlap-0:21,CCRm-low-0-overlap-0,18650482,2.1192183230000006,PREDICTED,2.266986131668091,2.209815502166748,2.260420083999634,1.98959219455719,2.1123929023742676,,ELIGIBLE,SCORED,0.14776780866809025,6.972750615845361,SCORED,0.09059717916674748,4.275028116900038,SCORED,0.14120176099963322,6.662917145777867,SCORED,0.12962612844281063,6.116695341672478,SCORED,0.006825420625732992,0.3220725562655014
CCRm-low-0-overlap-0:22,CCRm-low-0-overlap-0,18850487,2.033154734899999,PREDICTED,2.2888925075531006,2.3067126274108887,2.352877378463745,1.8556526899337769,2.228665590286255,,ELIGIBLE,SCORED,0.2557377726531014,12.578372332575064,SCORED,0.27355789251088947,13.454848655399779,SCORED,0.3197226435637459,15.725445686723468,SCORED,0.17750204496622235,8.730375603947959,SCORED,0.19551085538625568,9.616132605660823
CCRm-low-0-overlap-0:23,CCRm-low-0-overlap-0,19000484,1.9819914448,PREDICTED,2.127791404724121,2.1072998046875,2.138920783996582,1.6822367906570435,2.4822258949279785,,ELIGIBLE,SCORED,0.1457999599241211,7.356235583490804,SCORED,0.1253083598875,6.3223461542309884,SCORED,0.15692933919658203,7.917760674916412,SCORED,0.29975465414295654,15.123912614728988,SCORED,0.5002344501279785,25.23898130036865
CCRm-low-0-overlap-0:24,CCRm-low-0-overlap-0,19200490,1.893987922,PREDICTED,1.9053611755371094,1.853214144706726,1.855446219444275,2.4912896156311035,2.1292855739593506,,ELIGIBLE,SCORED,0.011373253537109385,0.6004924004530893,SCORED,0.040773777293273916,2.1528002802793966,SCORED,0.03854170255572509,2.034949753799174,SCORED,0.5973016936311035,31.53672136411351,SCORED,0.2352976519593506,12.423397701020324
CCRm-low-0-overlap-0:25,CCRm-low-0-overlap-0,19400495,1.8322982645000006,PREDICTED,1.8196511268615723,1.8075168132781982,1.7853634357452393,1.7437649965286255,2.4553651809692383,,ELIGIBLE,SCORED,0.012647137638428285,0.6902335653240085,SCORED,0.02478145122180231,1.3524791079013927,SCORED,0.04693482875476129,2.561527763470808,SCORED,0.08853326797137506,4.831815304673341,SCORED,0.6230669164692377,34.004666627748016
CCRm-low-0-overlap-0:26,CCRm-low-0-overlap-0,19600500,1.7544194480000002,PREDICTED,1.8993135690689087,1.9037286043167114,1.8657406568527222,2.0900588035583496,3.0511462688446045,,ELIGIBLE,SCORED,0.14489412106890853,8.258807278617702,SCORED,0.14930915631671127,8.510459484869507,SCORED,0.11132120885272201,6.34518780441164,SCORED,0.33563935555834945,19.131078143312365,SCORED,1.2967268208446043,73.91201815066772
CCRm-low-0-overlap-0:27,CCRm-low-0-overlap-0,19750506,1.725291917799998,PREDICTED,1.982905387878418,2.000037908554077,1.996250033378601,2.227405071258545,2.7016234397888184,,ELIGIBLE,SCORED,0.25761347007842006,14.931587369105356,SCORED,0.27474599075407924,15.924608926727077,SCORED,0.27095811557860316,15.705059113944891,SCORED,0.502113153458547,29.10308384790995,SCORED,0.9763315219888204,56.589352324433726
CCRm-low-0-overlap-0:28,CCRm-low-0-overlap-0,19950511,1.7206470494,PREDICTED,2.1746885776519775,2.1554479598999023,2.1730616092681885,3.6250998973846436,2.652700424194336,,ELIGIBLE,SCORED,0.45404152825197763,26.387836390403525,SCORED,0.43480091049990244,25.269616488257725,SCORED,0.45241455986818857,26.293280776318902,SCORED,1.9044528479846436,110.68236502359609,SCORED,0.932053374794336,54.168771865174136
CCRm-low-0-overlap-0:29,CCRm-low-0-overlap-0,20150517,1.7852920032999997,PREDICTED,2.489469051361084,2.4679951667785645,2.446382522583008,10.879530906677246,-45.49383544921875,,ELIGIBLE,SCORED,0.7041770480610843,39.44324215643476,SCORED,0.6827031634785647,38.240420178695196,SCORED,0.6610905192830081,37.02982582462835,SCORED,9.094238903377246,509.3978400489735,SCORED,47.27912745251875,2648.257392355215
CCRm-low-0-overlap-0:30,CCRm-low-0-overlap-0,20350522,1.9811904830000036,PREDICTED,2.736835241317749,2.747180700302124,2.732914924621582,-6.337577819824219,-14.414654731750488,,ELIGIBLE,SCORED,0.7556447583177455,38.14094428585765,SCORED,0.7659902173021205,38.66312824914368,SCORED,0.7517244416215785,37.943067467358574,SCORED,8.318768302824223,419.8873543056591,SCORED,16.39584521475049,827.5754075864123
CCRm-low-0-overlap-0:31,CCRm-low-0-overlap-0,20550527,2.2881617144999984,PREDICTED,4.677567005157471,4.633767127990723,4.6309027671813965,-6.0689826011657715,-6.702361106872559,,ELIGIBLE,SCORED,2.3894052906574723,104.42466874241873,SCORED,2.3456054134907243,102.5104737408509,SCORED,2.342741052681398,102.38529199381023,SCORED,8.35714431566577,365.2339894818993,SCORED,8.990522821372558,392.9146600259911
CCRm-low-100-overlap-100:00,CCRm-low-100-overlap-100,8250227,11.350322446199995,PREDICTED,5.339054107666016,6.037918567657471,6.169685363769531,6.977017879486084,-30.584104537963867,,ELIGIBLE,SCORED,6.011268338533979,52.961212045094875,SCORED,5.312403878542524,46.8039908445163,SCORED,5.180637082430463,45.64308289025659,SCORED,4.3733045667139105,38.53022314954639,SCORED,41.93442698416386,369.45582103883936
CCRm-low-100-overlap-100:01,CCRm-low-100-overlap-100,8550231,9.757912298999994,PREDICTED,7.1161298751831055,7.51204776763916,7.535006523132324,6.276854515075684,5.810774326324463,,ELIGIBLE,SCORED,2.6417824238168883,27.073233934349076,SCORED,2.2458645313608336,23.015830256959713,SCORED,2.2229057758676696,22.780546778386977,SCORED,3.48105778392431,35.67420650297354,SCORED,3.947137972675531,40.450639970191574
CCRm-low-100-overlap-100:02,CCRm-low-100-overlap-100,8900242,8.0554044021,PREDICTED,5.912039279937744,6.178820610046387,6.237552642822266,6.913365364074707,6.851842403411865,,ELIGIBLE,SCORED,2.1433651221622565,26.607790436982814,SCORED,1.876583792053614,23.29596005837272,SCORED,1.817851759277735,22.566859074186652,SCORED,1.1420390380252936,14.1773023552681,SCORED,1.2035619986881354,14.941049990915085
CCRm-low-100-overlap-100:03,CCRm-low-100-overlap-100,9200246,7.083149166,PREDICTED,5.127109527587891,5.048389911651611,5.133897304534912,6.3107829093933105,6.111673355102539,,ELIGIBLE,SCORED,1.9560396384121095,27.615395251046582,SCORED,2.034759254348389,28.72675990102661,SCORED,1.949251861465088,27.51956532020729,SCORED,0.7723662566066896,10.904277723165057,SCORED,0.971475810897461,13.715309223765415
CCRm-low-100-overlap-100:04,CCRm-low-100-overlap-100,9550257,6.441418945599999,PREDICTED,4.779270648956299,4.827607154846191,5.002935886383057,5.266265392303467,6.031867027282715,,ELIGIBLE,SCORED,1.6621482966437,25.804070666434132,SCORED,1.6138117907538074,25.053669143134517,SCORED,1.4384830592169422,22.33177303580821,SCORED,1.175153553296532,18.243706289268072,SCORED,0.409551918317284,6.358100936704955
CCRm-low-100-overlap-100:05,CCRm-low-100-overlap-100,9850269,5.988905459999997,PREDICTED,5.793668270111084,5.739364147186279,5.780694484710693,6.164377689361572,4.537976264953613,,ELIGIBLE,SCORED,0.19523718988891314,3.259981163384623,SCORED,0.24954131281371783,4.166726532592784,SCORED,0.20821097528930377,3.4766114890266424,SCORED,0.17547222936157514,2.9299549063440256,SCORED,1.4509291950463838,24.226951063715482
CCRm-low-100-overlap-100:06,CCRm-low-100-overlap-100,10200272,5.5790290669000004,PREDICTED,4.4787468910217285,4.46897554397583,4.480036735534668,6.093692779541016,4.938833236694336,,ELIGIBLE,SCORED,1.100282175878272,19.721750194960823,SCORED,1.1100535229241704,19.896894416808873,SCORED,1.0989923313653325,19.698630679047348,SCORED,0.5146637126410152,9.224969192121259,SCORED,0.6401958302056645,11.475040236013518
CCRm-low-100-overlap-100:07,CCRm-low-100-overlap-100,10500284,5.2387949285,PREDICTED,4.866093635559082,4.821986198425293,4.821033954620361,6.035186767578125,3.7260429859161377,,ELIGIBLE,SCORED,0.3727012929409179,7.114256198755841,SCORED,0.416808730074707,7.956194807458323,SCORED,0.4177609738796386,7.9743715793672845,SCORED,0.796391839078125,15.201813583990628,SCORED,1.5127519425838623,28.87595264235704
CCRm-low-100-overlap-100:08,CCRm-low-100-overlap-100,10850287,4.929279004,PREDICTED,6.182468414306641,6.003505706787109,6.039638042449951,6.6188578605651855,3.7118802070617676,,ELIGIBLE,SCORED,1.253189410306641,25.423381579531323,SCORED,1.0742267027871097,21.792775412294553,SCORED,1.1103590384499515,22.525790030325325,SCORED,1.689578856565186,34.2763892081201,SCORED,1.217398796938232,24.697299462058044
CCRm-low-100-overlap-100:09,CCRm-low-100-overlap-100,11150299,4.653653288,PREDICTED,5.547338485717773,5.414045810699463,5.500871181488037,4.069157123565674,4.515077590942383,,ELIGIBLE,SCORED,0.8936851977177733,19.203948863621772,SCORED,0.7603925226994628,16.33969003793698,SCORED,0.847217893488037,18.205436483046327,SCORED,0.5844961644343263,12.559942227357576,SCORED,0.1385756970576173,2.9777830122186213
CCRm-low-100-overlap-100:10,CCRm-low-100-overlap-100,11500301,4.381076712,PREDICTED,3.3861892223358154,3.3093554973602295,3.409050941467285,5.523563385009766,3.427678108215332,,ELIGIBLE,SCORED,0.9948874896641842,22.708743878853685,SCORED,1.07172121463977,24.462507394683808,SCORED,0.9720257705327144,22.186915099438565,SCORED,1.142486673009766,26.077760060225263,SCORED,0.9533986037846676,21.761741837874208
CCRm-low-100-overlap-100:11,CCRm-low-100-overlap-100,11800314,4.107116024499999,PREDICTED,4.757474899291992,4.570796489715576,4.709408760070801,-6.4275102615356445,4.384767532348633,,ELIGIBLE,SCORED,0.6503588747919933,15.83492822974652,SCORED,0.46368046521557726,11.28968508436588,SCORED,0.6022927355708019,14.664614585465117,SCORED,10.534626286035643,256.4969244402617,SCORED,0.2776515078486339,6.760254791741251
CCRm-low-100-overlap-100:12,CCRm-low-100-overlap-100,12150325,3.8796661952,PREDICTED,2.6539883613586426,2.6437833309173584,2.7013449668884277,3.9287593364715576,3.2336573600769043,,ELIGIBLE,SCORED,1.2256778338413574,31.59235285133011,SCORED,1.2358828642826416,31.855391729620976,SCORED,1.1783212283115723,30.37171676700987,SCORED,0.04909314127155762,1.265396010932503,SCORED,0.6460088351230957,16.65114477947486
CCRm-low-100-overlap-100:13,CCRm-low-100-overlap-100,12450328,3.8023961084000013,PREDICTED,3.894505500793457,3.5659406185150146,3.794410228729248,7.246082305908203,2.8808467388153076,,ELIGIBLE,SCORED,0.09210939239345572,2.422403920253699,SCORED,0.23645548988498666,6.218591728584638,SCORED,0.00798587967075326,0.2100222976010149,SCORED,3.443686197508202,90.56621402227503,SCORED,0.9215493695846937,24.2360170616856
CCRm-low-100-overlap-100:14,CCRm-low-100-overlap-100,12800340,3.687302860599999,PREDICTED,2.6673357486724854,2.6787760257720947,2.6813738346099854,3.706566333770752,2.5708348751068115,,ELIGIBLE,SCORED,1.0199671119275138,27.661603900948467,SCORED,1.0085268348279044,27.351342511197917,SCORED,1.0059290259900138,27.280889691451293,SCORED,0.01926347317075283,0.5224272021858891,SCORED,1.1164679854931876,30.278716658265374
CCRm-low-100-overlap-100:15,CCRm-low-100-overlap-100,13100343,3.5274186921999986,PREDICTED,3.143425464630127,3.040273427963257,3.0539493560791016,4.922184467315674,2.3281188011169434,,ELIGIBLE,SCORED,0.38399322756987164,10.88595545572677,SCORED,0.48714526423674176,13.810247853875165,SCORED,0.47346933612089703,13.42254428621858,SCORED,1.3947657751156752,39.540692410567814,SCORED,1.1992998910830552,33.9993631528632
CCRm-low-100-overlap-100:16,CCRm-low-100-overlap-100,13450355,3.3321993676000004,PREDICTED,2.940446615219116,2.940140962600708,2.943802833557129,3.6652443408966064,2.286789894104004,,ELIGIBLE,SCORED,0.39175275238088414,11.756582039778793,SCORED,0.39205840499929234,11.765754738788946,SCORED,0.38839653404287144,11.655861225452787,SCORED,0.3330449732966061,9.994749309867377,SCORED,1.0454094734959964,31.372956962324476
CCRm-low-100-overlap-100:17,CCRm-low-100-overlap-100,13750358,3.2554672514000003,PREDICTED,2.825612783432007,2.725632667541504,2.805366039276123,3.579040288925171,2.5548229217529297,,ELIGIBLE,SCORED,0.4298544679679934,13.20407900841688,SCORED,0.5298345838584964,16.275223890845258,SCORED,0.4501012121238772,13.826009520762744,SCORED,0.32357303752517064,9.939373138710561,SCORED,0.7006443296470706,21.522081948321286
CCRm-low-100-overlap-100:18,CCRm-low-100-overlap-100,14100369,3.2808176999999996,PREDICTED,2.620347738265991,2.561826229095459,2.6245083808898926,2.9464313983917236,2.0774319171905518,,ELIGIBLE,SCORED,0.6604699617340084,20.13126062243594,SCORED,0.7189914709045406,21.915008289078077,SCORED,0.656309319110107,20.00444337733569,SCORED,0.334386301608276,10.192163423413499,SCORED,1.2033857828094479,36.679446797956736
CCRm-low-100-overlap-100:19,CCRm-low-100-overlap-100,14400373,3.2460083919999994,PREDICTED,2.4428861141204834,2.37015700340271,2.441885232925415,2.604449987411499,2.0321831703186035,,ELIGIBLE,SCORED,0.803122277879516,24.74184231497563,SCORED,0.8758513885972894,26.982412946185924,SCORED,0.8041231590745843,24.772676529623233,SCORED,0.6415584045885003,19.76453314691555,SCORED,1.2138252216813958,37.39439567294242
CCRm-low-100-overlap-100:20,CCRm-low-100-overlap-100,14750384,3.2999734504999996,PREDICTED,2.669358730316162,2.564305305480957,2.6563925743103027,2.5770583152770996,2.034785747528076,,ELIGIBLE,SCORED,0.6306147201838375,19.10969071852045,SCORED,0.7356681450190425,22.293153446661123,SCORED,0.6435808761896968,19.502607698015993,SCORED,0.7229151352229,21.90669549518244,SCORED,1.2651877029719234,38.33932975370535
CCRm-low-100-overlap-100:21,CCRm-low-100-overlap-100,15050388,3.4055767126000003,PREDICTED,3.5004844665527344,3.236339807510376,3.340787410736084,5.852837085723877,2.6148457527160645,,ELIGIBLE,SCORED,0.0949077539527341,2.786833536933497,SCORED,0.1692369050896243,4.969405166046598,SCORED,0.0647893018639163,1.9024472895943858,SCORED,2.4472603731238767,71.86038018375768,SCORED,0.7907309598839358,23.218709387998175
CCRm-low-100-overlap-100:22,CCRm-low-100-overlap-100,15400399,3.704050214999999,PREDICTED,3.206935167312622,3.1332545280456543,3.1725802421569824,4.077712059020996,2.9103565216064453,,ELIGIBLE,SCORED,0.49711504768737713,13.420850658942193,SCORED,0.5707956869543449,15.410041814304751,SCORED,0.5314699728430168,14.348346863408192,SCORED,0.3736618440209969,10.08792598188351,SCORED,0.7936936933935539,21.427724985460383
CCRm-low-100-overlap-100:23,CCRm-low-100-overlap-100,15700411,4.155727423400005,PREDICTED,2.986213207244873,2.911816120147705,2.9268782138824463,3.177755832672119,2.532474994659424,,ELIGIBLE,SCORED,1.1695142161551315,28.142226306033674,SCORED,1.2439113032522995,29.93245649962756,SCORED,1.2288492095175583,29.570014688599965,SCORED,0.9779715907278854,23.533102417187866,SCORED,1.6232524287405807,39.06060873002393
CCRm-low-100-overlap-100:24,CCRm-low-100-overlap-100,16050414,5.4123809624999994,PREDICTED,4.483255863189697,4.266421318054199,4.239806652069092,4.306067943572998,2.8434031009674072,,ELIGIBLE,SCORED,0.9291250993103022,17.1666611376361,SCORED,1.1459596444458002,21.17293022027919,SCORED,1.1725743104309077,21.66466696552142,SCORED,1.1063130189270014,20.44041294565472,SCORED,2.568977861532592,47.46483810603701
CCRm-low-100-overlap-100:25,CCRm-low-100-overlap-100,16350426,7.990974572999979,PREDICTED,4.061709880828857,4.0751118659973145,4.147768974304199,6.3452959060668945,3.352104663848877,,ELIGIBLE,SCORED,3.929264692171121,49.17128262987318,SCORED,3.915862707002664,49.00356860393021,SCORED,3.8432055986957794,48.094328965596496,SCORED,1.645678666933084,20.59421728725714,SCORED,4.638869909151102,58.05136616033022
CCRm-low-100-overlap-100:26,CCRm-low-100-overlap-100,16700429,,PREDICTED,8.499299049377441,8.374303817749023,8.512885093688965,6.8056206703186035,6.351758003234863,,EXCLUDED_GT_NONFINITE,EXCLUDED_GT_NONFINITE,,,EXCLUDED_GT_NONFINITE,,,EXCLUDED_GT_NONFINITE,,,EXCLUDED_GT_NONFINITE,,,EXCLUDED_GT_NONFINITE,,
CCRm-low-100-overlap-100:27,CCRm-low-100-overlap-100,17000441,,PREDICTED,6.394689083099365,7.916626453399658,8.255393981933594,7.8738179206848145,-2824.447265625,,EXCLUDED_GT_NONFINITE,EXCLUDED_GT_NONFINITE,,,EXCLUDED_GT_NONFINITE,,,EXCLUDED_GT_NONFINITE,,,EXCLUDED_GT_NONFINITE,,,EXCLUDED_GT_NONFINITE,,
CCRm-low-100-overlap-100:28,CCRm-low-100-overlap-100,17350443,,PREDICTED,8.617961883544922,15.884956359863281,21.929744720458984,-8.09445571899414,-11.68769359588623,,EXCLUDED_GT_NONFINITE,EXCLUDED_GT_NONFINITE,,,EXCLUDED_GT_NONFINITE,,,EXCLUDED_GT_NONFINITE,,,EXCLUDED_GT_NONFINITE,,,EXCLUDED_GT_NONFINITE,,
CCRm-low-100-overlap-100:29,CCRm-low-100-overlap-100,17650456,,PREDICTED,-15.093070983886719,-12.639139175415039,-10.167182922363281,-8.274420738220215,-9.853301048278809,,EXCLUDED_GT_NONFINITE,EXCLUDED_GT_NONFINITE,,,EXCLUDED_GT_NONFINITE,,,EXCLUDED_GT_NONFINITE,,,EXCLUDED_GT_NONFINITE,,,EXCLUDED_GT_NONFINITE,,
CCRm-low-100-overlap-100:30,CCRm-low-100-overlap-100,18000467,,PREDICTED,59.999996185302734,-26.411813735961914,-17.462867736816406,-10.145750999450684,-8.948612213134766,,EXCLUDED_GT_NONFINITE,EXCLUDED_GT_NONFINITE,,,EXCLUDED_GT_NONFINITE,,,EXCLUDED_GT_NONFINITE,,,EXCLUDED_GT_NONFINITE,,,EXCLUDED_GT_NONFINITE,,
CCRm-low-100-overlap-100:31,CCRm-low-100-overlap-100,18350469,,PREDICTED,-9.455422401428223,-9.672804832458496,-8.547209739685059,10.475350379943848,-10.250886917114258,,EXCLUDED_GT_NONFINITE,EXCLUDED_GT_NONFINITE,,,EXCLUDED_GT_NONFINITE,,,EXCLUDED_GT_NONFINITE,,,EXCLUDED_GT_NONFINITE,,,EXCLUDED_GT_NONFINITE,,
CCRm-low-50-overlap-50:00,CCRm-low-50-overlap-50,10250267,6.509574864000005,PREDICTED,6.754519462585449,6.590900421142578,6.951658248901367,4.932806968688965,5.132923126220703,,ELIGIBLE,SCORED,0.2449445985854446,3.7628355722593376,SCORED,0.0813255571425735,1.2493220961683598,SCORED,0.44208338490136256,6.791278910489572,SCORED,1.5767678953110398,24.222286835213495,SCORED,1.3766517377793015,21.14810516110074
CCRm-low-50-overlap-50:01,CCRm-low-50-overlap-50,10450272,5.951899500299999,PREDICTED,5.238088607788086,5.382423400878906,5.3224358558654785,6.983465194702148,4.851346015930176,,ELIGIBLE,SCORED,0.7138108925119129,11.992993034844321,SCORED,0.5694760994210926,9.567972365668956,SCORED,0.6294636444345203,10.575844642584991,SCORED,1.0315656944021496,17.331705522752102,SCORED,1.100553484369823,18.49079414587479
CCRm-low-50-overlap-50:02,CCRm-low-50-overlap-50,10700276,5.529365079000001,PREDICTED,3.4123284816741943,3.3404483795166016,3.482447385787964,-5.719180583953857,4.808933734893799,,ELIGIBLE,SCORED,2.1170365973258063,38.287155343858714,SCORED,2.188916699483399,39.58712561405459,SCORED,2.0469176932120368,37.01903679657605,SCORED,11.248545662953859,203.43286258443592,SCORED,0.7204313441062018,13.02918750730226
CCRm-low-50-overlap-50:03,CCRm-low-50-overlap-50,10950289,5.2637729246000005,PREDICTED,4.020585060119629,3.945683479309082,4.062719821929932,3.906529664993286,5.085900783538818,,ELIGIBLE,SCORED,1.2431878644803716,23.61780955007368,SCORED,1.3180894452909184,25.04077330408552,SCORED,1.2010531026700688,22.817342614781168,SCORED,1.3572432596067143,25.78460885468103,SCORED,0.1778721410611821,3.379175804296284
CCRm-low-50-overlap-50:04,CCRm-low-50-overlap-50,11150295,5.122921362800002,PREDICTED,4.590223789215088,4.404254913330078,4.568295001983643,4.990456581115723,3.4073991775512695,,ELIGIBLE,SCORED,0.5326975735849144,10.398316426503984,SCORED,0.7186664494699242,14.028449756978647,SCORED,0.5546263608163597,10.826368814555083,SCORED,0.13246478168427966,2.5857274063617335,SCORED,1.7155221852487328,33.48718560675096
CCRm-low-50-overlap-50:05,CCRm-low-50-overlap-50,11400299,4.947115025600001,PREDICTED,4.212921142578125,4.307608604431152,4.322229862213135,4.713018894195557,3.6671831607818604,,ELIGIBLE,SCORED,0.7341938830218764,14.84084924693723,SCORED,0.639506421168849,12.926855710036534,SCORED,0.6248851633868666,12.631304510876593,SCORED,0.23409613140444474,4.731972678885768,SCORED,1.279931864818141,25.87228835785776
CCRm-low-50-overlap-50:06,CCRm-low-50-overlap-50,11650303,4.689046280000005,PREDICTED,4.167299270629883,4.387462139129639,4.429964065551758,5.541259765625,3.399301052093506,,ELIGIBLE,SCORED,0.521747009370122,11.126932391252096,SCORED,0.3015841408703661,6.431673369416304,SCORED,0.259082214448247,5.525264605583008,SCORED,0.8522134856249952,18.17455906246663,SCORED,1.289745227906499,27.505491541160428
CCRm-low-50-overlap-50:07,CCRm-low-50-overlap-50,11850309,4.509875011200001,PREDICTED,4.869680404663086,4.740766525268555,4.789113521575928,5.221780776977539,3.510105609893799,,ELIGIBLE,SCORED,0.35980539346308493,7.978167744550127,SCORED,0.23089151406855368,5.119687651989215,SCORED,0.27923851037592673,6.191712845310676,SCORED,0.7119057657775381,15.78548771328614,SCORED,0.9997694013062022,22.16845031898524
CCRm-low-50-overlap-50:08,CCRm-low-50-overlap-50,12100313,4.287568252000001,PREDICTED,4.696844100952148,4.812793254852295,4.729066371917725,4.8755669593811035,3.4707698822021484,,ELIGIBLE,SCORED,0.40927584895214775,9.545640439921508,SCORED,0.5252250028522942,12.24995083418894,SCORED,0.4414981199177239,10.297168324067622,SCORED,0.5879987073811028,13.714037254259964,SCORED,0.8167983697978523,19.05038758081214
CCRm-low-50-overlap-50:09,CCRm-low-50-overlap-50,12350317,4.0694349292,PREDICTED,3.443970203399658,3.4375081062316895,3.4772372245788574,4.757455825805664,3.064007043838501,,ELIGIBLE,SCORED,0.6254647258003416,15.36981759586214,SCORED,0.6319268229683104,15.528613528968242,SCORED,0.5921977046211424,14.552332570103562,SCORED,0.6880208966056642,16.907037674169683,SCORED,1.0054278853614989,24.706818092780107
CCRm-low-50-overlap-50:10,CCRm-low-50-overlap-50,12600330,3.8679431866000007,PREDICTED,3.3118484020233154,3.2982988357543945,3.278759241104126,3.102898359298706,2.5378880500793457,,ELIGIBLE,SCORED,0.5560947845766853,14.377015321817685,SCORED,0.5696443508456062,14.72731949163749,SCORED,0.5891839454958747,15.232487062814881,SCORED,0.7650448273012946,19.779112318704563,SCORED,1.330055136520655,34.386625458420966
CCRm-low-50-overlap-50:11,CCRm-low-50-overlap-50,12800336,3.7036446484999996,PREDICTED,2.6013336181640625,2.5987489223480225,2.6453304290771484,3.6387805938720703,2.476202964782715,,ELIGIBLE,SCORED,1.1023110303359371,29.762872385243018,SCORED,1.1048957261519772,29.832660285037527,SCORED,1.0583142194228512,28.574939549113477,SCORED,0.06486405462792932,1.7513574001814587,SCORED,1.2274416837172848,33.14145389770065
CCRm-low-50-overlap-50:12,CCRm-low-50-overlap-50,13050340,3.5448698370000002,PREDICTED,2.9873909950256348,2.9505934715270996,2.983788251876831,4.055631637573242,2.7187016010284424,,ELIGIBLE,SCORED,0.5574788419743655,15.726355765044284,SCORED,0.5942763654729006,16.764405825852066,SCORED,0.5610815851231692,15.82798835846703,SCORED,0.5107618005732419,14.408478281546616,SCORED,0.8261682359715579,23.306024592167777
CCRm-low-50-overlap-50:13,CCRm-low-50-overlap-50,13300344,3.432005474199998,PREDICTED,3.065000295639038,3.0751452445983887,3.041670083999634,4.070213317871094,2.414926052093506,,ELIGIBLE,SCORED,0.36700517856096004,10.693607027142319,SCORED,0.35686022960160946,10.398008752733523,SCORED,0.39033539020036434,11.37339066428359,SCORED,0.6382078436710956,18.595769979646146,SCORED,1.0170794221064923,29.635134027388865
CCRm-low-50-overlap-50:14,CCRm-low-50-overlap-50,13500349,3.2833221472000003,PREDICTED,3.079986572265625,3.0478451251983643,3.033334493637085,3.3294997215270996,2.2225422859191895,,ELIGIBLE,SCORED,0.20333557493437526,6.192982772274684,SCORED,0.235477022001636,7.1719134292822755,SCORED,0.2499876535629153,7.613863104359207,SCORED,0.04617757432709935,1.4064283751894202,SCORED,1.0607798612808108,32.30812615160039
CCRm-low-50-overlap-50:15,CCRm-low-50-overlap-50,13750354,3.1541222418000006,PREDICTED,2.777031421661377,2.772826910018921,2.8098702430725098,2.7126309871673584,2.148435115814209,,ELIGIBLE,SCORED,0.3770908201386236,11.955491614789942,SCORED,0.38129533178107966,12.088793729296976,SCORED,0.3442519987274908,10.914351833460723,SCORED,0.44149125463264216,13.997277872803405,SCORED,1.0056871259857916,31.88484937767866
CCRm-low-50-overlap-50:16,CCRm-low-50-overlap-50,14000358,3.0150932855000003,PREDICTED,2.909566879272461,2.9004786014556885,2.934427499771118,3.474889039993286,2.0964367389678955,,ELIGIBLE,SCORED,0.1055264062275394,3.4999383513283133,SCORED,0.11461468404431185,3.8013644418734795,SCORED,0.08066578572888217,2.6753993356296824,SCORED,0.4597957544932858,15.24980194491849,SCORED,0.9186565465321048,30.468594485950103
CCRm-low-50-overlap-50:17,CCRm-low-50-overlap-50,14250371,2.9531329376,PREDICTED,2.6568644046783447,2.616931438446045,2.6558175086975098,2.8686652183532715,2.031703233718872,,ELIGIBLE,SCORED,0.2962685329216552,10.032346635990981,SCORED,0.33620149915395503,11.38457042936864,SCORED,0.2973154289024902,10.067796986617111,SCORED,0.08446771924672847,2.860274868471552,SCORED,0.9214297038811279,31.201768540429146
CCRm-low-50-overlap-50:18,CCRm-low-50-overlap-50,14450368,2.9146399210000005,PREDICTED,2.7698729038238525,2.62589693069458,2.708740711212158,3.4136319160461426,2.0215022563934326,,ELIGIBLE,SCORED,0.14476701717614793,4.966892003814968,SCORED,0.2887429903054204,9.906643638036561,SCORED,0.20589920978784226,7.064310356292626,SCORED,0.4989919950461421,17.120193525481533,SCORED,0.8931376646065678,30.643156232490497
CCRm-low-50-overlap-50:19,CCRm-low-50-overlap-50,14700381,2.8951590470000004,PREDICTED,2.8068525791168213,2.698636054992676,2.7558767795562744,2.89408540725708,2.0578722953796387,,ELIGIBLE,SCORED,0.08830646788317909,3.050142201157596,SCORED,0.1965229920073246,6.7879860421127525,SCORED,0.13928226744372596,4.810867561422989,SCORED,0.001073639742920296,0.03708396414465778,SCORED,0.8372867516203617,28.92023332838894
CCRm-low-50-overlap-50:20,CCRm-low-50-overlap-50,14950385,2.919345941800001,PREDICTED,2.8318989276885986,2.716768980026245,2.7967875003814697,2.5390210151672363,1.8963606357574463,,ELIGIBLE,SCORED,0.08744701411140232,2.995431711580044,SCORED,0.20257696177375584,6.939121495441941,SCORED,0.12255844141853123,4.198147251536915,SCORED,0.3803249266327646,13.027744372024136,SCORED,1.0229853060425547,35.04159241271028
CCRm-low-50-overlap-50:21,CCRm-low-50-overlap-50,15150390,2.9780544011999996,PREDICTED,2.7093310356140137,2.586366653442383,2.6468427181243896,2.5180089473724365,1.9611533880233765,,ELIGIBLE,SCORED,0.268723365585986,9.023453885788808,SCORED,0.39168774775761683,13.15247121072695,SCORED,0.33121168307561,11.121747236791546,SCORED,0.4600454538275631,15.447852585976568,SCORED,1.0169010131766232,34.146488820582505
CCRm-low-50-overlap-50:22,CCRm-low-50-overlap-50,15400395,3.1719280615999983,PREDICTED,2.7471566200256348,2.630540132522583,2.690865993499756,2.9115283489227295,1.904582142829895,,ELIGIBLE,SCORED,0.42477144157436353,13.391584970565141,SCORED,0.5413879290774153,17.06810238326546,SCORED,0.48106206810024243,15.166235133894649,SCORED,0.2603997126772688,8.209508778894461,SCORED,1.2673459187701033,39.955065000144515
CCRm-low-50-overlap-50:23,CCRm-low-50-overlap-50,15650399,3.4198839732000006,PREDICTED,2.8445913791656494,2.7412309646606445,2.746291399002075,2.717961549758911,2.050931692123413,,ELIGIBLE,SCORED,0.5752925940343512,16.821991580493513,SCORED,0.6786530085393561,19.844328458439993,SCORED,0.6735925741979254,19.69635752196709,SCORED,0.7019224234410895,20.52474379077538,SCORED,1.3689522810765875,40.02920250524327
CCRm-low-50-overlap-50:24,CCRm-low-50-overlap-50,15900403,3.8271867999999993,PREDICTED,3.263062000274658,3.1158463954925537,3.142242193222046,2.514989137649536,2.1907546520233154,,ELIGIBLE,SCORED,0.5641247997253411,14.739933773949607,SCORED,0.7113404045074456,18.586508620573362,SCORED,0.6849446067779534,17.89681671085283,SCORED,1.3121976623504632,34.28621938052419,SCORED,1.636432147976684,42.75809448278522
CCRm-low-50-overlap-50:25,CCRm-low-50-overlap-50,16100409,4.3750250438000045,PREDICTED,3.1424286365509033,2.9963223934173584,3.0299015045166016,2.974114179611206,2.4556455612182617,,ELIGIBLE,SCORED,1.2325964072491011,28.17347089237478,SCORED,1.378702650382646,31.5130230474098,SCORED,1.345123539283403,30.74550490150046,SCORED,1.4009108641887984,32.020636457249005,SCORED,1.9193794825817427,43.87127989819761
CCRm-low-50-overlap-50:26,CCRm-low-50-overlap-50,16350422,5.4987854446,PREDICTED,4.27133321762085,4.1540632247924805,4.23380184173584,4.6170783042907715,3.1626601219177246,,ELIGIBLE,SCORED,1.2274522269791506,22.322242599673565,SCORED,1.3447222198075197,24.45489523742164,SCORED,1.2649836028641603,23.00478197610744,SCORED,0.8817071403092287,16.03457980298351,SCORED,2.3361253226822756,42.48438762011404
CCRm-low-50-overlap-50:27,CCRm-low-50-overlap-50,16600426,6.773121277799993,PREDICTED,5.879277229309082,5.233034610748291,5.707254886627197,5.216552734375,3.591367244720459,,ELIGIBLE,SCORED,0.8938440484909114,13.19692962564587,SCORED,1.5400866670517024,22.738211880238836,SCORED,1.0658663911727961,15.73670908073574,SCORED,1.5565685434249934,22.98155428763545,SCORED,3.1817540330795344,46.97618575808248
CCRm-low-50-overlap-50:28,CCRm-low-50-overlap-50,16800431,8.429291632399972,PREDICTED,5.922416687011719,5.762457847595215,5.91670036315918,5.825179576873779,4.373098373413086,,ELIGIBLE,SCORED,2.506874945388253,29.74004287326455,SCORED,2.6668337848047567,31.63769746148243,SCORED,2.512591269240792,29.80785787008548,SCORED,2.6041120555261923,30.893604932550595,SCORED,4.056193258986886,48.12021502964674
CCRm-low-50-overlap-50:29,CCRm-low-50-overlap-50,17050436,13.792865617600016,PREDICTED,8.814970970153809,9.179781913757324,11.006704330444336,7.434797763824463,5.791817665100098,,ELIGIBLE,SCORED,4.977894647446208,36.09035849007547,SCORED,4.613083703842692,33.44543354323912,SCORED,2.7861612871556805,20.200017635207537,SCORED,6.3580678537755535,46.09678677404434,SCORED,8.001047952499919,58.00859788186724
CCRm-low-50-overlap-50:30,CCRm-low-50-overlap-50,17300440,,PREDICTED,12.908895492553711,47.70970916748047,59.999996185302734,6.0772480964660645,7.272813320159912,,EXCLUDED_GT_NONFINITE,EXCLUDED_GT_NONFINITE,,,EXCLUDED_GT_NONFINITE,,,EXCLUDED_GT_NONFINITE,,,EXCLUDED_GT_NONFINITE,,,EXCLUDED_GT_NONFINITE,,
CCRm-low-50-overlap-50:31,CCRm-low-50-overlap-50,17550444,,PREDICTED,22.804519653320312,-59.999996185302734,-27.018552780151367,61.19721221923828,31.930450439453125,,EXCLUDED_GT_NONFINITE,EXCLUDED_GT_NONFINITE,,,EXCLUDED_GT_NONFINITE,,,EXCLUDED_GT_NONFINITE,,,EXCLUDED_GT_NONFINITE,,,EXCLUDED_GT_NONFINITE,,
CCRm-medium-0-overlap-0:00,CCRm-medium-0-overlap-0,8800240,,PREDICTED,5.873429775238037,6.350964546203613,8.110343933105469,-33.77192306518555,7.69893741607666,,EXCLUDED_GT_NONFINITE,EXCLUDED_GT_NONFINITE,,,EXCLUDED_GT_NONFINITE,,,EXCLUDED_GT_NONFINITE,,,EXCLUDED_GT_NONFINITE,,,EXCLUDED_GT_NONFINITE,,
CCRm-medium-0-overlap-0:01,CCRm-medium-0-overlap-0,9100252,,PREDICTED,8.205375671386719,9.6665678024292,10.701286315917969,-13.408900260925293,8.542805671691895,,EXCLUDED_GT_NONFINITE,EXCLUDED_GT_NONFINITE,,,EXCLUDED_GT_NONFINITE,,,EXCLUDED_GT_NONFINITE,,,EXCLUDED_GT_NONFINITE,,,EXCLUDED_GT_NONFINITE,,
CCRm-medium-0-overlap-0:02,CCRm-medium-0-overlap-0,9400256,,PREDICTED,6.0006866455078125,6.253414630889893,7.018241882324219,7.655061721801758,6.260318756103516,,EXCLUDED_GT_NONFINITE,EXCLUDED_GT_NONFINITE,,,EXCLUDED_GT_NONFINITE,,,EXCLUDED_GT_NONFINITE,,,EXCLUDED_GT_NONFINITE,,,EXCLUDED_GT_NONFINITE,,
CCRm-medium-0-overlap-0:03,CCRm-medium-0-overlap-0,9700259,,PREDICTED,6.364220142364502,6.558863162994385,7.919332027435303,7.983524322509766,-8.89273738861084,,EXCLUDED_GT_NONFINITE,EXCLUDED_GT_NONFINITE,,,EXCLUDED_GT_NONFINITE,,,EXCLUDED_GT_NONFINITE,,,EXCLUDED_GT_NONFINITE,,,EXCLUDED_GT_NONFINITE,,
CCRm-medium-0-overlap-0:04,CCRm-medium-0-overlap-0,10000271,,PREDICTED,5.951588153839111,7.497313499450684,8.7224702835083,7.2992658615112305,5.900572776794434,,EXCLUDED_GT_NONFINITE,EXCLUDED_GT_NONFINITE,,,EXCLUDED_GT_NONFINITE,,,EXCLUDED_GT_NONFINITE,,,EXCLUDED_GT_NONFINITE,,,EXCLUDED_GT_NONFINITE,,
CCRm-medium-0-overlap-0:05,CCRm-medium-0-overlap-0,10300275,17.75961121060001,PREDICTED,5.682496070861816,5.807758808135986,6.164448261260986,9.63648509979248,5.231632232666016,,ELIGIBLE,SCORED,12.077115139738194,68.00326311495964,SCORED,11.951852402464024,67.29793946913902,SCORED,11.595162949339024,65.28950894160526,SCORED,8.12312611080753,45.739323989024925,SCORED,12.527978977933994,70.54196642805186
CCRm-medium-0-overlap-0:06,CCRm-medium-0-overlap-0,10600287,15.277910498799994,PREDICTED,4.9820966720581055,4.703244686126709,5.6264872550964355,10.064920425415039,20.418684005737305,,ELIGIBLE,SCORED,10.295813826741888,67.39019597968306,SCORED,10.574665812673285,69.21539312266474,SCORED,9.651423243703558,63.172403349670304,SCORED,5.212990073384955,34.12109315468506,SCORED,5.140773506937311,33.64840700788955
CCRm-medium-0-overlap-0:07,CCRm-medium-0-overlap-0,10900291,13.038823106500004,PREDICTED,5.491328239440918,5.208993434906006,5.763959884643555,6.978585243225098,5.699673175811768,,ELIGIBLE,SCORED,7.547494867059086,57.88478611460395,SCORED,7.829829671593998,60.050125748624794,SCORED,7.2748632218564495,55.793863928024656,SCORED,6.0602378632749065,46.478411538951,SCORED,7.339149930688237,56.28690465958991
CCRm-medium-0-overlap-0:08,CCRm-medium-0-overlap-0,11200303,11.562043720500007,PREDICTED,4.965220928192139,5.234673976898193,5.080811977386475,-6.466604232788086,-15.296235084533691,,ELIGIBLE,SCORED,6.596822792307869,57.05585406679802,SCORED,6.327369743601814,54.72535735514571,SCORED,6.481231743113533,56.05610824340705,SCORED,18.028647953288093,155.92959505353292,SCORED,26.8582788050337,232.29698359826125
CCRm-medium-0-overlap-0:09,CCRm-medium-0-overlap-0,11500306,10.317738852999998,PREDICTED,6.510684967041016,6.4205780029296875,7.47204065322876,6.957776069641113,5.282515525817871,,ELIGIBLE,SCORED,3.8070538859589824,36.898141542437266,SCORED,3.8971608500703105,37.77146238719899,SCORED,2.8456981997712383,27.58063797034192,SCORED,3.3599627833588848,32.564913991614915,SCORED,5.035223327182127,48.80161631264858
CCRm-medium-0-overlap-0:10,CCRm-medium-0-overlap-0,11800309,9.2102288299,PREDICTED,6.976677417755127,7.713944435119629,7.740772247314453,5.641770839691162,13.143343925476074,,ELIGIBLE,SCORED,2.233551412144873,24.25077002314962,SCORED,1.4962843947803712,16.245898146665454,SCORED,1.469456582585547,15.95461534913353,SCORED,3.568457990208838,38.74450956771269,SCORED,3.933115095576074,42.703771732659305
CCRm-medium-0-overlap-0:11,CCRm-medium-0-overlap-0,12100322,8.334057874599996,PREDICTED,6.116323471069336,6.123033046722412,6.568118572235107,6.992837905883789,6.171361446380615,,ELIGIBLE,SCORED,2.2177344035306596,26.61049919379283,SCORED,2.2110248278775835,26.529991285712118,SCORED,1.7659393023648882,21.189429314464014,SCORED,1.3412199687162065,16.09324039858051,SCORED,2.1626964282193804,25.950100908354706
CCRm-medium-0-overlap-0:12,CCRm-medium-0-overlap-0,12400325,7.454225854599999,PREDICTED,5.981502532958984,6.267860412597656,6.422657012939453,5.841404914855957,5.893504619598389,,ELIGIBLE,SCORED,1.4727233216410145,19.75689159904107,SCORED,1.1863654420023426,15.915340709327142,SCORED,1.0315688416605457,13.838711916998935,SCORED,1.6128209397440418,21.63633046815681,SCORED,1.5607212350016102,20.937402024631304
CCRm-medium-0-overlap-0:13,CCRm-medium-0-overlap-0,12700337,6.701345178300005,PREDICTED,5.526032447814941,5.432560920715332,5.634426593780518,6.536263465881348,4.687132835388184,,ELIGIBLE,SCORED,1.1753127304850635,17.53845980491959,SCORED,1.2687842575846728,18.933277182813878,SCORED,1.0669185845194873,15.920961480604449,SCORED,0.1650817124186572,2.4634115692654874,SCORED,2.0142123429118213,30.056836192144726
CCRm-medium-0-overlap-0:14,CCRm-medium-0-overlap-0,13000341,6.0096142899999965,PREDICTED,6.039532661437988,6.029955863952637,6.018668174743652,7.390844345092773,5.187278747558594,,ELIGIBLE,SCORED,0.02991837143799181,0.4978417914070793,SCORED,0.020341573952640246,0.33848385222473665,SCORED,0.009053884743655871,0.15065666957564222,SCORED,1.381230055092777,22.983672303081832,SCORED,0.8223355424414027,13.683665918622594
CCRm-medium-0-overlap-0:15,CCRm-medium-0-overlap-0,13300353,5.376718342800003,PREDICTED,4.590749263763428,4.699051380157471,4.65243673324585,6.683191299438477,5.39962100982666,,ELIGIBLE,SCORED,0.7859690790365752,14.618007284853803,SCORED,0.6776669626425322,12.603728137442802,SCORED,0.7242816095541533,13.470700218545822,SCORED,1.3064729566384736,24.29870551779934,SCORED,0.02290266702665722,0.42595995487333504
CCRm-medium-0-overlap-0:16,CCRm-medium-0-overlap-0,13600357,4.792220218999996,PREDICTED,5.192964553833008,5.312504768371582,5.260847568511963,7.101737976074219,3.805997133255005,,ELIGIBLE,SCORED,0.40074433483301153,8.362393974387007,SCORED,0.5202845493715857,10.856858107412993,SCORED,0.4686273495119666,9.778919333756248,SCORED,2.3095177570742225,48.193063998134775,SCORED,0.9862230857449914,20.579669561821365
CCRm-medium-0-overlap-0:17,CCRm-medium-0-overlap-0,13900360,4.368292095200001,PREDICTED,5.381629943847656,5.4881391525268555,5.4516921043396,4.88205099105835,4.9871931076049805,,ELIGIBLE,SCORED,1.0133378486476552,23.19757531235465,SCORED,1.1198470573268544,25.635809898275184,SCORED,1.0834000091395986,24.801455249067892,SCORED,0.5137588958583486,11.761093000691984,SCORED,0.6189010124049794,14.168031782605489
CCRm-medium-0-overlap-0:18,CCRm-medium-0-overlap-0,14200372,4.011108427200002,PREDICTED,4.867289066314697,4.7479166984558105,4.741362571716309,4.744231700897217,4.141152381896973,,ELIGIBLE,SCORED,0.8561806391146956,21.345237972346755,SCORED,0.7368082712558088,18.36919356902416,SCORED,0.7302541445163069,18.205794178096273,SCORED,0.7331232736972151,18.277323762324215,SCORED,0.13004395469697094,3.2420952227349678
CCRm-medium-0-overlap-0:19,CCRm-medium-0-overlap-0,14500376,3.6849981700000005,PREDICTED,5.157261848449707,5.13555908203125,5.257091045379639,5.25629997253418,3.1927592754364014,,ELIGIBLE,SCORED,1.4722636784497065,39.952901209980965,SCORED,1.4505609120312495,39.363952032335725,SCORED,1.5720928753796382,42.661971671471356,SCORED,1.5713018025341792,42.64050428372883,SCORED,0.49223889456359915,13.357914220174472
CCRm-medium-0-overlap-0:20,CCRm-medium-0-overlap-0,14800388,3.3602355312000003,PREDICTED,3.2024996280670166,3.1408963203430176,3.392272710800171,5.963027477264404,8.047089576721191,,ELIGIBLE,SCORED,0.1577359031329837,4.694191870432767,SCORED,0.2193392108569827,6.527495135992827,SCORED,0.03203717960017061,0.9534206546744525,SCORED,2.602791946064404,77.4586162754758,SCORED,4.686854045521191,139.47992639216667
CCRm-medium-0-overlap-0:21,CCRm-medium-0-overlap-0,15100391,3.052422890999999,PREDICTED,3.179628849029541,3.2562673091888428,3.1496880054473877,4.504240989685059,4.175992488861084,,ELIGIBLE,SCORED,0.12720595802954193,4.16737662414359,SCORED,0.2038444181888437,6.678118513325083,SCORED,0.09726511444738861,3.1864888293877183,SCORED,1.4518180986850595,47.562809955518055,SCORED,1.123569597861085,36.80910666650761
CCRm-medium-0-overlap-0:22,CCRm-medium-0-overlap-0,15400403,2.7340416981999995,PREDICTED,3.0353431701660156,2.8951215744018555,3.004892349243164,3.380901336669922,2.8835947513580322,,ELIGIBLE,SCORED,0.3013014719660161,11.020368568788939,SCORED,0.16107987620185593,5.891639337757923,SCORED,0.2708506510431645,9.906602785959095,SCORED,0.6468596384699223,23.659464992644143,SCORED,0.1495530531580327,5.470035561509298
CCRm-medium-0-overlap-0:23,CCRm-medium-0-overlap-0,15700407,2.4243469363000005,PREDICTED,2.583927869796753,2.499415636062622,2.5518503189086914,3.3233463764190674,2.104311943054199,,ELIGIBLE,SCORED,0.1595809334967524,6.58242973014012,SCORED,0.07506869976262154,3.0964503734432576,SCORED,0.12750338260869087,5.2592877982754604,SCORED,0.8989994401190669,37.08212824898343,SCORED,0.3200349932458013,13.200874365540832
CCRm-medium-0-overlap-0:24,CCRm-medium-0-overlap-0,16000419,2.1560368863,PREDICTED,2.4217305183410645,2.359323024749756,2.3665964603424072,2.3764872550964355,1.8815267086029053,,ELIGIBLE,SCORED,0.26569363204106455,12.323241486699446,SCORED,0.20328613844975596,9.428694830848542,SCORED,0.21055957404240733,9.766046925280165,SCORED,0.22045036879643565,10.224795790704356,SCORED,0.2745101776970946,12.732165179612709
CCRm-medium-0-overlap-0:25,CCRm-medium-0-overlap-0,16300422,1.9367612687999995,PREDICTED,2.054983615875244,2.0004262924194336,2.032517433166504,2.1151866912841797,1.8494607210159302,,ELIGIBLE,SCORED,0.1182223470752446,6.104125943642715,SCORED,0.06366502361943405,3.2871900447947486,SCORED,0.09575616436650436,4.944138749007204,SCORED,0.17842542248418014,9.212566636812754,SCORED,0.08730054778406937,4.50755336707864
CCRm-medium-0-overlap-0:26,CCRm-medium-0-overlap-0,16600426,1.7063415850000008,PREDICTED,2.076469659805298,2.0042762756347656,2.0732531547546387,1.6487174034118652,1.7114020586013794,,ELIGIBLE,SCORED,0.3701280748052971,21.69132359305988,SCORED,0.29793469063476485,17.460436600375342,SCORED,0.3669115697546379,21.50282059466058,SCORED,0.05762418158813554,3.3770601440353167,SCORED,0.005060473601378623,0.2965686147406775
CCRm-medium-0-overlap-0:27,CCRm-medium-0-overlap-0,16900438,1.4583113459999977,PREDICTED,1.8247177600860596,1.7816962003707886,1.792849063873291,4.125196933746338,2.3391683101654053,,ELIGIBLE,SCORED,0.3664064140860619,25.125390067839632,SCORED,0.3233848543707909,22.17529578013661,SCORED,0.33453771787329334,22.940075093764914,SCORED,2.66688558774634,182.87491179859094,SCORED,0.8808569641654076,60.402531090600796
CCRm-medium-0-overlap-0:28,CCRm-medium-0-overlap-0,17200442,1.201724206400001,PREDICTED,1.8290826082229614,1.7779656648635864,1.822864055633545,1.4979830980300903,1.4800400733947754,,ELIGIBLE,SCORED,0.6273584018229603,52.20485686165336,SCORED,0.5762414584635853,47.9512233667847,SCORED,0.6211398492335438,51.687387665618324,SCORED,0.2962588916300892,24.652818845814085,SCORED,0.2783158669947743,23.15971214631048
CCRm-medium-0-overlap-0:29,CCRm-medium-0-overlap-0,17500454,0.9652115937999997,PREDICTED,1.3713375329971313,1.3530350923538208,1.321425437927246,1.901551365852356,1.4796667098999023,,ELIGIBLE,SCORED,0.4061259391971317,42.076363546176445,SCORED,0.38782349855382114,40.18015335134708,SCORED,0.35621384412724644,36.90525957369065,SCORED,0.9363397720523563,97.00875725767278,SCORED,0.5144551160999027,53.299724060971265
CCRm-medium-0-overlap-0:30,CCRm-medium-0-overlap-0,17800457,0.7436818437999989,PREDICTED,1.0388542413711548,0.9993698000907898,1.0090655088424683,1.145694375038147,1.5570776462554932,,ELIGIBLE,SCORED,0.2951723975711559,39.6906822496715,SCORED,0.2556879562907909,34.381363270118236,SCORED,0.26538366504246935,35.68510744950228,SCORED,0.40201253123814806,54.05705875297162,SCORED,0.8133958024554943,109.37416440063632
CCRm-medium-0-overlap-0:31,CCRm-medium-0-overlap-0,18100470,,PREDICTED,1.2046815156936646,1.1515291929244995,1.158854365348816,4.300042152404785,6.222333908081055,,EXCLUDED_GT_NONFINITE,EXCLUDED_GT_NONFINITE,,,EXCLUDED_GT_NONFINITE,,,EXCLUDED_GT_NONFINITE,,,EXCLUDED_GT_NONFINITE,,,EXCLUDED_GT_NONFINITE,,
CCRm-medium-100-overlap-100:00,CCRm-medium-100-overlap-100,15750407,,PREDICTED,4.990931987762451,5.1155009269714355,5.882472038269043,21.646066665649414,6.410736083984375,,EXCLUDED_GT_NONFINITE,EXCLUDED_GT_NONFINITE,,,EXCLUDED_GT_NONFINITE,,,EXCLUDED_GT_NONFINITE,,,EXCLUDED_GT_NONFINITE,,,EXCLUDED_GT_NONFINITE,,
CCRm-medium-100-overlap-100:01,CCRm-medium-100-overlap-100,16000412,,PREDICTED,7.409040927886963,8.08709716796875,8.438627243041992,6.690947532653809,6.846697807312012,,EXCLUDED_GT_NONFINITE,EXCLUDED_GT_NONFINITE,,,EXCLUDED_GT_NONFINITE,,,EXCLUDED_GT_NONFINITE,,,EXCLUDED_GT_NONFINITE,,,EXCLUDED_GT_NONFINITE,,
CCRm-medium-100-overlap-100:02,CCRm-medium-100-overlap-100,16300424,17.522658439,PREDICTED,4.7037739753723145,4.492334365844727,5.872933864593506,33.50886154174805,8.139893531799316,,ELIGIBLE,SCORED,12.818884463627686,73.15604825747688,SCORED,13.030324073155274,74.36271224778208,SCORED,11.649724574406495,66.48377365204941,SCORED,15.986203102748046,91.23160825396059,SCORED,9.382764907200684,53.54646921792165
CCRm-medium-100-overlap-100:03,CCRm-medium-100-overlap-100,16550428,14.38137350659999,PREDICTED,4.220148086547852,4.153598785400391,4.660225868225098,8.225778579711914,5.902773380279541,,ELIGIBLE,SCORED,10.161225420052139,70.65545871115081,SCORED,10.2277747211996,71.11820520137249,SCORED,9.721147638374893,67.59540480548401,SCORED,6.155594926888076,42.80255237139284,SCORED,8.47860012632045,58.95542677081155
CCRm-medium-100-overlap-100:04,CCRm-medium-100-overlap-100,16950439,11.017879170000006,PREDICTED,6.1842827796936035,6.276659965515137,6.177595615386963,7.181381702423096,5.389127731323242,,ELIGIBLE,SCORED,4.833596390306402,43.870479206810906,SCORED,4.741219204484869,43.03204937475155,SCORED,4.840283554613043,43.931172959242396,SCORED,3.83649746757691,34.82065294401761,SCORED,5.628751438676764,51.087431181882906
CCRm-medium-100-overlap-100:05,CCRm-medium-100-overlap-100,17200443,9.5590279266,PREDICTED,6.398340702056885,7.357196807861328,7.469838619232178,9.52574348449707,7.364597797393799,,ELIGIBLE,SCORED,3.160687224543116,33.064943933763814,SCORED,2.2018311187386725,23.034048395356347,SCORED,2.089189307367823,21.855666950759872,SCORED,0.033284442102930356,0.3481990256593917,SCORED,2.194430129206202,22.95662431427509
CCRm-medium-100-overlap-100:06,CCRm-medium-100-overlap-100,17500447,8.2285875442,PREDICTED,6.598713397979736,7.407625198364258,7.836289882659912,10.056052207946777,6.8593220710754395,,ELIGIBLE,SCORED,1.6298741462202635,19.807459511919472,SCORED,0.820962345835742,9.976953413036304,SCORED,0.3922976615400877,4.7674969663123115,SCORED,1.8274646637467775,22.208728459538403,SCORED,1.3692654731245604,16.64034642360584
CCRm-medium-100-overlap-100:07,CCRm-medium-100-overlap-100,17800459,7.2925470634,PREDICTED,6.3028340339660645,6.255457401275635,6.506757736206055,6.329281330108643,6.896881580352783,,ELIGIBLE,SCORED,0.9897130294339354,13.571568627937,SCORED,1.037089662124365,14.221226865018592,SCORED,0.7857893271939451,10.775238340766869,SCORED,0.9632657332913572,13.20890664012053,SCORED,0.3956654830472166,5.42561439243898
CCRm-medium-100-overlap-100:08,CCRm-medium-100-overlap-100,18050464,6.5130994204999935,PREDICTED,5.222109794616699,5.216273307800293,5.369718551635742,5.352352619171143,4.360493183135986,,ELIGIBLE,SCORED,1.2909896258832942,19.821432816147436,SCORED,1.2968261126997005,19.91104432734341,SCORED,1.1433808688642513,17.555096199905343,SCORED,1.1607468013288509,17.821727051722842,SCORED,2.152606237364007,33.050412689673905
CCRm-medium-100-overlap-100:09,CCRm-medium-100-overlap-100,18350476,5.875478085,PREDICTED,6.04404878616333,6.7599711418151855,6.095873832702637,9.226513862609863,6.081500053405762,,ELIGIBLE,SCORED,0.16857070116332995,2.8690550577269316,SCORED,0.8844930568151854,15.053975932159153,SCORED,0.2203957477026366,3.7511117310658233,SCORED,3.351035777609863,57.03426562282655,SCORED,0.2060219684057616,3.5064715658072543
CCRm-medium-100-overlap-100:10,CCRm-medium-100-overlap-100,18600480,5.458329361899998,PREDICTED,3.879347085952759,3.6377923488616943,3.6376755237579346,-8.880123138427734,5.839575290679932,,ELIGIBLE,SCORED,1.5789822759472392,28.92794060704334,SCORED,1.8205370130383036,33.35337412479979,SCORED,1.8206538381420634,33.35551443360152,SCORED,14.338452500327733,262.68939724327373,SCORED,0.3812459287799337,6.984663319166677
CCRm-medium-100-overlap-100:11,CCRm-medium-100-overlap-100,18900483,4.983210110199996,PREDICTED,5.470628261566162,5.643056869506836,5.269669055938721,7.617109298706055,4.620779037475586,,ELIGIBLE,SCORED,0.48741815136616573,9.781208108574086,SCORED,0.6598467593068396,13.241399513863911,SCORED,0.2864589457387243,5.748482191276249,SCORED,2.6338991885060583,52.85547127773725,SCORED,0.36243107272441044,7.273044176535125
CCRm-medium-100-overlap-100:12,CCRm-medium-100-overlap-100,19150488,4.5926234834,PREDICTED,5.022124767303467,5.240724563598633,5.175912857055664,6.055663585662842,3.609128952026367,,ELIGIBLE,SCORED,0.4295012839034671,9.351981181472768,SCORED,0.6481010801986331,14.111783440144595,SCORED,0.5832893736556644,12.700570289812763,SCORED,1.463040102262842,31.856304083079934,SCORED,0.9834945313736325,21.414656240130842
CCRm-medium-100-overlap-100:13,CCRm-medium-100-overlap-100,19450500,4.133811191699999,PREDICTED,5.139562129974365,5.008778095245361,5.331389904022217,5.303773880004883,4.214480876922607,,ELIGIBLE,SCORED,1.0057509382743666,24.32987119232117,SCORED,0.8749669035453627,21.166107085445745,SCORED,1.1975787123222181,28.97032923822829,SCORED,1.1699626883048841,28.30227685903927,SCORED,0.08066968522260876,1.9514603227302685
CCRm-medium-100-overlap-100:14,CCRm-medium-100-overlap-100,19750503,3.7202066578000004,PREDICTED,4.662189960479736,4.563769817352295,4.791443347930908,3.9499409198760986,4.261464595794678,,ELIGIBLE,SCORED,0.941983302679736,25.320725145865737,SCORED,0.8435631595522946,22.67516934263937,SCORED,1.0712366901309078,28.795085560230664,SCORED,0.22973426207609826,6.175309148335191,SCORED,0.5412579379946774,14.549136319076378
CCRm-medium-100-overlap-100:15,CCRm-medium-100-overlap-100,20000508,3.385345535800001,PREDICTED,3.9144415855407715,3.7926182746887207,3.8927791118621826,6.507842063903809,4.805008411407471,,ELIGIBLE,SCORED,0.5290960497407706,15.629011696016972,SCORED,0.40727273888871984,12.030462904947635,SCORED,0.5074335760621818,14.989122105737094,SCORED,3.1224965281038077,92.23568155993038,SCORED,1.4196628756074698,41.935538354786736
CCRm-medium-100-overlap-100:16,CCRm-medium-100-overlap-100,20300520,3.036867010900001,PREDICTED,3.479692220687866,3.196761131286621,3.388280153274536,5.525783061981201,2.2202892303466797,,ELIGIBLE,SCORED,0.4428252097878653,14.58164642042163,SCORED,0.1598941203866202,5.265101165534221,SCORED,0.35141314237453525,11.57156836678176,SCORED,2.4889160510812003,81.9567021587682,SCORED,0.8165777805533212,26.888822514204254
CCRm-medium-100-overlap-100:17,CCRm-medium-100-overlap-100,20550524,2.7755234428000004,PREDICTED,2.4043970108032227,2.473130941390991,2.44913911819458,4.025089263916016,2.360647439956665,,ELIGIBLE,SCORED,0.37112643199677775,13.371403255826166,SCORED,0.3023925014090092,10.894971980634757,SCORED,0.32638432460542033,11.759379134487066,SCORED,1.2495658211160152,45.020906753914126,SCORED,0.41487600284333537,14.947667039871968
CCRm-medium-100-overlap-100:18,CCRm-medium-100-overlap-100,20850528,2.5257280716,PREDICTED,2.302882194519043,2.272814989089966,2.3849804401397705,3.9601969718933105,3.0367045402526855,,ELIGIBLE,SCORED,0.22284587708095716,8.823035210587362,SCORED,0.2529130825100343,10.01347236679437,SCORED,0.14074763146022962,5.572556802247864,SCORED,1.4344689002933104,56.794273161188016,SCORED,0.5109764686526854,20.230858357170323
CCRm-medium-100-overlap-100:19,CCRm-medium-100-overlap-100,21150540,2.3763009159,PREDICTED,3.0796000957489014,2.900057077407837,2.917048931121826,3.434020519256592,2.0833163261413574,,ELIGIBLE,SCORED,0.7032991798489014,29.596385505853917,SCORED,0.523756161507837,22.04081806320685,SCORED,0.5407480152218263,22.755872861203834,SCORED,1.0577196033565919,44.51118106630831,SCORED,0.2929845897586425,12.329439752274705
CCRm-medium-100-overlap-100:20,CCRm-medium-100-overlap-100,21400544,2.2312352834999998,PREDICTED,2.4953267574310303,2.4632863998413086,2.4889156818389893,5.048634052276611,1.8299955129623413,,ELIGIBLE,SCORED,0.2640914739310305,11.836110511696761,SCORED,0.23205111634130882,10.400118627440522,SCORED,0.2576803983389895,11.548777497583416,SCORED,2.8173987687766116,126.27080566587014,SCORED,0.40123977053765847,17.982853422264757
CCRm-medium-100-overlap-100:21,CCRm-medium-100-overlap-100,21700548,2.106146234599999,PREDICTED,2.146630048751831,2.1249234676361084,2.1832406520843506,2.0341246128082275,1.6201746463775635,,ELIGIBLE,SCORED,0.04048381415183222,1.9221748939726848,SCORED,0.018777233036109564,0.8915446006376547,SCORED,0.07709441748435175,3.6604494131431284,SCORED,0.0720216217917713,3.4195926478699477,SCORED,0.48597158822243536,23.07397179924363
CCRm-medium-100-overlap-100:22,CCRm-medium-100-overlap-100,21950561,2.0341441600000003,PREDICTED,1.954703450202942,1.9488677978515625,2.0080652236938477,3.0531396865844727,1.7723004817962646,,ELIGIBLE,SCORED,0.07944070979705842,3.905362823304441,SCORED,0.08527636214843781,4.192247718983585,SCORED,0.026078936306152656,1.2820593947556131,SCORED,1.0189955265844723,50.09455802702165,SCORED,0.26184367820373566,12.872424843465158
CCRm-medium-100-overlap-100:23,CCRm-medium-100-overlap-100,22250564,2.0071414541999997,PREDICTED,2.1926212310791016,2.1418538093566895,2.182626962661743,2.602135419845581,1.5168793201446533,,ELIGIBLE,SCORED,0.1854797768791019,9.240991784160517,SCORED,0.13471235515668978,6.7116522791555315,SCORED,0.1754855084617435,8.743056354824178,SCORED,0.5949939656455814,29.643848190198046,SCORED,0.49026213405534635,24.425888520684932
CCRm-medium-100-overlap-100:24,CCRm-medium-100-overlap-100,22500569,2.0695223167999988,PREDICTED,2.1394360065460205,2.1188385486602783,2.1275851726531982,3.6662216186523438,1.6974579095840454,,ELIGIBLE,SCORED,0.06991368974602175,3.378252516461184,SCORED,0.04931623186027956,2.3829765671014767,SCORED,0.05806285585319948,2.8056163193726382,SCORED,1.596699301852345,77.15303618089237,SCORED,0.37206440721595335,17.978274705984244
CCRm-medium-100-overlap-100:25,CCRm-medium-100-overlap-100,22800581,2.264288410000002,PREDICTED,2.4534389972686768,2.3338980674743652,2.4043145179748535,2.43866229057312,1.486085057258606,,ELIGIBLE,SCORED,0.18915058726867473,8.353643751092404,SCORED,0.0696096574743632,3.0742398877695596,SCORED,0.1400261079748515,6.184110970865738,SCORED,0.1743738805731181,7.701045494161141,SCORED,0.7782033527413961,34.36856141225381
CCRm-medium-100-overlap-100:26,CCRm-medium-100-overlap-100,23100584,2.576107766200001,PREDICTED,2.8461875915527344,2.662738561630249,2.766841411590576,-34.936519622802734,2.443674087524414,,ELIGIBLE,SCORED,0.2700798253527332,10.484026673741454,SCORED,0.08663079543024788,3.3628560329227364,SCORED,0.19073364539057502,7.4039466785166725,SCORED,37.51262738900274,1456.174616651902,SCORED,0.13243367867558709,5.140843889110241
CCRm-medium-100-overlap-100:27,CCRm-medium-100-overlap-100,23350589,3.0033779060000008,PREDICTED,2.608680009841919,2.559828281402588,2.581599712371826,2.730177879333496,2.2722795009613037,,ELIGIBLE,SCORED,0.3946978961580818,13.141799284384884,SCORED,0.4435496245974129,14.76835877733905,SCORED,0.4217781936281746,14.043460624304615,SCORED,0.27320002666650467,9.096425265722274,SCORED,0.731098405038697,24.34253789968104
CCRm-medium-100-overlap-100:28,CCRm-medium-100-overlap-100,23650601,4.329791508000018,PREDICTED,3.7546095848083496,3.5534470081329346,3.637253999710083,3.659959077835083,2.5455005168914795,,ELIGIBLE,SCORED,0.5751819231916686,13.284286832955427,SCORED,0.7763444998670836,17.930297531247327,SCORED,0.6925375082899352,15.994707990219753,SCORED,0.6698324301649352,15.47031604009817,SCORED,1.7842909911085387,41.20962840385642
CCRm-medium-100-overlap-100:29,CCRm-medium-100-overlap-100,23900605,7.407456636799986,PREDICTED,3.1735243797302246,3.045522928237915,3.1385812759399414,4.462915897369385,4.8707404136657715,,ELIGIBLE,SCORED,4.233932257069761,57.1577056021595,SCORED,4.361933708562071,58.88571371301907,SCORED,4.2688753608600445,57.629434368234044,SCORED,2.944540739430601,39.751035798201315,SCORED,2.5367162231342144,34.245441418204145
CCRm-medium-100-overlap-100:30,CCRm-medium-100-overlap-100,24200609,,PREDICTED,5.8944091796875,6.590545177459717,7.390552043914795,5.791477680206299,7.472947597503662,,EXCLUDED_GT_NONFINITE,EXCLUDED_GT_NONFINITE,,,EXCLUDED_GT_NONFINITE,,,EXCLUDED_GT_NONFINITE,,,EXCLUDED_GT_NONFINITE,,,EXCLUDED_GT_NONFINITE,,
CCRm-medium-100-overlap-100:31,CCRm-medium-100-overlap-100,24500621,,PREDICTED,7.353486061096191,9.138346672058105,9.501272201538086,8.489978790283203,-10.554230690002441,,EXCLUDED_GT_NONFINITE,EXCLUDED_GT_NONFINITE,,,EXCLUDED_GT_NONFINITE,,,EXCLUDED_GT_NONFINITE,,,EXCLUDED_GT_NONFINITE,,,EXCLUDED_GT_NONFINITE,,
CCRm-medium-50-overlap-50:00,CCRm-medium-50-overlap-50,7700209,16.637811959,PREDICTED,4.3020100593566895,3.911301851272583,4.442623138427734,6.677605152130127,4.836075305938721,,ELIGIBLE,SCORED,12.335801899643311,74.14317417483748,SCORED,12.726510107727417,76.4914890196435,SCORED,12.195188820572266,73.29803252149057,SCORED,9.960206806869873,59.864883864624,SCORED,11.80173665306128,70.93322536727727
CCRm-medium-50-overlap-50:01,CCRm-medium-50-overlap-50,7950213,14.6717097226,PREDICTED,6.727232456207275,7.0182695388793945,8.193660736083984,15.524540901184082,4.747682094573975,,ELIGIBLE,SCORED,7.944477266392724,54.14827185515547,SCORED,7.653440183720605,52.16461018126199,SCORED,6.478048986516015,44.15333392629328,SCORED,0.8528311785840827,5.812759349173867,SCORED,9.924027628026025,67.64056688457553
CCRm-medium-50-overlap-50:02,CCRm-medium-50-overlap-50,8250216,12.681288947899999,PREDICTED,5.211233139038086,5.668877601623535,6.722081184387207,6.977191925048828,23.079866409301758,,ELIGIBLE,SCORED,7.470055808861913,58.906124129431994,SCORED,7.012411346276464,55.29730751413647,SCORED,5.959207763512792,46.99212980632878,SCORED,5.704097022851171,44.98041994221541,SCORED,10.398577461401759,81.99937328234877
CCRm-medium-50-overlap-50:03,CCRm-medium-50-overlap-50,8550229,11.30236472,PREDICTED,6.549837589263916,6.3784661293029785,7.412195682525635,5.855676651000977,7.189783573150635,,ELIGIBLE,SCORED,4.752527130736084,42.04896274782472,SCORED,4.923898590697021,43.56520704011595,SCORED,3.890169037474365,34.41907188316575,SCORED,5.446688068999023,48.190694637210605,SCORED,4.112581146849365,36.386908834856335
CCRm-medium-50-overlap-50:04,CCRm-medium-50-overlap-50,8850232,10.0627374652,PREDICTED,6.109414100646973,6.587427616119385,6.31937837600708,6.600343704223633,5.319429874420166,,ELIGIBLE,SCORED,3.953323364553027,39.2867584812266,SCORED,3.475309849080615,34.53642571019358,SCORED,3.7433590891929196,37.20020622756572,SCORED,3.462393760976367,34.408070099715665,SCORED,4.743307590779834,47.13734813398075
CCRm-medium-50-overlap-50:05,CCRm-medium-50-overlap-50,9100236,9.1682110843,PREDICTED,6.303186893463135,6.458506107330322,6.457725524902344,5.881521224975586,6.633040904998779,,ELIGIBLE,SCORED,2.8650241908368645,31.249544371235555,SCORED,2.709704976969677,29.55543837346722,SCORED,2.7104855593976556,29.563952383679258,SCORED,3.2866898593244134,35.848758597548745,SCORED,2.53517017930122,27.651743137137668
CCRm-medium-50-overlap-50:06,CCRm-medium-50-overlap-50,9400249,8.172661239999998,PREDICTED,5.421562194824219,5.816115379333496,5.514604091644287,7.496187210083008,5.796259880065918,,ELIGIBLE,SCORED,2.7510990451757795,33.662218026496596,SCORED,2.356545860666502,28.83449823091533,SCORED,2.658057148355711,32.52376515187251,SCORED,0.6764740299169905,8.27727970181951,SCORED,2.3764013599340803,29.077448460767
CCRm-medium-50-overlap-50:07,CCRm-medium-50-overlap-50,9700252,7.323245336399999,PREDICTED,4.73337459564209,4.797460079193115,4.853721618652344,7.906620502471924,6.249521732330322,,ELIGIBLE,SCORED,2.5898707407579096,35.36506865180421,SCORED,2.525785257206884,34.48997187971479,SCORED,2.4695237177476557,33.72171222330832,SCORED,0.5833751660719244,7.966074319158385,SCORED,1.0737236040696772,14.661854884647413
CCRm-medium-50-overlap-50:08,CCRm-medium-50-overlap-50,10000265,6.5978137267999974,PREDICTED,6.268605709075928,6.6871724128723145,6.215902328491211,7.111641883850098,5.234357833862305,,ELIGIBLE,SCORED,0.3292080177240697,4.98965310867815,SCORED,0.089358686072317,1.3543681251464614,SCORED,0.3819113983087865,5.788453783675053,SCORED,0.5138281570501002,7.787854861117937,SCORED,1.3634558929376928,20.665268062955484
CCRm-medium-50-overlap-50:09,CCRm-medium-50-overlap-50,10250269,6.027812371,PREDICTED,5.421056747436523,5.249000549316406,5.670787811279297,120.70808410644531,5.889387607574463,,ELIGIBLE,SCORED,0.6067556235634761,10.065934143580797,SCORED,0.7788118216835933,12.920306302672627,SCORED,0.3570245597207027,5.922954095889902,SCORED,114.68027173544532,1902.518935180793,SCORED,0.13842476342553667,2.296434509002017
CCRm-medium-50-overlap-50:10,CCRm-medium-50-overlap-50,10550272,5.401194052600001,PREDICTED,4.3780598640441895,4.754053592681885,4.387545108795166,7.517246723175049,4.589255332946777,,ELIGIBLE,SCORED,1.0231341885558116,18.942740782721927,SCORED,0.6471404599181163,11.981433246350386,SCORED,1.013648943804835,18.767126934032106,SCORED,2.1160526705750478,39.177497604560834,SCORED,0.8119387196532237,15.032578199303476
CCRm-medium-50-overlap-50:11,CCRm-medium-50-overlap-50,10850285,4.8184653628000005,PREDICTED,4.83216667175293,5.026443004608154,5.03472375869751,5.904019355773926,3.3821828365325928,,ELIGIBLE,SCORED,0.013701308952929203,0.2843500559059202,SCORED,0.2079776418081538,4.316263086870016,SCORED,0.21625839589750928,4.488117680934038,SCORED,1.0855539929739253,22.52904008306728,SCORED,1.4362825262674077,29.807883176995315
CCRm-medium-50-overlap-50:12,CCRm-medium-50-overlap-50,11150288,4.2856088844,PREDICTED,4.6227874755859375,4.870890140533447,4.825098037719727,5.576883316040039,3.328845739364624,,ELIGIBLE,SCORED,0.3371785911859373,7.867693956237994,SCORED,0.5852812561334471,13.656898515959382,SCORED,0.5394891533197264,12.588389838454814,SCORED,1.2912744316400389,30.13047775639054,SCORED,0.9567631450353762,22.3250224377236
CCRm-medium-50-overlap-50:13,CCRm-medium-50-overlap-50,11450300,3.9062531151,PREDICTED,5.099002361297607,4.885064601898193,5.018461227416992,5.53393030166626,4.627572059631348,,ELIGIBLE,SCORED,1.1927492461976072,30.534356352559932,SCORED,0.9788114867981932,25.05755407949635,SCORED,1.112208112316992,28.472504969471736,SCORED,1.6276771865662596,41.6685027468987,SCORED,0.7213189445313475,18.465750254201886
CCRm-medium-50-overlap-50:14,CCRm-medium-50-overlap-50,11700304,3.6548655100000014,PREDICTED,4.0024895668029785,3.9232826232910156,4.091570854187012,7.3338212966918945,3.0788064002990723,,ELIGIBLE,SCORED,0.34762405680297714,9.511268085018456,SCORED,0.26841711329101425,7.344103703860068,SCORED,0.43670534418701035,11.94860229445242,SCORED,3.678955786691893,100.65912895087325,SCORED,0.5760591097009291,15.761431114901104
CCRm-medium-50-overlap-50:15,CCRm-medium-50-overlap-50,12000308,3.3418846486999993,PREDICTED,2.79559588432312,2.807720184326172,2.810750961303711,5.925309181213379,2.8893654346466064,,ELIGIBLE,SCORED,0.5462887643768792,16.346727125647103,SCORED,0.5341644643738275,15.983928846305892,SCORED,0.5311336873962884,15.89323819428958,SCORED,2.5834245325133796,77.30441963394331,SCORED,0.4525192140533929,13.540838826660995
CCRm-medium-50-overlap-50:16,CCRm-medium-50-overlap-50,12300320,3.006322001400001,PREDICTED,2.8429017066955566,2.7957568168640137,2.76068377494812,3.3603897094726562,2.7320096492767334,,ELIGIBLE,SCORED,0.1634202947044443,5.435887926454379,SCORED,0.21056518453598727,7.004079550957286,SCORED,0.24563822645188083,8.170722442156583,SCORED,0.3540677080726553,11.777437942701116,SCORED,0.27431235212326754,9.124516668391616
CCRm-medium-50-overlap-50:17,CCRm-medium-50-overlap-50,12600323,2.7656547016000004,PREDICTED,2.692291021347046,2.663400650024414,2.6918928623199463,4.491759777069092,3.09218692779541,,ELIGIBLE,SCORED,0.07336368025295448,2.652669554536644,SCORED,0.10225405157558631,3.6972819317042647,SCORED,0.07376183928005409,2.667066110508337,SCORED,1.7261050754690914,62.412168607689765,SCORED,0.3265322261954098,11.806688159823521
CCRm-medium-50-overlap-50:18,CCRm-medium-50-overlap-50,12850328,2.6489535561000004,PREDICTED,2.139819383621216,2.115039825439453,2.1799967288970947,3.6320924758911133,2.154449701309204,,ELIGIBLE,SCORED,0.5091341724787846,19.220200041120098,SCORED,0.5339137306605473,20.15564710189247,SCORED,0.46895682720290566,17.703474873049156,SCORED,0.9831389197911129,37.114237715763046,SCORED,0.4945038547907963,18.66789448429757
CCRm-medium-50-overlap-50:19,CCRm-medium-50-overlap-50,13150340,2.4898319312,PREDICTED,3.113980770111084,2.8990166187286377,2.867258310317993,3.109206438064575,1.9372378587722778,,ELIGIBLE,SCORED,0.6241488389110841,25.06791045170142,SCORED,0.4091846875286378,16.434229250623638,SCORED,0.37742637911799326,15.158709083471699,SCORED,0.6193745068645753,24.876157266007166,SCORED,0.5525940724277221,22.194031071060838
CCRm-medium-50-overlap-50:20,CCRm-medium-50-overlap-50,13450344,2.3712668765,PREDICTED,2.6087019443511963,2.503262758255005,2.606714963912964,2.796398401260376,1.7858322858810425,,ELIGIBLE,SCORED,0.23743506785119628,10.01300487111984,SCORED,0.13199588175500487,5.56647094694931,SCORED,0.23544808741296386,9.929210825922986,SCORED,0.42513152476037597,17.92845541653548,SCORED,0.5854345906189575,24.6886841974979
CCRm-medium-50-overlap-50:21,CCRm-medium-50-overlap-50,13750356,2.3323423597999997,PREDICTED,2.38686203956604,2.347198963165283,2.3701183795928955,3.256150245666504,1.908490538597107,,ELIGIBLE,SCORED,0.05451967976604033,2.3375504688220574,SCORED,0.014856603365283494,0.6369821009706937,SCORED,0.0377760197928958,1.6196601512710649,SCORED,0.9238078858665042,39.6085884212008,SCORED,0.4238518212028928,18.172796091532568
CCRm-medium-50-overlap-50:22,CCRm-medium-50-overlap-50,14050359,2.300881528,PREDICTED,2.02514910697937,2.0208590030670166,2.0413057804107666,2.1129143238067627,1.7600497007369995,,ELIGIBLE,SCORED,0.27573242102063,11.983773074153255,SCORED,0.2800225249329835,12.17022786811575,SCORED,0.2595757475892335,11.281578144306504,SCORED,0.18796720419323742,8.16935604488183,SCORED,0.5408318272630006,23.50541827910231
CCRm-medium-50-overlap-50:23,CCRm-medium-50-overlap-50,14300363,2.281515864,PREDICTED,1.988874912261963,1.9745948314666748,2.0342037677764893,1.9572457075119019,1.70652437210083,,ELIGIBLE,SCORED,0.2926409517380373,12.826601662325205,SCORED,0.30692103253332537,13.452504862062417,SCORED,0.2473120962235109,10.839814884737129,SCORED,0.3242701564880983,14.212925783456148,SCORED,0.5749914918991701,25.202169354679977
CCRm-medium-50-overlap-50:24,CCRm-medium-50-overlap-50,14600376,2.2866847766,PREDICTED,2.042253017425537,2.0258424282073975,2.059028148651123,2.7091574668884277,1.9057806730270386,,ELIGIBLE,SCORED,0.24443175917446291,10.689350874933485,SCORED,0.26084234839260256,11.407009442746231,SCORED,0.22765662794887698,9.955750363081197,SCORED,0.4224726902884277,18.475335761695547,SCORED,0.38090410357296145,16.657481935018424
CCRm-medium-50-overlap-50:25,CCRm-medium-50-overlap-50,14900379,2.345821848,PREDICTED,2.1383543014526367,2.1598331928253174,2.1702661514282227,2.2738592624664307,1.6850110292434692,,ELIGIBLE,SCORED,0.2074675465473632,8.844130543171717,SCORED,0.18598865517468255,7.928507245051566,SCORED,0.17555569657177728,7.483760828702849,SCORED,0.07196258553356927,3.067691845180959,SCORED,0.6608108187565307,28.16969324929447
CCRm-medium-50-overlap-50:26,CCRm-medium-50-overlap-50,15200391,2.4822875039999994,PREDICTED,2.304936408996582,2.2370364665985107,2.2893147468566895,2.131937265396118,1.7098444700241089,,ELIGIBLE,SCORED,0.1773510950034174,7.144663731241079,SCORED,0.24525103740148868,9.880041574809004,SCORED,0.19297275714330997,7.773988985254547,SCORED,0.35035023860388126,14.11400726303142,SCORED,0.7724430339758905,31.11819371169387
CCRm-medium-50-overlap-50:27,CCRm-medium-50-overlap-50,15450396,2.7427706103999996,PREDICTED,2.0924746990203857,2.081146001815796,2.0976741313934326,2.483107566833496,1.761740803718567,,ELIGIBLE,SCORED,0.6502959113796138,23.70945309512326,SCORED,0.6616246085842037,24.122491544698075,SCORED,0.645096479006567,23.519884475956506,SCORED,0.2596630435665035,9.467180470066172,SCORED,0.9810298066814327,35.767840116179514
CCRm-medium-50-overlap-50:28,CCRm-medium-50-overlap-50,15750399,3.264870708,PREDICTED,2.4428703784942627,2.4229605197906494,2.43550968170166,3.134305477142334,2.02329421043396,,ELIGIBLE,SCORED,0.8220003295057374,25.177117350820904,SCORED,0.8419101882093507,25.786938090577237,SCORED,0.82936102629834,25.40256875306377,SCORED,0.13056523085766614,3.9990934568324144,SCORED,1.2415764975660402,38.02835115411376
CCRm-medium-50-overlap-50:29,CCRm-medium-50-overlap-50,16050412,4.38546428040001,PREDICTED,3.672886371612549,3.555542469024658,3.5314602851867676,4.4773149490356445,2.4854915142059326,,ELIGIBLE,SCORED,0.7125779087874609,16.248631005209436,SCORED,0.8299218113753515,18.924377404794463,SCORED,0.8540039952132421,19.473513876969626,SCORED,0.09185066863563485,2.0944343121466926,SCORED,1.899972766194077,43.324324283876635
CCRm-medium-50-overlap-50:30,CCRm-medium-50-overlap-50,16350415,7.158967120000005,PREDICTED,5.609320163726807,5.417464733123779,5.685881614685059,4.744204998016357,3.255202531814575,,ELIGIBLE,SCORED,1.5496469562731985,21.646236535211205,SCORED,1.7415023868762258,24.32616825423029,SCORED,1.4730855053149465,20.576788252031328,SCORED,2.4147621219836477,33.73059383437489,SCORED,3.90376458818543,54.52971808292685
CCRm-medium-50-overlap-50:31,CCRm-medium-50-overlap-50,16650418,,PREDICTED,8.864330291748047,8.814384460449219,8.882673263549805,7.281461715698242,6.178952693939209,,EXCLUDED_GT_NONFINITE,EXCLUDED_GT_NONFINITE,,,EXCLUDED_GT_NONFINITE,,,EXCLUDED_GT_NONFINITE,,,EXCLUDED_GT_NONFINITE,,,EXCLUDED_GT_NONFINITE,,
CCRs-1-high-0-overlap-0:00,CCRs-1-high-0-overlap-0,14786485,4.4395501575999985,PREDICTED,6.198666572570801,6.492103099822998,6.852627754211426,-5.043959140777588,3.5101935863494873,,ELIGIBLE,SCORED,1.7591164149708023,39.62375359042622,SCORED,2.0525529422229996,46.23335404172121,SCORED,2.4130775966114273,54.354101450583144,SCORED,9.483509298377587,213.61419427017648,SCORED,0.9293565712505112,20.93357521053253
CCRs-1-high-0-overlap-0:01,CCRs-1-high-0-overlap-0,14936374,4.282891568699999,PREDICTED,5.771561622619629,6.1112165451049805,6.279985427856445,7.105015754699707,5.362085819244385,,ELIGIBLE,SCORED,1.4886700539196296,34.75852773857384,SCORED,1.8283249764049812,42.68903256310873,SCORED,1.997093859156446,46.6295685314917,SCORED,2.8221241859997077,65.89296368425963,SCORED,1.0791942505443854,25.19779530332487
CCRs-1-high-0-overlap-0:02,CCRs-1-high-0-overlap-0,15086263,4.119020001599999,PREDICTED,5.5139899253845215,5.304109573364258,5.62991189956665,5.940667152404785,5.91590690612793,,ELIGIBLE,SCORED,1.3949699237845223,33.86654891801103,SCORED,1.1850895717642587,28.7711536070211,SCORED,1.5108918979666512,36.68085849012041,SCORED,1.821647150804786,44.22525625263248,SCORED,1.7968869045279305,43.62413641667058
CCRs-1-high-0-overlap-0:03,CCRs-1-high-0-overlap-0,15236142,3.943538186000002,PREDICTED,5.41325569152832,5.778406620025635,5.545985698699951,3.7184700965881348,5.4732346534729,,ELIGIBLE,SCORED,1.4697175055283185,37.26900656740129,SCORED,1.834868434025633,46.52848146721691,SCORED,1.6024475126999493,40.634765966989136,SCORED,0.22506808941186707,5.707262838505882,SCORED,1.5296964674728986,38.78994941404373
CCRs-1-high-0-overlap-0:04,CCRs-1-high-0-overlap-0,15386031,3.8062027122,PREDICTED,4.794809341430664,4.805187702178955,4.7457194328308105,4.3172149658203125,3.3104608058929443,,ELIGIBLE,SCORED,0.9886066292306639,25.973567462970077,SCORED,0.9989849899789549,26.246237142780494,SCORED,0.9395167206308104,24.683832987123434,SCORED,0.5110122536203123,13.4257760886557,SCORED,0.49574190630705584,13.024579713478134
CCRs-1-high-0-overlap-0:05,CCRs-1-high-0-overlap-0,15535921,3.6676398927999996,PREDICTED,5.526068687438965,6.555350303649902,6.3392744064331055,5.9919915199279785,5.553696155548096,,ELIGIBLE,SCORED,1.8584287946389653,50.670972313483546,SCORED,2.8877104108499028,78.73484025841282,SCORED,2.671634513633106,72.84342497413208,SCORED,2.324351627127979,63.37458679329313,SCORED,1.8860562627480961,51.42424877782146
CCRs-1-high-0-overlap-0:06,CCRs-1-high-0-overlap-0,15735764,3.4278790911000008,PREDICTED,3.427715301513672,3.3141841888427734,3.388554096221924,3.7424750328063965,4.552420139312744,,ELIGIBLE,SCORED,0.00016378958632889962,0.004778161130424814,SCORED,0.11369490225722734,3.3167710772652375,SCORED,0.039324994878076946,1.1472106755509168,SCORED,0.3145959417063957,9.17756820896044,SCORED,1.1245410482127434,32.80573842678564
CCRs-1-high-0-overlap-0:07,CCRs-1-high-0-overlap-0,15885655,3.278801446999999,PREDICTED,4.513657569885254,4.207871913909912,4.799440383911133,6.120792865753174,3.1771421432495117,,ELIGIBLE,SCORED,1.234856122885255,37.66181462482609,SCORED,0.9290704669099132,28.33567332233502,SCORED,1.520638936911134,46.377890259334585,SCORED,2.841991418753175,86.67775297444462,SCORED,0.10165930375048715,3.1005019789625337
CCRs-1-high-0-overlap-0:08,CCRs-1-high-0-overlap-0,16035546,3.1298775089000013,PREDICTED,3.4671459197998047,3.4006872177124023,3.3199334144592285,-6.289207935333252,2.860175371170044,,ELIGIBLE,SCORED,0.3372684108998034,10.775770295826586,SCORED,0.2708097088124011,8.65240598209792,SCORED,0.19005590555922725,6.072311297128769,SCORED,9.419085444233254,300.9410246071771,SCORED,0.2697021377299573,8.617018939656345
CCRs-1-high-0-overlap-0:09,CCRs-1-high-0-overlap-0,16185428,2.9814744653999976,PREDICTED,2.6565628051757812,2.6946115493774414,2.719877243041992,4.442989349365234,3.2955822944641113,,ELIGIBLE,SCORED,0.32491166022421636,10.897683813657142,SCORED,0.2868629160225562,9.621511750363771,SCORED,0.2615972223580054,8.774088974896161,SCORED,1.4615148839652368,49.01986922665657,SCORED,0.3141078290641137,10.535318437549412
CCRs-1-high-0-overlap-0:10,CCRs-1-high-0-overlap-0,16335319,2.8361291126000006,PREDICTED,2.7181386947631836,2.6994054317474365,2.6973471641540527,6.862913608551025,2.6548328399658203,,ELIGIBLE,SCORED,0.11799041783681696,4.160262567477053,SCORED,0.13672368085256403,4.820784788856936,SCORED,0.13878194844594782,4.89335791623113,SCORED,4.026784495951025,141.9817059125175,SCORED,0.18129627263418024,6.392384318074229
CCRs-1-high-0-overlap-0:11,CCRs-1-high-0-overlap-0,16535171,2.6397851820000025,PREDICTED,2.926107168197632,2.8507637977600098,2.8498823642730713,3.410107374191284,2.445401668548584,,ELIGIBLE,SCORED,0.2863219861976294,10.846412357716959,SCORED,0.21097861576000732,7.99226456753431,SCORED,0.21009718227306884,7.958874218465427,SCORED,0.7703221921912817,29.181245407539414,SCORED,0.19438351345141847,7.363611053538306
CCRs-1-high-0-overlap-0:12,CCRs-1-high-0-overlap-0,16685055,2.509322077800001,PREDICTED,2.7610785961151123,2.701740264892578,2.6959168910980225,3.4498376846313477,2.5442538261413574,,ELIGIBLE,SCORED,0.25175651831511114,10.03284992956479,SCORED,0.19241818709257696,7.668134305871003,SCORED,0.1865948132980213,7.436064702448027,SCORED,0.9405156068313465,37.48086445945293,SCORED,0.03493174834135626,1.3920791057631783
CCRs-1-high-0-overlap-0:13,CCRs-1-high-0-overlap-0,16834948,2.3935667684999986,PREDICTED,3.5360217094421387,3.6229095458984375,3.4325263500213623,3.0107269287109375,5.651025295257568,,ELIGIBLE,SCORED,1.14245494094214,47.73023071581555,SCORED,1.229342777398439,51.360287650084814,SCORED,1.0389595815213637,43.40633381087837,SCORED,0.6171601602109389,25.784121351154166,SCORED,3.2574585267575698,136.09223563873906
CCRs-1-high-0-overlap-0:14,CCRs-1-high-0-overlap-0,16984841,2.264985164000001,PREDICTED,2.8549892902374268,2.8047335147857666,2.9635941982269287,8.838906288146973,2.3941218852996826,,ELIGIBLE,SCORED,0.5900041262374258,26.048917918538102,SCORED,0.5397483507857657,23.83010535188501,SCORED,0.6986090342269278,30.843868001023584,SCORED,6.573921124146972,290.2412443416327,SCORED,0.12913672129968168,5.701437843929366
CCRs-1-high-0-overlap-0:15,CCRs-1-high-0-overlap-0,17134725,2.1569111420000002,PREDICTED,2.2667791843414307,2.189887046813965,2.3027865886688232,3.8111414909362793,2.2130699157714844,,ELIGIBLE,SCORED,0.10986804234143044,5.093767666272755,SCORED,0.03297590481396462,1.5288485543909631,SCORED,0.14587544666882302,6.763164408041386,SCORED,1.654230348936279,76.69441344729624,SCORED,0.05615877377148415,2.603666543231392
CCRs-1-high-0-overlap-0:16,CCRs-1-high-0-overlap-0,17334580,2.0105334158,PREDICTED,2.401031255722046,2.455138683319092,2.35939621925354,7.1711602210998535,2.264889717102051,,ELIGIBLE,SCORED,0.390497839922046,19.422598841346055,SCORED,0.4446052675190919,22.113796469390266,SCORED,0.34886280345354015,17.35175355514925,SCORED,5.160626805299854,256.6794843967524,SCORED,0.2543563013020509,12.651184969280473
CCRs-1-high-0-overlap-0:17,CCRs-1-high-0-overlap-0,17484473,1.932422478399999,PREDICTED,2.631051540374756,2.4990339279174805,2.594146728515625,3.405428171157837,1.4823206663131714,,ELIGIBLE,SCORED,0.6986290619747568,36.15301880327978,SCORED,0.5666114495174814,29.32130296821131,SCORED,0.661724250115626,34.24324947117766,SCORED,1.4730056927578379,76.22586205773452,SCORED,0.45010181208682765,23.29210186270973
CCRs-1-high-0-overlap-0:18,CCRs-1-high-0-overlap-0,17634359,1.8500758086,PREDICTED,2.6446311473846436,2.532423496246338,2.6247236728668213,2.659921646118164,2.2065558433532715,,ELIGIBLE,SCORED,0.7945553387846436,42.94717735841885,SCORED,0.6823476876463379,36.882147449011185,SCORED,0.7746478642668213,41.87114174813287,SCORED,0.8098458375181641,43.77365693630659,SCORED,0.3564800347532715,19.268401494478713
CCRs-1-high-0-overlap-0:19,CCRs-1-high-0-overlap-0,17784254,1.7703270506000002,PREDICTED,2.0086257457733154,1.9738223552703857,2.015155076980591,2.376211404800415,1.9325517416000366,,ELIGIBLE,SCORED,0.23829869517331526,13.46071592209761,SCORED,0.20349530467038557,11.494785926782107,SCORED,0.24482802638059065,13.829536542279767,SCORED,0.6058843542004149,34.22443067765745,SCORED,0.16222469100003645,9.163543591849606
CCRs-1-high-0-overlap-0:20,CCRs-1-high-0-overlap-0,17934149,1.6900682887999996,PREDICTED,2.1520354747772217,2.101787567138672,2.105494499206543,3.2931370735168457,3.3941502571105957,,ELIGIBLE,SCORED,0.4619671859772221,27.33423193835753,SCORED,0.4117192783386723,24.361103102585613,SCORED,0.4154262104065434,24.580439332514118,SCORED,1.603068784716846,94.85230835584012,SCORED,1.704081968310596,100.82917830027725
CCRs-1-high-0-overlap-0:21,CCRs-1-high-0-overlap-0,18133997,1.6037812219999994,PREDICTED,2.2202978134155273,2.1442019939422607,2.1739187240600586,2.1921372413635254,1.8777004480361938,,ELIGIBLE,SCORED,0.616516591415528,38.44143970252373,SCORED,0.5404207719422613,33.696664141529745,SCORED,0.5701375020600592,35.54958084301971,SCORED,0.588356019363526,36.68555357131662,SCORED,0.27391922603619445,17.079588055944615
CCRs-1-high-0-overlap-0:22,CCRs-1-high-0-overlap-0,18283893,1.524132635200001,PREDICTED,1.8175126314163208,1.748533844947815,1.7727017402648926,1.8229011297225952,1.5177067518234253,,ELIGIBLE,SCORED,0.2933799962163197,19.248980662225733,SCORED,0.22440120974781386,14.723207453553888,SCORED,0.2485691050648915,16.308889352813676,SCORED,0.29876849452259413,19.602525897189313,SCORED,0.006425883376575792,0.42160919779350886
CCRs-1-high-0-overlap-0:23,CCRs-1-high-0-overlap-0,18433788,1.4477188879999998,PREDICTED,2.196258068084717,2.1325173377990723,2.172236919403076,1.6079895496368408,1.486152172088623,,ELIGIBLE,SCORED,0.748539180084717,51.704732616897175,SCORED,0.6847984497990725,47.301893722275764,SCORED,0.7245180314030764,50.04549138707352,SCORED,0.160270661636841,11.07056507760649,SCORED,0.03843328408862323,2.654747714296813
CCRs-1-high-0-overlap-0:24,CCRs-1-high-0-overlap-0,18583676,1.3641103868999995,PREDICTED,1.8605512380599976,1.775744080543518,1.778182864189148,2.483365058898926,1.8198283910751343,,ELIGIBLE,SCORED,0.49644085115999803,36.39301158670755,SCORED,0.41163369364351854,30.175981181330503,SCORED,0.4140724772891484,30.354763167674886,SCORED,1.1192546719989263,82.05015391331206,SCORED,0.45571800417513475,33.407707217212376
CCRs-1-high-0-overlap-0:25,CCRs-1-high-0-overlap-0,18733573,1.2779511344,PREDICTED,1.81636643409729,1.751082181930542,1.748555064201355,1.542762279510498,1.3702510595321655,,ELIGIBLE,SCORED,0.53841529969729,42.13113359377992,SCORED,0.4731310475305419,37.02262432379135,SCORED,0.4706039298013549,36.824876721307824,SCORED,0.26481114511049797,20.721539187398367,SCORED,0.09229992513216545,7.222492523198111
CCRs-1-high-0-overlap-0:26,CCRs-1-high-0-overlap-0,18933434,1.1882918015000006,PREDICTED,1.9445098638534546,1.8739197254180908,1.8892656564712524,1.3382920026779175,1.1594691276550293,,ELIGIBLE,SCORED,0.756218062353454,63.63908775595921,SCORED,0.6856279239180902,57.698616034597784,SCORED,0.7009738549712519,58.99004386686846,SCORED,0.1500002011779169,12.623179002713739,SCORED,0.02882267384497128,2.4255552220917402
CCRs-1-high-0-overlap-0:27,CCRs-1-high-0-overlap-0,19083322,1.1148049875000001,PREDICTED,1.7549389600753784,1.6682478189468384,1.6430693864822388,1.8360698223114014,1.2358014583587646,,ELIGIBLE,SCORED,0.6401339725753783,57.421161526278,SCORED,0.5534428314468383,49.644811213839155,SCORED,0.5282643989822386,47.38626081740943,SCORED,0.7212648348114012,64.69874488352173,SCORED,0.12099647085876453,10.853599707165332
CCRs-1-high-0-overlap-0:28,CCRs-1-high-0-overlap-0,19233220,1.0398301280000002,PREDICTED,1.590037226676941,1.5272425413131714,1.5002975463867188,1.210170030593872,0.9514620900154114,,ELIGIBLE,SCORED,0.5502070986769407,52.91317147496044,SCORED,0.4874124133131712,46.87423456854975,SCORED,0.46046741838671856,44.28294641475502,SCORED,0.17033990259387188,16.381512518924808,SCORED,0.08836803798458881,8.498314830957542
CCRs-1-high-0-overlap-0:29,CCRs-1-high-0-overlap-0,19383117,0.9761647980000004,PREDICTED,1.220613956451416,1.1639610528945923,1.192237377166748,1.0364937782287598,0.9561623334884644,,ELIGIBLE,SCORED,0.24444915845141557,25.041792016291847,SCORED,0.18779625489459184,19.23817118578289,SCORED,0.2160725791667476,22.134846453123945,SCORED,0.06032898022875932,6.18020444420485,SCORED,0.02000246451153609,2.0490868501422934
CCRs-1-high-0-overlap-0:30,CCRs-1-high-0-overlap-0,19533007,,PREDICTED,1.1494452953338623,1.0883709192276,1.1188228130340576,1.1304960250854492,0.8540209531784058,,EXCLUDED_GT_NONFINITE,EXCLUDED_GT_NONFINITE,,,EXCLUDED_GT_NONFINITE,,,EXCLUDED_GT_NONFINITE,,,EXCLUDED_GT_NONFINITE,,,EXCLUDED_GT_NONFINITE,,
CCRs-1-high-0-overlap-0:31,CCRs-1-high-0-overlap-0,19732872,,PREDICTED,1.0790932178497314,1.0275771617889404,1.0531196594238281,1.6414488554000854,1.4045270681381226,,EXCLUDED_GT_NONFINITE,EXCLUDED_GT_NONFINITE,,,EXCLUDED_GT_NONFINITE,,,EXCLUDED_GT_NONFINITE,,,EXCLUDED_GT_NONFINITE,,,EXCLUDED_GT_NONFINITE,,
CCRs-1-high-100-overlap-100:00,CCRs-1-high-100-overlap-100,17848286,3.4857137647999985,PREDICTED,4.362449645996094,4.468571662902832,4.3616719245910645,3.2686729431152344,5.50961446762085,,ELIGIBLE,SCORED,0.8767358811960952,25.15226264559334,SCORED,0.9828578981028335,28.19674719215585,SCORED,0.875958159791066,25.12995096260654,SCORED,0.21704082168476413,6.226581880489472,SCORED,2.023900702820851,58.062733757973305
CCRs-1-high-100-overlap-100:01,CCRs-1-high-100-overlap-100,17998306,3.3155727563,PREDICTED,4.176156044006348,4.240482330322266,4.157151699066162,4.54810094833374,3.1863439083099365,,ELIGIBLE,SCORED,0.8605832877063477,25.955795603372984,SCORED,0.9249095740222657,27.895921519587308,SCORED,0.8415789427661622,25.382611229600005,SCORED,1.2325281920337403,37.173914814319296,SCORED,0.1292288479900634,3.897632701454448
CCRs-1-high-100-overlap-100:02,CCRs-1-high-100-overlap-100,18148318,3.1701161285000015,PREDICTED,4.083242416381836,3.898939371109009,3.976090669631958,-5.572640895843506,7.161487102508545,,ELIGIBLE,SCORED,0.9131262878818345,28.804190473422718,SCORED,0.7288232426090073,22.9904272609049,SCORED,0.8059745411319565,25.42413301159785,SCORED,8.742757024343508,275.78664849985495,SCORED,3.9913709740085435,125.90614388303605
CCRs-1-high-100-overlap-100:03,CCRs-1-high-100-overlap-100,18298340,3.0163061136000007,PREDICTED,4.870506763458252,4.7208733558654785,4.939141750335693,6.694231033325195,2.755553722381592,,ELIGIBLE,SCORED,1.8542006498582513,61.47256213479071,SCORED,1.7045672422654778,56.51174576014948,SCORED,1.9228356367356927,63.7480270343239,SCORED,3.6779249197251946,121.93473676766658,SCORED,0.2607523912184089,8.644758900388844
CCRs-1-high-100-overlap-100:04,CCRs-1-high-100-overlap-100,18448353,2.8768513639999966,PREDICTED,5.145359039306641,5.20806360244751,4.92759895324707,3.041720151901245,5.3031535148620605,,ELIGIBLE,SCORED,2.268507675306644,78.85383665259971,SCORED,2.331212238447513,81.03346136055418,SCORED,2.0507475892470737,71.28444711845307,SCORED,0.16486878790124848,5.730876122568029,SCORED,2.426302150862064,84.3388080880381
CCRs-1-high-100-overlap-100:05,CCRs-1-high-100-overlap-100,18598375,2.720084940399999,PREDICTED,5.250308513641357,5.08698034286499,4.908782958984375,3.2661023139953613,5.462756156921387,,ELIGIBLE,SCORED,2.5302235732413583,93.02002064940218,SCORED,2.366895402464991,87.01549599833194,SCORED,2.188698018584376,80.46432617146579,SCORED,0.5460173735953622,20.073541288569768,SCORED,2.7426712165213876,100.83035186827904
CCRs-1-high-100-overlap-100:06,CCRs-1-high-100-overlap-100,18798400,2.5181458285,PREDICTED,3.6901464462280273,3.9100074768066406,3.9277424812316895,7.643378734588623,2.430040121078491,,ELIGIBLE,SCORED,1.1720006177280275,46.54220595421833,SCORED,1.3918616483066408,55.273274190627,SCORED,1.4095966527316897,55.97756241032924,SCORED,5.125232906088623,203.5320134394919,SCORED,0.08810570742150858,3.498832610261936
CCRs-1-high-100-overlap-100:07,CCRs-1-high-100-overlap-100,18948422,2.3748855682999994,PREDICTED,3.0967323780059814,3.1932547092437744,3.1844418048858643,5.440524101257324,2.2450473308563232,,ELIGIBLE,SCORED,0.721846809705982,30.395014367900576,SCORED,0.818369140943775,34.45930835015278,SCORED,0.8095562365858648,34.08822081332385,SCORED,3.065638532957325,129.0857367562254,SCORED,0.12983823744367617,5.467136571831439
CCRs-1-high-100-overlap-100:08,CCRs-1-high-100-overlap-100,19098438,2.230897611999999,PREDICTED,3.4795081615448,3.4122135639190674,3.409221649169922,2.1287505626678467,2.1875641345977783,,ELIGIBLE,SCORED,1.248610549544801,55.9689760224102,SCORED,1.1813159519190686,52.95249524517709,SCORED,1.178324037169923,52.81838264704385,SCORED,0.10214704933215213,4.578742152158984,SCORED,0.04333347740222049,1.9424234070236888
CCRs-1-high-100-overlap-100:09,CCRs-1-high-100-overlap-100,19248464,2.1175073287000004,PREDICTED,2.6972780227661133,2.5126893520355225,2.6089630126953125,5.451608657836914,4.891373634338379,,ELIGIBLE,SCORED,0.5797706940661129,27.37986717722725,SCORED,0.3951820233355221,18.662604751320313,SCORED,0.49145568399531214,23.209160947604897,SCORED,3.3341013291369137,157.45406327277348,SCORED,2.7738663056383785,130.9967747474733
CCRs-1-high-100-overlap-100:10,CCRs-1-high-100-overlap-100,19398488,2.0131531145,PREDICTED,2.164032220840454,2.1274466514587402,2.194805860519409,3.849760055541992,1.977705955505371,,ELIGIBLE,SCORED,0.15087910634045398,7.494666215586254,SCORED,0.11429353695874012,5.6773394996896105,SCORED,0.18165274601940906,9.02329508426514,SCORED,1.836606941041992,91.23036533155819,SCORED,0.035447158994629024,1.7607780918061422
CCRs-1-high-100-overlap-100:11,CCRs-1-high-100-overlap-100,19598510,1.8943824856999993,PREDICTED,3.1213161945343018,3.2802815437316895,3.16471529006958,6.101227283477783,2.052346706390381,,ELIGIBLE,SCORED,1.2269337088343024,64.76694744044438,SCORED,1.3858990580316901,73.15835468778535,SCORED,1.2703328043695807,67.05788371455388,SCORED,4.206844797777784,222.06945163047678,SCORED,0.15796422069038152,8.33856002590795
CCRs-1-high-100-overlap-100:12,CCRs-1-high-100-overlap-100,19748535,1.8003601923999994,PREDICTED,3.197434902191162,3.089189052581787,3.1625614166259766,3.4929537773132324,5.563475131988525,,ELIGIBLE,SCORED,1.3970747097911627,77.59973341383257,SCORED,1.2888288601817877,71.58727823590087,SCORED,1.3622012242259771,75.66270516179723,SCORED,1.692593584913233,94.014164057743,SCORED,3.763114939588526,209.020114723379
CCRs-1-high-100-overlap-100:13,CCRs-1-high-100-overlap-100,19898560,1.7123401898000004,PREDICTED,2.5160934925079346,2.543026924133301,2.580509662628174,2.241373300552368,1.6086910963058472,,ELIGIBLE,SCORED,0.8037533027079342,46.93887975623651,SCORED,0.8306867343333004,48.51178167057586,SCORED,0.8681694728281735,50.70075899635194,SCORED,0.5290331107523678,30.895327570052437,SCORED,0.10364909349415319,6.053066680999837
CCRs-1-high-100-overlap-100:14,CCRs-1-high-100-overlap-100,20048579,1.6301952951999998,PREDICTED,2.0309762954711914,2.010033130645752,2.070528984069824,2.007019281387329,1.554551362991333,,ELIGIBLE,SCORED,0.40078100027119157,24.584845843394604,SCORED,0.3798378354457521,23.300143029743676,SCORED,0.4403336888698244,27.01110045933498,SCORED,0.37682398618732926,23.115266452851515,SCORED,0.07564393220866683,4.640176083895916
CCRs-1-high-100-overlap-100:15,CCRs-1-high-100-overlap-100,20198607,1.5468848184,PREDICTED,2.0000925064086914,1.976455807685852,2.0197246074676514,1.6428295373916626,1.734493374824524,,ELIGIBLE,SCORED,0.4532076880086915,29.298088818109996,SCORED,0.42957098928585213,27.770069508483076,SCORED,0.47283978906765145,30.56722668962044,SCORED,0.09594471899166268,6.202447515833909,SCORED,0.187608556424524,12.128152929871952
CCRs-1-high-100-overlap-100:16,CCRs-1-high-100-overlap-100,20398642,1.4425870803000016,PREDICTED,2.175598382949829,2.1514980792999268,2.209771156311035,2.225614547729492,1.5937637090682983,,ELIGIBLE,SCORED,0.7330113026498275,50.812274188494044,SCORED,0.7089109989999252,49.141643418330034,SCORED,0.7671840760110336,53.18112760662527,SCORED,0.7830274674294906,54.27939000165255,SCORED,0.15117662876829674,10.479549611442376
CCRs-1-high-100-overlap-100:17,CCRs-1-high-100-overlap-100,20548661,1.3660467676000008,PREDICTED,1.8403387069702148,1.7906256914138794,1.7944732904434204,2.0201101303100586,1.9411064386367798,,ELIGIBLE,SCORED,0.4742919393702141,34.720036723449425,SCORED,0.42457892381387863,31.080848319696898,SCORED,0.42842652284341964,31.362507712391107,SCORED,0.6540633627100578,47.8800124727192,SCORED,0.575059671036779,42.09663129228714
CCRs-1-high-100-overlap-100:18,CCRs-1-high-100-overlap-100,20698689,1.2934551207999985,PREDICTED,1.8227030038833618,1.804271936416626,1.816029667854309,1.7231065034866333,1.3198060989379883,,ELIGIBLE,SCORED,0.5292478830833633,40.91737506563235,SCORED,0.5108168156166275,39.49242671061434,SCORED,0.5225745470543106,40.401444058692945,SCORED,0.42965138268663483,33.21733980386553,SCORED,0.02635097813798981,2.037254923981576
CCRs-1-high-100-overlap-100:19,CCRs-1-high-100-overlap-100,20848718,1.2394535439999987,PREDICTED,1.8788700103759766,1.8577290773391724,1.867393136024475,1.940787672996521,1.7818928956985474,,ELIGIBLE,SCORED,0.6394164663759778,51.588578649945624,SCORED,0.6182755333391736,49.882913025030184,SCORED,0.6279395920244764,50.66261620407106,SCORED,0.7013341289965223,56.584140034257146,SCORED,0.5424393516985486,43.764395553541554
CCRs-1-high-100-overlap-100:20,CCRs-1-high-100-overlap-100,20998738,1.182844105,PREDICTED,1.8495287895202637,1.7754567861557007,1.7930828332901,3.216447591781616,2.114741325378418,,ELIGIBLE,SCORED,0.6666846845202636,56.3628530338124,SCORED,0.5926126811557006,50.10065812144371,SCORED,0.6102387282901001,51.590799304030014,SCORED,2.033603486781616,171.9248951053965,SCORED,0.9318972203784179,78.78444982218666
CCRs-1-high-100-overlap-100:21,CCRs-1-high-100-overlap-100,21198776,1.1125288067999999,PREDICTED,1.8363746404647827,1.7709447145462036,1.767261266708374,1.2764338254928589,1.4047845602035522,,ELIGIBLE,SCORED,0.7238458336647828,65.06310930921441,SCORED,0.6584159077462037,59.181919939675566,SCORED,0.6547324599083741,58.85083207792172,SCORED,0.163905018692859,14.732653904423737,SCORED,0.29225575340355237,26.269499865282263
CCRs-1-high-100-overlap-100:22,CCRs-1-high-100-overlap-100,21348808,1.084078764,PREDICTED,1.6949398517608643,1.6385209560394287,1.6201356649398804,1.3036741018295288,1.2703795433044434,,ELIGIBLE,SCORED,0.6108610877608642,56.34840456674274,SCORED,0.5544421920394287,51.144087537852435,SCORED,0.5360569009398803,49.44815070096515,SCORED,0.21959533782952878,20.25640065296296,SCORED,0.18630077930444333,17.185170071687093
CCRs-1-high-100-overlap-100:23,CCRs-1-high-100-overlap-100,21498830,1.0741516271999998,PREDICTED,1.727122187614441,1.6779423952102661,1.6808468103408813,1.5020642280578613,1.803972601890564,,ELIGIBLE,SCORED,0.6529705604144411,60.78942151924538,SCORED,0.6037907680102663,56.21094384823239,SCORED,0.6066951831408816,56.481335388594914,SCORED,0.42791260085786154,39.83726226559885,SCORED,0.7298209746905642,67.94394350013646
CCRs-1-high-100-overlap-100:24,CCRs-1-high-100-overlap-100,21648861,1.0758160576,PREDICTED,1.5816079378128052,1.5226346254348755,1.4988608360290527,3.0920045375823975,1.7893750667572021,,ELIGIBLE,SCORED,0.5057918802128052,47.014717491869234,SCORED,0.4468185678348755,41.53298927622137,SCORED,0.42304477842905275,39.323151522092765,SCORED,2.0161884799823975,187.41014932238892,SCORED,0.7135590091572022,66.32723169693672
CCRs-1-high-100-overlap-100:25,CCRs-1-high-100-overlap-100,21798892,1.1042967291999997,PREDICTED,1.4441516399383545,1.4223941564559937,1.390411138534546,2.9559521675109863,1.5417571067810059,,ELIGIBLE,SCORED,0.33985491073835483,30.775687525993167,SCORED,0.318097427255994,28.805430537355438,SCORED,0.28611440933454624,25.909196483975816,SCORED,1.8516554383109867,167.67734516902954,SCORED,0.4374603775810062,39.61438678695729
CCRs-1-high-100-overlap-100:26,CCRs-1-high-100-overlap-100,21998923,1.187423855000001,PREDICTED,1.651607871055603,1.6261940002441406,1.6072748899459839,2.6937332153320312,1.2152973413467407,,ELIGIBLE,SCORED,0.4641840160556021,39.09168694068402,SCORED,0.4387701452441397,36.95143426642203,SCORED,0.41985103494598297,35.35814386565298,SCORED,1.5063093603320303,126.85523825290079,SCORED,0.027873486346739806,2.347391475198196
CCRs-1-high-100-overlap-100:27,CCRs-1-high-100-overlap-100,22148957,1.3597713435999965,PREDICTED,1.9078789949417114,1.8919477462768555,1.902146339416504,2.372988224029541,1.1955041885375977,,ELIGIBLE,SCORED,0.5481076513417149,40.30881029531032,SCORED,0.532176402676859,39.137197969470456,SCORED,0.5423749958165074,39.88722062494484,SCORED,1.0132168804295445,74.51376918615239,SCORED,0.16426715506239886,12.080498374638587
CCRs-1-high-100-overlap-100:28,CCRs-1-high-100-overlap-100,22298991,1.7231580482000026,PREDICTED,1.9287663698196411,1.9045660495758057,1.9185101985931396,2.587822675704956,1.2843074798583984,,ELIGIBLE,SCORED,0.2056083216196385,11.932064028277344,SCORED,0.18140800137580304,10.527647279093198,SCORED,0.19535215039313703,11.336867828067215,SCORED,0.8646646275049534,50.17906676686885,SCORED,0.4388505683416042,25.467807134698067
CCRs-1-high-100-overlap-100:29,CCRs-1-high-100-overlap-100,22449015,2.3892275582000027,PREDICTED,2.191753387451172,2.1715145111083984,2.1760413646698,1.801348090171814,1.899538278579712,,ELIGIBLE,SCORED,0.19747417074883078,8.26518889216245,SCORED,0.21771304709160422,9.112277578767968,SCORED,0.21318619353020285,8.922808243967065,SCORED,0.5878794680281887,24.605419689327775,SCORED,0.48968927962029074,20.495715359537083
CCRs-1-high-100-overlap-100:30,CCRs-1-high-100-overlap-100,22599049,,PREDICTED,2.171459913253784,2.1732842922210693,2.164459705352783,2.931117057800293,2.693845510482788,,EXCLUDED_GT_NONFINITE,EXCLUDED_GT_NONFINITE,,,EXCLUDED_GT_NONFINITE,,,EXCLUDED_GT_NONFINITE,,,EXCLUDED_GT_NONFINITE,,,EXCLUDED_GT_NONFINITE,,
CCRs-1-high-100-overlap-100:31,CCRs-1-high-100-overlap-100,22799092,,PREDICTED,5.620536804199219,5.092772960662842,5.1429009437561035,5.927926063537598,7.721224308013916,,EXCLUDED_GT_NONFINITE,EXCLUDED_GT_NONFINITE,,,EXCLUDED_GT_NONFINITE,,,EXCLUDED_GT_NONFINITE,,,EXCLUDED_GT_NONFINITE,,,EXCLUDED_GT_NONFINITE,,
CCRs-1-high-50-overlap-50:00,CCRs-1-high-50-overlap-50,14152052,5.836508102200001,PREDICTED,6.1895647048950195,6.192683219909668,6.722855567932129,5.505040645599365,6.717039108276367,,ELIGIBLE,SCORED,0.3530566026950188,6.049106700664709,SCORED,0.35617511770966725,6.102537878349066,SCORED,0.8863474657321282,15.186262919741864,SCORED,0.3314674566006355,5.679208369053628,SCORED,0.8805310060763665,15.086606420446175
CCRs-1-high-50-overlap-50:01,CCRs-1-high-50-overlap-50,14352128,5.5818244452,PREDICTED,5.523578643798828,5.433180809020996,6.260628700256348,5.200173854827881,5.921878814697266,,ELIGIBLE,SCORED,0.058245801401171526,1.0434903851420672,SCORED,0.14864363617900356,2.6629937512066912,SCORED,0.678804255056348,12.160974636887314,SCORED,0.3816505903721188,6.837380754608166,SCORED,0.340054369497266,6.09217242204187
CCRs-1-high-50-overlap-50:02,CCRs-1-high-50-overlap-50,14602219,5.2441124538,PREDICTED,6.04578971862793,6.385555744171143,6.624006748199463,4.807583332061768,6.033841133117676,,ELIGIBLE,SCORED,0.80167726482793,15.287186762118669,SCORED,1.141443290371143,21.766186374283944,SCORED,1.3798942943994632,26.313209462157154,SCORED,0.4365291217382321,8.324175455503696,SCORED,0.7897286793176761,15.059339140323377
CCRs-1-high-50-overlap-50:03,CCRs-1-high-50-overlap-50,14802285,5.0026180566,PREDICTED,4.971270561218262,5.314262390136719,5.021475791931152,-4.890546798706055,5.280304431915283,,ELIGIBLE,SCORED,0.03134749538173853,0.6266218013662165,SCORED,0.3116443335367185,6.229624768686133,SCORED,0.018857735331152092,0.3769573274992063,SCORED,9.893164855306054,197.7597478634994,SCORED,0.27768637531528295,5.550821033577184
CCRs-1-high-50-overlap-50:04,CCRs-1-high-50-overlap-50,15052380,4.696749957600002,PREDICTED,5.471206188201904,5.795689582824707,6.5114054679870605,-14.123662948608398,4.1902079582214355,,ELIGIBLE,SCORED,0.7744562306019027,16.48919439172451,SCORED,1.0989396252247055,23.397873745577336,SCORED,1.814655510387059,38.63640872452005,SCORED,18.8204129062084,400.7114084443505,SCORED,0.506541999378566,10.784947121975481
CCRs-1-high-50-overlap-50:05,CCRs-1-high-50-overlap-50,15252459,4.4720394013,PREDICTED,6.31027889251709,6.517935276031494,6.422248840332031,-8.918169021606445,3.477510929107666,,ELIGIBLE,SCORED,1.8382394912170898,41.10517207613874,SCORED,2.045895874731494,45.748610223263285,SCORED,1.9502094390320313,43.60895028038248,SCORED,13.390208422906445,299.4206271754667,SCORED,0.994528472192334,22.238812831193513
CCRs-1-high-50-overlap-50:06,CCRs-1-high-50-overlap-50,15502555,4.184318693000001,PREDICTED,6.844728946685791,6.701426029205322,6.917231559753418,3.442094564437866,5.80633020401001,,ELIGIBLE,SCORED,2.6604102536857903,63.580488219896445,SCORED,2.5171073362053216,60.155727153771096,SCORED,2.7329128667534173,65.31321028021459,SCORED,0.7422241285621345,17.738231311200327,SCORED,1.622011511010009,38.76405288448733
CCRs-1-high-50-overlap-50:07,CCRs-1-high-50-overlap-50,15752651,3.9033633675000003,PREDICTED,5.134443283081055,5.482517719268799,5.370481967926025,6.048285007476807,3.261822462081909,,ELIGIBLE,SCORED,1.2310799155810543,31.538952428339464,SCORED,1.5791543517687985,40.4562476790421,SCORED,1.467118600426025,37.58601140343424,SCORED,2.1449216399768063,54.95060126443138,SCORED,0.6415409054180912,16.435592718824456
CCRs-1-high-50-overlap-50:08,CCRs-1-high-50-overlap-50,15952731,3.6827612199999993,PREDICTED,4.205676078796387,4.335927963256836,4.29105806350708,5.365635871887207,3.4694135189056396,,ELIGIBLE,SCORED,0.5229148587963874,14.198988953087422,SCORED,0.6531667432568367,17.735788562931507,SCORED,0.6082968435070808,16.517411995206167,SCORED,1.6828746518872078,45.6960023025117,SCORED,0.21334770109435963,5.793145098186944
CCRs-1-high-50-overlap-50:09,CCRs-1-high-50-overlap-50,16202831,3.4389895944999997,PREDICTED,4.930869102478027,4.812734127044678,4.82690954208374,2.1329238414764404,5.482893943786621,,ELIGIBLE,SCORED,1.4918795079780276,43.38133242287214,SCORED,1.373744532544678,39.94616717485035,SCORED,1.3879199475837405,40.358364264999544,SCORED,1.3060657530235593,37.97818275206065,SCORED,2.0439043492866213,59.43328100077569
CCRs-1-high-50-overlap-50:10,CCRs-1-high-50-overlap-50,16402912,3.1988963027999984,PREDICTED,5.432829856872559,5.126371383666992,5.326578140258789,3.355631113052368,2.8388710021972656,,ELIGIBLE,SCORED,2.2339335540725602,69.83450986257964,SCORED,1.9274750808669938,60.25437833604897,SCORED,2.1276818374587907,66.51299811114313,SCORED,0.1567348102523698,4.899652736951166,SCORED,0.36002530060273275,11.254672440854119
CCRs-1-high-50-overlap-50:11,CCRs-1-high-50-overlap-50,16653012,2.9685766794000004,PREDICTED,4.503968238830566,4.6604838371276855,4.814381122589111,5.181271553039551,2.742966413497925,,ELIGIBLE,SCORED,1.535391559430566,51.721472114403824,SCORED,1.6919071577276852,56.993884290354536,SCORED,1.845804443189111,62.178095516204735,SCORED,2.2126948736395504,74.53723156266166,SCORED,0.22561026590207556,7.599947391208207
CCRs-1-high-50-overlap-50:12,CCRs-1-high-50-overlap-50,16853094,2.763610669200003,PREDICTED,4.7102952003479,4.927466869354248,4.824234962463379,2.3044137954711914,5.12545919418335,,ELIGIBLE,SCORED,1.9466845311478975,70.43989780627872,SCORED,2.163856200154245,78.29815625876955,SCORED,2.060624293263376,74.5627564775568,SCORED,0.45919687372881146,16.61583083487435,SCORED,2.3618485249833467,85.46241883148626
CCRs-1-high-50-overlap-50:13,CCRs-1-high-50-overlap-50,17103196,2.5211207030000016,PREDICTED,3.0388259887695312,2.996738910675049,3.074190378189087,3.3407440185546875,4.701357364654541,,ELIGIBLE,SCORED,0.5177052857695297,20.534728271973947,SCORED,0.47561820767504726,18.865348537620054,SCORED,0.5530696751890853,21.937453233832134,SCORED,0.8196233155546859,32.51027666304819,SCORED,2.1802366616545394,86.47886866583468
CCRs-1-high-50-overlap-50:14,CCRs-1-high-50-overlap-50,17353299,2.321643662600001,PREDICTED,2.7780139446258545,2.7660560607910156,2.746396541595459,2.893371820449829,2.269850730895996,,ELIGIBLE,SCORED,0.4563702820258535,19.657206201694446,SCORED,0.44441239819101463,19.142145082390407,SCORED,0.424752878995458,18.295351945603,SCORED,0.5717281578498281,24.626008162232427,SCORED,0.051792931704004896,2.2308734341256384
CCRs-1-high-50-overlap-50:15,CCRs-1-high-50-overlap-50,17553383,2.1804725528,PREDICTED,2.6725375652313232,2.6197047233581543,2.6308586597442627,5.374022960662842,1.9748008251190186,,ELIGIBLE,SCORED,0.4920650124313233,22.566897794675295,SCORED,0.43923217055815433,20.14389816529106,SCORED,0.45038610694426273,20.655435738730603,SCORED,3.193550407862842,146.46138992953263,SCORED,0.2056717276809814,9.432438276596196
CCRs-1-high-50-overlap-50:16,CCRs-1-high-50-overlap-50,17803486,2.0011082240000015,PREDICTED,2.107980966567993,2.1992976665496826,2.217491865158081,4.332298755645752,1.8547767400741577,,ELIGIBLE,SCORED,0.10687274256799162,5.340677794745375,SCORED,0.19818944254968107,9.903984210984929,SCORED,0.2163836411580795,10.813190339378634,SCORED,2.3311905316457504,116.49497531852373,SCORED,0.14633148392584383,7.312522239968752
CCRs-1-high-50-overlap-50:17,CCRs-1-high-50-overlap-50,18003571,1.889827444,PREDICTED,2.2633657455444336,2.2171123027801514,2.4057445526123047,5.420275688171387,1.676464319229126,,ELIGIBLE,SCORED,0.37353830154443357,19.765735899876876,SCORED,0.32728485878015134,17.318240340897038,SCORED,0.5159171086123047,27.299693961492956,SCORED,3.530448244171387,186.81325934704688,SCORED,0.21336312477087405,11.290084999468029
CCRs-1-high-50-overlap-50:18,CCRs-1-high-50-overlap-50,18253676,1.762326085,PREDICTED,2.4477274417877197,2.323098659515381,2.4566893577575684,4.256631851196289,1.7559895515441895,,ELIGIBLE,SCORED,0.6854013567877197,38.8918579042493,SCORED,0.5607725745153809,31.820023506908534,SCORED,0.6943632727575684,39.40038558514376,SCORED,2.4943057661962893,141.53486051341565,SCORED,0.0063365334558105335,0.35955510786248923
CCRs-1-high-50-overlap-50:19,CCRs-1-high-50-overlap-50,18503781,1.6406093315,PREDICTED,2.203967332839966,2.127328872680664,2.1485977172851562,3.648212194442749,1.6954338550567627,,ELIGIBLE,SCORED,0.5633580013399657,34.338339452506375,SCORED,0.48671954118066396,29.666998220451358,SCORED,0.5079883857851561,30.96339732023255,SCORED,2.0076028629427487,122.3693431700287,SCORED,0.054824523556762594,3.3417171598455337
CCRs-1-high-50-overlap-50:20,CCRs-1-high-50-overlap-50,18703867,1.5288934746000002,PREDICTED,2.124375820159912,2.131870746612549,2.1622989177703857,1.621113896369934,1.4769819974899292,,ELIGIBLE,SCORED,0.5954823455599119,38.948583106204055,SCORED,0.6029772720125486,39.43880211604041,SCORED,0.6334054431703855,41.4290108299469,SCORED,0.09222042176993384,6.03184089029232,SCORED,0.05191147711007105,3.395362592129088
CCRs-1-high-50-overlap-50:21,CCRs-1-high-50-overlap-50,18953973,1.385324389199999,PREDICTED,1.8959875106811523,1.8882794380187988,1.9258102178573608,2.017127513885498,1.737838625907898,,ELIGIBLE,SCORED,0.5106631214811534,36.8623497472713,SCORED,0.5029550488187999,36.305940524821615,SCORED,0.5404858286573619,39.015109592453165,SCORED,0.6318031246854992,45.60687226840456,SCORED,0.35251423670789905,25.446331520335825
CCRs-1-high-50-overlap-50:22,CCRs-1-high-50-overlap-50,19154060,1.2776854383999987,PREDICTED,2.2657904624938965,2.2375693321228027,2.2556047439575195,1.3350110054016113,1.2515584230422974,,ELIGIBLE,SCORED,0.9881050240938978,77.33554710706161,SCORED,0.959883893722804,75.12677728603008,SCORED,0.9779193055575208,76.53834630706407,SCORED,0.05732556700161262,4.4866729539783625,SCORED,0.026127015357701344,2.0448707148466294
CCRs-1-high-50-overlap-50:23,CCRs-1-high-50-overlap-50,19404167,1.1691991969999986,PREDICTED,1.79587721824646,1.7845505475997925,1.798075556755066,2.7301957607269287,1.5734151601791382,,ELIGIBLE,SCORED,0.6266780212464613,53.59890965153152,SCORED,0.6153513505997938,52.630155082102284,SCORED,0.6288763597550673,53.786930522076645,SCORED,1.56099656372693,133.5098901651856,SCORED,0.40421596317913955,34.57203564767245
CCRs-1-high-50-overlap-50:24,CCRs-1-high-50-overlap-50,19604254,1.0868309992000003,PREDICTED,1.7402359247207642,1.7082946300506592,1.7173093557357788,1.232730507850647,1.1117424964904785,,ELIGIBLE,SCORED,0.6534049255207639,60.12019587237807,SCORED,0.6214636308506589,57.181257371947325,SCORED,0.6304783565357786,58.01070792053816,SCORED,0.14589950865064671,13.42430504448632,SCORED,0.024911497290478257,2.2921224467111476
CCRs-1-high-50-overlap-50:25,CCRs-1-high-50-overlap-50,19854360,1.0256829890000005,PREDICTED,1.6997332572937012,1.6459972858428955,1.6527619361877441,1.039979338645935,1.0903337001800537,,ELIGIBLE,SCORED,0.6740502682937006,65.71721238653596,SCORED,0.620314296842895,60.47816952172291,SCORED,0.6270789471877436,61.137695946300155,SCORED,0.014296349645934514,1.3938370626457282,SCORED,0.06465071118005317,6.3031864497514
CCRs-1-high-50-overlap-50:26,CCRs-1-high-50-overlap-50,20104467,0.9825265301000004,PREDICTED,1.3980070352554321,1.3665144443511963,1.338156819343567,3.087310314178467,1.373337745666504,,ELIGIBLE,SCORED,0.4154805051554318,42.28695026821766,SCORED,0.38398791425119594,39.08168405509764,SCORED,0.35563028924356654,36.195489724574756,SCORED,2.1047837840784664,214.2215726087563,SCORED,0.39081121556650356,39.77614889714248
CCRs-1-high-50-overlap-50:27,CCRs-1-high-50-overlap-50,20304546,0.9747413600000008,PREDICTED,1.4091728925704956,1.369026780128479,1.3551630973815918,1.3425252437591553,1.102108120918274,,ELIGIBLE,SCORED,0.4344315325704948,44.56890313657097,SCORED,0.3942854201284782,40.45026058281531,SCORED,0.380421737381591,39.027967109304846,SCORED,0.3677838837591545,37.73143306026885,SCORED,0.12736676091827315,13.066723763345085
CCRs-1-high-50-overlap-50:28,CCRs-1-high-50-overlap-50,20554653,0.976648481699999,PREDICTED,1.6728942394256592,1.6067665815353394,1.5893564224243164,2.909569263458252,1.0687683820724487,,ELIGIBLE,SCORED,0.6962457577256602,71.28928890707361,SCORED,0.6301180998353404,64.51841288265027,SCORED,0.6127079407243174,62.73576954297927,SCORED,1.932920781758253,197.91366269199773,SCORED,0.09211990037244977,9.432247333462463
CCRs-1-high-50-overlap-50:29,CCRs-1-high-50-overlap-50,20754741,1.071595607999999,PREDICTED,1.887338638305664,1.8076673746109009,1.8148605823516846,2.8591809272766113,1.1380633115768433,,ELIGIBLE,SCORED,0.815743030305665,76.12414834623563,SCORED,0.7360717666109018,68.68932282997025,SCORED,0.7432649743516855,69.36058423558657,SCORED,1.7875853192766122,166.81528982868076,SCORED,0.06646770357684417,6.202685330233662
CCRs-1-high-50-overlap-50:30,CCRs-1-high-50-overlap-50,21004848,,PREDICTED,1.9949108362197876,1.992005705833435,1.9905859231948853,1.3498748540878296,1.3019450902938843,,EXCLUDED_GT_NONFINITE,EXCLUDED_GT_NONFINITE,,,EXCLUDED_GT_NONFINITE,,,EXCLUDED_GT_NONFINITE,,,EXCLUDED_GT_NONFINITE,,,EXCLUDED_GT_NONFINITE,,
CCRs-1-high-50-overlap-50:31,CCRs-1-high-50-overlap-50,21254956,,PREDICTED,2.4117228984832764,2.3892364501953125,2.3637590408325195,2.2251038551330566,2.2540388107299805,,EXCLUDED_GT_NONFINITE,EXCLUDED_GT_NONFINITE,,,EXCLUDED_GT_NONFINITE,,,EXCLUDED_GT_NONFINITE,,,EXCLUDED_GT_NONFINITE,,,EXCLUDED_GT_NONFINITE,,
CCRs-1-low-0-overlap-0:00,CCRs-1-low-0-overlap-0,14250556,6.4872301344,PREDICTED,5.574835777282715,5.346441745758057,5.468842029571533,5.863104820251465,5.490627288818359,,ELIGIBLE,SCORED,0.912394357117285,14.06446724125152,SCORED,1.1407883886419432,17.58513826405904,SCORED,1.0183881048284666,15.69835020077728,SCORED,0.624125314148535,9.620828939595805,SCORED,0.9966028455816405,15.362532620770292
CCRs-1-low-0-overlap-0:01,CCRs-1-low-0-overlap-0,14450561,6.330666246199999,PREDICTED,6.121706008911133,6.364426136016846,6.175960540771484,5.947954177856445,5.472752571105957,,ELIGIBLE,SCORED,0.20896023728886615,3.3007621814575225,SCORED,0.033759889816846744,0.5332754642864204,SCORED,0.15470570542851458,2.443750774594651,SCORED,0.38271206834355365,6.045367951173823,SCORED,0.8579136750940419,13.55171228003067
CCRs-1-low-0-overlap-0:02,CCRs-1-low-0-overlap-0,14650566,6.1500694966,PREDICTED,4.789096832275391,4.762461185455322,4.768901348114014,5.920186519622803,5.2064995765686035,,ELIGIBLE,SCORED,1.360972664324609,22.129386750458806,SCORED,1.3876083111446773,22.56248180466581,SCORED,1.381168148485986,22.457764895982884,SCORED,0.22988297697719684,3.7378923458391027,SCORED,0.9435699200313961,15.342426952297672
CCRs-1-low-0-overlap-0:03,CCRs-1-low-0-overlap-0,14900570,5.9155187604,PREDICTED,4.644416332244873,4.665745735168457,4.637552738189697,9.579645156860352,5.495231628417969,,ELIGIBLE,SCORED,1.2711024281551273,21.487590178298696,SCORED,1.2497730252315433,21.127023273053318,SCORED,1.277966022210303,21.603617095517226,SCORED,3.664126396460351,61.94091414245785,SCORED,0.4202871319820316,7.1048229074268425
CCRs-1-low-0-overlap-0:04,CCRs-1-low-0-overlap-0,15100576,5.760689072399999,PREDICTED,4.953847885131836,4.929162502288818,4.985054016113281,4.901047229766846,5.464731216430664,,ELIGIBLE,SCORED,0.8068411872681631,14.005983956568926,SCORED,0.8315265701111807,14.434498367480069,SCORED,0.7756350562867178,13.464275654154953,SCORED,0.8596418426331534,14.922552351450072,SCORED,0.295957855969335,5.137542614255937
CCRs-1-low-0-overlap-0:05,CCRs-1-low-0-overlap-0,15300581,5.598181359800001,PREDICTED,5.665972709655762,5.915521144866943,5.660519123077393,7.433842658996582,5.3645548820495605,,ELIGIBLE,SCORED,0.06779134985576096,1.2109530845599983,SCORED,0.3173397850669426,5.6686228021430125,SCORED,0.06233776327739182,1.1135359730399819,SCORED,1.8356612991965813,32.79031494724854,SCORED,0.2336264777504402,4.173256683466694
CCRs-1-low-0-overlap-0:06,CCRs-1-low-0-overlap-0,15550585,5.3948929272,PREDICTED,5.077064514160156,5.007892608642578,5.118898868560791,5.56181526184082,4.30449914932251,,ELIGIBLE,SCORED,0.31782841303984366,5.8912830584165015,SCORED,0.3870003185574218,7.173456893022687,SCORED,0.2759940586392089,5.115839412635987,SCORED,0.1669223346408204,3.094080584977516,SCORED,1.0903937778774901,20.211592567109847
CCRs-1-low-0-overlap-0:07,CCRs-1-low-0-overlap-0,15750590,5.259191191399999,PREDICTED,5.179431915283203,4.994426250457764,5.1627678871154785,4.230773448944092,4.638036727905273,,ELIGIBLE,SCORED,0.07975927611679623,1.516569244472823,SCORED,0.2647649409422357,5.034328118270123,SCORED,0.09642330428452084,1.8334245851756705,SCORED,1.0284177424559076,19.554674949593196,SCORED,0.6211544634947259,11.810836322331426
CCRs-1-low-0-overlap-0:08,CCRs-1-low-0-overlap-0,16000604,5.05475176,PREDICTED,4.942319869995117,4.8792219161987305,4.971766471862793,4.106175422668457,3.9669671058654785,,ELIGIBLE,SCORED,0.11243189000488307,2.224281138682131,SCORED,0.1755298438012698,3.4725710012170765,SCORED,0.08298528813720729,1.6417282604043701,SCORED,0.9485763373315432,18.766032089606377,SCORED,1.0877846541345217,21.520041058050328
CCRs-1-low-0-overlap-0:09,CCRs-1-low-0-overlap-0,16200609,4.872182466999999,PREDICTED,5.133174419403076,5.108961582183838,5.1223883628845215,5.4862284660339355,4.289893627166748,,ELIGIBLE,SCORED,0.26099195240307704,5.356777053626655,SCORED,0.23677911518383876,4.859816248417997,SCORED,0.25020589588452236,5.135396664209588,SCORED,0.6140459990339364,12.60309939524965,SCORED,0.5822888398332511,11.951293773933513
CCRs-1-low-0-overlap-0:10,CCRs-1-low-0-overlap-0,16400605,4.715742838500001,PREDICTED,4.270755290985107,4.267888069152832,4.325168132781982,4.855937480926514,4.345213413238525,,ELIGIBLE,SCORED,0.4449875475148932,9.436213185374552,SCORED,0.4478547693471686,9.49701424960704,SCORED,0.3905747057180182,8.282358031258836,SCORED,0.14019464242651303,2.972906861713151,SCORED,0.37052942526147525,7.85728649654981
CCRs-1-low-0-overlap-0:11,CCRs-1-low-0-overlap-0,16650618,4.485773115399996,PREDICTED,4.666517734527588,4.5362138748168945,4.638936996459961,4.014293193817139,3.6290128231048584,,ELIGIBLE,SCORED,0.18074461912759165,4.029285799299162,SCORED,0.050440759416898295,1.1244607812136413,SCORED,0.1531638810599647,3.4144366449150447,SCORED,0.47147992158285756,10.510561043852878,SCORED,0.8567602922951378,19.099501251051137
CCRs-1-low-0-overlap-0:12,CCRs-1-low-0-overlap-0,16850624,4.286390294000003,PREDICTED,4.16426420211792,4.03609561920166,4.120538234710693,4.233292579650879,3.2885799407958984,,ELIGIBLE,SCORED,0.12212609188208301,2.849159397664568,SCORED,0.2502946747983428,5.839288016975493,SCORED,0.16585205928930957,3.869271062914306,SCORED,0.053097714349124026,1.2387512733837855,SCORED,0.9978103532041045,23.278569723359492
CCRs-1-low-0-overlap-0:13,CCRs-1-low-0-overlap-0,17100628,4.012771296,PREDICTED,4.493999481201172,4.439042568206787,4.484891414642334,5.164508819580078,3.120065450668335,,ELIGIBLE,SCORED,0.4812281852011715,11.992414959727908,SCORED,0.42627127220678673,10.622864867272682,SCORED,0.4721201186423336,11.765437993262937,SCORED,1.1517375235800777,28.701798299049575,SCORED,0.8927058453316654,22.24661660188633
CCRs-1-low-0-overlap-0:14,CCRs-1-low-0-overlap-0,17300633,3.8090909469999987,PREDICTED,4.069318771362305,3.9873557090759277,4.0287041664123535,3.4981319904327393,2.8333287239074707,,ELIGIBLE,SCORED,0.26022782436230596,6.8317566575106,SCORED,0.178264762075929,4.679981774032687,SCORED,0.2196132194123548,5.765502122896801,SCORED,0.31095895656725947,8.163600210495567,SCORED,0.975762223092528,25.616669086387354
CCRs-1-low-0-overlap-0:15,CCRs-1-low-0-overlap-0,17500638,3.6015068252000013,PREDICTED,3.723259210586548,3.671926975250244,3.725849151611328,4.016820907592773,2.844203472137451,,ELIGIBLE,SCORED,0.12175238538654654,3.3805957144003274,SCORED,0.07042015005024282,1.9552968651206764,SCORED,0.12434232641132681,3.4525084206781074,SCORED,0.4153140823927721,11.53167556109542,SCORED,0.7573033530625501,21.027402968214425
CCRs-1-low-0-overlap-0:16,CCRs-1-low-0-overlap-0,17750643,3.3668968400999995,PREDICTED,3.4185855388641357,3.356086254119873,3.3762404918670654,3.60573148727417,3.4977235794067383,,ELIGIBLE,SCORED,0.05168869876413629,1.5352029247976926,SCORED,0.010810585980126408,0.3210845622405623,SCORED,0.009343651767065975,0.27751523764501385,SCORED,0.23883464717417047,7.093613452293266,SCORED,0.13082673930673883,3.8856770943672028
CCRs-1-low-0-overlap-0:17,CCRs-1-low-0-overlap-0,17950648,3.1714342455999978,PREDICTED,3.331096649169922,3.258951425552368,3.2876248359680176,3.2805099487304688,2.943443536758423,,ELIGIBLE,SCORED,0.15966240356992412,5.034391105268458,SCORED,0.0875171799523704,2.7595457819688516,SCORED,0.11619059036801982,3.6636607090063738,SCORED,0.10907570313047099,3.4393178191161002,SCORED,0.2279907088415749,7.188883362721013
CCRs-1-low-0-overlap-0:18,CCRs-1-low-0-overlap-0,18150653,2.9847052249000003,PREDICTED,3.511185646057129,3.3565940856933594,3.372358560562134,3.4157516956329346,2.363457679748535,,ELIGIBLE,SCORED,0.5264804211571286,17.639276963264194,SCORED,0.37188886079335903,12.459818734890941,SCORED,0.38765333566213345,12.987994004504127,SCORED,0.43104647073293423,14.44184394280933,SCORED,0.6212475451514652,20.814368533572004
CCRs-1-low-0-overlap-0:19,CCRs-1-low-0-overlap-0,18400658,2.7296348943999975,PREDICTED,3.172391176223755,3.0859320163726807,3.1406168937683105,3.1144936084747314,2.3952362537384033,,ELIGIBLE,SCORED,0.44275628182375737,16.220348103407428,SCORED,0.35629712197268315,13.052922304871142,SCORED,0.41098199936831303,15.056299295245168,SCORED,0.38485871407473393,14.099274407148505,SCORED,0.3343986406615942,12.250672840812234
CCRs-1-low-0-overlap-0:20,CCRs-1-low-0-overlap-0,18600663,2.5427477008000006,PREDICTED,3.201958656311035,3.1159138679504395,3.102776288986206,2.765655994415283,2.043579578399658,,ELIGIBLE,SCORED,0.6592109555110346,25.925142132805128,SCORED,0.5731661671504389,22.541212679893842,SCORED,0.5600285881862055,22.024544079226146,SCORED,0.22290829361528264,8.766433789130991,SCORED,0.49916812240034236,19.631051961753574
CCRs-1-low-0-overlap-0:21,CCRs-1-low-0-overlap-0,18850667,2.3116097217,PREDICTED,3.119971990585327,2.950704336166382,2.9928181171417236,2.223402261734009,2.038444757461548,,ELIGIBLE,SCORED,0.8083622688853271,34.96966902747072,SCORED,0.6390946144663818,27.647167619470814,SCORED,0.6812083954417236,29.46900547471095,SCORED,0.08820745996599122,3.815845691335899,SCORED,0.27316496423845216,11.817088398363444
CCRs-1-low-0-overlap-0:22,CCRs-1-low-0-overlap-0,19050672,2.1146275740000013,PREDICTED,2.6393015384674072,2.5133800506591797,2.6489109992980957,2.0531980991363525,1.872216820716858,,ELIGIBLE,SCORED,0.5246739644674059,24.811648676033276,SCORED,0.39875247665917835,18.856865462361462,SCORED,0.5342834252980944,25.266076725153592,SCORED,0.0614294748636488,2.9049784283030804,SCORED,0.24241075328314343,11.463519924910583
CCRs-1-low-0-overlap-0:23,CCRs-1-low-0-overlap-0,19250678,1.9309126327999995,PREDICTED,2.1969759464263916,2.1346004009246826,2.1863009929656982,2.0294594764709473,1.6851176023483276,,ELIGIBLE,SCORED,0.26606331362639213,13.779148217626815,SCORED,0.20368776812468314,10.548782200949056,SCORED,0.25538836016569877,13.226303242698368,SCORED,0.09854684367094779,5.103640734280447,SCORED,0.24579503045167184,12.729474460750026
CCRs-1-low-0-overlap-0:24,CCRs-1-low-0-overlap-0,19500691,1.7091200650999998,PREDICTED,1.8327397108078003,1.7919986248016357,1.8092883825302124,2.6244869232177734,1.8051061630249023,,ELIGIBLE,SCORED,0.12361964570780049,7.2329409871253,SCORED,0.08287855970163593,4.849194705158806,SCORED,0.1001683174302126,5.8608122083191265,SCORED,0.9153668581177736,53.557785483269484,SCORED,0.09598609792490254,5.616112049991434
CCRs-1-low-0-overlap-0:25,CCRs-1-low-0-overlap-0,19700696,1.520626171199999,PREDICTED,1.684985876083374,1.6313786506652832,1.6177984476089478,1.8339804410934448,1.6826231479644775,,ELIGIBLE,SCORED,0.16435970488337492,10.808685789859238,SCORED,0.1107524794652841,7.283346923976983,SCORED,0.09717227640894865,6.390280415354509,SCORED,0.3133542698934457,20.606923373294492,SCORED,0.16199697676447844,10.653307159420967
CCRs-1-low-0-overlap-0:26,CCRs-1-low-0-overlap-0,19950701,,PREDICTED,2.6161422729492188,2.4525973796844482,2.483006477355957,2.2511353492736816,1.984943151473999,,EXCLUDED_GT_NONFINITE,EXCLUDED_GT_NONFINITE,,,EXCLUDED_GT_NONFINITE,,,EXCLUDED_GT_NONFINITE,,,EXCLUDED_GT_NONFINITE,,,EXCLUDED_GT_NONFINITE,,
CCRs-1-low-0-overlap-0:27,CCRs-1-low-0-overlap-0,20150706,,PREDICTED,1.9889088869094849,2.0004146099090576,1.9780986309051514,2.5610239505767822,2.2154457569122314,,EXCLUDED_GT_NONFINITE,EXCLUDED_GT_NONFINITE,,,EXCLUDED_GT_NONFINITE,,,EXCLUDED_GT_NONFINITE,,,EXCLUDED_GT_NONFINITE,,,EXCLUDED_GT_NONFINITE,,
CCRs-1-low-0-overlap-0:28,CCRs-1-low-0-overlap-0,20350711,,PREDICTED,1.453885793685913,1.4436124563217163,1.4169130325317383,3.4947946071624756,2.9450089931488037,,EXCLUDED_GT_NONFINITE,EXCLUDED_GT_NONFINITE,,,EXCLUDED_GT_NONFINITE,,,EXCLUDED_GT_NONFINITE,,,EXCLUDED_GT_NONFINITE,,,EXCLUDED_GT_NONFINITE,,
CCRs-1-low-0-overlap-0:29,CCRs-1-low-0-overlap-0,20600716,,PREDICTED,2.3427555561065674,2.2134268283843994,2.2110321521759033,5.426165580749512,5.338896751403809,,EXCLUDED_GT_NONFINITE,EXCLUDED_GT_NONFINITE,,,EXCLUDED_GT_NONFINITE,,,EXCLUDED_GT_NONFINITE,,,EXCLUDED_GT_NONFINITE,,,EXCLUDED_GT_NONFINITE,,
CCRs-1-low-0-overlap-0:30,CCRs-1-low-0-overlap-0,20800721,,PREDICTED,2.657890796661377,2.5805118083953857,2.6223320960998535,5.098977565765381,8.3401517868042,,EXCLUDED_GT_NONFINITE,EXCLUDED_GT_NONFINITE,,,EXCLUDED_GT_NONFINITE,,,EXCLUDED_GT_NONFINITE,,,EXCLUDED_GT_NONFINITE,,,EXCLUDED_GT_NONFINITE,,
CCRs-1-low-0-overlap-0:31,CCRs-1-low-0-overlap-0,21050725,,PREDICTED,5.524785995483398,5.008438587188721,5.281954288482666,6.336524486541748,7.670987129211426,,EXCLUDED_GT_NONFINITE,EXCLUDED_GT_NONFINITE,,,EXCLUDED_GT_NONFINITE,,,EXCLUDED_GT_NONFINITE,,,EXCLUDED_GT_NONFINITE,,,EXCLUDED_GT_NONFINITE,,
CCRs-1-low-100-overlap-100:00,CCRs-1-low-100-overlap-100,10000460,4.861626341,PREDICTED,5.0794854164123535,5.112643718719482,5.044118404388428,4.433268070220947,3.754274845123291,,ELIGIBLE,SCORED,0.2178590754123535,4.481197445699653,SCORED,0.2510173777194824,5.163238803495745,SCORED,0.18249206338842772,3.7537245890207696,SCORED,0.42835827077905275,8.811007690297783,SCORED,1.107351495876709,22.77738802215176
CCRs-1-low-100-overlap-100:01,CCRs-1-low-100-overlap-100,10150466,4.728541096000001,PREDICTED,3.7970404624938965,4.046931266784668,4.02822208404541,3.301262855529785,3.5493814945220947,,ELIGIBLE,SCORED,0.9315006335061042,19.69953553526447,SCORED,0.6816098292153328,14.414801846428377,SCORED,0.7003190119545906,14.810466859366183,SCORED,1.4272782404702156,30.184325598387808,SCORED,1.179159601477906,24.93706996594338
CCRs-1-low-100-overlap-100:02,CCRs-1-low-100-overlap-100,10300463,4.590653058099999,PREDICTED,3.9465198516845703,4.011833667755127,4.009979248046875,3.2571680545806885,4.073652744293213,,ELIGIBLE,SCORED,0.6441332064154288,14.031406823020202,SCORED,0.5788193903448722,12.608650294832707,SCORED,0.5806738100531241,12.649045848249227,SCORED,1.3334850035193107,29.047827980954406,SCORED,0.5170003138067862,11.262021051548704
CCRs-1-low-100-overlap-100:03,CCRs-1-low-100-overlap-100,10450469,4.4430281825,PREDICTED,4.290297031402588,4.411956787109375,4.274929046630859,-6.174404621124268,3.2512030601501465,,ELIGIBLE,SCORED,0.1527311510974121,3.4375463045447856,SCORED,0.03107139539062498,0.6993292438028549,SCORED,0.1680991358691406,3.7834361828097767,SCORED,10.617432803624268,238.96838749400095,SCORED,1.1918251223498535,26.824613155598716
CCRs-1-low-100-overlap-100:04,CCRs-1-low-100-overlap-100,10650475,4.217323287,PREDICTED,4.3080735206604,4.328678131103516,4.424689769744873,4.464780330657959,3.509202480316162,,ELIGIBLE,SCORED,0.09075023366040025,2.151844368681434,SCORED,0.11135484410351548,2.6404151762984225,SCORED,0.2073664827448729,4.917016520504488,SCORED,0.24745704365795884,5.867632780743916,SCORED,0.708120806683838,16.79076415286059
CCRs-1-low-100-overlap-100:05,CCRs-1-low-100-overlap-100,10800481,4.0131100037,PREDICTED,3.9970920085906982,3.9143569469451904,3.929771900177002,6.538276195526123,3.731935977935791,,ELIGIBLE,SCORED,0.016017995109301353,0.3991416904728031,SCORED,0.09875305675480917,2.460761271526597,SCORED,0.08333810352299764,2.0766463776512913,SCORED,2.5251661918261235,62.92292485124942,SCORED,0.2811740257642086,7.006387203564623
CCRs-1-low-100-overlap-100:06,CCRs-1-low-100-overlap-100,10950487,3.8268589333999996,PREDICTED,3.2178375720977783,3.5185697078704834,3.3494322299957275,4.503164768218994,4.458456516265869,,ELIGIBLE,SCORED,0.6090213613022213,15.914392767050131,SCORED,0.3082892255295162,8.055933884545215,SCORED,0.47742670340427207,12.475680753147046,SCORED,0.6763058348189945,17.67260948440882,SCORED,0.6315975828658695,16.50433407287167
CCRs-1-low-100-overlap-100:07,CCRs-1-low-100-overlap-100,11150493,3.5788141270000002,PREDICTED,2.8889362812042236,2.9862258434295654,2.780334949493408,6.430392742156982,3.2032015323638916,,ELIGIBLE,SCORED,0.6898778457957766,19.276716289652015,SCORED,0.5925882835704348,16.55823025565124,SCORED,0.798479177506592,22.311278238300975,SCORED,2.851578615156982,79.67942770884737,SCORED,0.37561259463610863,10.495448528671481
CCRs-1-low-100-overlap-100:08,CCRs-1-low-100-overlap-100,11300490,3.392719771999999,PREDICTED,2.91741681098938,2.9592840671539307,2.7700865268707275,-39.73007583618164,3.3505783081054688,,ELIGIBLE,SCORED,0.4753029610106192,14.009496597192564,SCORED,0.4334357048460684,12.775464346427858,SCORED,0.6226332451292715,18.352038687894076,SCORED,43.12279560818164,1271.0391221837008,SCORED,0.04214146389453033,1.242114490041954
CCRs-1-low-100-overlap-100:09,CCRs-1-low-100-overlap-100,11450496,3.1868942742000006,PREDICTED,3.1485636234283447,3.1626136302948,2.927647590637207,7.292444229125977,2.7234723567962646,,ELIGIBLE,SCORED,0.03833065077165587,1.202758782491394,SCORED,0.024280643905200794,0.7618904744273611,SCORED,0.25924668356279357,8.13477515277383,SCORED,4.105549954925976,128.8260482364632,SCORED,0.46342191740373595,14.541490163493668
CCRs-1-low-100-overlap-100:10,CCRs-1-low-100-overlap-100,11600502,2.9985131127999995,PREDICTED,2.967255115509033,2.927513599395752,2.753481149673462,5.586111545562744,3.1620521545410156,,ELIGIBLE,SCORED,0.031257997290966344,1.0424499115088997,SCORED,0.0709995134042476,2.36782400921197,SCORED,0.24503196312653763,8.171782277040895,SCORED,2.5875984327627446,86.2960519237635,SCORED,0.16353904174101608,5.454004554554173
CCRs-1-low-100-overlap-100:11,CCRs-1-low-100-overlap-100,11800507,2.7804879192999996,PREDICTED,3.2470109462738037,3.131199598312378,3.0772781372070312,-7.8513407707214355,4.180154323577881,,ELIGIBLE,SCORED,0.4665230269738041,16.7784590515773,SCORED,0.3507116790123783,12.613314252437807,SCORED,0.29679021790703164,10.674033713541538,SCORED,10.631828690021436,382.3727704847589,SCORED,1.3996664042778812,50.338877380566124
CCRs-1-low-100-overlap-100:12,CCRs-1-low-100-overlap-100,11950514,2.609712217599999,PREDICTED,3.382246732711792,3.3264355659484863,3.150939464569092,-4.911995887756348,3.7072951793670654,,ELIGIBLE,SCORED,0.772534515111793,29.602287558827012,SCORED,0.7167233483484874,27.463692874443307,SCORED,0.5412272469690929,20.73896283732113,SCORED,7.521708105356346,288.21982955169,SCORED,1.0975829617670665,42.05762437578079
CCRs-1-low-100-overlap-100:13,CCRs-1-low-100-overlap-100,12100511,2.4609368302000005,PREDICTED,3.524207592010498,3.6552507877349854,3.4404051303863525,-7.8721923828125,3.0434913635253906,,ELIGIBLE,SCORED,1.0632707618104975,43.20593477907701,SCORED,1.1943139575349848,48.530866086388855,SCORED,0.979468300186352,39.800627475137205,SCORED,10.333129213012501,419.8859997626484,SCORED,0.5825545333253901,23.672063670079897
CCRs-1-low-100-overlap-100:14,CCRs-1-low-100-overlap-100,12300516,2.2682358673999987,PREDICTED,2.4932992458343506,2.4863274097442627,2.4545021057128906,2.252800941467285,5.485941410064697,,ELIGIBLE,SCORED,0.22506337843435187,9.922397475018078,SCORED,0.21809154234426398,9.61502926035002,SCORED,0.1862662383128919,8.211943078318505,SCORED,0.015434925932713561,0.6804815211041562,SCORED,3.2177055426646985,141.85938900406526
CCRs-1-low-100-overlap-100:15,CCRs-1-low-100-overlap-100,12450523,2.1230018017999996,PREDICTED,2.6505777835845947,2.5757033824920654,2.5994834899902344,2.5747921466827393,5.798062801361084,,ELIGIBLE,SCORED,0.5275759817845951,24.850472634422008,SCORED,0.4527015806920658,21.323655039210994,SCORED,0.47648168819023473,22.443772199639533,SCORED,0.4517903448827396,21.28073299324035,SCORED,3.6750609995610843,173.10682432983157
CCRs-1-low-100-overlap-100:16,CCRs-1-low-100-overlap-100,12600529,1.9697427933,PREDICTED,3.072021961212158,3.01889967918396,3.010355234146118,4.819501876831055,4.46121883392334,,ELIGIBLE,SCORED,1.1022791679121582,55.960563565025645,SCORED,1.04915688588396,53.26364891155456,SCORED,1.0406124408461181,52.82986410132933,SCORED,2.8497590835310547,144.67671074743333,SCORED,2.49147604062334,126.48737942324217
CCRs-1-low-100-overlap-100:17,CCRs-1-low-100-overlap-100,12750535,1.8190737595000006,PREDICTED,3.0828304290771484,3.0598464012145996,2.9773757457733154,-9.539555549621582,4.564620494842529,,ELIGIBLE,SCORED,1.2637566695771478,69.47253584288468,SCORED,1.240772641714599,68.20903414359864,SCORED,1.1583019862733148,63.675372162571975,SCORED,11.358629309121582,624.4182925404668,SCORED,2.7455467353425287,150.9310285525301
CCRs-1-low-100-overlap-100:18,CCRs-1-low-100-overlap-100,12950540,1.6204192319999993,PREDICTED,3.819652795791626,3.926673173904419,3.798302412033081,-7.2993927001953125,3.2770943641662598,,ELIGIBLE,SCORED,2.1992335637916267,135.7200359241125,SCORED,2.3062539419044197,142.32452296051378,SCORED,2.177883180033082,134.4024519719526,SCORED,8.919811932195312,550.4632230997439,SCORED,1.6566751321662605,102.23743951258295
CCRs-1-low-100-overlap-100:19,CCRs-1-low-100-overlap-100,13100537,1.4749544123000005,PREDICTED,4.514520168304443,4.660496234893799,4.621552467346191,-8.52882194519043,3.5790021419525146,,ELIGIBLE,SCORED,3.0395657560044427,206.07862389893347,SCORED,3.185541822593798,215.97561226494847,SCORED,3.1465980550461907,213.33527523331912,SCORED,10.00377635749043,678.2430883332073,SCORED,2.104047729652514,142.65171262964827
CCRs-1-low-100-overlap-100:20,CCRs-1-low-100-overlap-100,13250544,1.3257299514000005,PREDICTED,5.809428691864014,6.1777873039245605,6.1216349601745605,19.54703140258789,4.499758720397949,,ELIGIBLE,SCORED,4.483698740464013,338.2060377929251,SCORED,4.85205735252456,365.9913806277575,SCORED,4.79590500877456,361.7558013010098,SCORED,18.22130145118789,1374.4353766727372,SCORED,3.1740287689979487,239.41744437817846
CCRs-1-low-100-overlap-100:21,CCRs-1-low-100-overlap-100,13450549,1.1461538999999992,PREDICTED,59.999996185302734,-20.44106101989746,-20.566204071044922,-4.307483196258545,6.552371501922607,,ELIGIBLE,SCORED,58.85384228530273,5134.898750098288,SCORED,21.58721491989746,1883.4481931176497,SCORED,21.71235797104492,1894.3667138457527,SCORED,5.453637096258544,475.82066389675487,SCORED,5.4062176019226085,471.6833927732229
CCRs-1-low-100-overlap-100:22,CCRs-1-low-100-overlap-100,13600555,1.064457005,PREDICTED,-9.522539138793945,-8.639678001403809,-5.205178737640381,-5.910384178161621,6.606347560882568,,ELIGIBLE,SCORED,10.586996143793945,994.5912417377483,SCORED,9.704135006403808,911.651195005646,SCORED,6.26963574264038,588.9984953070397,SCORED,6.974841183161621,655.2487465815137,SCORED,5.541890555882569,520.630756324683
CCRs-1-low-100-overlap-100:23,CCRs-1-low-100-overlap-100,13750553,1.0003451729000001,PREDICTED,-7.399590015411377,-7.545462131500244,-6.322394847869873,-10.205243110656738,7.12066650390625,,ELIGIBLE,SCORED,8.399935188311376,839.7036758781941,SCORED,8.545807304400244,854.2858541143307,SCORED,7.322740020769873,732.0213281522871,SCORED,11.205588283556738,1120.1721752774338,SCORED,6.12032133100625,611.8209490893469
CCRs-1-low-100-overlap-100:24,CCRs-1-low-100-overlap-100,13900559,0.9438783757000004,PREDICTED,17.401948928833008,13.000062942504883,17.920589447021484,4.812492847442627,6.038879871368408,,ELIGIBLE,SCORED,16.45807055313301,1743.6643297318205,SCORED,12.056184566804882,1277.302762430992,SCORED,16.976711071321485,1798.612142028489,SCORED,3.8686144717426263,409.8636616050854,SCORED,5.0950014956684075,539.7942814284568
CCRs-1-low-100-overlap-100:25,CCRs-1-low-100-overlap-100,14100564,0.8766958285999998,PREDICTED,6.439736843109131,8.45557689666748,9.591755867004395,-8.050333023071289,6.636058330535889,,ELIGIBLE,SCORED,5.563041014509131,634.5463081982243,SCORED,7.5788810680674805,864.482391820004,SCORED,8.715060038404395,994.0802447208538,SCORED,8.927028851671288,1018.2583925290152,SCORED,5.759362501935889,656.9396493117853
CCRs-1-low-100-overlap-100:26,CCRs-1-low-100-overlap-100,14250571,0.8502192439999998,PREDICTED,4.766867637634277,5.335105895996094,6.618249416351318,17.365741729736328,12.851081848144531,,ELIGIBLE,SCORED,3.9166483936342775,460.66334316402254,SCORED,4.484886651996094,527.4976641196909,SCORED,5.7680301723513185,678.416798144282,SCORED,16.515522485736327,1942.5016079424722,SCORED,12.000862604144531,1411.5021141705108
CCRs-1-low-100-overlap-100:27,CCRs-1-low-100-overlap-100,14400577,0.8454799531999999,PREDICTED,6.250207424163818,8.450274467468262,10.089820861816406,-9.218554496765137,7.77277135848999,,ELIGIBLE,SCORED,5.4047274709638184,639.249629811781,SCORED,7.604794514268262,899.4647933975714,SCORED,9.244340908616406,1093.3838080522341,SCORED,10.064034449965137,1190.3338940059375,SCORED,6.92729140528999,819.3324252185228
CCRs-1-low-100-overlap-100:28,CCRs-1-low-100-overlap-100,14600582,0.9062047431999998,PREDICTED,11.099771499633789,31.019004821777344,59.999996185302734,-9.360404968261719,47.9554557800293,,ELIGIBLE,SCORED,10.193566756433789,1124.8635402677498,SCORED,30.112800078577344,3322.9576764565045,SCORED,59.093791442102734,6521.019878292637,SCORED,10.266609711461719,1132.9238550670302,SCORED,47.0492510368293,5191.900769652616
CCRs-1-low-100-overlap-100:29,CCRs-1-low-100-overlap-100,14800587,1.1233680286000023,PREDICTED,8.880828857421875,26.3690185546875,39.12913513183594,6.714592933654785,-13.057418823242188,,ELIGIBLE,SCORED,7.7574608288218725,690.5538195251657,SCORED,25.2456505260875,2247.317876542196,SCORED,38.00576710323593,3383.198216046849,SCORED,5.591224905054783,497.71978218241156,SCORED,14.18078685184219,1262.3455974187727
CCRs-1-low-100-overlap-100:30,CCRs-1-low-100-overlap-100,14950585,1.6417998835000025,PREDICTED,4.459943771362305,4.981868743896484,6.238006591796875,-16.366100311279297,-8.837276458740234,,ELIGIBLE,SCORED,2.818143887862302,171.64965816994453,SCORED,3.3400688603964817,203.43946262659585,SCORED,4.596206708296872,279.94926510158115,SCORED,18.0079001947793,1096.8389251185663,SCORED,10.479076342240237,638.2675774041874
CCRs-1-low-100-overlap-100:31,CCRs-1-low-100-overlap-100,15150590,,PREDICTED,6.5658392906188965,8.083988189697266,13.673816680908203,-24.620962142944336,-9.065237045288086,,EXCLUDED_GT_NONFINITE,EXCLUDED_GT_NONFINITE,,,EXCLUDED_GT_NONFINITE,,,EXCLUDED_GT_NONFINITE,,,EXCLUDED_GT_NONFINITE,,,EXCLUDED_GT_NONFINITE,,
CCRs-1-low-50-overlap-50:00,CCRs-1-low-50-overlap-50,14750576,4.896965483,PREDICTED,4.714802265167236,4.664318561553955,4.729320049285889,5.4069294929504395,4.367360591888428,,ELIGIBLE,SCORED,0.18216321783276346,3.719920396930506,SCORED,0.2326469214460447,4.750838498937501,SCORED,0.16764543371411111,3.423455490876923,SCORED,0.5099640099504397,10.413877976489704,SCORED,0.529604891111572,10.814960672075705
CCRs-1-low-50-overlap-50:01,CCRs-1-low-50-overlap-50,14900582,4.7386050299999996,PREDICTED,4.724151134490967,4.7006659507751465,4.725950241088867,4.023043155670166,4.412177562713623,,ELIGIBLE,SCORED,0.014453895509032755,0.30502427228109275,SCORED,0.03793907922485307,0.8006381410702439,SCORED,0.012654788911132364,0.2670572632877226,SCORED,0.7155618743298335,15.100686168178774,SCORED,0.3264274672863765,6.888682749876213
CCRs-1-low-50-overlap-50:02,CCRs-1-low-50-overlap-50,15050589,4.593253294399998,PREDICTED,5.141184329986572,5.096874237060547,5.107349872589111,4.601047992706299,4.042235374450684,,ELIGIBLE,SCORED,0.5479310355865739,11.929040278588605,SCORED,0.5036209426605485,10.964362520015017,SCORED,0.5140965781891129,11.192428225455998,SCORED,0.007794698306300418,0.16969885627260217,SCORED,0.5510179199493148,11.996245027921816
CCRs-1-low-50-overlap-50:03,CCRs-1-low-50-overlap-50,15200586,4.4474667736,PREDICTED,4.548730850219727,4.199060916900635,4.452544689178467,4.36787223815918,3.471789836883545,,ELIGIBLE,SCORED,0.10126407661972614,2.2768933816622527,SCORED,0.24840585669936566,5.585333614494743,SCORED,0.005077915578466374,0.11417545845668134,SCORED,0.07959453544082074,1.789660035535082,SCORED,0.9756769367164555,21.93781283556828
CCRs-1-low-50-overlap-50:04,CCRs-1-low-50-overlap-50,15350592,4.3061718419999995,PREDICTED,3.990527629852295,4.076437950134277,4.027853965759277,3.5849902629852295,3.869516134262085,,ELIGIBLE,SCORED,0.31564421214770455,7.3300421750262466,SCORED,0.22973389186572213,5.334991270553251,SCORED,0.27831787624072213,6.463231994742167,SCORED,0.72118157901477,16.747626557323304,SCORED,0.4366557077379145,10.140229506844529
CCRs-1-low-50-overlap-50:05,CCRs-1-low-50-overlap-50,15500598,4.1547165687000005,PREDICTED,4.116999626159668,4.13024377822876,4.098808288574219,5.0817413330078125,3.52496600151062,,ELIGIBLE,SCORED,0.03771694254033253,0.9078102420867198,SCORED,0.024472790471240735,0.5890363413862959,SCORED,0.05590828012578175,1.3456581020946827,SCORED,0.927024764307812,22.31258736857411,SCORED,0.6297505671893804,15.15748563773696
CCRs-1-low-50-overlap-50:06,CCRs-1-low-50-overlap-50,15700603,3.9664936994000004,PREDICTED,4.725546360015869,4.5937886238098145,4.623915672302246,4.273273944854736,4.075760364532471,,ELIGIBLE,SCORED,0.7590526606158687,19.13661581589524,SCORED,0.627294924409814,15.814847367706724,SCORED,0.6574219729022457,16.57438591171069,SCORED,0.3067802454547359,7.734293023108588,SCORED,0.1092666651324703,2.754741931116612
CCRs-1-low-50-overlap-50:07,CCRs-1-low-50-overlap-50,15850610,3.8357842421000004,PREDICTED,4.357031345367432,4.309493064880371,4.36207914352417,4.195332050323486,3.439765691757202,,ELIGIBLE,SCORED,0.5212471032674313,13.589062115288867,SCORED,0.47370882278037074,12.349725450694967,SCORED,0.5262949014241696,13.720659667135909,SCORED,0.359547808223486,9.373514919771456,SCORED,0.3960185503427982,10.324317671371096
CCRs-1-low-50-overlap-50:08,CCRs-1-low-50-overlap-50,16000607,3.676769005,PREDICTED,4.392112731933594,4.260680198669434,4.3625969886779785,6.042425155639648,3.4654219150543213,,ELIGIBLE,SCORED,0.7153437269335936,19.455770160181537,SCORED,0.5839111936694334,15.881095409458105,SCORED,0.6858279836779784,18.65300710339235,SCORED,2.3656561506396483,64.3406248100606,SCORED,0.21134708994567886,5.748174270895728
CCRs-1-low-50-overlap-50:09,CCRs-1-low-50-overlap-50,16150613,3.5311978784000004,PREDICTED,3.1753804683685303,3.1464390754699707,3.1947076320648193,3.512376308441162,3.135910749435425,,ELIGIBLE,SCORED,0.35581741003147016,10.076393968402938,SCORED,0.38475880293002973,10.895985333576533,SCORED,0.3364902463351811,9.529067979833691,SCORED,0.018821569958838325,0.5330080784758076,SCORED,0.39528712896457563,11.194137020259022
CCRs-1-low-50-overlap-50:10,CCRs-1-low-50-overlap-50,16300619,3.3921712781999993,PREDICTED,4.1140217781066895,4.031368255615234,4.090240478515625,2.985407829284668,2.8354451656341553,,ELIGIBLE,SCORED,0.7218504999066901,21.279895403445796,SCORED,0.6391969774152351,18.84329902570293,SCORED,0.6980692003156257,20.57883116934015,SCORED,0.40676344891533134,11.991241466178964,SCORED,0.556726112565844,16.412087330132156
CCRs-1-low-50-overlap-50:11,CCRs-1-low-50-overlap-50,16500625,3.191954832,PREDICTED,3.3729379177093506,3.310215711593628,3.361710786819458,3.0361056327819824,2.707522392272949,,ELIGIBLE,SCORED,0.18098308570935062,5.669976401136951,SCORED,0.11826087959362797,3.704967200915203,SCORED,0.16975595481945804,5.3182442657903515,SCORED,0.15584919921801754,4.882562799936811,SCORED,0.48443243972705075,15.176669634247844
CCRs-1-low-50-overlap-50:12,CCRs-1-low-50-overlap-50,16650631,3.0439279787999998,PREDICTED,3.490199089050293,3.339324712753296,3.4562950134277344,3.1275744438171387,2.989706516265869,,ELIGIBLE,SCORED,0.4462711102502932,14.661027243694036,SCORED,0.29539673395329613,9.704458712907842,SCORED,0.4123670346277346,13.547200771494635,SCORED,0.0836464650171389,2.747977797100004,SCORED,0.05422146253413063,1.7812991276983572
CCRs-1-low-50-overlap-50:13,CCRs-1-low-50-overlap-50,16800628,2.914701784100001,PREDICTED,3.1663460731506348,3.157999038696289,3.1867003440856934,3.3576862812042236,2.7491824626922607,,ELIGIBLE,SCORED,0.25164428905063385,8.633620441836603,SCORED,0.24329725459628815,8.34724347868107,SCORED,0.27199855998569245,9.33195160717548,SCORED,0.4429844971042227,15.198278586191865,SCORED,0.16551932140774017,5.678773804945163
CCRs-1-low-50-overlap-50:14,CCRs-1-low-50-overlap-50,16950634,2.7690744103,PREDICTED,2.742380142211914,2.76900315284729,2.7961907386779785,2.7824158668518066,2.6255877017974854,,ELIGIBLE,SCORED,0.02669426808808595,0.9640141120365887,SCORED,7.125745270997186e-05,0.0025733310901620682,SCORED,0.027116328377978505,0.9792560386645853,SCORED,0.01334145655180663,0.48180202388859694,SCORED,0.14348670850251466,5.181757050976806
CCRs-1-low-50-overlap-50:15,CCRs-1-low-50-overlap-50,17100640,2.6361074041000014,PREDICTED,2.6075172424316406,2.633423328399658,2.63155460357666,2.859926700592041,2.059678792953491,,ELIGIBLE,SCORED,0.028590161668360814,1.0845598181581617,SCORED,0.002684075700343236,0.10181966395483842,SCORED,0.004552800523341283,0.1727092195204263,SCORED,0.22381929649203958,8.49052266018934,SCORED,0.5764286111465102,21.86665878066944
CCRs-1-low-50-overlap-50:16,CCRs-1-low-50-overlap-50,17300646,2.4546757328999997,PREDICTED,2.514145851135254,2.4336905479431152,2.5321288108825684,2.44112491607666,1.9742732048034668,,ELIGIBLE,SCORED,0.059470118235254166,2.422728079239821,SCORED,0.020985184956884506,0.8549066043885242,SCORED,0.07745307798256862,3.155328296298595,SCORED,0.013550816823339584,0.5520410146936352,SCORED,0.48040252809653294,19.570916095258596
CCRs-1-low-50-overlap-50:17,CCRs-1-low-50-overlap-50,17450642,2.3101361910000033,PREDICTED,2.391672372817993,2.341911792755127,2.4022722244262695,2.372270107269287,1.786056637763977,,ELIGIBLE,SCORED,0.08153618181798983,3.5294967515614193,SCORED,0.03177560175512362,1.37548608081711,SCORED,0.0921360334262662,3.9883377345983524,SCORED,0.06213391626928377,2.6896213526868937,SCORED,0.5240795532360263,22.686089040021688
CCRs-1-low-50-overlap-50:18,CCRs-1-low-50-overlap-50,17600649,2.1658116396000002,PREDICTED,2.2337286472320557,2.2021679878234863,2.23873233795166,2.321845769882202,1.6556861400604248,,ELIGIBLE,SCORED,0.06791700763205544,3.13586862265635,SCORED,0.0363563482234861,1.67864774381768,SCORED,0.07292069835165993,3.366899365501957,SCORED,0.15603413028220192,7.204418308095324,SCORED,0.5101254995395754,23.55354871182563
CCRs-1-low-50-overlap-50:19,CCRs-1-low-50-overlap-50,17750655,2.0310680484000008,PREDICTED,2.0315821170806885,2.0142035484313965,2.0335373878479004,2.054211378097534,1.6149019002914429,,ELIGIBLE,SCORED,0.0005140686806877071,0.02531026378425238,SCORED,0.016864499968604285,0.830326683632757,SCORED,0.002469339447899621,0.1215783710370942,SCORED,0.02314332969753341,1.1394659925729644,SCORED,0.4161661481085579,20.490015016306224
CCRs-1-low-50-overlap-50:20,CCRs-1-low-50-overlap-50,17900661,1.8906057904000007,PREDICTED,1.8981903791427612,1.8837051391601562,1.8921915292739868,1.8345980644226074,1.5808696746826172,,ELIGIBLE,SCORED,0.0075845887427605785,0.4011724062876104,SCORED,0.006900651239844402,0.3649968319616969,SCORED,0.0015857388739861644,0.08387464388600362,SCORED,0.05600772597739323,2.9624222173541277,SCORED,0.30973611571738346,16.38290315676288
CCRs-1-low-50-overlap-50:21,CCRs-1-low-50-overlap-50,18100666,1.7021166165000006,PREDICTED,2.0022127628326416,1.962423324584961,1.9847646951675415,1.9228107929229736,1.4350024461746216,,ELIGIBLE,SCORED,0.30009614633264103,17.630762982016922,SCORED,0.26030670808496037,15.293118318780028,SCORED,0.28264807866754094,16.6056823561678,SCORED,0.22069417642297307,12.965866984882524,SCORED,0.267114170325379,15.693059320144348
CCRs-1-low-50-overlap-50:22,CCRs-1-low-50-overlap-50,18250664,1.5606937931999993,PREDICTED,1.8888607025146484,1.8309507369995117,1.869955062866211,2.1612186431884766,1.3533920049667358,,ELIGIBLE,SCORED,0.3281669093146491,21.026988813852178,SCORED,0.2702569437995124,17.31646175419111,SCORED,0.3092612696662116,19.815627576253227,SCORED,0.6005248499884772,38.47806998432276,SCORED,0.2073017882332635,13.282668844874316
CCRs-1-low-50-overlap-50:23,CCRs-1-low-50-overlap-50,18400670,1.4220028193999987,PREDICTED,1.8187295198440552,1.7380471229553223,1.7617683410644531,2.470391035079956,1.320037603378296,,ELIGIBLE,SCORED,0.39672670044405645,27.89915006015612,SCORED,0.31604430355532354,22.225293736666117,SCORED,0.3397655216644544,23.89344922732399,SCORED,1.0483882156799573,73.72616997498747,SCORED,0.10196521602170283,7.170535432885157
CCRs-1-low-50-overlap-50:24,CCRs-1-low-50-overlap-50,18550676,1.2803223032000008,PREDICTED,1.7980263233184814,1.7212120294570923,1.7398282289505005,1.7362650632858276,1.2860873937606812,,ELIGIBLE,SCORED,0.5177040201184806,40.43544495198951,SCORED,0.44088972625709144,34.43583894111227,SCORED,0.45950592575049964,35.889863404083776,SCORED,0.4559427600858268,35.61156116286161,SCORED,0.005765090560680308,0.450284318743117
CCRs-1-low-50-overlap-50:25,CCRs-1-low-50-overlap-50,18700682,1.1369347125000002,PREDICTED,1.6744812726974487,1.6110057830810547,1.6049067974090576,1.6148709058761597,1.1677687168121338,,ELIGIBLE,SCORED,0.5375465601974485,47.28033670600487,SCORED,0.47407107058105447,41.697299358432105,SCORED,0.4679720849090574,41.1608582061881,SCORED,0.47793619337615945,42.03725931854327,SCORED,0.030834004312133567,2.712029457200126
CCRs-1-low-50-overlap-50:26,CCRs-1-low-50-overlap-50,18900679,1.0447906698,PREDICTED,1.675976037979126,1.604773759841919,1.6033192873001099,1.1957948207855225,1.1377168893814087,,ELIGIBLE,SCORED,0.631185368179126,60.412615313644714,SCORED,0.5599830900419189,53.597635031437854,SCORED,0.5585286175001098,53.458423169784496,SCORED,0.15100415098552245,14.45305316656671,SCORED,0.09292621958140868,8.894242862945662
CCRs-1-low-50-overlap-50:27,CCRs-1-low-50-overlap-50,19050685,1.0487208896000002,PREDICTED,1.6543959379196167,1.5872501134872437,1.5742243528366089,1.254787802696228,1.112394094467163,,ELIGIBLE,SCORED,0.6056750483196165,57.75369350663274,SCORED,0.5385292238872434,51.351053385867765,SCORED,0.5255034632366087,50.10899167242149,SCORED,0.20606691309622782,19.649357149243514,SCORED,0.06367320486716288,6.071511066347587
CCRs-1-low-50-overlap-50:28,CCRs-1-low-50-overlap-50,19200691,1.0906838733999995,PREDICTED,1.830197811126709,1.7737022638320923,1.8017725944519043,1.5769261121749878,1.2673614025115967,,ELIGIBLE,SCORED,0.7395139377267095,67.80277546613166,SCORED,0.6830183904320928,62.62294759185472,SCORED,0.7110887210519048,65.19659255942062,SCORED,0.4862422387749883,44.58140902544205,SCORED,0.17667752911159718,16.19878439761272
CCRs-1-low-50-overlap-50:29,CCRs-1-low-50-overlap-50,19350697,1.1797997919999996,PREDICTED,1.7666864395141602,1.6871933937072754,1.7041301727294922,2.5179219245910645,1.52218759059906,,ELIGIBLE,SCORED,0.5868866475141605,49.74459662509931,SCORED,0.5073936017072758,43.006754633100996,SCORED,0.5243303807294926,44.44231845817216,SCORED,1.3381221325910648,113.41942435187894,SCORED,0.34238779859906043,29.020839037328848
CCRs-1-low-50-overlap-50:30,CCRs-1-low-50-overlap-50,19500694,1.3907549542999997,PREDICTED,1.9448645114898682,1.8727140426635742,1.8704952001571655,1.9166492223739624,1.5620371103286743,,ELIGIBLE,SCORED,0.5541095571898684,39.84235723745921,SCORED,0.4819590883635745,34.65449372468035,SCORED,0.4797402458571658,34.4949514200099,SCORED,0.5258942680739627,37.81358221647737,SCORED,0.17128215602867458,12.315768173185116
CCRs-1-low-50-overlap-50:31,CCRs-1-low-50-overlap-50,19700700,2.324889281900002,PREDICTED,2.2690112590789795,2.214627265930176,2.2112622261047363,3.327967643737793,1.8970661163330078,,ELIGIBLE,SCORED,0.05587802282102272,2.403470275167544,SCORED,0.11026201596982643,4.742678149374728,SCORED,0.11362705579526589,4.887417937700881,SCORED,1.0030783618377908,43.14520995245119,SCORED,0.4278231655669944,18.401872678313456
CCRs-1-medium-0-overlap-0:00,CCRs-1-medium-0-overlap-0,11400485,4.522870963000001,PREDICTED,5.015908718109131,5.127175807952881,4.994329929351807,4.941742420196533,4.403029918670654,,ELIGIBLE,SCORED,0.49303775510913006,10.90099096663373,SCORED,0.6043048449528801,13.36108966840936,SCORED,0.47145896635180584,10.423887177163444,SCORED,0.4188714571965324,9.261185221138762,SCORED,0.1198410443293465,2.6496675520863513
CCRs-1-medium-0-overlap-0:01,CCRs-1-medium-0-overlap-0,11550491,4.296000589600002,PREDICTED,4.657137870788574,4.745458126068115,4.6260504722595215,5.019346714019775,4.392045021057129,,ELIGIBLE,SCORED,0.36113728118857225,8.406360140239123,SCORED,0.44945753646811326,10.462231722132096,SCORED,0.3300498826595195,7.682724333384002,SCORED,0.7233461244197734,16.83766352758168,SCORED,0.09604443145712693,2.2356708164714094
CCRs-1-medium-0-overlap-0:02,CCRs-1-medium-0-overlap-0,11700497,4.129929891000001,PREDICTED,6.002399444580078,6.042743682861328,6.041874408721924,4.573716640472412,3.052900791168213,,ELIGIBLE,SCORED,1.8724695535800775,45.33901550388516,SCORED,1.9128137918613275,46.315890156628505,SCORED,1.9119445177219232,46.294841999338985,SCORED,0.4437867494724115,10.745624288671767,SCORED,1.0770290998317877,26.078629135542087
CCRs-1-medium-0-overlap-0:03,CCRs-1-medium-0-overlap-0,11850495,3.9874691099999993,PREDICTED,4.773958206176758,5.088603496551514,4.991387367248535,5.036977767944336,3.313972234725952,,ELIGIBLE,SCORED,0.7864890961767586,19.72401727713343,SCORED,1.1011343865515144,27.61486938644936,SCORED,1.003918257248536,25.17682844817163,SCORED,1.0495086579443367,26.320170238117203,SCORED,0.6734968752740471,16.89033461312625
CCRs-1-medium-0-overlap-0:04,CCRs-1-medium-0-overlap-0,12000501,3.8315422621999997,PREDICTED,4.1968841552734375,4.007958889007568,4.296563625335693,6.803606033325195,2.9823193550109863,,ELIGIBLE,SCORED,0.3653418930734378,9.53511322784328,SCORED,0.17641662680756864,4.604324179012801,SCORED,0.46502136313569364,12.136662766932057,SCORED,2.9720637711251956,77.56834109455163,SCORED,0.8492229071890134,22.16399687319136
CCRs-1-medium-0-overlap-0:05,CCRs-1-medium-0-overlap-0,12150507,3.6784862248000008,PREDICTED,3.5585243701934814,3.614136219024658,3.700575828552246,4.970541000366211,3.545908212661743,,ELIGIBLE,SCORED,0.11996185460651931,3.261174496121476,SCORED,0.06435000577534256,1.7493610643829791,SCORED,0.022089603752245335,0.6005079916656844,SCORED,1.2920547755662102,35.12463270503233,SCORED,0.1325780121382576,3.604145945808615
CCRs-1-medium-0-overlap-0:06,CCRs-1-medium-0-overlap-0,12300513,3.5231591364000003,PREDICTED,4.14837646484375,4.115214824676514,4.1177802085876465,2.970885753631592,2.7670929431915283,,ELIGIBLE,SCORED,0.6252173284437497,17.745929270813555,SCORED,0.5920556882765133,16.804681973051093,SCORED,0.5946210721876461,16.877496847764757,SCORED,0.5522733827684085,15.675516245136944,SCORED,0.756066193208472,21.45989334960975
CCRs-1-medium-0-overlap-0:07,CCRs-1-medium-0-overlap-0,12450510,3.354274689000002,PREDICTED,3.4075725078582764,3.4781665802001953,3.457465648651123,3.3094420433044434,2.7824113368988037,,ELIGIBLE,SCORED,0.053297818858274226,1.5889521222891771,SCORED,0.12389189120019317,3.6935523380504245,SCORED,0.1031909596511209,3.0764015836128453,SCORED,0.04483264569555878,1.336582416538002,SCORED,0.5718633521011984,17.04879311096868
CCRs-1-medium-0-overlap-0:08,CCRs-1-medium-0-overlap-0,12600517,3.194717851599999,PREDICTED,3.3361518383026123,3.2646608352661133,3.2929909229278564,6.142328262329102,2.8209946155548096,,ELIGIBLE,SCORED,0.1414339867026131,4.427119804391465,SCORED,0.06994298366611407,2.1893321074061287,SCORED,0.09827307132785723,3.076111127580155,SCORED,2.9476104107291023,92.26512473559633,SCORED,0.37372323604518964,11.698160945825595
CCRs-1-medium-0-overlap-0:09,CCRs-1-medium-0-overlap-0,12750523,3.0436919072000004,PREDICTED,3.271216630935669,3.222562789916992,3.27636456489563,3.185938596725464,2.602668285369873,,ELIGIBLE,SCORED,0.22752472373566857,7.475287600477822,SCORED,0.1788708827169918,5.876773608191554,SCORED,0.2326726576956295,7.644422129100224,SCORED,0.1422466895254635,4.6734917285475595,SCORED,0.44102362183012733,14.489758992586097
CCRs-1-medium-0-overlap-0:10,CCRs-1-medium-0-overlap-0,12900529,2.911833074,PREDICTED,3.077162504196167,3.1211650371551514,3.0980069637298584,4.352382659912109,2.667067766189575,,ELIGIBLE,SCORED,0.16532943019616697,5.677847115358611,SCORED,0.20933196315515135,7.1890097349430455,SCORED,0.18617388972985838,6.393700634566608,SCORED,1.4405495859121094,49.47225851560299,SCORED,0.24476530781042483,8.405883908523283
CCRs-1-medium-0-overlap-0:11,CCRs-1-medium-0-overlap-0,13050527,2.7750777544,PREDICTED,3.027909278869629,3.0073161125183105,3.0698180198669434,2.9433350563049316,2.9587724208831787,,ELIGIBLE,SCORED,0.2528315244696291,9.110790646091061,SCORED,0.23223835811831073,8.368715354014396,SCORED,0.29474026546694354,10.620973232177755,SCORED,0.16825730190493182,6.063156307535995,SCORED,0.1836946664831789,6.619442146870423
CCRs-1-medium-0-overlap-0:12,CCRs-1-medium-0-overlap-0,13200533,2.633672919000001,PREDICTED,2.883733034133911,2.8890745639801025,2.9279534816741943,3.090688705444336,2.6153347492218018,,ELIGIBLE,SCORED,0.25006011513391035,9.494729331418176,SCORED,0.25540164498010176,9.69754608241471,SCORED,0.29428056267419356,11.173770309561872,SCORED,0.45701578644433516,17.352792108211485,SCORED,0.01833816977819902,0.6962964021045552
CCRs-1-medium-0-overlap-0:13,CCRs-1-medium-0-overlap-0,13350539,2.4814864312,PREDICTED,2.9062681198120117,2.886199474334717,2.90960693359375,3.2845559120178223,2.418689489364624,,ELIGIBLE,SCORED,0.4247816886120117,17.11803390384026,SCORED,0.4047130431347168,16.309299057460702,SCORED,0.42812050239375,17.2525828475604,SCORED,0.8030694808178223,32.36243691364748,SCORED,0.06279694183537599,2.530617981457532
CCRs-1-medium-0-overlap-0:14,CCRs-1-medium-0-overlap-0,13500536,2.346628755,PREDICTED,2.8126561641693115,2.802971839904785,2.840829849243164,3.2971625328063965,1.964634895324707,,ELIGIBLE,SCORED,0.46602740916931173,19.859443389856178,SCORED,0.45634308490478537,19.446752449975214,SCORED,0.4942010942431643,21.060045956999463,SCORED,0.9505337778063967,40.50635516082717,SCORED,0.38199385967529276,16.278410415851774
CCRs-1-medium-0-overlap-0:15,CCRs-1-medium-0-overlap-0,13650542,2.2067516485000005,PREDICTED,2.607577323913574,2.526817560195923,2.6010935306549072,2.7845723628997803,2.4288828372955322,,ELIGIBLE,SCORED,0.4008256754135737,18.163606026352248,SCORED,0.32006591169592236,14.50393894181438,SCORED,0.39434188215490673,17.869789852562405,SCORED,0.5778207143997798,26.184220358124254,SCORED,0.22213118879553173,10.065980417258162
CCRs-1-medium-0-overlap-0:16,CCRs-1-medium-0-overlap-0,13800548,2.0668467377000015,PREDICTED,2.393592596054077,2.346891164779663,2.369462728500366,2.5440261363983154,1.9020665884017944,,ELIGIBLE,SCORED,0.32674585835407566,15.808906020660258,SCORED,0.2800444270796616,13.549356223253234,SCORED,0.3026159908003647,14.641433507407397,SCORED,0.47717939869831394,23.08731411934887,SCORED,0.16478014929820706,7.972538374160017
CCRs-1-medium-0-overlap-0:17,CCRs-1-medium-0-overlap-0,13950555,1.9195056920000015,PREDICTED,2.5437755584716797,2.4369144439697266,2.562391996383667,1.9089791774749756,1.6005709171295166,,ELIGIBLE,SCORED,0.6242698664716781,32.52242851237545,SCORED,0.517408751969725,26.955312199705872,SCORED,0.6428863043836655,33.49228434502944,SCORED,0.010526514525025954,0.5483971508340777,SCORED,0.31893477487048494,16.61546387696175
CCRs-1-medium-0-overlap-0:18,CCRs-1-medium-0-overlap-0,14100552,1.773577863299999,PREDICTED,2.3947694301605225,2.339111328125,2.406562328338623,1.86648690700531,1.6405965089797974,,ELIGIBLE,SCORED,0.6211915668605235,35.02476997004836,SCORED,0.565533464825001,31.886587926438363,SCORED,0.632984465038624,35.6896913373098,SCORED,0.09290904370531106,5.238509434958796,SCORED,0.13298135432020164,7.497914643159254
CCRs-1-medium-0-overlap-0:19,CCRs-1-medium-0-overlap-0,14250558,1.6331141504,PREDICTED,2.5757687091827393,2.4782543182373047,2.534271240234375,2.067906618118286,1.441906452178955,,ELIGIBLE,SCORED,0.9426545587827393,57.72129024488913,SCORED,0.8451401678373047,51.7502201319059,SCORED,0.901157089834375,55.180287894367574,SCORED,0.43479246771828617,26.623519709984272,SCORED,0.19120769822104489,11.708164929819036
CCRs-1-medium-0-overlap-0:20,CCRs-1-medium-0-overlap-0,14400565,1.4909871879999999,PREDICTED,2.3905715942382812,2.3141496181488037,2.3714845180511475,2.002936363220215,1.3689227104187012,,ELIGIBLE,SCORED,0.8995844062382814,60.33481799699284,SCORED,0.8231624301488039,55.20922223704608,SCORED,0.8804973300511476,59.05465433490684,SCORED,0.511949175220215,34.33625582704974,SCORED,0.12206447758129868,8.186822701342937
CCRs-1-medium-0-overlap-0:21,CCRs-1-medium-0-overlap-0,14550562,1.358971818400001,PREDICTED,2.0771913528442383,2.0202343463897705,2.0772416591644287,1.6077245473861694,1.3192145824432373,,ELIGIBLE,SCORED,0.7182195344442373,52.850215487900265,SCORED,0.6612625279897695,48.659031705919666,SCORED,0.7182698407644277,52.85391728064602,SCORED,0.2487527289861684,18.30448031505465,SCORED,0.039757235956763726,2.925537926428254
CCRs-1-medium-0-overlap-0:22,CCRs-1-medium-0-overlap-0,14700568,1.2849492355,PREDICTED,1.8494508266448975,1.7998781204223633,1.80436372756958,1.7198704481124878,1.3002277612686157,,ELIGIBLE,SCORED,0.5645015911448974,43.93182046022528,SCORED,0.5149288849223632,40.073869900548544,SCORED,0.51941449206958,40.42295817760187,SCORED,0.43492121261248773,33.84734591816392,SCORED,0.015278525768615658,1.1890373056388077
CCRs-1-medium-0-overlap-0:23,CCRs-1-medium-0-overlap-0,14850574,1.2304712223999998,PREDICTED,2.432598352432251,2.29862117767334,2.2907156944274902,1.6128418445587158,1.2501037120819092,,ELIGIBLE,SCORED,1.2021271300322511,97.69648474082439,SCORED,1.06814995527334,86.80820289237998,SCORED,1.0602444720274904,86.16572681476558,SCORED,0.382370622158716,31.075137329332474,SCORED,0.019632489681909338,1.5955261142651278
CCRs-1-medium-0-overlap-0:24,CCRs-1-medium-0-overlap-0,15000580,1.1879469735000001,PREDICTED,1.657075047492981,1.6015251874923706,1.5782989263534546,1.895739197731018,1.5014257431030273,,ELIGIBLE,SCORED,0.46912807399298084,39.490657786753545,SCORED,0.4135782139923705,34.81453492607181,SCORED,0.3903519528534545,32.8593751708779,SCORED,0.707792224231018,59.58112946284785,SCORED,0.31347876960302723,26.388279661964827
CCRs-1-medium-0-overlap-0:25,CCRs-1-medium-0-overlap-0,15150578,1.1427398941,PREDICTED,1.1540849208831787,1.1327199935913086,1.1423516273498535,2.7691571712493896,1.4587132930755615,,ELIGIBLE,SCORED,0.011345026783178724,0.9927916966716079,SCORED,0.010019900508691393,0.8768312509630964,SCORED,0.00038826675014647094,0.033976826410901,SCORED,1.6264172771493897,142.32611336548504,SCORED,0.31597339897556154,27.650509149714786
CCRs-1-medium-0-overlap-0:26,CCRs-1-medium-0-overlap-0,15300584,1.1097207638,PREDICTED,1.0729339122772217,1.0275713205337524,1.0445691347122192,2.066345453262329,1.2154980897903442,,ELIGIBLE,SCORED,0.036786851522778274,3.3149646940739954,SCORED,0.08214944326624751,7.402713001867643,SCORED,0.06515162908778072,5.870993065380067,SCORED,0.9566246894623291,86.20409031426732,SCORED,0.10577732599034428,9.531886708880943
CCRs-1-medium-0-overlap-0:27,CCRs-1-medium-0-overlap-0,15450590,1.0961862414999999,PREDICTED,1.2134958505630493,1.161999225616455,1.1909617185592651,1.6594477891921997,1.8097188472747803,,ELIGIBLE,SCORED,0.11730960906304944,10.701612976142199,SCORED,0.0658129841164552,6.0038140988157265,SCORED,0.09477547705926526,8.645928353340429,SCORED,0.5632615476921998,51.38374542280732,SCORED,0.7135326057747804,65.0922789177135
CCRs-1-medium-0-overlap-0:28,CCRs-1-medium-0-overlap-0,15600597,,PREDICTED,1.1736003160476685,1.122315764427185,1.149817705154419,1.767317533493042,2.127768039703369,,EXCLUDED_GT_NONFINITE,EXCLUDED_GT_NONFINITE,,,EXCLUDED_GT_NONFINITE,,,EXCLUDED_GT_NONFINITE,,,EXCLUDED_GT_NONFINITE,,,EXCLUDED_GT_NONFINITE,,
CCRs-1-medium-0-overlap-0:29,CCRs-1-medium-0-overlap-0,15750594,,PREDICTED,1.113044261932373,1.0701817274093628,1.079297423362732,2.5643630027770996,2.8050339221954346,,EXCLUDED_GT_NONFINITE,EXCLUDED_GT_NONFINITE,,,EXCLUDED_GT_NONFINITE,,,EXCLUDED_GT_NONFINITE,,,EXCLUDED_GT_NONFINITE,,,EXCLUDED_GT_NONFINITE,,
CCRs-1-medium-0-overlap-0:30,CCRs-1-medium-0-overlap-0,15900600,,PREDICTED,1.1021690368652344,1.0589470863342285,1.066918969154358,4.297123432159424,4.904715061187744,,EXCLUDED_GT_NONFINITE,EXCLUDED_GT_NONFINITE,,,EXCLUDED_GT_NONFINITE,,,EXCLUDED_GT_NONFINITE,,,EXCLUDED_GT_NONFINITE,,,EXCLUDED_GT_NONFINITE,,
CCRs-1-medium-0-overlap-0:31,CCRs-1-medium-0-overlap-0,16050606,,PREDICTED,1.2645931243896484,1.1995431184768677,1.2042452096939087,5.80215311050415,6.861510276794434,,EXCLUDED_GT_NONFINITE,EXCLUDED_GT_NONFINITE,,,EXCLUDED_GT_NONFINITE,,,EXCLUDED_GT_NONFINITE,,,EXCLUDED_GT_NONFINITE,,,EXCLUDED_GT_NONFINITE,,
CCRs-1-medium-100-overlap-100:00,CCRs-1-medium-100-overlap-100,6000360,6.7076469095,PREDICTED,8.468341827392578,9.71171760559082,10.150634765625,7.119095325469971,14.870781898498535,,ELIGIBLE,SCORED,1.760694917892578,26.249069780326632,SCORED,3.00407069609082,44.785760738779686,SCORED,3.442987856125,51.329294797087734,SCORED,0.4114484159699705,6.134020193985443,SCORED,8.163134988998536,121.69893703613315
CCRs-1-medium-100-overlap-100:01,CCRs-1-medium-100-overlap-100,6200365,6.520134291,PREDICTED,9.030853271484375,12.591656684875488,11.974547386169434,6.321363925933838,-10.119192123413086,,ELIGIBLE,SCORED,2.5107189804843753,38.50716669977213,SCORED,6.0715223938754885,93.11959114486724,SCORED,5.454413095169434,83.6549195420465,SCORED,0.19877036506616186,3.048562440508817,SCORED,16.639326414413084,255.19913657884325
CCRs-1-medium-100-overlap-100:02,CCRs-1-medium-100-overlap-100,6450369,6.2413675375999995,PREDICTED,5.5173444747924805,5.240657329559326,7.7055745124816895,6.800820350646973,-36.62987518310547,,ELIGIBLE,SCORED,0.724023062807519,11.600391395728131,SCORED,1.0007102080406733,16.033508714429555,SCORED,1.46420697488169,23.459714013969496,SCORED,0.5594528130469731,8.963625514386871,SCORED,42.87124272070547,686.8886099470245
CCRs-1-medium-100-overlap-100:03,CCRs-1-medium-100-overlap-100,6700374,6.009441704500001,PREDICTED,5.525369167327881,5.924073696136475,7.9386701583862305,-23.332151412963867,-181.96546936035156,,ELIGIBLE,SCORED,0.4840725371721204,8.055199816808878,SCORED,0.08536800836352665,1.4205647140166318,SCORED,1.9292284538862292,32.10328926964348,SCORED,29.34159311746387,488.2582203184073,SCORED,187.97491106485157,3127.9929202756366
CCRs-1-medium-100-overlap-100:04,CCRs-1-medium-100-overlap-100,6950378,5.7696786653,PREDICTED,10.360669136047363,17.84478187561035,25.46235466003418,5.05417013168335,6.975799560546875,,ELIGIBLE,SCORED,4.590990470747363,79.57099064040598,SCORED,12.075103210310353,209.28554102904266,SCORED,19.69267599473418,341.31321928151505,SCORED,0.7155085336166502,12.401185146061279,SCORED,1.2061208952468752,20.90447259222125
CCRs-1-medium-100-overlap-100:05,CCRs-1-medium-100-overlap-100,7200382,5.539562937499999,PREDICTED,7.020598888397217,6.96432638168335,7.5823493003845215,4.785942077636719,4.994542121887207,,ELIGIBLE,SCORED,1.4810359508972182,26.735610148435445,SCORED,1.424763444183351,25.719780788813384,SCORED,2.042786362884523,36.87630930331899,SCORED,0.7536208598632799,13.604337893909523,SCORED,0.5450208156127916,9.838697055381036
CCRs-1-medium-100-overlap-100:06,CCRs-1-medium-100-overlap-100,7400387,5.370414362,PREDICTED,9.29246997833252,9.405765533447266,9.664023399353027,6.1340861320495605,5.6436686515808105,,ELIGIBLE,SCORED,3.9220556163325195,73.03078220712756,SCORED,4.035351171447266,75.14040629714943,SCORED,4.293609037353027,79.94930647686637,SCORED,0.7636717700495605,14.21997854491736,SCORED,0.27325428958081055,5.088141643488524
CCRs-1-medium-100-overlap-100:07,CCRs-1-medium-100-overlap-100,7650401,5.1685904028,PREDICTED,8.87602710723877,11.128602981567383,10.688021659851074,7.144135475158691,-74.18951416015625,,ELIGIBLE,SCORED,3.70743670443877,71.730131728572,SCORED,5.960012578767383,115.31214730303728,SCORED,5.519431257051075,106.78794075191203,SCORED,1.9755450723586918,38.22212476516755,SCORED,79.35810456295624,1535.391632503231
CCRs-1-medium-100-overlap-100:08,CCRs-1-medium-100-overlap-100,7900405,4.972555184799999,PREDICTED,5.984626770019531,6.976457595825195,8.05662727355957,5.645206928253174,7.7111101150512695,,ELIGIBLE,SCORED,1.012071585219532,20.353149389135208,SCORED,2.003902411025196,40.29924931050906,SCORED,3.084072088759571,62.02187756883819,SCORED,0.6726517434531747,13.527285639972831,SCORED,2.7385549302512704,55.07339443154753
CCRs-1-medium-100-overlap-100:09,CCRs-1-medium-100-overlap-100,8150409,4.7548234670000005,PREDICTED,7.884744167327881,10.019680976867676,10.864158630371094,6.596606731414795,6.294327735900879,,ELIGIBLE,SCORED,3.1299207003278804,65.82622303541937,SCORED,5.264857509867675,110.72666622446606,SCORED,6.109335163371093,128.4871080024703,SCORED,1.8417832644147945,38.7350503588064,SCORED,1.5395042689008784,32.37773767176703
CCRs-1-medium-100-overlap-100:10,CCRs-1-medium-100-overlap-100,8400414,4.554587676600002,PREDICTED,6.688410758972168,6.876653671264648,6.91460657119751,9.57259464263916,7.6449809074401855,,ELIGIBLE,SCORED,2.1338230823721656,46.84997268435643,SCORED,2.322065994664646,50.983012284397766,SCORED,2.3600188945975074,51.816301763659546,SCORED,5.018006966039158,110.17478029504304,SCORED,3.090393230840183,67.85231617600915
CCRs-1-medium-100-overlap-100:11,CCRs-1-medium-100-overlap-100,8600419,4.3989281791999995,PREDICTED,8.455239295959473,8.726702690124512,9.149877548217773,6.055117130279541,6.7387309074401855,,ELIGIBLE,SCORED,4.056311116759473,92.21135130006066,SCORED,4.327774510924512,98.38247715405012,SCORED,4.750949369017774,108.00243094402586,SCORED,1.6561889510795416,37.64982931321103,SCORED,2.339802728240186,53.190291655675736
CCRs-1-medium-100-overlap-100:12,CCRs-1-medium-100-overlap-100,8850433,4.178881434799999,PREDICTED,7.9006853103637695,8.09804916381836,8.060188293457031,6.86530065536499,5.125349521636963,,ELIGIBLE,SCORED,3.7218038755637703,89.06220321471972,SCORED,3.91916772901836,93.78509034453933,SCORED,3.881306858657032,92.87908544940066,SCORED,2.686419220564991,64.28560519074796,SCORED,0.9464680868369637,22.64883801093681
CCRs-1-medium-100-overlap-100:13,CCRs-1-medium-100-overlap-100,9100437,3.9736731930000007,PREDICTED,8.464215278625488,8.815014839172363,8.704632759094238,7.462875843048096,5.92679500579834,,ELIGIBLE,SCORED,4.490542085625488,113.00733270003181,SCORED,4.841341646172363,121.83542558811433,SCORED,4.730959566094238,119.05759070545278,SCORED,3.489202650048095,87.80799226757384,SCORED,1.9531218127983392,49.15154613718479
CCRs-1-medium-100-overlap-100:14,CCRs-1-medium-100-overlap-100,9350441,3.782641022,PREDICTED,6.604902744293213,8.034564018249512,7.902854919433594,-8.811841011047363,5.963387966156006,,ELIGIBLE,SCORED,2.822261722293213,74.6108791682536,SCORED,4.251922996249512,112.40619904241899,SCORED,4.120213897433594,108.92426411785459,SCORED,12.594482033047363,332.9547255422157,SCORED,2.180746944156006,57.65143801573265
CCRs-1-medium-100-overlap-100:15,CCRs-1-medium-100-overlap-100,9600445,3.5687841699999994,PREDICTED,6.2258758544921875,6.341857433319092,6.772128105163574,16.56420135498047,5.018640995025635,,ELIGIBLE,SCORED,2.657091684492188,74.45369509392854,SCORED,2.7730732633190924,77.70358562532776,SCORED,3.203343935163575,89.76009146452742,SCORED,12.99541718498047,364.1413031985196,SCORED,1.4498568250256354,40.62607196068222
CCRs-1-medium-100-overlap-100:16,CCRs-1-medium-100-overlap-100,9800451,3.3902538655999988,PREDICTED,5.335335731506348,5.8592658042907715,5.740050792694092,4.6509199142456055,5.644390106201172,,ELIGIBLE,SCORED,1.945081865906349,57.37274974132691,SCORED,2.4690119386907727,72.82675683208204,SCORED,2.349796927094093,69.31035315487301,SCORED,1.2606660486456067,37.18500438675843,SCORED,2.254136240601173,66.48871529867695
CCRs-1-medium-100-overlap-100:17,CCRs-1-medium-100-overlap-100,10050455,3.1580850576,PREDICTED,5.5522236824035645,5.891602993011475,5.9720845222473145,4.991659164428711,4.709962368011475,,ELIGIBLE,SCORED,2.3941386248035643,75.80982086096819,SCORED,2.7335179354114745,86.55618469911708,SCORED,2.8139994646473143,89.10461286897146,SCORED,1.8335741068287108,58.05968089479335,SCORED,1.5518773104114745,49.13981992590251
CCRs-1-medium-100-overlap-100:18,CCRs-1-medium-100-overlap-100,10300468,2.9368153834999995,PREDICTED,6.461867809295654,6.435932636260986,6.508488178253174,5.061916351318359,5.023509502410889,,ELIGIBLE,SCORED,3.525052425795655,120.02975895592776,SCORED,3.499117252760987,119.14665363101082,SCORED,3.5716727947531743,121.61720531770617,SCORED,2.12510096781836,72.36072719306362,SCORED,2.086694118910889,71.05295520564987
CCRs-1-medium-100-overlap-100:19,CCRs-1-medium-100-overlap-100,10550472,2.710783177,PREDICTED,6.739109039306641,6.650493144989014,6.7908196449279785,4.0258331298828125,3.77877140045166,,ELIGIBLE,SCORED,4.028325862306641,148.60376501099412,SCORED,3.9397099679890135,145.334750540582,SCORED,4.080036467927979,150.51135415571375,SCORED,1.3150499528828123,48.51180883961979,SCORED,1.06798822345166,39.397773769335295
CCRs-1-medium-100-overlap-100:20,CCRs-1-medium-100-overlap-100,10800477,2.4801709429999996,PREDICTED,5.64716911315918,5.742062091827393,5.895065784454346,3.944972038269043,3.9845569133758545,,ELIGIBLE,SCORED,3.16699817015918,127.6927374339931,SCORED,3.261891148827393,131.51880349351362,SCORED,3.414894841454346,137.68788200234738,SCORED,1.4648010952690433,59.060489334546794,SCORED,1.5043859703758549,60.65654363953473
CCRs-1-medium-100-overlap-100:21,CCRs-1-medium-100-overlap-100,11000482,2.2922019225000008,PREDICTED,6.189039707183838,6.047723770141602,6.16264533996582,3.7304255962371826,4.5099196434021,,ELIGIBLE,SCORED,3.896837784683837,170.00412339039192,SCORED,3.755521847641601,163.83904972671968,SCORED,3.8704434174658195,168.85263813252988,SCORED,1.4382236737371819,62.74419629526252,SCORED,2.217717720902099,96.75053925804819
CCRs-1-medium-100-overlap-100:22,CCRs-1-medium-100-overlap-100,11250487,2.0698333040000008,PREDICTED,4.858637809753418,4.738491535186768,4.879462718963623,4.717020511627197,4.572059154510498,,ELIGIBLE,SCORED,2.788804505753417,134.73570554517545,SCORED,2.668658231186767,128.93107024751816,SCORED,2.8096294149636223,135.74182082846713,SCORED,2.6471872076271965,127.89373919684479,SCORED,2.5022258505104973,120.89021109453056
CCRs-1-medium-100-overlap-100:23,CCRs-1-medium-100-overlap-100,11500500,1.8265545936999998,PREDICTED,2.877591848373413,2.8713552951812744,2.875917911529541,4.170542240142822,4.355930805206299,,ELIGIBLE,SCORED,1.0510372546734132,57.54206626500864,SCORED,1.0448007014812746,57.200628170924325,SCORED,1.0493633178295412,57.450421763954814,SCORED,2.343987646442822,128.32836502820717,SCORED,2.5293762115062988,138.4779967831464
CCRs-1-medium-100-overlap-100:24,CCRs-1-medium-100-overlap-100,11750504,1.5985915615000013,PREDICTED,2.4259519577026367,2.373185396194458,2.461503505706787,3.1704835891723633,3.5145909786224365,,ELIGIBLE,SCORED,0.8273603962026355,51.755583860726816,SCORED,0.7745938346944568,48.45476814400513,SCORED,0.8629119442067859,53.979513278369396,SCORED,1.571892027672362,98.32980890987649,SCORED,1.9159994171224353,119.8554692309649
CCRs-1-medium-100-overlap-100:25,CCRs-1-medium-100-overlap-100,12000509,1.361732754000001,PREDICTED,2.0832035541534424,2.0647544860839844,2.0826659202575684,3.2100534439086914,3.2264931201934814,,ELIGIBLE,SCORED,0.7214708001534413,52.981820260559054,SCORED,0.7030217320839833,51.626997295827906,SCORED,0.7209331662575673,52.94233865932013,SCORED,1.8483206899086904,135.73299786462277,SCORED,1.8647603661934804,136.9402594390029
CCRs-1-medium-100-overlap-100:26,CCRs-1-medium-100-overlap-100,12200514,1.2318476304,PREDICTED,1.9238805770874023,1.9167178869247437,1.9003885984420776,4.867758274078369,2.880253314971924,,ELIGIBLE,SCORED,0.6920329466874025,56.17845337435837,SCORED,0.6848702565247438,55.59699427293259,SCORED,0.6685409680420777,54.27140106808439,SCORED,3.6359106436783692,295.15912146518747,SCORED,1.648405684571924,133.81571258424722
CCRs-1-medium-100-overlap-100:27,CCRs-1-medium-100-overlap-100,12450518,1.2072237517,PREDICTED,2.094587802886963,2.0572264194488525,2.0119423866271973,4.069759368896484,3.6154520511627197,,ELIGIBLE,SCORED,0.8873640511869629,73.50452225094031,SCORED,0.8500026677488526,70.40970379781606,SCORED,0.8047186349271973,66.65861517336789,SCORED,2.8625356171964844,237.1172380567804,SCORED,2.4082282994627198,199.48483419676572
CCRs-1-medium-100-overlap-100:28,CCRs-1-medium-100-overlap-100,12700531,1.3498707792,PREDICTED,1.885906457901001,1.8538230657577515,1.8724771738052368,4.148873805999756,4.361525058746338,,ELIGIBLE,SCORED,0.536035678701001,39.71014759047397,SCORED,0.5039522865577515,37.33337252151043,SCORED,0.5226063946052368,38.71529057877371,SCORED,2.799003026799756,207.35340522435664,SCORED,3.011654279546338,223.106857778727
CCRs-1-medium-100-overlap-100:29,CCRs-1-medium-100-overlap-100,12950536,1.9184621486999993,PREDICTED,1.834519624710083,1.8047451972961426,1.7895704507827759,2.5251071453094482,4.740397930145264,,ELIGIBLE,SCORED,0.0839425239899163,4.375511085626473,SCORED,0.11371695140385674,5.927505605513997,SCORED,0.12889169791722344,6.718490537046241,SCORED,0.6066449966094489,31.621421200336304,SCORED,2.8219357814452644,147.093638691672
CCRs-1-medium-100-overlap-100:30,CCRs-1-medium-100-overlap-100,13200540,,PREDICTED,2.200486660003662,2.168602228164673,2.2246737480163574,3.636713981628418,3.895771026611328,,EXCLUDED_GT_NONFINITE,EXCLUDED_GT_NONFINITE,,,EXCLUDED_GT_NONFINITE,,,EXCLUDED_GT_NONFINITE,,,EXCLUDED_GT_NONFINITE,,,EXCLUDED_GT_NONFINITE,,
CCRs-1-medium-100-overlap-100:31,CCRs-1-medium-100-overlap-100,13450544,,PREDICTED,1.794039249420166,1.7331186532974243,1.7961492538452148,2.1227686405181885,2.9958298206329346,,EXCLUDED_GT_NONFINITE,EXCLUDED_GT_NONFINITE,,,EXCLUDED_GT_NONFINITE,,,EXCLUDED_GT_NONFINITE,,,EXCLUDED_GT_NONFINITE,,,EXCLUDED_GT_NONFINITE,,
CCRs-1-medium-50-overlap-50:00,CCRs-1-medium-50-overlap-50,12250505,4.5497608006,PREDICTED,4.372112274169922,4.64083194732666,4.499428749084473,4.374512195587158,4.298070430755615,,ELIGIBLE,SCORED,0.17764852643007778,3.904568486471869,SCORED,0.0910711467266605,2.0016688946515715,SCORED,0.050332051515527,1.106257091776989,SCORED,0.17524860501284145,3.8518201877718616,SCORED,0.2516903698443844,5.531947301739308
CCRs-1-medium-50-overlap-50:01,CCRs-1-medium-50-overlap-50,12400503,4.294009368,PREDICTED,4.0944600105285645,4.079445838928223,4.173572063446045,3.940070867538452,3.8594753742218018,,ELIGIBLE,SCORED,0.19954935747143576,4.647157012709986,SCORED,0.21456352907177756,4.99681092153075,SCORED,0.1204373045539553,2.804775076912578,SCORED,0.35393850046154807,8.242611278382011,SCORED,0.43453399377819846,10.119539957608179
CCRs-1-medium-50-overlap-50:02,CCRs-1-medium-50-overlap-50,12550509,4.064864989999999,PREDICTED,3.6311326026916504,3.546064853668213,3.6243209838867188,3.2668144702911377,4.161635398864746,,ELIGIBLE,SCORED,0.43373238730834895,10.67027781673873,SCORED,0.5188001363317865,12.763034875896,SCORED,0.4405440061132806,10.837850880584368,SCORED,0.7980505197088616,19.63289117036238,SCORED,0.09677040886474675,2.3806549320287944
CCRs-1-medium-50-overlap-50:03,CCRs-1-medium-50-overlap-50,12700515,3.8703141476000003,PREDICTED,4.097616672515869,4.070878982543945,4.1026530265808105,3.833819627761841,4.122520446777344,,ELIGIBLE,SCORED,0.2273025249158689,5.8729735170676065,SCORED,0.20056483494394506,5.182133214388197,SCORED,0.2323388789808103,6.003101301864209,SCORED,0.036494519838159434,0.9429343057537035,SCORED,0.2522062991773435,6.516429663306216
CCRs-1-medium-50-overlap-50:04,CCRs-1-medium-50-overlap-50,12850512,3.6927811527,PREDICTED,3.4870688915252686,3.4542064666748047,3.503150463104248,4.151625156402588,3.498730182647705,,ELIGIBLE,SCORED,0.2057122611747313,5.570659420862877,SCORED,0.23857468602519516,6.460569315101703,SCORED,0.1896306895957518,5.135172699229743,SCORED,0.45884400370258804,12.425431801370125,SCORED,0.19405097005229477,5.254873279192654
CCRs-1-medium-50-overlap-50:05,CCRs-1-medium-50-overlap-50,13000519,3.5382771119999994,PREDICTED,3.558077573776245,3.5148696899414062,3.6563827991485596,4.459973335266113,3.433851718902588,,ELIGIBLE,SCORED,0.019800461776245726,0.5596074346210148,SCORED,0.02340742205859314,0.6615485819131384,SCORED,0.11810568714856018,3.3379433947671027,SCORED,0.9216962232661139,26.049294447294663,SCORED,0.1044253930974115,2.9513062372433967
CCRs-1-medium-50-overlap-50:06,CCRs-1-medium-50-overlap-50,13150525,3.3788010814000007,PREDICTED,3.149301290512085,3.1571297645568848,3.210530996322632,4.3499674797058105,3.4789674282073975,,ELIGIBLE,SCORED,0.22949979088791572,6.792343951565886,SCORED,0.22167131684311592,6.560650109395216,SCORED,0.16827008507736885,4.980171398774574,SCORED,0.9711663983058099,28.742929071853162,SCORED,0.10016634680739678,2.9645529403551927
CCRs-1-medium-50-overlap-50:07,CCRs-1-medium-50-overlap-50,13300531,3.2267176743999997,PREDICTED,3.0327608585357666,3.0055007934570312,3.02402400970459,4.250764846801758,3.008556604385376,,ELIGIBLE,SCORED,0.19395681586423308,6.010963320498713,SCORED,0.22121688094296843,6.855786693023994,SCORED,0.20269366469540984,6.2817291485875115,SCORED,1.0240471724017581,31.736497448360655,SCORED,0.2181610700146237,6.761083305969439
CCRs-1-medium-50-overlap-50:08,CCRs-1-medium-50-overlap-50,13450528,3.058293639199999,PREDICTED,3.2796549797058105,3.1476480960845947,3.177400827407837,2.7855987548828125,2.882960557937622,,ELIGIBLE,SCORED,0.22136134050581147,7.23806692949589,SCORED,0.08935445688459565,2.921709535647118,SCORED,0.11910718820783783,3.894563513495531,SCORED,0.2726948843171866,8.916569711354441,SCORED,0.175333081262377,5.733036194269474
CCRs-1-medium-50-overlap-50:09,CCRs-1-medium-50-overlap-50,13600534,2.9056802990000006,PREDICTED,3.0579352378845215,2.9909920692443848,3.0462865829467773,2.8233444690704346,3.020195484161377,,ELIGIBLE,SCORED,0.1522549388845209,5.239906776286433,SCORED,0.08531177024438419,2.9360343005988825,SCORED,0.14060628394677677,4.8390142575274675,SCORED,0.082335829929566,2.833616277671778,SCORED,0.11451518516137638,3.9410800011545373
CCRs-1-medium-50-overlap-50:10,CCRs-1-medium-50-overlap-50,13750541,2.7571103828,PREDICTED,2.5745885372161865,2.551056385040283,2.587120294570923,3.7505736351013184,2.7650680541992188,,ELIGIBLE,SCORED,0.18252184558381357,6.620041283891304,SCORED,0.2060539977597169,7.473549084039846,SCORED,0.16999008822907724,6.1655162335736,SCORED,0.9934632523013183,36.032770341693784,SCORED,0.007957671399218658,0.2886236056728783
CCRs-1-medium-50-overlap-50:11,CCRs-1-medium-50-overlap-50,13900547,2.6216655172000007,PREDICTED,2.878983974456787,2.8539910316467285,2.8417489528656006,2.3387084007263184,2.34961199760437,,ELIGIBLE,SCORED,0.25731845725678637,9.815075781734675,SCORED,0.23232551444672778,8.861752688224575,SCORED,0.22008343566559985,8.394794615167156,SCORED,0.2829571164736824,10.793028882490209,SCORED,0.2720535195956306,10.3771254498625
CCRs-1-medium-50-overlap-50:12,CCRs-1-medium-50-overlap-50,14050544,2.4677555355000003,PREDICTED,2.8007822036743164,2.7235782146453857,2.8161489963531494,3.2697176933288574,2.261458396911621,,ELIGIBLE,SCORED,0.33302666817431614,13.495123944959179,SCORED,0.2558226791453855,10.366613526552273,SCORED,0.34839346085314915,14.117827144598422,SCORED,0.8019621578288572,32.49763383334358,SCORED,0.20629713858837917,8.35970725708779
CCRs-1-medium-50-overlap-50:13,CCRs-1-medium-50-overlap-50,14200550,2.3178568327,PREDICTED,2.644552230834961,2.599071741104126,2.600762128829956,4.45914363861084,2.252256393432617,,ELIGIBLE,SCORED,0.32669539813496096,14.094718600648148,SCORED,0.281214908404126,12.132540044612998,SCORED,0.2829052961299561,12.205468954715741,SCORED,2.14128680591084,92.38218580638222,SCORED,0.06560043926738279,2.830219638327138
CCRs-1-medium-50-overlap-50:14,CCRs-1-medium-50-overlap-50,14350556,2.180002859700001,PREDICTED,2.1497063636779785,2.2115957736968994,2.233529806137085,2.0840847492218018,1.8291256427764893,,ELIGIBLE,SCORED,0.030296496022022446,1.3897457008928726,SCORED,0.03159291399689845,1.4492143373264237,SCORED,0.053526946437084,2.455361294546653,SCORED,0.0959181104781992,4.399907552937746,SCORED,0.3508772169235117,16.095264066387386
CCRs-1-medium-50-overlap-50:15,CCRs-1-medium-50-overlap-50,14500553,2.0310906672000004,PREDICTED,2.8303720951080322,2.771848678588867,2.7159972190856934,2.130732297897339,1.9812723398208618,,ELIGIBLE,SCORED,0.7992814279080318,39.3523263542881,SCORED,0.7407580113888668,36.4709475234827,SCORED,0.6849065518856929,33.72112151102955,SCORED,0.09964163069733845,4.905818942819591,SCORED,0.049818327379138605,2.4527869771474373
CCRs-1-medium-50-overlap-50:16,CCRs-1-medium-50-overlap-50,14650560,1.8870265337000003,PREDICTED,2.1042182445526123,2.1048967838287354,2.16087007522583,3.092357873916626,1.9416029453277588,,ELIGIBLE,SCORED,0.21719171085261202,11.509732744814768,SCORED,0.21787025012873507,11.545690865381976,SCORED,0.2738435415258298,14.511907312129269,SCORED,1.2053313402166257,63.87463656132402,SCORED,0.0545764116277585,2.892191002780837
CCRs-1-medium-50-overlap-50:17,CCRs-1-medium-50-overlap-50,14800566,1.7343768001999993,PREDICTED,2.0883419513702393,2.058244466781616,2.1207146644592285,2.59035587310791,1.6542706489562988,,ELIGIBLE,SCORED,0.35396515117023997,20.408780325556855,SCORED,0.3238676665816169,18.673431664000013,SCORED,0.3863378642592292,22.275313196917693,SCORED,0.8559790729079109,49.35369712101798,SCORED,0.08010615124370046,4.618728250658279
CCRs-1-medium-50-overlap-50:18,CCRs-1-medium-50-overlap-50,14950572,1.5877136655000004,PREDICTED,1.9886248111724854,1.9193979501724243,1.9812395572662354,1.5856927633285522,1.3427283763885498,,ELIGIBLE,SCORED,0.400911145672485,25.25084682358205,SCORED,0.33168428467242395,20.890686518590268,SCORED,0.393525891766235,24.785696584799904,SCORED,0.0020209021714481246,0.12728379274934976,SCORED,0.24498528911145057,15.430067425558134
CCRs-1-medium-50-overlap-50:19,CCRs-1-medium-50-overlap-50,15100569,1.448232939,PREDICTED,2.2807748317718506,2.226315975189209,2.303987979888916,1.880122423171997,1.2730737924575806,,ELIGIBLE,SCORED,0.8325418927718506,57.48673920831535,SCORED,0.778083036189209,53.72637337792309,SCORED,0.8557550408889161,59.089599320936046,SCORED,0.43188948417199713,29.821824413841558,SCORED,0.17515914654241937,12.094680477531893
CCRs-1-medium-50-overlap-50:20,CCRs-1-medium-50-overlap-50,15250576,1.3446138895,PREDICTED,1.9818819761276245,1.9216512441635132,1.988457441329956,1.351927399635315,1.207268476486206,,ELIGIBLE,SCORED,0.6372680866276246,47.394132367961426,SCORED,0.5770373546635132,42.9147251244063,SCORED,0.6438435518299561,47.8831549233343,SCORED,0.0073135101353150045,0.5439115416273561,SCORED,0.13734541301379388,10.2144871539938
CCRs-1-medium-50-overlap-50:21,CCRs-1-medium-50-overlap-50,15400582,1.2740292345000004,PREDICTED,1.7611383199691772,1.7300001382827759,1.763149380683899,1.3995778560638428,1.132245421409607,,ELIGIBLE,SCORED,0.48710908546917686,38.23374474294112,SCORED,0.4559709037827755,35.789673536158986,SCORED,0.48912014618389854,38.39159517998473,SCORED,0.1255486215638424,9.85445374125301,SCORED,0.14178381309039345,11.128772342970393
CCRs-1-medium-50-overlap-50:22,CCRs-1-medium-50-overlap-50,15550579,1.2127792499999999,PREDICTED,1.8399629592895508,1.7910243272781372,1.8101298809051514,1.556605339050293,1.1815664768218994,,ELIGIBLE,SCORED,0.6271837092895509,51.714581139935476,SCORED,0.5782450772781373,47.67933465864768,SCORED,0.5973506309051515,49.25468760330057,SCORED,0.3438260890502931,28.350261521236707,SCORED,0.03121277317810045,2.573656597282684
CCRs-1-medium-50-overlap-50:23,CCRs-1-medium-50-overlap-50,15700585,1.162119393,PREDICTED,1.702531099319458,1.6428141593933105,1.633650779724121,2.944326877593994,1.2907317876815796,,ELIGIBLE,SCORED,0.540411706319458,46.502253518409184,SCORED,0.48069476639331055,41.3636300442764,SCORED,0.4715313867241211,40.57512417092252,SCORED,1.7822074845939941,153.35838084529703,SCORED,0.1286123946815796,11.067055197277789
CCRs-1-medium-50-overlap-50:24,CCRs-1-medium-50-overlap-50,15850591,1.1207089704,PREDICTED,1.6448748111724854,1.6018210649490356,1.5757166147232056,2.995685338973999,1.265815258026123,,ELIGIBLE,SCORED,0.5241658407724854,46.77091507400014,SCORED,0.4811120945490357,42.929262391584025,SCORED,0.4550076443232056,40.59998236302202,SCORED,1.874976368573999,167.30270017422885,SCORED,0.1451062876261231,12.947722509469358
CCRs-1-medium-50-overlap-50:25,CCRs-1-medium-50-overlap-50,16000598,1.0886400859999998,PREDICTED,1.5679583549499512,1.5303692817687988,1.5051352977752686,2.5158982276916504,1.1289844512939453,,ELIGIBLE,SCORED,0.47931826894995133,44.029085012946275,SCORED,0.441729195768799,40.57623832242377,SCORED,0.4164952117752687,38.258301998193076,SCORED,1.4272581416916506,131.10468372847063,SCORED,0.04034436529394547,3.7059415515538414
CCRs-1-medium-50-overlap-50:26,CCRs-1-medium-50-overlap-50,16150595,1.0753021600000001,PREDICTED,1.5538320541381836,1.5238089561462402,1.5031806230545044,1.2543591260910034,1.1595227718353271,,ELIGIBLE,SCORED,0.4785298941381835,44.501900204328,SCORED,0.4485067961462401,41.70983866955499,SCORED,0.4278784630545043,39.791463178545484,SCORED,0.1790569660910033,16.651781494701293,SCORED,0.08422061183532703,7.832274031266433
CCRs-1-medium-50-overlap-50:27,CCRs-1-medium-50-overlap-50,16300601,1.0943936086000001,PREDICTED,1.5235450267791748,1.4906561374664307,1.4734570980072021,1.6778641939163208,1.1678881645202637,,ELIGIBLE,SCORED,0.4291514181791747,39.21362614024815,SCORED,0.39626252886643054,36.20841037013623,SCORED,0.379063489407202,34.63685153389354,SCORED,0.5834705853163207,53.31450958149543,SCORED,0.07349455592026355,6.715550542576838
CCRs-1-medium-50-overlap-50:28,CCRs-1-medium-50-overlap-50,16450607,1.1493142448000002,PREDICTED,1.6399415731430054,1.587339162826538,1.5616791248321533,2.3468873500823975,1.2319213151931763,,ELIGIBLE,SCORED,0.49062732834300515,42.688701594260884,SCORED,0.43802491802653787,38.11184974069137,SCORED,0.4123648800321531,35.87921074657101,SCORED,1.1975731052823972,104.19892650776245,SCORED,0.08260707039317605,7.187509488107933
CCRs-1-medium-50-overlap-50:29,CCRs-1-medium-50-overlap-50,16600614,1.274077932500001,PREDICTED,1.6017045974731445,1.5597870349884033,1.5387051105499268,2.568516492843628,1.2085068225860596,,ELIGIBLE,SCORED,0.32762666497314363,25.714805712887063,SCORED,0.2857091024884024,22.424774434934513,SCORED,0.26462717804992586,20.770093516232034,SCORED,1.294438560343627,101.5980676946248,SCORED,0.06557110991394133,5.146554087572762
CCRs-1-medium-50-overlap-50:30,CCRs-1-medium-50-overlap-50,16750611,1.5451095047999996,PREDICTED,1.8534607887268066,1.8027520179748535,1.7735494375228882,1.3629940748214722,1.399063229560852,,ELIGIBLE,SCORED,0.308351283926807,19.956597443022027,SCORED,0.25764251317485387,16.67470896881211,SCORED,0.22843993272288854,14.784708269104721,SCORED,0.18211542997852748,11.786571075562742,SCORED,0.1460462752391476,9.45216340883567
CCRs-1-medium-50-overlap-50:31,CCRs-1-medium-50-overlap-50,16950616,,PREDICTED,2.3256847858428955,2.2719762325286865,2.2483298778533936,2.0596485137939453,1.9962087869644165,,EXCLUDED_GT_NONFINITE,EXCLUDED_GT_NONFINITE,,,EXCLUDED_GT_NONFINITE,,,EXCLUDED_GT_NONFINITE,,,EXCLUDED_GT_NONFINITE,,,EXCLUDED_GT_NONFINITE,,
CCRs-2-high-100-overlap-100:00,CCRs-2-high-100-overlap-100,12750327,4.1599110231999985,PREDICTED,6.413359642028809,6.555020332336426,7.093153476715088,7.873706817626953,4.147119998931885,,ELIGIBLE,SCORED,2.25344861882881,54.17059658875473,SCORED,2.3951093091364273,57.57597448067524,SCORED,2.9332424535150894,70.51214406164634,SCORED,3.7137957944269546,89.27584685621783,SCORED,0.012791024268113738,0.3074831215566308
CCRs-2-high-100-overlap-100:01,CCRs-2-high-100-overlap-100,12950332,3.9708111066000007,PREDICTED,6.10384464263916,6.278921604156494,6.600421905517578,6.578603744506836,3.0396316051483154,,ELIGIBLE,SCORED,2.1330335360391595,53.717829399987885,SCORED,2.3081104975564934,58.12692761234892,SCORED,2.6296107989175774,66.22351777315282,SCORED,2.6077926379068352,65.67405418939086,SCORED,0.9311795014516853,23.45061188893989
CCRs-2-high-100-overlap-100:02,CCRs-2-high-100-overlap-100,13150337,3.779934844999999,PREDICTED,6.164581775665283,5.829817771911621,6.061310768127441,4.004854202270508,4.536589622497559,,ELIGIBLE,SCORED,2.384646930665284,63.08698505265596,SCORED,2.049882926911622,54.23064182238894,SCORED,2.281375923127442,60.35490072388914,SCORED,0.2249193572705086,5.950350111669945,SCORED,0.7566547774975594,20.017667195995266
CCRs-2-high-100-overlap-100:03,CCRs-2-high-100-overlap-100,13350343,3.5840707068,PREDICTED,5.04526948928833,4.948121070861816,5.164455413818359,4.9189229011535645,3.108555555343628,,ELIGIBLE,SCORED,1.4611987824883301,40.76925100043426,SCORED,1.3640503640618165,38.05869012220728,SCORED,1.5803847070183594,44.09468552112884,SCORED,1.3348521943535645,37.24402511984406,SCORED,0.475515151456372,13.267460113278032
CCRs-2-high-100-overlap-100:04,CCRs-2-high-100-overlap-100,13550348,3.3924884021,PREDICTED,4.585877418518066,4.6078267097473145,4.610452175140381,7.515596389770508,5.074993133544922,,ELIGIBLE,SCORED,1.1933890164180663,35.17739414169673,SCORED,1.2153383076473143,35.824390936605774,SCORED,1.2179637730403807,35.90178148542655,SCORED,4.123107987670508,121.5363915501743,SCORED,1.6825047314449217,49.595003195985186
CCRs-2-high-100-overlap-100:05,CCRs-2-high-100-overlap-100,13750353,3.1908100119999987,PREDICTED,4.2391276359558105,4.078037738800049,4.237572193145752,6.243358612060547,3.6516664028167725,,ELIGIBLE,SCORED,1.0483176239558119,32.854279007941514,SCORED,0.8872277268000501,27.805720912977083,SCORED,1.0467621811457533,32.80553142334047,SCORED,3.052548600060548,95.66688673347905,SCORED,0.46085639081677376,14.443241342592788
CCRs-2-high-100-overlap-100:06,CCRs-2-high-100-overlap-100,13950358,3.005111411700001,PREDICTED,5.195207595825195,4.962301254272461,5.161812782287598,4.471706390380859,4.244602680206299,,ELIGIBLE,SCORED,2.1900961841251942,72.87903455420476,SCORED,1.9571898425724599,65.12869489471844,SCORED,2.1567013705875966,71.76776748411946,SCORED,1.4665949786808583,48.80334795478351,SCORED,1.2394912685062978,41.24610035024004
CCRs-2-high-100-overlap-100:07,CCRs-2-high-100-overlap-100,14150363,2.8460553200000005,PREDICTED,4.3965325355529785,4.367995738983154,4.498169898986816,3.0549521446228027,5.034891605377197,,ELIGIBLE,SCORED,1.550477215552978,54.47811237741429,SCORED,1.5219404189831538,53.4754334635756,SCORED,1.652114578986816,58.049278500560405,SCORED,0.20889682462280224,7.339872248962546,SCORED,2.1888362853771968,76.90772101285776
CCRs-2-high-100-overlap-100:08,CCRs-2-high-100-overlap-100,14350369,2.685834202,PREDICTED,2.7016780376434326,2.70068621635437,2.6000266075134277,6.747023582458496,2.6669108867645264,,ELIGIBLE,SCORED,0.015843835643432502,0.5899037115408847,SCORED,0.014852014354370002,0.5529758442762582,SCORED,0.08580759448657238,3.1948209767630464,SCORED,4.0611893804584955,151.2077468309228,SCORED,0.018923315235473748,0.7045600663429837
CCRs-2-high-100-overlap-100:09,CCRs-2-high-100-overlap-100,14550374,2.5405458175000004,PREDICTED,2.603520393371582,2.651357889175415,2.571413040161133,3.4577226638793945,2.1737890243530273,,ELIGIBLE,SCORED,0.06297457587158162,2.4787813483935173,SCORED,0.11081207167541463,4.361742697656135,SCORED,0.0308672226611324,1.214983900251285,SCORED,0.9171768463793941,36.101566838969,SCORED,0.36675679314697307,14.436141659821612
CCRs-2-high-100-overlap-100:10,CCRs-2-high-100-overlap-100,14750379,2.393385928,PREDICTED,2.8440396785736084,2.8413071632385254,2.805839776992798,2.5895960330963135,2.3520660400390625,,ELIGIBLE,SCORED,0.45065375057360857,18.829130116520375,SCORED,0.44792123523852556,18.714960675515663,SCORED,0.412453848992798,17.233069024411765,SCORED,0.19621010509631365,8.198013650906436,SCORED,0.04131988796093733,1.7264197753291601
CCRs-2-high-100-overlap-100:11,CCRs-2-high-100-overlap-100,14950384,2.2641105835,PREDICTED,2.1234617233276367,2.1183021068573,2.1252641677856445,4.074810028076172,2.0538642406463623,,ELIGIBLE,SCORED,0.14064886017236322,6.212102058855255,SCORED,0.14580847664270014,6.439989181857916,SCORED,0.1388464157143554,6.1324926762065735,SCORED,1.810699444576172,79.97398438803648,SCORED,0.21024634285363764,9.286045672231523
CCRs-2-high-100-overlap-100:12,CCRs-2-high-100-overlap-100,15150381,2.1589784274,PREDICTED,2.1656908988952637,2.1593124866485596,2.190152406692505,2.639533281326294,1.8280434608459473,,ELIGIBLE,SCORED,0.00671247149526355,0.3109096140134758,SCORED,0.00033405924855944846,0.01547302392278866,SCORED,0.03117397929250476,1.443922685695695,SCORED,0.4805548539262938,22.258437037975092,SCORED,0.33093496655405286,15.328312796186156
CCRs-2-high-100-overlap-100:13,CCRs-2-high-100-overlap-100,15350386,2.0506545762,PREDICTED,2.0883758068084717,2.071990489959717,2.085847854614258,2.761118173599243,1.8015434741973877,,ELIGIBLE,SCORED,0.03772123060847177,1.839472676006299,SCORED,0.021335913759716885,1.0404440614885886,SCORED,0.0351932784142579,1.7161972973270514,SCORED,0.7104635973992433,34.6456982879964,SCORED,0.24911110200261222,12.147882188146566
CCRs-2-high-100-overlap-100:14,CCRs-2-high-100-overlap-100,15550391,1.9618352772000007,PREDICTED,2.014892339706421,1.988051176071167,2.008852243423462,5.522236347198486,1.5384489297866821,,ELIGIBLE,SCORED,0.05305706250642017,2.70446062026905,SCORED,0.026215898871166265,1.3362946000534002,SCORED,0.04701696622346119,2.396580730802508,SCORED,3.560401069998486,181.48318115066283,SCORED,0.4233863474133186,21.581136415162756
CCRs-2-high-100-overlap-100:15,CCRs-2-high-100-overlap-100,15750396,1.8779438454000001,PREDICTED,2.7607123851776123,2.7345190048217773,2.7086145877838135,5.183560848236084,1.9154040813446045,,ELIGIBLE,SCORED,0.8827685397776122,47.00718511578196,SCORED,0.8565751594217772,45.61239472202256,SCORED,0.8306707423838133,44.23299154650076,SCORED,3.305617002836084,176.02320809182615,SCORED,0.03746023594460435,1.9947473954752548
CCRs-2-high-100-overlap-100:16,CCRs-2-high-100-overlap-100,16000401,1.7816669252000001,PREDICTED,2.3947181701660156,2.528759241104126,2.4762065410614014,3.0340795516967773,1.5615733861923218,,ELIGIBLE,SCORED,0.6130512449660155,34.40885814823092,SCORED,0.7470923159041258,41.93220996232286,SCORED,0.6945396158614012,38.98257334397315,SCORED,1.2524126264967772,70.2944309501726,SCORED,0.22009353900767836,12.353237066629156
CCRs-2-high-100-overlap-100:17,CCRs-2-high-100-overlap-100,16200406,1.6981010056999983,PREDICTED,1.6094272136688232,1.589657187461853,1.6319414377212524,2.5266969203948975,1.5047640800476074,,ELIGIBLE,SCORED,0.08867379203117509,5.221938608688451,SCORED,0.1084438182381453,6.386181851028475,SCORED,0.06615956797874589,3.896091443127867,SCORED,0.8285959146948991,48.79544337548589,SCORED,0.1933369256523909,11.385478543585972
CCRs-2-high-100-overlap-100:18,CCRs-2-high-100-overlap-100,16400411,1.6483476784000006,PREDICTED,2.369025945663452,2.303920269012451,2.346940040588379,2.0716910362243652,1.3280720710754395,,ELIGIBLE,SCORED,0.7206782672634515,43.72125351388193,SCORED,0.6555725906124505,39.771499617653134,SCORED,0.6985923621883783,42.38137204564027,SCORED,0.4233433578243646,25.682892230314586,SCORED,0.3202756073245612,19.43010030720234
CCRs-2-high-100-overlap-100:19,CCRs-2-high-100-overlap-100,16600417,1.601751978,PREDICTED,1.9128328561782837,1.8893663883209229,1.9198875427246094,1.9342941045761108,1.6123520135879517,,ELIGIBLE,SCORED,0.31108087817828367,19.421288841903568,SCORED,0.28761441032092283,17.95623881045851,SCORED,0.31813556472460935,19.861724480081108,SCORED,0.3325421265761108,20.761149737510163,SCORED,0.01060003558795164,0.6617775868887761
CCRs-2-high-100-overlap-100:20,CCRs-2-high-100-overlap-100,16800422,1.5624552935999998,PREDICTED,1.773916244506836,1.733452320098877,1.7712838649749756,2.3946242332458496,1.5220922231674194,,ELIGIBLE,SCORED,0.21146095090683614,13.533888090942824,SCORED,0.17099702649887716,10.944122830221193,SCORED,0.2088285713749758,13.365410980420503,SCORED,0.8321689396458498,53.2603360271818,SCORED,0.04036307043258036,2.5833104216109244
CCRs-2-high-100-overlap-100:21,CCRs-2-high-100-overlap-100,17000427,1.5636112528,PREDICTED,2.115281105041504,2.0649285316467285,2.097693681716919,1.7585240602493286,1.3269870281219482,,ELIGIBLE,SCORED,0.551669852241504,35.28177807966106,SCORED,0.5013172788467286,32.06150364734243,SCORED,0.534082428916919,34.1569829432043,SCORED,0.1949128074493287,12.465554152305645,SCORED,0.23662422467805166,15.133187629234722
CCRs-2-high-100-overlap-100:22,CCRs-2-high-100-overlap-100,17200432,1.5881244687,PREDICTED,1.9674322605133057,1.9202877283096313,1.9681085348129272,2.000009059906006,1.5536847114562988,,ELIGIBLE,SCORED,0.37930779181330565,23.884009048975724,SCORED,0.33216325960963133,20.91544247042123,SCORED,0.37998406611292723,23.92659225406765,SCORED,0.41188459120600585,25.935283998436503,SCORED,0.034439757243701186,2.1685804810936973
CCRs-2-high-100-overlap-100:23,CCRs-2-high-100-overlap-100,17400438,1.6570780474,PREDICTED,1.8662381172180176,1.8014498949050903,1.8359001874923706,2.005277633666992,1.5503180027008057,,ELIGIBLE,SCORED,0.2091600698180176,12.622221997702244,SCORED,0.14437184750509036,8.712434983470674,SCORED,0.17882214009237063,10.791413257386843,SCORED,0.3481995862669922,21.012865797922238,SCORED,0.10676004469919431,6.442668458899911
CCRs-2-high-100-overlap-100:24,CCRs-2-high-100-overlap-100,17600442,1.6867777016,PREDICTED,1.9359848499298096,1.881980299949646,1.9105530977249146,2.2268433570861816,1.6483561992645264,,ELIGIBLE,SCORED,0.2492071483298095,14.774154774124831,SCORED,0.19520259834964593,11.572514751913408,SCORED,0.22377539612491448,13.266442632757796,SCORED,0.5400656554861816,32.01759514451134,SCORED,0.0384215023354737,2.2778047337849454
CCRs-2-high-100-overlap-100:25,CCRs-2-high-100-overlap-100,17800448,1.7694832887,PREDICTED,2.059314012527466,2.0121161937713623,2.0733959674835205,1.6274528503417969,1.5562111139297485,,ELIGIBLE,SCORED,0.2898307238274658,16.37939875885451,SCORED,0.24263290507136226,13.71207666220003,SCORED,0.30391267878352046,17.175221756787447,SCORED,0.14203043835820317,8.026661752909222,SCORED,0.2132721747702515,12.05279395020101
CCRs-2-high-100-overlap-100:26,CCRs-2-high-100-overlap-100,18000453,1.9539627692,PREDICTED,2.330554962158203,2.2421300411224365,2.279024839401245,1.6624338626861572,1.7458934783935547,,ELIGIBLE,SCORED,0.37659219295820323,19.27325325202533,SCORED,0.28816727192243663,14.747838416615245,SCORED,0.3250620702012452,16.63604216647043,SCORED,0.29152890651384267,14.91988031241771,SCORED,0.2080692908064452,10.648580110440582
CCRs-2-high-100-overlap-100:27,CCRs-2-high-100-overlap-100,18200458,2.277819504700006,PREDICTED,2.2556190490722656,2.196599006652832,2.230560541152954,1.8118276596069336,1.7678576707839966,,ELIGIBLE,SCORED,0.0222004556277402,0.9746362950151334,SCORED,0.0812204980471738,3.565712642269727,SCORED,0.047258963547051724,2.074745757929395,SCORED,0.46599184509307223,20.457803795759684,SCORED,0.5099618339160092,22.38815818653605
CCRs-2-high-100-overlap-100:28,CCRs-2-high-100-overlap-100,18400463,2.866385266799992,PREDICTED,2.526972770690918,2.4509530067443848,2.4392168521881104,2.006481647491455,2.1999905109405518,,ELIGIBLE,SCORED,0.3394124961090741,11.841133152627153,SCORED,0.4154322600556073,14.493245721967874,SCORED,0.4271684146118817,14.902686654148514,SCORED,0.859903619308537,29.99958272422067,SCORED,0.6663947558594403,23.248610840209828
CCRs-2-high-100-overlap-100:29,CCRs-2-high-100-overlap-100,18600469,3.9751906670000006,PREDICTED,3.042788028717041,2.7926409244537354,2.8634376525878906,4.447877407073975,2.7469139099121094,,ELIGIBLE,SCORED,0.9324026382829596,23.455545064122063,SCORED,1.1825497425462652,29.74825213701542,SCORED,1.11175301441211,27.96728779933287,SCORED,0.47268674007397404,11.8909199500285,SCORED,1.2282767570878912,30.898562106326533
CCRs-2-high-100-overlap-100:30,CCRs-2-high-100-overlap-100,18800474,,PREDICTED,3.196765661239624,3.031137466430664,3.0797526836395264,3.723884344100952,4.502028942108154,,EXCLUDED_GT_NONFINITE,EXCLUDED_GT_NONFINITE,,,EXCLUDED_GT_NONFINITE,,,EXCLUDED_GT_NONFINITE,,,EXCLUDED_GT_NONFINITE,,,EXCLUDED_GT_NONFINITE,,
CCRs-2-high-100-overlap-100:31,CCRs-2-high-100-overlap-100,19050478,,PREDICTED,6.657365322113037,6.268531799316406,7.310650825500488,7.235332489013672,7.510280609130859,,EXCLUDED_GT_NONFINITE,EXCLUDED_GT_NONFINITE,,,EXCLUDED_GT_NONFINITE,,,EXCLUDED_GT_NONFINITE,,,EXCLUDED_GT_NONFINITE,,,EXCLUDED_GT_NONFINITE,,
CCRs-2-low-100-overlap-100:00,CCRs-2-low-100-overlap-100,5750162,11.797624918599997,PREDICTED,8.27953052520752,9.795123100280762,10.182951927185059,7.183196067810059,8.576125144958496,,ELIGIBLE,SCORED,3.5180943933924773,29.82036145127729,SCORED,2.002501818319235,16.97377084062161,SCORED,1.6146729914149383,13.686424196019859,SCORED,4.614428850789938,39.11320187434408,SCORED,3.2214997736415008,27.306341707495058
CCRs-2-low-100-overlap-100:01,CCRs-2-low-100-overlap-100,6000175,10.6617981616,PREDICTED,6.456454277038574,7.0858869552612305,7.3018975257873535,5.154892444610596,6.335495471954346,,ELIGIBLE,SCORED,4.205343884561426,39.44310163090103,SCORED,3.5759112063387697,33.53947572575448,SCORED,3.3599006358126466,31.513451904518437,SCORED,5.5069057169894045,51.65081568344932,SCORED,4.3263026896456545,40.57760824273954
CCRs-2-low-100-overlap-100:02,CCRs-2-low-100-overlap-100,6250179,9.8089495552,PREDICTED,8.049324035644531,8.759236335754395,8.879993438720703,5.671331405639648,7.143679141998291,,ELIGIBLE,SCORED,1.7596255195554686,17.938980210400224,SCORED,1.0497132194456054,10.701586480166196,SCORED,0.9289561164792968,9.470495400670412,SCORED,4.1376181495603515,42.182071854645066,SCORED,2.665270413201709,27.171823019405522
CCRs-2-low-100-overlap-100:03,CCRs-2-low-100-overlap-100,6550182,8.974256874499998,PREDICTED,6.762623310089111,7.104525566101074,7.317107200622559,4.812230587005615,6.843374252319336,,ELIGIBLE,SCORED,2.211633564410887,24.64419723370252,SCORED,1.869731308398924,20.83438589452117,SCORED,1.6571496738774396,18.46559216046251,SCORED,4.162026287494383,46.37739197460036,SCORED,2.1308826221806623,23.744390783324715
CCRs-2-low-100-overlap-100:04,CCRs-2-low-100-overlap-100,6800187,8.3512898224,PREDICTED,7.126160621643066,7.5220489501953125,7.60478401184082,-149.71636962890625,5.066012859344482,,ELIGIBLE,SCORED,1.2251292007569337,14.669939935156687,SCORED,0.8292408722046876,9.929494603102873,SCORED,0.7465058105591797,8.938808572502017,SCORED,158.06765945130624,1892.7334916258555,SCORED,3.2852769630555176,39.33855767098012
CCRs-2-low-100-overlap-100:05,CCRs-2-low-100-overlap-100,7100199,7.538212965200001,PREDICTED,5.110785484313965,5.180721759796143,5.155401229858398,5.159013748168945,4.473578453063965,,ELIGIBLE,SCORED,2.4274274808860365,32.20163044069203,SCORED,2.357491205403859,31.27387374550396,SCORED,2.382811735341603,31.609769402135523,SCORED,2.379199217031056,31.56184666066849,SCORED,3.0646345121360365,40.65465550368312
CCRs-2-low-100-overlap-100:06,CCRs-2-low-100-overlap-100,7350203,6.817588548000001,PREDICTED,5.460293769836426,5.768408298492432,5.616130828857422,5.892096996307373,4.563813209533691,,ELIGIBLE,SCORED,1.357294778163575,19.908722396597977,SCORED,1.049180249507569,15.38931606272067,SCORED,1.2014577191425788,17.622913302608104,SCORED,0.9254915516926276,13.575057297409487,SCORED,2.2537753384663093,33.05824812686113
CCRs-2-low-100-overlap-100:07,CCRs-2-low-100-overlap-100,7600208,6.1866098823,PREDICTED,6.54542350769043,6.635095119476318,6.566155910491943,6.469546318054199,5.388815879821777,,ELIGIBLE,SCORED,0.3588136253904297,5.799842437406662,SCORED,0.4484852371763184,7.249289121323822,SCORED,0.3795460281919434,6.134959782704762,SCORED,0.28293643575419924,4.573367985650516,SCORED,0.7977940024782226,12.89549555663313
CCRs-2-low-100-overlap-100:08,CCRs-2-low-100-overlap-100,7900220,5.6810354563,PREDICTED,4.8121819496154785,4.702581882476807,4.8092851638793945,5.10753059387207,4.821745872497559,,ELIGIBLE,SCORED,0.8688535066845215,15.293928604529375,SCORED,0.9784535738231934,17.22315555587907,SCORED,0.8717502924206055,15.344919057913565,SCORED,0.5735048624279298,10.095076273321617,SCORED,0.8592895838024415,15.12558037020399
CCRs-2-low-100-overlap-100:09,CCRs-2-low-100-overlap-100,8150224,5.3232478094000015,PREDICTED,4.565069198608398,4.49268102645874,4.578587055206299,3.778073787689209,5.039792060852051,,ELIGIBLE,SCORED,0.7581786107916031,14.242782563170952,SCORED,0.8305667829412613,15.602632315456244,SCORED,0.7446607541937027,13.988842542305683,SCORED,1.5451740217107925,29.026903819549094,SCORED,0.28345574854795075,5.324864794898584
CCRs-2-low-100-overlap-100:10,CCRs-2-low-100-overlap-100,8450228,5.0064050935000015,PREDICTED,4.858628749847412,4.812023639678955,4.843827247619629,4.953941345214844,3.6882972717285156,,ELIGIBLE,SCORED,0.1477763436525894,2.951745631699936,SCORED,0.19438145382104643,3.8826553223473463,SCORED,0.1625778458803726,3.2473969413991957,SCORED,0.05246374828515776,1.0479325445172898,SCORED,1.3181078217714859,26.328429225250538
CCRs-2-low-100-overlap-100:11,CCRs-2-low-100-overlap-100,8700232,4.7228365927,PREDICTED,4.00883674621582,3.9847264289855957,3.9718210697174072,3.8142518997192383,3.8001608848571777,,ELIGIBLE,SCORED,0.7139998464841799,15.118029863404464,SCORED,0.7381101637144045,15.628534869389457,SCORED,0.751015522982593,15.901789279422108,SCORED,0.9085846929807619,19.23811411102269,SCORED,0.9226757078428225,19.536473255690975
CCRs-2-low-100-overlap-100:12,CCRs-2-low-100-overlap-100,9000244,4.437111848299998,PREDICTED,3.239215612411499,3.22015118598938,3.240116834640503,5.539393424987793,3.5465753078460693,,ELIGIBLE,SCORED,1.197896235888499,26.9972062197948,SCORED,1.2169606623106182,27.42686467948459,SCORED,1.1969950136594951,26.97689520984473,SCORED,1.102281576687795,24.842321184896768,SCORED,0.8905365404539287,20.07018463587124
CCRs-2-low-100-overlap-100:13,CCRs-2-low-100-overlap-100,9250249,4.1503021378,PREDICTED,3.028891086578369,2.929957151412964,2.9980969429016113,3.9971354007720947,3.4986791610717773,,ELIGIBLE,SCORED,1.1214110512216307,27.019985870620744,SCORED,1.220344986387036,29.403762566402424,SCORED,1.1522051948983885,27.76195941024071,SCORED,0.15316673702790506,3.690496063717809,SCORED,0.6516229767282224,15.700615403235101
CCRs-2-low-100-overlap-100:14,CCRs-2-low-100-overlap-100,9500253,3.9141370827999995,PREDICTED,3.630419969558716,3.5074167251586914,3.5150911808013916,3.7978897094726562,3.3092331886291504,,ELIGIBLE,SCORED,0.2837171132412837,7.248522656194889,SCORED,0.4067203576413081,10.39106063578025,SCORED,0.3990459019986079,10.194990455294638,SCORED,0.11624737332734325,2.969936179245543,SCORED,0.6049038941708491,15.454335946203699
CCRs-2-low-100-overlap-100:15,CCRs-2-low-100-overlap-100,9800265,3.6472655992000003,PREDICTED,2.164797782897949,2.171304702758789,2.242281675338745,3.487624168395996,2.484567642211914,,ELIGIBLE,SCORED,1.482467816302051,40.64600660361064,SCORED,1.4759608964412112,40.467601174012444,SCORED,1.4049839238612551,38.52156871080153,SCORED,0.15964143080400417,4.377016876396945,SCORED,1.1626979569880862,31.878620444946897
CCRs-2-low-100-overlap-100:16,CCRs-2-low-100-overlap-100,10050270,3.4195845842,PREDICTED,3.5206315517425537,3.4218361377716064,3.432861328125,2.6336288452148438,2.4558827877044678,,ELIGIBLE,SCORED,0.10104696754255382,2.954948621813179,SCORED,0.002251553571606557,0.06584289746800635,SCORED,0.013276743925000112,0.38825604684102766,SCORED,0.7859557389851561,22.98395374153401,SCORED,0.9637017964955321,28.181838254513796
CCRs-2-low-100-overlap-100:17,CCRs-2-low-100-overlap-100,10350273,3.1566703264,PREDICTED,3.8162660598754883,3.6967720985412598,3.798555374145508,4.060126781463623,2.261741876602173,,ELIGIBLE,SCORED,0.6595957334754883,20.895299960820395,SCORED,0.5401017721412598,17.109856788789678,SCORED,0.6418850477455078,20.33424404117425,SCORED,0.903456455063623,28.620551456000882,SCORED,0.8949284497978272,28.350393207466844
CCRs-2-low-100-overlap-100:18,CCRs-2-low-100-overlap-100,10600286,2.918563447499999,PREDICTED,3.031404495239258,2.930365562438965,2.9964182376861572,2.9594926834106445,2.115288019180298,,ELIGIBLE,SCORED,0.11284104773925874,3.8663215574743393,SCORED,0.011802114938965769,0.4043809617733442,SCORED,0.07785479018615815,2.6675723035196475,SCORED,0.040929235910645456,1.40237608833568,SCORED,0.8032754283197012,27.522972954649173
CCRs-2-low-100-overlap-100:19,CCRs-2-low-100-overlap-100,10850291,2.698130911999999,PREDICTED,2.668590545654297,2.6166584491729736,2.6695010662078857,2.813845634460449,2.108175039291382,,ELIGIBLE,SCORED,0.029540366345702118,1.094845554540021,SCORED,0.08147246282702536,3.0195889482113234,SCORED,0.02862984579211325,1.0610992100042795,SCORED,0.11571472246045023,4.288699334261594,SCORED,0.5899558727086172,21.865353904244415
CCRs-2-low-100-overlap-100:20,CCRs-2-low-100-overlap-100,11150294,2.4522935393,PREDICTED,3.0269014835357666,2.9021642208099365,2.996884346008301,3.4448933601379395,1.9789026975631714,,ELIGIBLE,SCORED,0.5746079442357668,23.431450396423056,SCORED,0.4498706815099367,18.344895270504647,SCORED,0.544590806708301,22.20740698373951,SCORED,0.9925998208379396,40.476386897845614,SCORED,0.47339084173682844,19.3040039518253
CCRs-2-low-100-overlap-100:21,CCRs-2-low-100-overlap-100,11400298,2.2413329028000013,PREDICTED,2.444007635116577,2.412975788116455,2.439962387084961,2.5115931034088135,1.7684930562973022,,ELIGIBLE,SCORED,0.20267473231657585,9.042598360260671,SCORED,0.17164288531645377,7.6580719045362535,SCORED,0.19862948428495963,8.862114326560786,SCORED,0.2702602006088122,12.058012456390912,SCORED,0.47283984650269906,21.09636841149302
CCRs-2-low-100-overlap-100:22,CCRs-2-low-100-overlap-100,11700310,2.0486761517999996,PREDICTED,2.775505304336548,2.655374050140381,2.7183756828308105,2.4501121044158936,1.6657648086547852,,ELIGIBLE,SCORED,0.7268291525365482,35.477991575093235,SCORED,0.6066978983403812,29.614143641362094,SCORED,0.6696995310308109,32.68937994140275,SCORED,0.40143595261589393,19.594895575036876,SCORED,0.38291134314521447,18.69067215961793
CCRs-2-low-100-overlap-100:23,CCRs-2-low-100-overlap-100,12200319,1.7885540399999997,PREDICTED,2.0506908893585205,2.0027427673339844,2.0674283504486084,1.912835955619812,1.5805703401565552,,ELIGIBLE,SCORED,0.2621368493585208,14.65635611203119,SCORED,0.21418872733398464,11.975524504363573,SCORED,0.27887431044860866,15.592165750194983,SCORED,0.12428191561981228,6.948736959595155,SCORED,0.20798369984344456,11.628594674357426
CCRs-2-low-100-overlap-100:24,CCRs-2-low-100-overlap-100,12500331,1.653260636,PREDICTED,1.8836122751235962,1.8251312971115112,1.8850798606872559,1.8147673606872559,1.5763423442840576,,ELIGIBLE,SCORED,0.23035163912359624,13.933171461755908,SCORED,0.17187066111151128,10.395859997449989,SCORED,0.2318192246872559,14.021940620816665,SCORED,0.1615067246872559,9.768981440096171,SCORED,0.07691829171594233,4.652520603287523
CCRs-2-low-100-overlap-100:25,CCRs-2-low-100-overlap-100,12750336,1.5767350614999993,PREDICTED,1.9077260494232178,1.8294371366500854,1.870895504951477,2.0593602657318115,1.6616485118865967,,ELIGIBLE,SCORED,0.33099098792321846,20.99217528709839,SCORED,0.25270207515008614,16.026920522061737,SCORED,0.29416044345147774,18.65630127940666,SCORED,0.4826252042318122,30.609150263499256,SCORED,0.08491345038659737,5.385397487502843
CCRs-2-low-100-overlap-100:26,CCRs-2-low-100-overlap-100,13000340,1.5270898311,PREDICTED,1.8735547065734863,1.789176344871521,1.8299771547317505,2.7972517013549805,1.514249324798584,,ELIGIBLE,SCORED,0.34646487547348626,22.68791713608093,SCORED,0.2620865137715209,17.162481763285243,SCORED,0.3028873236317504,19.834283318720896,SCORED,1.2701618702549804,83.175321083767,SCORED,0.012840506301416088,0.8408481308638378
CCRs-2-low-100-overlap-100:27,CCRs-2-low-100-overlap-100,13300352,1.5322842843999998,PREDICTED,1.8419967889785767,1.7643778324127197,1.7794684171676636,2.0770153999328613,1.4666258096694946,,ELIGIBLE,SCORED,0.3097125045785769,20.212470214027665,SCORED,0.23209354801271997,15.146898677721635,SCORED,0.24718413276766382,16.131741040759568,SCORED,0.5447311155328616,35.55026446976602,SCORED,0.06565847473050512,4.285006078765284
CCRs-2-low-100-overlap-100:28,CCRs-2-low-100-overlap-100,13550357,1.6320817620000003,PREDICTED,1.9248690605163574,1.8373552560806274,1.8246115446090698,1.8433583974838257,1.3883734941482544,,ELIGIBLE,SCORED,0.2927872985163571,17.939499437673213,SCORED,0.20527349408062712,12.577402606906105,SCORED,0.1925297826090695,11.796577052189953,SCORED,0.21127663548382536,12.945223726103086,SCORED,0.24370826785174593,14.93235654769518
CCRs-2-low-100-overlap-100:29,CCRs-2-low-100-overlap-100,13850360,1.9878562827000017,PREDICTED,2.0515060424804688,2.0400967597961426,2.0070927143096924,1.6692684888839722,1.5690317153930664,,ELIGIBLE,SCORED,0.06364975978046705,3.2019296532853416,SCORED,0.05224047709614088,2.6279805814324444,SCORED,0.019236431609690685,0.9676973017165427,SCORED,0.31858779381602953,16.026701557283022,SCORED,0.4188245673069353,21.069157310410173
CCRs-2-low-100-overlap-100:30,CCRs-2-low-100-overlap-100,14100365,2.6743875880000014,PREDICTED,2.9851369857788086,2.8798861503601074,2.8609120845794678,2.146728038787842,2.0162887573242188,,ELIGIBLE,SCORED,0.31074939777880717,11.619460065292788,SCORED,0.205498562360106,7.683948403072901,SCORED,0.18652449657946635,6.974475106615184,SCORED,0.5276595492121596,19.730107617152136,SCORED,0.6580988306757827,24.607459054501952
CCRs-2-low-100-overlap-100:31,CCRs-2-low-100-overlap-100,14400377,4.5872779278000015,PREDICTED,4.355252265930176,4.105175495147705,4.17295503616333,3.2119154930114746,2.754169464111328,,ELIGIBLE,SCORED,0.23202566186982576,5.058024944677861,SCORED,0.48210243265229646,10.509553601072225,SCORED,0.41432289163667146,9.031998892540948,SCORED,1.375362434788527,29.98210390640387,SCORED,1.8331084636886734,39.960702022861916
CCRs-2-medium-100-overlap-100:00,CCRs-2-medium-100-overlap-100,7600223,4.2211196475,PREDICTED,5.200961112976074,5.588153839111328,5.389820098876953,6.948698997497559,4.642759799957275,,ELIGIBLE,SCORED,0.9798414654760741,23.212833259924174,SCORED,1.367034191611328,32.385582636137016,SCORED,1.168700451376953,27.686977602473966,SCORED,2.7275793499975585,64.61743749938465,SCORED,0.42164015245727526,9.988822579502001
CCRs-2-medium-100-overlap-100:01,CCRs-2-medium-100-overlap-100,7750220,4.058247633000001,PREDICTED,5.517510414123535,5.622673511505127,5.544589996337891,8.090903282165527,3.3756635189056396,,ELIGIBLE,SCORED,1.4592627811235346,35.957953113984715,SCORED,1.5644258785051264,38.549295656180725,SCORED,1.48634236333789,36.625225904194835,SCORED,4.032655649165527,99.36938338542059,SCORED,0.6825841140943609,16.81967626972459
CCRs-2-medium-100-overlap-100:02,CCRs-2-medium-100-overlap-100,7950225,3.8628367040000002,PREDICTED,4.472778797149658,4.462398052215576,4.505967140197754,3.5975897312164307,4.754368782043457,,ELIGIBLE,SCORED,0.609942093149658,15.79000459734831,SCORED,0.5995613482155759,15.521270873157157,SCORED,0.6431304361977537,16.649174828741444,SCORED,0.26524697278356957,6.866636959022991,SCORED,0.8915320780434568,23.079724729763175
CCRs-2-medium-100-overlap-100:03,CCRs-2-medium-100-overlap-100,8150231,3.6737323389000003,PREDICTED,3.8170931339263916,3.8495113849639893,3.774519920349121,5.700002670288086,2.962188959121704,,ELIGIBLE,SCORED,0.14336079502639132,3.902320087622846,SCORED,0.17577904606398898,4.784753755811759,SCORED,0.10078758144912081,2.743465559042304,SCORED,2.0262703313880857,55.15563313996898,SCORED,0.7115433797782962,19.368405592426708
CCRs-2-medium-100-overlap-100:04,CCRs-2-medium-100-overlap-100,8350236,3.4865114005999995,PREDICTED,3.555443286895752,3.481637954711914,3.4511775970458984,5.576735019683838,3.816551446914673,,ELIGIBLE,SCORED,0.06893188629575242,1.9771019903703688,SCORED,0.00487344588808547,0.13978000723722833,SCORED,0.035333803554101095,1.013442937488185,SCORED,2.0902236190838384,59.951721905286995,SCORED,0.3300400463146733,9.466197249717187
CCRs-2-medium-100-overlap-100:05,CCRs-2-medium-100-overlap-100,8550241,3.2807897482999997,PREDICTED,3.2882025241851807,3.3971352577209473,3.3257126808166504,7.003843307495117,2.7220098972320557,,ELIGIBLE,SCORED,0.007412775885180967,0.22594486248385864,SCORED,0.11634550942094757,3.5462653308165843,SCORED,0.04492293251665069,1.3692719120427732,SCORED,3.7230535591951175,113.48040700030488,SCORED,0.558779851067944,17.031870187886494
CCRs-2-medium-100-overlap-100:06,CCRs-2-medium-100-overlap-100,8750246,3.071825872,PREDICTED,4.060107231140137,4.004581928253174,4.023251533508301,4.921014785766602,2.4634592533111572,,ELIGIBLE,SCORED,0.9882813591401369,32.17244076718086,SCORED,0.932756056253174,30.364874023470495,SCORED,0.951425661508301,30.972643019275313,SCORED,1.8491889137666018,60.19836380122141,SCORED,0.6083666186888426,19.80472344588817
CCRs-2-medium-100-overlap-100:07,CCRs-2-medium-100-overlap-100,8950252,2.8579626487999996,PREDICTED,2.768526554107666,2.751182794570923,2.7166242599487305,4.5793843269348145,2.4100658893585205,,ELIGIBLE,SCORED,0.0894360946923336,3.129365414551026,SCORED,0.10677985422907676,3.736222874498078,SCORED,0.14133838885126915,4.945424633544958,SCORED,1.7214216781348148,60.23247640614214,SCORED,0.4478967594414791,15.671889890847309
CCRs-2-medium-100-overlap-100:08,CCRs-2-medium-100-overlap-100,9150257,2.6629765293000003,PREDICTED,2.572294235229492,2.5374197959899902,2.5133161544799805,4.566049098968506,2.7570979595184326,,ELIGIBLE,SCORED,0.0906822940705081,3.405298284560742,SCORED,0.12555673331001005,4.714901987627144,SCORED,0.14966037482001981,5.6200410770935365,SCORED,1.9030725696685056,71.46411351093485,SCORED,0.09412143021843233,3.5344446029786614
CCRs-2-medium-100-overlap-100:09,CCRs-2-medium-100-overlap-100,9350262,2.5211212576,PREDICTED,2.6650443077087402,2.559324026107788,2.5987212657928467,4.730520248413086,2.2427425384521484,,ELIGIBLE,SCORED,0.1439230501087403,5.708692101773356,SCORED,0.03820276850778814,1.5153086505706415,SCORED,0.07760000819284674,3.0779958702469803,SCORED,2.209398990813086,87.63557025084702,SCORED,0.2783787191478515,11.041861564915612
CCRs-2-medium-100-overlap-100:10,CCRs-2-medium-100-overlap-100,9550267,2.3874939299999993,PREDICTED,2.2704899311065674,2.1954922676086426,2.2230634689331055,4.541464805603027,3.003875732421875,,ELIGIBLE,SCORED,0.11700399889343194,4.900703512717705,SCORED,0.19200166239135674,8.041974891695611,SCORED,0.16443046106689385,6.887157240516792,SCORED,2.153970875603028,90.2189047912272,SCORED,0.6163818024218757,25.817104482518026
CCRs-2-medium-100-overlap-100:11,CCRs-2-medium-100-overlap-100,9750272,2.24041961,PREDICTED,2.6821658611297607,2.587897300720215,2.5460164546966553,2.6729273796081543,5.001733779907227,,ELIGIBLE,SCORED,0.44174625112976074,19.717121255234897,SCORED,0.34747769072021484,15.509491577794876,SCORED,0.30559684469665527,13.640161125739086,SCORED,0.4325077696081543,19.304766289211077,SCORED,2.7613141699072266,123.24986612249955
CCRs-2-medium-100-overlap-100:12,CCRs-2-medium-100-overlap-100,9950278,2.135300741599999,PREDICTED,2.7518372535705566,2.6309051513671875,2.7807416915893555,7.579633712768555,2.185697317123413,,ELIGIBLE,SCORED,0.6165365119705575,28.87352118412048,SCORED,0.49560440976718834,23.210051872872377,SCORED,0.6454409499893563,30.227168352207002,SCORED,5.4443329711685555,254.96797079221122,SCORED,0.05039657552341392,2.3601628820515157
CCRs-2-medium-100-overlap-100:13,CCRs-2-medium-100-overlap-100,10150283,2.0175766084,PREDICTED,2.7858829498291016,2.8889200687408447,2.8368029594421387,4.993680000305176,1.720980167388916,,ELIGIBLE,SCORED,0.7683063414291014,38.08065271129366,SCORED,0.8713434603408445,43.18762701317431,SCORED,0.8192263510421385,40.60447309070509,SCORED,2.9761033919051756,147.5088172371961,SCORED,0.2965964410110842,14.700628455753867
CCRs-2-medium-100-overlap-100:14,CCRs-2-medium-100-overlap-100,10350288,1.9259338871999998,PREDICTED,2.436594009399414,2.3915092945098877,2.44281268119812,2.900881052017212,1.6721833944320679,,ELIGIBLE,SCORED,0.5106601221994143,26.514935200700606,SCORED,0.4655754073098879,24.17400775821854,SCORED,0.5168787939981203,26.837826440116253,SCORED,0.9749471648172121,50.62204737643562,SCORED,0.25375049276793193,13.175451891385773
CCRs-2-medium-100-overlap-100:15,CCRs-2-medium-100-overlap-100,10550294,1.8218619184000002,PREDICTED,1.9528378248214722,1.9152082204818726,1.977911353111267,1.9984867572784424,1.5935078859329224,,ELIGIBLE,SCORED,0.13097590642147194,7.189123670607151,SCORED,0.09334630208187233,5.123676011837996,SCORED,0.15604943471126687,8.565382103618093,SCORED,0.17662483887844216,9.694743443211,SCORED,0.22835403246707786,12.534102072215411
CCRs-2-medium-100-overlap-100:16,CCRs-2-medium-100-overlap-100,10700300,1.7559927549999994,PREDICTED,2.135195255279541,2.0861546993255615,2.1125471591949463,2.1342995166778564,1.6697934865951538,,ELIGIBLE,SCORED,0.3792025002795416,21.59476451140265,SCORED,0.3301619443255621,18.802010622507506,SCORED,0.3565544041949469,20.305004287728227,SCORED,0.37830676167785704,21.543754130002498,SCORED,0.0861992684048456,4.90886241753575
CCRs-2-medium-100-overlap-100:17,CCRs-2-medium-100-overlap-100,10900305,1.6646210465000002,PREDICTED,2.091270923614502,2.0234339237213135,2.1066532135009766,3.0802929401397705,1.5262893438339233,,ELIGIBLE,SCORED,0.42664987711450175,25.630450727002852,SCORED,0.3588128772213133,21.55522891986415,SCORED,0.44203216700097636,26.554522299858252,SCORED,1.4156718936397703,85.04469510441038,SCORED,0.13833170266607686,8.310101746997036
CCRs-2-medium-100-overlap-100:18,CCRs-2-medium-100-overlap-100,11100310,1.5814308839999998,PREDICTED,1.9112708568572998,1.8437856435775757,1.9238636493682861,2.3838789463043213,1.4056119918823242,,ELIGIBLE,SCORED,0.32983997285730005,20.857059021322367,SCORED,0.2623547595775759,16.58970760163654,SCORED,0.3424327653682864,21.653350066248386,SCORED,0.8024480623043215,50.74189902467604,SCORED,0.17581889211767554,11.117709531065131
CCRs-2-medium-100-overlap-100:19,CCRs-2-medium-100-overlap-100,11300316,1.5087719847999996,PREDICTED,1.9821871519088745,1.911568522453308,1.9544694423675537,1.4631685018539429,1.4176100492477417,,ELIGIBLE,SCORED,0.4734151671088749,31.37751574646516,SCORED,0.4027965376533085,26.696978848444253,SCORED,0.4456974575675541,29.540411808921213,SCORED,0.04560348294605676,3.022556317686525,SCORED,0.09116193555225793,6.0421280664448584
CCRs-2-medium-100-overlap-100:20,CCRs-2-medium-100-overlap-100,11500321,1.4717349447000008,PREDICTED,2.1388285160064697,2.057347536087036,2.1020681858062744,1.506896734237671,1.5215870141983032,,ELIGIBLE,SCORED,0.667093571306469,45.32701854425626,SCORED,0.5856125913870354,39.79062897812805,SCORED,0.6303332411062736,42.82926374590916,SCORED,0.03516178953767013,2.3891387280226284,SCORED,0.049852069498302454,3.387299437159476
CCRs-2-medium-100-overlap-100:21,CCRs-2-medium-100-overlap-100,11700326,1.4373048847999998,PREDICTED,1.875515341758728,1.818452000617981,1.8761533498764038,2.801020383834839,1.4708341360092163,,ELIGIBLE,SCORED,0.4382104569587282,30.488343954922613,SCORED,0.3811471158179811,26.518181344038048,SCORED,0.43884846507640396,30.532733153374725,SCORED,1.363715499034839,94.88004343800719,SCORED,0.03352925120921646,2.3327862838149356
CCRs-2-medium-100-overlap-100:22,CCRs-2-medium-100-overlap-100,11900331,1.4218495134000004,PREDICTED,2.0109872817993164,1.915647029876709,1.9617482423782349,2.531951427459717,1.5909723043441772,,ELIGIBLE,SCORED,0.589137768399316,41.43460773078152,SCORED,0.49379751647670855,34.729239052585406,SCORED,0.5398987289782344,37.97158024742017,SCORED,1.1101019140597164,78.07450110561862,SCORED,0.16912279094417682,11.894563338124414
CCRs-2-medium-100-overlap-100:23,CCRs-2-medium-100-overlap-100,12100337,1.4110500078999995,PREDICTED,1.8579936027526855,1.7951185703277588,1.8322030305862427,1.8781691789627075,1.4552148580551147,,ELIGIBLE,SCORED,0.4469435948526861,31.67453969387319,SCORED,0.38406856242775933,27.21863578735603,SCORED,0.4211530226862432,29.84678220675012,SCORED,0.46711917106270806,33.104366850746835,SCORED,0.04416485015511529,3.1299280612204377
CCRs-2-medium-100-overlap-100:24,CCRs-2-medium-100-overlap-100,12300342,1.4332898888000003,PREDICTED,1.8735588788986206,1.7893487215042114,1.818129539489746,1.9535467624664307,1.4836091995239258,,ELIGIBLE,SCORED,0.4402689900986203,30.717372217509237,SCORED,0.3560588327042111,24.84206687610947,SCORED,0.3848396506897458,26.850091785127066,SCORED,0.5202568736664304,36.298091386244785,SCORED,0.05031931072392548,3.510755996894288
CCRs-2-medium-100-overlap-100:25,CCRs-2-medium-100-overlap-100,12500347,1.5189000228999996,PREDICTED,1.8502095937728882,1.7533458471298218,1.7754343748092651,2.5015008449554443,1.4292834997177124,,ELIGIBLE,SCORED,0.3313095708728886,21.812467303827354,SCORED,0.2344458242298222,15.435237388580742,SCORED,0.25653435190926555,16.889482391307798,SCORED,0.9826008220554447,64.69160624406263,SCORED,0.08961652318228719,5.900093609267613
CCRs-2-medium-100-overlap-100:26,CCRs-2-medium-100-overlap-100,12700352,1.699219967200002,PREDICTED,1.9590142965316772,1.8989990949630737,1.9123159646987915,2.5049855709075928,1.4622604846954346,,ELIGIBLE,SCORED,0.25979432933167534,15.28903463627302,SCORED,0.19977912776307183,11.757108062487674,SCORED,0.2130959974987896,12.540812938417393,SCORED,0.8057656037075909,47.419734893731416,SCORED,0.23695948250456733,13.94519173965643
CCRs-2-medium-100-overlap-100:27,CCRs-2-medium-100-overlap-100,12900358,2.0795100312000008,PREDICTED,2.185737371444702,2.1293883323669434,2.1495554447174072,2.0583622455596924,1.6279834508895874,,ELIGIBLE,SCORED,0.10622734024470137,5.108286983516106,SCORED,0.049878301166942585,2.3985602578776617,SCORED,0.07004541351740645,3.3683614152602135,SCORED,0.021147785640308392,1.0169600205344942,SCORED,0.4515265803104134,21.71312345388667
CCRs-2-medium-100-overlap-100:28,CCRs-2-medium-100-overlap-100,13100363,2.7298062185999985,PREDICTED,2.3821730613708496,2.327610969543457,2.343798875808716,1.974247694015503,2.0785670280456543,,ELIGIBLE,SCORED,0.3476331572291489,12.734719221477746,SCORED,0.40219524905654147,14.73347251962853,SCORED,0.3860073427912827,14.140466827321148,SCORED,0.7555585245844956,27.678101084112463,SCORED,0.6512391905543442,23.856608799445738
CCRs-2-medium-100-overlap-100:29,CCRs-2-medium-100-overlap-100,13300368,4.1504221804000165,PREDICTED,2.9101321697235107,2.8000004291534424,2.7866690158843994,2.7802348136901855,2.814624309539795,,ELIGIBLE,SCORED,1.2402900106765058,29.88346622986115,SCORED,1.3504217512465742,32.5369731692312,SCORED,1.3637531645156171,32.85817936680791,SCORED,1.370187366709831,33.01320461278406,SCORED,1.3357978708602216,32.18462635363706
CCRs-2-medium-100-overlap-100:30,CCRs-2-medium-100-overlap-100,13500373,,PREDICTED,6.243405818939209,5.34740686416626,5.557984828948975,5.7299041748046875,4.8036603927612305,,EXCLUDED_GT_NONFINITE,EXCLUDED_GT_NONFINITE,,,EXCLUDED_GT_NONFINITE,,,EXCLUDED_GT_NONFINITE,,,EXCLUDED_GT_NONFINITE,,,EXCLUDED_GT_NONFINITE,,
CCRs-2-medium-100-overlap-100:31,CCRs-2-medium-100-overlap-100,13700379,,PREDICTED,6.072469234466553,6.51234769821167,6.992444038391113,7.658870697021484,6.884598731994629,,EXCLUDED_GT_NONFINITE,EXCLUDED_GT_NONFINITE,,,EXCLUDED_GT_NONFINITE,,,EXCLUDED_GT_NONFINITE,,,EXCLUDED_GT_NONFINITE,,,EXCLUDED_GT_NONFINITE,,
CCRs-3-low-100-overlap-100:00,CCRs-3-low-100-overlap-100,6550181,,PREDICTED,6.382458686828613,6.744504451751709,7.342946529388428,11.146170616149902,5.887899398803711,,EXCLUDED_GT_NONFINITE,EXCLUDED_GT_NONFINITE,,,EXCLUDED_GT_NONFINITE,,,EXCLUDED_GT_NONFINITE,,,EXCLUDED_GT_NONFINITE,,,EXCLUDED_GT_NONFINITE,,
CCRs-3-low-100-overlap-100:01,CCRs-3-low-100-overlap-100,6800194,,PREDICTED,5.428768157958984,6.837857246398926,6.886247634887695,7.291937351226807,7.567770004272461,,EXCLUDED_GT_NONFINITE,EXCLUDED_GT_NONFINITE,,,EXCLUDED_GT_NONFINITE,,,EXCLUDED_GT_NONFINITE,,,EXCLUDED_GT_NONFINITE,,,EXCLUDED_GT_NONFINITE,,
CCRs-3-low-100-overlap-100:02,CCRs-3-low-100-overlap-100,7100198,,PREDICTED,6.568676471710205,6.613614559173584,7.930995464324951,7.6199116706848145,7.485484600067139,,EXCLUDED_GT_NONFINITE,EXCLUDED_GT_NONFINITE,,,EXCLUDED_GT_NONFINITE,,,EXCLUDED_GT_NONFINITE,,,EXCLUDED_GT_NONFINITE,,,EXCLUDED_GT_NONFINITE,,
CCRs-3-low-100-overlap-100:03,CCRs-3-low-100-overlap-100,7400210,,PREDICTED,6.655896186828613,6.965998649597168,7.800673961639404,8.009517669677734,7.058711528778076,,EXCLUDED_GT_NONFINITE,EXCLUDED_GT_NONFINITE,,,EXCLUDED_GT_NONFINITE,,,EXCLUDED_GT_NONFINITE,,,EXCLUDED_GT_NONFINITE,,,EXCLUDED_GT_NONFINITE,,
CCRs-3-low-100-overlap-100:04,CCRs-3-low-100-overlap-100,7700214,9.356289240299999,PREDICTED,7.488467216491699,9.087812423706055,8.894205093383789,7.253475666046143,5.808963775634766,,ELIGIBLE,SCORED,1.8678220238082996,19.96327791752203,SCORED,0.2684768165939442,2.8694796590676557,SCORED,0.4620841469162098,4.9387544041059765,SCORED,2.1028135742538563,22.47486712142764,SCORED,3.5473254646652332,37.91380721093967
CCRs-3-low-100-overlap-100:05,CCRs-3-low-100-overlap-100,8000226,7.887907203099999,PREDICTED,6.669212341308594,6.835585117340088,7.194995880126953,7.149524211883545,6.692842483520508,,ELIGIBLE,SCORED,1.2186948617914055,15.450167330980397,SCORED,1.0523220857599114,13.340954180423697,SCORED,0.6929113229730461,8.784476099068804,SCORED,0.7383829912164543,9.360949263275625,SCORED,1.1950647195794915,15.150593038288065
CCRs-3-low-100-overlap-100:06,CCRs-3-low-100-overlap-100,8300229,6.734625880000002,PREDICTED,5.774834632873535,5.978751182556152,6.014811038970947,6.093825817108154,5.138378143310547,,ELIGIBLE,SCORED,0.9597912471264669,14.251589683352487,SCORED,0.7558746974438497,11.223707313699354,SCORED,0.7198148410290548,10.688267675962642,SCORED,0.6408000628918478,9.515006094025932,SCORED,1.5962477366894552,23.70209964342451
CCRs-3-low-100-overlap-100:07,CCRs-3-low-100-overlap-100,8550234,5.919943852800002,PREDICTED,6.004729270935059,6.009898662567139,6.108953475952148,7.008465766906738,4.268294811248779,,ELIGIBLE,SCORED,0.08478541813505647,1.4321997005926812,SCORED,0.08995480976713655,1.5195213333753141,SCORED,0.1890096231521463,3.1927604019884233,SCORED,1.0885219141067362,18.387368886816205,SCORED,1.6516490415512228,27.899741663428607
CCRs-3-low-100-overlap-100:08,CCRs-3-low-100-overlap-100,8850246,5.083221157399998,PREDICTED,5.55996561050415,5.734621524810791,5.803893566131592,7.282757759094238,4.324136257171631,,ELIGIBLE,SCORED,0.4767444531041525,9.3787863707272,SCORED,0.6514003674107931,12.81471624468875,SCORED,0.7206724087315939,14.17747499894749,SCORED,2.1995366016942404,43.27052736023933,SCORED,0.759084900228367,14.93314724509506
CCRs-3-low-100-overlap-100:09,CCRs-3-low-100-overlap-100,9150249,4.641499425599998,PREDICTED,5.202580451965332,5.139472484588623,5.300103664398193,6.046693325042725,3.5069284439086914,,ELIGIBLE,SCORED,0.5610810263653336,12.088357121638632,SCORED,0.49797305898862465,10.728710990290654,SCORED,0.658604238798195,14.18947151357362,SCORED,1.4051938994427262,30.274567991809658,SCORED,1.134570981691307,24.44406166321227
CCRs-3-low-100-overlap-100:10,CCRs-3-low-100-overlap-100,9450261,4.263351284000001,PREDICTED,4.194893836975098,4.023327827453613,4.155760765075684,5.002434730529785,3.6284868717193604,,ELIGIBLE,SCORED,0.06845744702490375,1.605719127152829,SCORED,0.24002345654638813,5.629924455138753,SCORED,0.10759051892431781,2.523613743209385,SCORED,0.7390834465297837,17.335738889345144,SCORED,0.634864412280641,14.89120576723841
CCRs-3-low-100-overlap-100:11,CCRs-3-low-100-overlap-100,9750265,4.082481120599998,PREDICTED,4.311028480529785,4.3507232666015625,4.455410480499268,6.9342241287231445,4.079685211181641,,ELIGIBLE,SCORED,0.22854735992978714,5.598246585306873,SCORED,0.2682421460015645,6.57056672345716,SCORED,0.37292935989926956,9.134870410483625,SCORED,2.8517430081231465,69.85318300024443,SCORED,0.0027959094183573896,0.06848554434824863
CCRs-3-low-100-overlap-100:12,CCRs-3-low-100-overlap-100,10050277,4.014515071,PREDICTED,5.014740467071533,5.068444728851318,5.027705669403076,3.380213499069214,4.219218730926514,,ELIGIBLE,SCORED,1.0002253960715333,24.915223342837795,SCORED,1.0539296578513184,26.25297549546348,SCORED,1.0131905984030762,25.23818146112214,SCORED,0.6343015719307861,15.800204027451418,SCORED,0.20470365992651374,5.099088091741124
CCRs-3-low-100-overlap-100:13,CCRs-3-low-100-overlap-100,10300282,3.8225252000000007,PREDICTED,4.918423175811768,4.832754611968994,4.918979644775391,4.629257678985596,3.473759412765503,,ELIGIBLE,SCORED,1.0958979758117668,28.669476811082024,SCORED,1.0102294119689934,26.428325756204124,SCORED,1.09645444477539,28.68403443816118,SCORED,0.806732478985595,21.10470008112948,SCORED,0.3487657872344978,9.12396306071436
CCRs-3-low-100-overlap-100:14,CCRs-3-low-100-overlap-100,10600285,3.581346141,PREDICTED,4.133013725280762,4.051957607269287,4.032930374145508,4.521624565124512,3.216866970062256,,ELIGIBLE,SCORED,0.5516675842807617,15.403916922889852,SCORED,0.47061146626928707,13.140630582496021,SCORED,0.4515842331455078,12.609343396765729,SCORED,0.9402784241245117,26.25488816509545,SCORED,0.3644791709377442,10.177155644496642
CCRs-3-low-100-overlap-100:15,CCRs-3-low-100-overlap-100,10900297,3.386764174,PREDICTED,3.9184162616729736,3.852524518966675,3.88158917427063,3.873616933822632,2.9499075412750244,,ELIGIBLE,SCORED,0.5316520876729736,15.697936447847095,SCORED,0.46576034496667473,13.752370139683507,SCORED,0.4948250002706298,14.610553757163661,SCORED,0.48685275982263176,14.37515973388916,SCORED,0.43685663272497566,12.898938641157825
CCRs-3-low-100-overlap-100:16,CCRs-3-low-100-overlap-100,11200301,3.1817505294000012,PREDICTED,4.259307861328125,3.9965691566467285,4.19644832611084,3.1599438190460205,2.7828543186187744,,ELIGIBLE,SCORED,1.0775573319281238,33.8668076573346,SCORED,0.8148186272467273,25.60912993390408,SCORED,1.0146977967108386,31.891180258629053,SCORED,0.02180671035398074,0.6853683264128486,SCORED,0.39889621078122683,12.537004617280562
CCRs-3-low-100-overlap-100:17,CCRs-3-low-100-overlap-100,11500313,3.0503389802000003,PREDICTED,3.6219534873962402,3.507730007171631,3.545215129852295,3.7448976039886475,2.735898971557617,,ELIGIBLE,SCORED,0.57161450719624,18.739376538366276,SCORED,0.4573910269716306,14.99476058040084,SCORED,0.49487614965229465,16.223644416721427,SCORED,0.6945586237886472,22.769883225998292,SCORED,0.3144400086423831,10.308362797821452
CCRs-3-low-100-overlap-100:18,CCRs-3-low-100-overlap-100,11800316,2.9498325578999998,PREDICTED,3.113626718521118,3.1460752487182617,3.1038095951080322,3.4853203296661377,2.434889554977417,,ELIGIBLE,SCORED,0.1637941606211184,5.5526595969814725,SCORED,0.19624269081826196,6.652672209909029,SCORED,0.15397703720803246,5.2198568625755986,SCORED,0.5354877717661379,18.15315823035577,SCORED,0.5149430029225828,17.4566858564058
CCRs-3-low-100-overlap-100:19,CCRs-3-low-100-overlap-100,12050321,2.8785548586,PREDICTED,3.123427152633667,3.0152089595794678,3.0352354049682617,3.212069272994995,2.3986916542053223,,ELIGIBLE,SCORED,0.24487229403366717,8.506778785267343,SCORED,0.13665410097946795,4.747316194832931,SCORED,0.1566805463682619,5.443027979826804,SCORED,0.3335144143949953,11.586175382365365,SCORED,0.47986320439467756,16.67028172004551
CCRs-3-low-100-overlap-100:20,CCRs-3-low-100-overlap-100,12350333,2.779488025,PREDICTED,2.679786205291748,2.643930196762085,2.653860330581665,3.3969814777374268,2.2202746868133545,,ELIGIBLE,SCORED,0.09970181970825198,3.587056997961054,SCORED,0.13555782823791507,4.877079052640101,SCORED,0.125627694418335,4.519814199175584,SCORED,0.6174934527374267,22.21608609871333,SCORED,0.5592133381866455,20.11929294736377
CCRs-3-low-100-overlap-100:21,CCRs-3-low-100-overlap-100,12650336,2.6611363478000003,PREDICTED,3.1693811416625977,3.0710020065307617,3.0957372188568115,2.6972105503082275,2.3707783222198486,,ELIGIBLE,SCORED,0.5082447938625974,19.09878816554329,SCORED,0.4098656587307614,15.401903741971104,SCORED,0.4346008710568112,16.331401862069264,SCORED,0.03607420250822724,1.3555939190432802,SCORED,0.29035802558015167,10.911054062306684
CCRs-3-low-100-overlap-100:22,CCRs-3-low-100-overlap-100,12950348,2.4170661465000007,PREDICTED,2.800293445587158,2.757704019546509,2.8053643703460693,2.6138393878936768,2.3367996215820312,,ELIGIBLE,SCORED,0.38322729908715747,15.855060468332011,SCORED,0.34063787304650806,14.09303065783963,SCORED,0.3882982238460686,16.064857157853893,SCORED,0.19677324139367602,8.140995300381448,SCORED,0.08026652491796948,3.3208245059490125
CCRs-3-low-100-overlap-100:23,CCRs-3-low-100-overlap-100,13250352,2.191575759,PREDICTED,2.479722738265991,2.448354482650757,2.4560914039611816,2.163501262664795,1.7904845476150513,,ELIGIBLE,SCORED,0.2881469792659912,13.147936049332401,SCORED,0.2567787236507568,11.716625473532481,SCORED,0.26451564496118163,12.069655537797981,SCORED,0.02807449633520509,1.2810187473516899,SCORED,0.40109121138494874,18.301498806865965
CCRs-3-low-100-overlap-100:24,CCRs-3-low-100-overlap-100,13550364,2.0970998006,PREDICTED,2.3627383708953857,2.348426342010498,2.3693912029266357,2.114743947982788,2.0483200550079346,,ELIGIBLE,SCORED,0.2656385702953856,12.666949385021347,SCORED,0.25132654141049793,11.984481679822343,SCORED,0.2722914023266356,12.984189033289233,SCORED,0.017644147382787967,0.8413594516455445,SCORED,0.04877974559206555,2.3260574235956346
CCRs-3-low-100-overlap-100:25,CCRs-3-low-100-overlap-100,13800368,2.0814103651000004,PREDICTED,2.2264583110809326,2.252424478530884,2.217447519302368,2.0741753578186035,1.9461637735366821,,ELIGIBLE,SCORED,0.14504794598093218,6.968733720799138,SCORED,0.17101411343088335,8.216261257191686,SCORED,0.13603715420236773,6.535816121768563,SCORED,0.007235007281396921,0.34760119401295086,SCORED,0.1352465915633183,6.497834056708007
CCRs-3-low-100-overlap-100:26,CCRs-3-low-100-overlap-100,14100372,2.1583316905000007,PREDICTED,2.105956792831421,2.117368459701538,2.0962612628936768,2.1258699893951416,1.9950929880142212,,ELIGIBLE,SCORED,0.052374897668579834,2.426638032472508,SCORED,0.040963230798462646,1.897911751875963,SCORED,0.062070427606323975,2.8758521166848405,SCORED,0.03246170110485913,1.5040181844032985,SCORED,0.16323870248577954,7.563188883538263
CCRs-3-low-100-overlap-100:27,CCRs-3-low-100-overlap-100,14400384,2.3903111699000017,PREDICTED,2.241379976272583,2.2259318828582764,2.185786008834839,2.300151824951172,2.0286495685577393,,ELIGIBLE,SCORED,0.1489311936274187,6.230619490166597,SCORED,0.16437928704172533,6.876899087937664,SCORED,0.20452516106516283,8.556424102461904,SCORED,0.09015934494882982,3.7718664450119115,SCORED,0.36166160134226244,15.13031465929988
CCRs-3-low-100-overlap-100:28,CCRs-3-low-100-overlap-100,14700387,2.9209042199999957,PREDICTED,2.177022695541382,2.2050158977508545,2.1415393352508545,2.6513044834136963,2.4280636310577393,,ELIGIBLE,SCORED,0.7438815244586139,25.467508292983844,SCORED,0.7158883222491412,24.509133758899573,SCORED,0.7793648847491412,26.682315681995984,SCORED,0.26959973658629943,9.230009486113852,SCORED,0.49284058894225646,16.87287743184736
CCRs-3-low-100-overlap-100:29,CCRs-3-low-100-overlap-100,15000400,,PREDICTED,2.653308391571045,2.553847551345825,2.5702548027038574,3.015505313873291,3.374251365661621,,EXCLUDED_GT_NONFINITE,EXCLUDED_GT_NONFINITE,,,EXCLUDED_GT_NONFINITE,,,EXCLUDED_GT_NONFINITE,,,EXCLUDED_GT_NONFINITE,,,EXCLUDED_GT_NONFINITE,,
CCRs-3-low-100-overlap-100:30,CCRs-3-low-100-overlap-100,15300403,,PREDICTED,4.00806188583374,3.8829174041748047,3.8660404682159424,5.138850688934326,6.3935370445251465,,EXCLUDED_GT_NONFINITE,EXCLUDED_GT_NONFINITE,,,EXCLUDED_GT_NONFINITE,,,EXCLUDED_GT_NONFINITE,,,EXCLUDED_GT_NONFINITE,,,EXCLUDED_GT_NONFINITE,,
CCRs-3-low-100-overlap-100:31,CCRs-3-low-100-overlap-100,15600415,,PREDICTED,7.634701251983643,8.114686012268066,8.98028564453125,6.437572956085205,7.797154903411865,,EXCLUDED_GT_NONFINITE,EXCLUDED_GT_NONFINITE,,,EXCLUDED_GT_NONFINITE,,,EXCLUDED_GT_NONFINITE,,,EXCLUDED_GT_NONFINITE,,,EXCLUDED_GT_NONFINITE,,
CCRs-3-medium-100-overlap-100:00,CCRs-3-medium-100-overlap-100,7450208,3.7154163084,PREDICTED,3.7308034896850586,3.6544742584228516,3.611119508743286,4.86634635925293,3.2221121788024902,,ELIGIBLE,SCORED,0.01538718128505856,0.4141442037133348,SCORED,0.06094204997714847,1.6402482230421294,SCORED,0.1042967996567139,2.8071362937422237,SCORED,1.1509300508529297,30.97714913537008,SCORED,0.4933041295975098,13.277223563944181
CCRs-3-medium-100-overlap-100:01,CCRs-3-medium-100-overlap-100,7600205,3.5025579414999997,PREDICTED,4.773848056793213,4.956634521484375,4.534127235412598,6.841699600219727,3.5441627502441406,,ELIGIBLE,SCORED,1.2712901152932132,36.29604810331197,SCORED,1.4540765799843753,41.514704517968795,SCORED,1.031569293912598,29.451883770145994,SCORED,3.339141658719727,95.33437317784133,SCORED,0.041604808744140964,1.187840699255452
CCRs-3-medium-100-overlap-100:02,CCRs-3-medium-100-overlap-100,7750211,3.2975076199,PREDICTED,3.0505454540252686,3.0468266010284424,3.037639617919922,4.011701583862305,2.9752588272094727,,ELIGIBLE,SCORED,0.24696216587473163,7.489358459229913,SCORED,0.2506810188715578,7.6021361515204,SCORED,0.2598680019800783,7.880739999259169,SCORED,0.7141939639623045,21.658599350983852,SCORED,0.32224879269052753,9.77249577061781
CCRs-3-medium-100-overlap-100:03,CCRs-3-medium-100-overlap-100,7900217,3.1149173009,PREDICTED,3.2780535221099854,3.2998664379119873,3.2477312088012695,3.5419704914093018,2.710186004638672,,ELIGIBLE,SCORED,0.16313622120998517,5.23725689805151,SCORED,0.18494913701198712,5.9375296082033815,SCORED,0.13281390790126935,4.263802055447672,SCORED,0.4270531905093016,13.709936709584941,SCORED,0.4047312962613283,12.993323968645601
CCRs-3-medium-100-overlap-100:04,CCRs-3-medium-100-overlap-100,8100223,2.9167790145,PREDICTED,3.269778251647949,3.2650582790374756,3.143350124359131,4.310460090637207,3.0908937454223633,,ELIGIBLE,SCORED,0.35299923714794934,12.102364813827391,SCORED,0.3482792645374757,11.94054341470838,SCORED,0.22657110985913098,7.7678531260953365,SCORED,1.3936810761372072,47.7815106735508,SCORED,0.1741147309223634,5.969417979792017
CCRs-3-medium-100-overlap-100:05,CCRs-3-medium-100-overlap-100,8250220,2.7947072399999993,PREDICTED,3.369974136352539,3.2721316814422607,3.2497470378875732,5.303287982940674,2.4604244232177734,,ELIGIBLE,SCORED,0.5752668963525398,20.584155940159942,SCORED,0.4774244414422615,17.083164726844934,SCORED,0.455039797887574,16.282199128935385,SCORED,2.5085807429406746,89.76184363914538,SCORED,0.3342828167822258,11.96128209773507
CCRs-3-medium-100-overlap-100:06,CCRs-3-medium-100-overlap-100,8400226,2.672596446200001,PREDICTED,3.047530174255371,2.986715316772461,3.047684669494629,5.6691083908081055,2.5295348167419434,,ELIGIBLE,SCORED,0.3749337280553702,14.028819374824252,SCORED,0.31411887057246,11.753322168002061,SCORED,0.375088223294628,14.034600091904734,SCORED,2.9965119446081045,112.1198806078134,SCORED,0.14306162945805756,5.352908018023747
CCRs-3-medium-100-overlap-100:07,CCRs-3-medium-100-overlap-100,8550232,2.5491476888000006,PREDICTED,2.5890402793884277,2.643432378768921,2.7032980918884277,3.3801045417785645,2.376103639602661,,ELIGIBLE,SCORED,0.03989259058842709,1.5649383817069595,SCORED,0.09428468996892025,3.69867506630439,SCORED,0.1541504030884271,6.047135039123319,SCORED,0.8309568529785638,32.59743861171625,SCORED,0.1730440491973395,6.788310067621041
CCRs-3-medium-100-overlap-100:08,CCRs-3-medium-100-overlap-100,8750238,2.4004563266000005,PREDICTED,2.4429166316986084,2.468043565750122,2.505263328552246,3.627835750579834,2.808955430984497,,ELIGIBLE,SCORED,0.042460305098607876,1.7688430582175403,SCORED,0.06758723915012155,2.81559961750489,SCORED,0.10480700195224557,4.366128256150943,SCORED,1.2273794239798335,51.13108746778535,SCORED,0.40849910438449655,17.017560363745236
CCRs-3-medium-100-overlap-100:09,CCRs-3-medium-100-overlap-100,8900244,2.2781661503999997,PREDICTED,2.7682266235351562,2.672731637954712,2.7097229957580566,3.0842511653900146,2.4494502544403076,,ELIGIBLE,SCORED,0.49006047313515655,21.511182274792024,SCORED,0.3945654875547122,17.319434207440686,SCORED,0.43155684535805694,18.943168182982806,SCORED,0.806085014990015,35.38306522763859,SCORED,0.17128410404030792,7.518507989868689
CCRs-3-medium-100-overlap-100:10,CCRs-3-medium-100-overlap-100,9050241,2.1629291287000014,PREDICTED,2.785055637359619,2.724586009979248,2.7589190006256104,3.457858085632324,2.1019287109375,,ELIGIBLE,SCORED,0.6221265086596177,28.763148103402642,SCORED,0.5616568812792466,25.967419543553085,SCORED,0.5959898719256089,27.554757297286965,SCORED,1.2949289569323228,59.86922732464295,SCORED,0.061000417762501424,2.8202689100204075
CCRs-3-medium-100-overlap-100:11,CCRs-3-medium-100-overlap-100,9200247,2.0736506972,PREDICTED,2.284780979156494,2.2245259284973145,2.3228139877319336,2.9627068042755127,2.1318857669830322,,ELIGIBLE,SCORED,0.21113028195649397,10.181574082924286,SCORED,0.15087523129731428,7.275826709919729,SCORED,0.24916329053193342,12.015682818151221,SCORED,0.8890561070755125,42.873956943470915,SCORED,0.058235069783032056,2.8083355534114522
CCRs-3-medium-100-overlap-100:12,CCRs-3-medium-100-overlap-100,9400252,1.9776195976,PREDICTED,2.5895168781280518,2.5285146236419678,2.6151552200317383,2.1647517681121826,2.0186007022857666,,ELIGIBLE,SCORED,0.6118972805280518,30.94110117388795,SCORED,0.5508950260419678,27.85647081524289,SCORED,0.6375356224317383,32.23752551832713,SCORED,0.18713217051218267,9.46249575698393,SCORED,0.040981104685766656,2.07224406228076
CCRs-3-medium-100-overlap-100:13,CCRs-3-medium-100-overlap-100,9550258,1.9113941140000001,PREDICTED,2.5900158882141113,2.5304150581359863,2.5120928287506104,3.01460599899292,1.7244348526000977,,ELIGIBLE,SCORED,0.6786217742141112,35.50402134460644,SCORED,0.6190209441359862,32.385835009220195,SCORED,0.6006987147506102,31.42725565338903,SCORED,1.1032118849929198,57.71765628618649,SCORED,0.1869592613999025,9.781303606122881
CCRs-3-medium-100-overlap-100:14,CCRs-3-medium-100-overlap-100,9700256,1.834576844,PREDICTED,2.41524338722229,2.3753433227539062,2.4382476806640625,2.6583707332611084,1.8143141269683838,,ELIGIBLE,SCORED,0.5806665432222899,31.65125217411116,SCORED,0.5407664787539062,29.476360203852337,SCORED,0.6036708366640624,32.9051813031639,SCORED,0.8237938892611083,44.90375488796414,SCORED,0.020262717031616306,1.1044899589725936
CCRs-3-medium-100-overlap-100:15,CCRs-3-medium-100-overlap-100,9850262,1.7724859613999993,PREDICTED,2.5370514392852783,2.5006580352783203,2.512022018432617,4.729320049285889,1.6301616430282593,,ELIGIBLE,SCORED,0.7645654778852791,43.135206401374624,SCORED,0.7281720738783211,41.081965653661584,SCORED,0.7395360570326179,41.72309813097165,SCORED,2.9568340878858894,166.81847711507018,SCORED,0.14232431837173998,8.029644322786343
CCRs-3-medium-100-overlap-100:16,CCRs-3-medium-100-overlap-100,10050267,1.6954063166000004,PREDICTED,1.8858388662338257,1.849806308746338,1.860369324684143,2.7139956951141357,1.793081283569336,,ELIGIBLE,SCORED,0.19043254963382528,11.23226613993761,SCORED,0.15439999214633748,9.106961006018553,SCORED,0.16496300808414266,9.72999843571201,SCORED,1.0185893785141353,60.07936673002573,SCORED,0.09767496696933553,5.761153890544347
CCRs-3-medium-100-overlap-100:17,CCRs-3-medium-100-overlap-100,10200273,1.6594984697000001,PREDICTED,1.7828664779663086,1.7736167907714844,1.7784860134124756,2.499939203262329,1.4895603656768799,,ELIGIBLE,SCORED,0.12336800826630845,7.434053752915518,SCORED,0.11411832107148423,6.876675282027482,SCORED,0.11898754371247544,7.170090595744008,SCORED,0.840440733562329,50.64426083588144,SCORED,0.16993810402312026,10.240329058805413
CCRs-3-medium-100-overlap-100:18,CCRs-3-medium-100-overlap-100,10350279,1.6341142951999998,PREDICTED,2.0525519847869873,2.009737968444824,2.0103819370269775,1.810957431793213,1.4380220174789429,,ELIGIBLE,SCORED,0.41843768958698746,25.60639061882601,SCORED,0.3756236732448244,22.986377045239156,SCORED,0.3762676418269777,23.025784850681216,SCORED,0.17684313659321305,10.821956402478515,SCORED,0.19609227772105697,11.999912019437856
CCRs-3-medium-100-overlap-100:19,CCRs-3-medium-100-overlap-100,10500277,1.6180771135,PREDICTED,2.156451940536499,2.113084077835083,2.1197800636291504,1.7923897504806519,1.436471939086914,,ELIGIBLE,SCORED,0.538374827036499,33.2725073820469,SCORED,0.49500696433508296,30.592297499613757,SCORED,0.5017029501291503,31.00612115104552,SCORED,0.1743126369806518,10.772826308852665,SCORED,0.181605174413086,11.223517896515009
CCRs-3-medium-100-overlap-100:20,CCRs-3-medium-100-overlap-100,10700282,1.6316203454,PREDICTED,2.0389316082000732,2.015474319458008,2.0328259468078613,2.03515362739563,1.7464642524719238,,ELIGIBLE,SCORED,0.40731126280007324,24.9636052865116,SCORED,0.3838539740580078,23.525936970582702,SCORED,0.4012056014078613,24.589396825001206,SCORED,0.4035332819956299,24.732057499362796,SCORED,0.11484390707192382,7.038641519499395
CCRs-3-medium-100-overlap-100:21,CCRs-3-medium-100-overlap-100,10850288,1.6591978475999998,PREDICTED,1.9205156564712524,1.8584794998168945,1.8614157438278198,2.483041524887085,1.8734837770462036,,ELIGIBLE,SCORED,0.26131780887125267,15.749647291867225,SCORED,0.19928165221689476,12.010722681755652,SCORED,0.20221789622782005,12.18769036618054,SCORED,0.8238436772870852,49.65313078719096,SCORED,0.21428592944620384,12.915031788171893
CCRs-3-medium-100-overlap-100:22,CCRs-3-medium-100-overlap-100,11000294,1.6787465438000002,PREDICTED,1.8426910638809204,1.7737557888031006,1.7731531858444214,2.0041422843933105,1.9909781217575073,,ELIGIBLE,SCORED,0.1639445200809202,9.765888763042001,SCORED,0.09500924500310037,5.659534809110495,SCORED,0.09440664204442117,5.623638803194369,SCORED,0.32539574059331033,19.38325602486404,SCORED,0.3122315779575071,18.599089845376042
CCRs-3-medium-100-overlap-100:23,CCRs-3-medium-100-overlap-100,11150292,1.6993533984,PREDICTED,1.8843165636062622,1.8371539115905762,1.8173962831497192,2.4693984985351562,1.771093726158142,,ELIGIBLE,SCORED,0.18496316520626221,10.884326084286613,SCORED,0.13780051319057618,8.108996829048044,SCORED,0.11804288474971925,6.946341170757107,SCORED,0.7700451001351563,45.31400595427533,SCORED,0.0717403277581421,4.221624991346008
CCRs-3-medium-100-overlap-100:24,CCRs-3-medium-100-overlap-100,11350297,1.7602076115999998,PREDICTED,1.818922996520996,1.805489420890808,1.785178303718567,2.0191619396209717,1.6853021383285522,,ELIGIBLE,SCORED,0.05871538492099626,3.335707932067453,SCORED,0.04528180929080827,2.572526615178527,SCORED,0.02497069211856706,1.4186219826574384,SCORED,0.25895432802097185,14.711578697559807,SCORED,0.07490547327144759,4.255490816981512
CCRs-3-medium-100-overlap-100:25,CCRs-3-medium-100-overlap-100,11500303,1.8392248897000005,PREDICTED,1.8834081888198853,1.8524316549301147,1.8406658172607422,2.8605215549468994,1.6430628299713135,,ELIGIBLE,SCORED,0.04418329911988472,2.4022782296672562,SCORED,0.013206765230114215,0.718061467310199,SCORED,0.001440927560741656,0.07834428344304804,SCORED,1.0212966652468989,55.528645298698876,SCORED,0.19616205972868705,10.665474397787397
CCRs-3-medium-100-overlap-100:26,CCRs-3-medium-100-overlap-100,11650309,1.9846144606999991,PREDICTED,1.8474304676055908,1.8353886604309082,1.8244355916976929,2.0292091369628906,1.7045079469680786,,ELIGIBLE,SCORED,0.13718399309440832,6.912374963045556,SCORED,0.14922580026909094,7.519132971371027,SCORED,0.16017886900230627,8.071032040440192,SCORED,0.044594676262891486,2.2470196174607318,SCORED,0.2801065137319205,14.113900673339009
CCRs-3-medium-100-overlap-100:27,CCRs-3-medium-100-overlap-100,11800315,2.2023947794999965,PREDICTED,1.919022560119629,1.9188785552978516,1.8963289260864258,2.081130027770996,1.9747822284698486,,ELIGIBLE,SCORED,0.2833722193803676,12.866549722057588,SCORED,0.28351622420214495,12.873088278319969,SCORED,0.30606585341357073,13.89695690629343,SCORED,0.12126475172900042,5.506040645289343,SCORED,0.22761255103014788,10.334775270481805
CCRs-3-medium-100-overlap-100:28,CCRs-3-medium-100-overlap-100,12000321,2.720256819899997,PREDICTED,2.1708526611328125,2.171201467514038,2.1203012466430664,2.3938350677490234,2.0916640758514404,,ELIGIBLE,SCORED,0.5494041587671843,20.196775346652075,SCORED,0.5490553523859587,20.18395279333013,SCORED,0.5999555732569304,22.055107770265096,SCORED,0.32642175215097335,11.999666713930834,SCORED,0.6285927440485564,23.10784553318995
CCRs-3-medium-100-overlap-100:29,CCRs-3-medium-100-overlap-100,12150318,3.4851387551999995,PREDICTED,2.225576639175415,2.211301326751709,2.2205970287323,2.660381317138672,2.549880027770996,,ELIGIBLE,SCORED,1.2595621160245845,36.14094601384968,SCORED,1.2738374284482905,36.55055129577443,SCORED,1.2645417264676997,36.28382728179591,SCORED,0.8247574380613276,23.664981396529726,SCORED,0.9352587274290034,26.835623862423013
CCRs-3-medium-100-overlap-100:30,CCRs-3-medium-100-overlap-100,12300324,5.069040228799989,PREDICTED,2.6047182083129883,2.5197463035583496,2.550776720046997,3.9258909225463867,3.896467685699463,,ELIGIBLE,SCORED,2.4643220204870007,48.61516005506999,SCORED,2.5492939252416393,50.29145183653716,SCORED,2.518263508752992,49.6792961800808,SCORED,1.1431493062536022,22.5515927010945,SCORED,1.172572543100526,23.132042559822278
CCRs-3-medium-100-overlap-100:31,CCRs-3-medium-100-overlap-100,12500330,,PREDICTED,4.3784966468811035,4.019935607910156,4.205846786499023,5.363508701324463,6.65142297744751,,EXCLUDED_GT_NONFINITE,EXCLUDED_GT_NONFINITE,,,EXCLUDED_GT_NONFINITE,,,EXCLUDED_GT_NONFINITE,,,EXCLUDED_GT_NONFINITE,,,EXCLUDED_GT_NONFINITE,,
CCRs-side-high:00,CCRs-side-high,12012093,3.599722248800001,PREDICTED,6.527982711791992,6.7150797843933105,6.478109836578369,6.500302791595459,2.5020530223846436,,ELIGIBLE,SCORED,2.9282604629919913,81.34684457858249,SCORED,3.1153575355933096,86.54438649070332,SCORED,2.8783875877783682,79.9613800408602,SCORED,2.900580542795458,80.5778985798805,SCORED,1.0976692264153574,30.493164487378856
CCRs-side-high:01,CCRs-side-high,12162245,3.441308043999999,PREDICTED,3.0150232315063477,3.343032121658325,3.2760703563690186,2.2333977222442627,6.856743335723877,,ELIGIBLE,SCORED,0.42628481249365135,12.387290153721892,SCORED,0.09827592234167382,2.8557723134672637,SCORED,0.16523768763098046,4.801595367757798,SCORED,1.2079103217557363,35.100325408582826,SCORED,3.415435291723878,99.24817098773732
CCRs-side-high:02,CCRs-side-high,12312398,3.2957019529999996,PREDICTED,4.205235004425049,3.9128031730651855,4.032928943634033,3.725132942199707,2.8336684703826904,,ELIGIBLE,SCORED,0.9095330514250493,27.597551732404774,SCORED,0.617101220065186,18.724424382594833,SCORED,0.7372269906340336,22.36934653520332,SCORED,0.42943098919970746,13.030031092732964,SCORED,0.46203348261730914,14.019273866580411
CCRs-side-high:03,CCRs-side-high,12512598,3.1009940918,PREDICTED,3.8384511470794678,3.6821694374084473,3.7970242500305176,3.327862024307251,4.262027740478516,,ELIGIBLE,SCORED,0.7374570552794677,23.781311200480364,SCORED,0.5811753456084472,18.74158184129589,SCORED,0.6960301582305175,22.445388079617416,SCORED,0.2268679325072509,7.3159743550354,SCORED,1.1610336486785156,37.440692058996575
CCRs-side-high:04,CCRs-side-high,12662742,2.9355454220999992,PREDICTED,2.835541248321533,3.0118770599365234,2.92838978767395,4891.31689453125,2.962733030319214,,ELIGIBLE,SCORED,0.10000417377846604,3.4066641594299063,SCORED,0.07633163783652419,2.600254019640373,SCORED,0.007155634426049051,0.24375825944229912,SCORED,4888.38134910915,166523.78506247577,SCORED,0.02718760821921462,0.9261518494837473
CCRs-side-high:05,CCRs-side-high,12812894,2.7805888869999995,PREDICTED,5.660909652709961,5.64177942276001,6.052555084228516,3.703056573867798,2.3476030826568604,,ELIGIBLE,SCORED,2.8803207657099614,103.58671787750555,SCORED,2.8611905357600103,102.89872584677457,SCORED,3.271966197228516,117.67169942042987,SCORED,0.9224676868677983,33.17526338325607,SCORED,0.43298580434313916,15.57173037580148
CCRs-side-high:06,CCRs-side-high,13013094,2.6119388095,PREDICTED,3.2769052982330322,3.138411283493042,3.249044179916382,2.9030745029449463,2.021716833114624,,ELIGIBLE,SCORED,0.6649664887330324,25.45873151064845,SCORED,0.5264724739930422,20.15638620928582,SCORED,0.637105370416382,24.392048087004852,SCORED,0.2911356934449465,11.146344331882654,SCORED,0.5902219763853758,22.59708283512052
CCRs-side-high:07,CCRs-side-high,13163238,2.4924014532,PREDICTED,2.6516544818878174,2.5789380073547363,2.6874516010284424,3.4270200729370117,2.0678327083587646,,ELIGIBLE,SCORED,0.15925302868781754,6.389541639985493,SCORED,0.08653655415473649,3.4720150738008924,SCORED,0.19505014782844254,7.825791771145744,SCORED,0.9346186197370119,37.49871909828382,SCORED,0.4245687448412352,17.03452484735677
CCRs-side-high:08,CCRs-side-high,13313391,2.3911989240000007,PREDICTED,2.8837084770202637,2.8568367958068848,2.8179361820220947,4.753668308258057,2.0349535942077637,,ELIGIBLE,SCORED,0.492509553020263,20.59676207098623,SCORED,0.4656378718068841,19.472987677159225,SCORED,0.42673725802209406,17.846163016343596,SCORED,2.362469384258056,98.79852991511531,SCORED,0.356245329792237,14.898188779556213
CCRs-side-high:09,CCRs-side-high,13513591,2.2592699826000007,PREDICTED,1.8700611591339111,1.8457231521606445,1.8519293069839478,1.8050071001052856,1.805187702178955,,ELIGIBLE,SCORED,0.38920882346608954,17.227194025664094,SCORED,0.41354683043935614,18.3044449589615,SCORED,0.4073406756160529,18.02974760667069,SCORED,0.454262882494715,20.106622315759832,SCORED,0.4540822804210456,20.098628491424524
CCRs-side-high:10,CCRs-side-high,13663735,2.1689937261999996,PREDICTED,2.4138221740722656,2.292656183242798,2.385643482208252,3.377321481704712,1.7265537977218628,,ELIGIBLE,SCORED,0.244828447872266,11.287651269568068,SCORED,0.12366245704279821,5.7013745844000425,SCORED,0.21664975600825231,9.988491593648591,SCORED,1.2083277555047123,55.70914018371366,SCORED,0.44243992847813685,20.398395953559348
CCRs-side-high:11,CCRs-side-high,13813887,2.0789891366,PREDICTED,2.13847279548645,2.113340139389038,2.1084890365600586,2.722813844680786,3.0161776542663574,,ELIGIBLE,SCORED,0.05948365888645002,2.8611818041401693,SCORED,0.03435100278903791,1.6522935201679738,SCORED,0.029499899960058418,1.4189540214867524,SCORED,0.643824708080786,30.968161244637542,SCORED,0.9371885176663572,45.07904833014398
CCRs-side-high:12,CCRs-side-high,14014087,1.9438408058000005,PREDICTED,2.908827066421509,2.6730709075927734,2.7662227153778076,2.3384933471679688,1.5775636434555054,,ELIGIBLE,SCORED,0.9649862606215083,49.643276226232004,SCORED,0.7292301017927729,37.514908608611776,SCORED,0.8223819095778071,42.30706069776894,SCORED,0.39465254136796823,20.30271924482758,SCORED,0.36627716234449514,18.842960866527925
CCRs-side-high:13,CCRs-side-high,14164231,1.8724839862000004,PREDICTED,2.4556868076324463,2.4084296226501465,2.5559699535369873,2.0825300216674805,1.5319756269454956,,ELIGIBLE,SCORED,0.5832028214324458,31.145944410237203,SCORED,0.535945636450146,28.622174630063917,SCORED,0.6834859673369869,36.50156542721875,SCORED,0.21004603546748002,11.217507707168448,SCORED,0.34050835925450484,18.184847601582376
CCRs-side-high:14,CCRs-side-high,14314384,1.8022459199999992,PREDICTED,2.242959499359131,2.2222402095794678,2.261280059814453,2.0873727798461914,1.4801392555236816,,ELIGIBLE,SCORED,0.4407135793591317,24.45357620003001,SCORED,0.4199942895794686,23.303938986277124,SCORED,0.45903413981445396,25.470116742694813,SCORED,0.28512685984619224,15.820641161234663,SCORED,0.32210666447631753,17.872514560960564
CCRs-side-high:15,CCRs-side-high,14514584,1.7156917075000007,PREDICTED,3.156857490539551,3.1258935928344727,2.9598984718322754,1.8089677095413208,1.3992440700531006,,ELIGIBLE,SCORED,1.4411657830395501,83.99911107220582,SCORED,1.410201885334472,82.1943638924111,SCORED,1.2442067643322747,72.51925033462192,SCORED,0.09327600204132014,5.4366411887154324,SCORED,0.3164476374469001,18.444318175787416
CCRs-side-high:16,CCRs-side-high,14664736,1.6428724465,PREDICTED,2.315016746520996,2.3279478549957275,2.3300833702087402,1.86713707447052,1.4056650400161743,,ELIGIBLE,SCORED,0.6721443000209961,40.91275019268492,SCORED,0.6850754084957276,41.699853811245205,SCORED,0.6872109237087403,41.82984048291666,SCORED,0.22426462797052005,13.650763237784941,SCORED,0.23720740648382566,14.438577199902273
CCRs-side-high:17,CCRs-side-high,14864928,1.5446370361999997,PREDICTED,2.6434309482574463,2.5942752361297607,2.5760915279388428,1.494911789894104,1.4842194318771362,,ELIGIBLE,SCORED,1.0987939120574466,71.13605891262435,SCORED,1.049638199929761,67.95371179963432,SCORED,1.031454491738843,66.77649619721343,SCORED,0.0497252463058957,3.219218828795276,SCORED,0.06041760432286347,3.9114434593319305
CCRs-side-high:18,CCRs-side-high,15015080,1.4986512539000008,PREDICTED,2.396446466445923,2.388490915298462,2.3821473121643066,1.4356642961502075,1.4496071338653564,,ELIGIBLE,SCORED,0.8977952125459221,59.90688028382542,SCORED,0.8898396613984612,59.3760328884252,SCORED,0.8834960582643059,58.952745407922514,SCORED,0.06298695774979324,4.202909621960395,SCORED,0.04904412003464431,3.2725505621814825
CCRs-side-high:19,CCRs-side-high,15165233,1.4481587151999997,PREDICTED,2.112039089202881,1.9659918546676636,1.9993438720703125,2.8186864852905273,1.7264524698257446,,ELIGIBLE,SCORED,0.6638803740028811,45.84306727119998,SCORED,0.5178331394676638,35.7580377090192,SCORED,0.5511851568703128,38.061101389303914,SCORED,1.3705277700905276,94.63933446695788,SCORED,0.2782937546257449,19.217075566700633
CCRs-side-high:20,CCRs-side-high,15365424,1.3791525464999999,PREDICTED,1.9973342418670654,1.8922433853149414,1.913852334022522,1.6493397951126099,1.236829161643982,,ELIGIBLE,SCORED,0.6181816953670656,44.82330086949998,SCORED,0.5130908388149416,37.2033420173177,SCORED,0.5346997875225221,38.77017004967856,SCORED,0.27018724861261,19.590816788054997,SCORED,0.14232338485601792,10.319626006362013
CCRs-side-high:21,CCRs-side-high,15515577,1.3453333328000001,PREDICTED,2.0767600536346436,1.9854049682617188,2.0246849060058594,1.5443315505981445,1.311572551727295,,ELIGIBLE,SCORED,0.7314267208346434,54.36769483086752,SCORED,0.6400716354617186,47.57717807597598,SCORED,0.6793515732058593,50.496895947114176,SCORED,0.19899821779814442,14.791740674705178,SCORED,0.03376078107270519,2.509473321562615
CCRs-side-high:22,CCRs-side-high,15665729,1.324049456,PREDICTED,2.122612953186035,2.0287349224090576,2.06144118309021,1.2864158153533936,1.5789697170257568,,ELIGIBLE,SCORED,0.7985634971860351,60.31221066307625,SCORED,0.7046854664090576,53.22198979922829,SCORED,0.73739172709021,55.692158910581504,SCORED,0.03763364064660646,2.84231381811817,SCORED,0.2549202610257568,19.25307698066505
CCRs-side-high:23,CCRs-side-high,15865930,1.2947627955,PREDICTED,1.824411153793335,1.7245674133300781,1.7436110973358154,1.8001594543457031,1.386322259902954,,ELIGIBLE,SCORED,0.5296483582933349,40.90698003789953,SCORED,0.42980461783007806,33.195626204574396,SCORED,0.44884830183581537,34.66645036417525,SCORED,0.5053966588457031,39.03391884615694,SCORED,0.09155946440295404,7.071524198963132
CCRs-side-high:24,CCRs-side-high,16016073,1.2852863951999995,PREDICTED,1.7819914817810059,1.711671233177185,1.7147467136383057,1.7122071981430054,1.4148627519607544,,ELIGIBLE,SCORED,0.4967050865810063,38.645479204945254,SCORED,0.4263848379771855,33.17430570879395,SCORED,0.4294603184383061,33.41358937915771,SCORED,0.42692080294300583,33.21600575073184,SCORED,0.12957635676075485,10.081516247636921
CCRs-side-high:25,CCRs-side-high,16166226,1.2945419823,PREDICTED,2.041638135910034,1.9574356079101562,1.963075876235962,1.6565476655960083,1.4307547807693481,,ELIGIBLE,SCORED,0.7470961536100342,57.71123407544311,SCORED,0.6628936256101563,51.206807865157046,SCORED,0.668533893935962,51.6425039185044,SCORED,0.36200568329600835,27.963997170090728,SCORED,0.1362127984693482,10.522084283998288
CCRs-side-high:26,CCRs-side-high,16366426,1.3086014705,PREDICTED,2.1844828128814697,2.1121742725372314,2.1494648456573486,1.6682642698287964,1.4812802076339722,,ELIGIBLE,SCORED,0.8758813423814698,66.93262709286171,SCORED,0.8035728020372315,61.40699213261593,SCORED,0.8408633751573487,64.25664299735698,SCORED,0.3596627993287964,27.484517436112448,SCORED,0.1726787371339722,13.195670418129199
CCRs-side-high:27,CCRs-side-high,16516570,1.3545314274000004,PREDICTED,2.0550220012664795,2.013944625854492,2.0545504093170166,1.5485665798187256,1.330629587173462,,ELIGIBLE,SCORED,0.7004905738664791,51.714604747935496,SCORED,0.6594131984544918,48.68201542729975,SCORED,0.7000189819170162,51.67978887434826,SCORED,0.19403515241872515,14.324891139009765,SCORED,0.023901840226538518,1.7645836591933262
CCRs-side-high:28,CCRs-side-high,16666722,1.4511205774000002,PREDICTED,2.2798922061920166,2.214261293411255,2.261794328689575,1.5550730228424072,1.4170042276382446,,ELIGIBLE,SCORED,0.8287716287920164,57.112526808553845,SCORED,0.7631407160112547,52.589752216083106,SCORED,0.810673751289575,55.8653611502136,SCORED,0.103952445442407,7.1635980539026285,SCORED,0.03411634976175559,2.3510347998015777
CCRs-side-high:29,CCRs-side-high,16866923,1.7087391172000015,PREDICTED,2.807900905609131,2.703681230545044,2.7135913372039795,1.9477227926254272,1.5658056735992432,,ELIGIBLE,SCORED,1.0991617884091294,64.32589839754202,SCORED,0.9949421133450425,58.22668325024295,SCORED,1.004852220003978,58.80664929416278,SCORED,0.23898367542542576,13.985966202788907,SCORED,0.14293344360075833,8.364848803541992
CCRs-side-high:30,CCRs-side-high,17017066,2.1433279617,PREDICTED,3.918449640274048,3.7753589153289795,3.7278270721435547,2.803224802017212,1.8070834875106812,,ELIGIBLE,SCORED,1.775121678574048,82.82081465339976,SCORED,1.6320309536289797,76.14471433174975,SCORED,1.5844991104435548,73.9270489051426,SCORED,0.6598968403172121,30.78842118934561,SCORED,0.3362444741893187,15.687961907734518
CCRs-side-high:31,CCRs-side-high,17217267,3.8071844865999833,PREDICTED,6.277414798736572,5.810375690460205,5.962359428405762,4.040589809417725,2.9247145652770996,,ELIGIBLE,SCORED,2.470230312136589,64.88338878325897,SCORED,2.0031912038602218,52.61607917637785,SCORED,2.1551749418057784,56.608103688993104,SCORED,0.2334053228177413,6.13065438880753,SCORED,0.8824699213228837,23.179069058220918
CCRs-side-low:00,CCRs-side-low,10400467,8.02577101,PREDICTED,7.835702419281006,8.067546844482422,8.14415168762207,7.499839782714844,4.916861534118652,,ELIGIBLE,SCORED,0.19006859071899385,2.368228429171116,SCORED,0.04177583448242217,0.5205211366032005,SCORED,0.11838067762207061,1.4750069180215823,SCORED,0.525931227285156,6.553030564039927,SCORED,3.1089094758813474,38.73658333894262
CCRs-side-low:01,CCRs-side-low,10600473,7.7855316736,PREDICTED,6.53887414932251,7.127181529998779,7.164333343505859,6.9940619468688965,5.417789936065674,,ELIGIBLE,SCORED,1.2466575242774907,16.012490559954795,SCORED,0.6583501436012211,8.456071739244528,SCORED,0.621198330094141,7.978881290799518,SCORED,0.7914697267311039,10.165904653819632,SCORED,2.3677417375343266,30.412075074629964
CCRs-side-low:02,CCRs-side-low,10850486,7.527334099499999,PREDICTED,7.023801803588867,7.411922454833984,7.570535182952881,7.280545711517334,4.901963710784912,,ELIGIBLE,SCORED,0.5035322959111319,6.689384173137459,SCORED,0.11541164466601472,1.5332339861689002,SCORED,0.04320108345288176,0.5739227578028107,SCORED,0.24678838798266511,3.2785629642645726,SCORED,2.625370388715087,34.877824658925086
CCRs-side-low:03,CCRs-side-low,11050491,7.300210916000001,PREDICTED,7.694716930389404,7.9501633644104,7.873103618621826,3.9651856422424316,5.027378559112549,,ELIGIBLE,SCORED,0.39450601438940325,5.404035841276277,SCORED,0.6499524484103993,8.903200960754258,SCORED,0.5728927026218251,7.847618503270995,SCORED,3.3350252737575694,45.6839577942623,SCORED,2.272832356887452,31.133790284141593
CCRs-side-low:04,CCRs-side-low,11300496,7.0283564929999995,PREDICTED,6.987955570220947,7.043565273284912,7.179854393005371,7.127079486846924,4.631608963012695,,ELIGIBLE,SCORED,0.04040092277905227,0.5748274553132043,SCORED,0.01520878028491257,0.21639170266989147,SCORED,0.15149790000537156,2.155523843394373,SCORED,0.09872299384692429,1.4046383951247918,SCORED,2.3967475299873042,34.1011093044922
CCRs-side-low:05,CCRs-side-low,11550500,6.768953064800002,PREDICTED,6.702237606048584,6.875815391540527,6.860445976257324,6.597307205200195,4.490401268005371,,ELIGIBLE,SCORED,0.0667154587514176,0.9856097111730941,SCORED,0.10686232674052576,1.578712774597783,SCORED,0.09149291145732263,1.3516552793533947,SCORED,0.17164585959980627,2.5357815005750495,SCORED,2.2785517967946305,33.66180523017046
CCRs-side-low:06,CCRs-side-low,11750505,6.5647100946,PREDICTED,7.258282661437988,7.463995456695557,7.421558380126953,5.457034587860107,4.823367595672607,,ELIGIBLE,SCORED,0.6935725668379886,10.56516673003592,SCORED,0.899285362095557,13.698782568255242,SCORED,0.8568482855269535,13.052340060405406,SCORED,1.1076755067398922,16.87318237634049,SCORED,1.7413424989273922,26.52580957626424
CCRs-side-low:07,CCRs-side-low,12000510,6.273938457499999,PREDICTED,7.270900726318359,7.433925628662109,7.547518253326416,4.577472686767578,4.611050605773926,,ELIGIBLE,SCORED,0.9969622688183604,15.890533124796125,SCORED,1.1599871711621104,18.48897911606763,SCORED,1.273579795826417,20.2995264370812,SCORED,1.6964657707324209,27.039885428018977,SCORED,1.6628878517260732,26.504688609723637
CCRs-side-low:08,CCRs-side-low,12200515,6.0396732612000035,PREDICTED,7.024878978729248,7.015577793121338,7.236045837402344,6.916386127471924,4.26719856262207,,ELIGIBLE,SCORED,0.9852057175292446,16.31223536310137,SCORED,0.9759045319213344,16.15823389306055,SCORED,1.1963725762023403,19.80856454417928,SCORED,0.8767128662719204,14.515898929567742,SCORED,1.7724746985779332,29.347195153165718
CCRs-side-low:09,CCRs-side-low,12450520,5.780345941600002,PREDICTED,7.249815940856934,7.592940807342529,7.348990440368652,6.852849960327148,4.261529922485352,,ELIGIBLE,SCORED,1.4694699992569316,25.421834853887336,SCORED,1.8125948657425273,31.35789594698203,SCORED,1.5686444987686503,27.137553956406435,SCORED,1.0725040187271464,18.554322346151427,SCORED,1.5188160191146505,26.27552112727429
CCRs-side-low:10,CCRs-side-low,12700533,5.506872438599999,PREDICTED,7.323273181915283,7.263336658477783,7.391477584838867,8.771758079528809,4.261940956115723,,ELIGIBLE,SCORED,1.8164007433152838,32.984253104963216,SCORED,1.7564642198777838,31.89585812022779,SCORED,1.8846051462388678,34.222785569334654,SCORED,3.264885640928809,59.28747537429493,SCORED,1.2449314824842768,22.606869804319874
CCRs-side-low:11,CCRs-side-low,12950537,5.2213567524,PREDICTED,6.388494968414307,6.386286735534668,6.572385787963867,3.914066791534424,3.672441005706787,,ELIGIBLE,SCORED,1.1671382160143065,22.353159750630535,SCORED,1.1649299831346678,22.310867431136685,SCORED,1.351029035563867,25.87505699438878,SCORED,1.3072899608655764,25.037361415013056,SCORED,1.548915746693213,29.665005096256884
CCRs-side-low:12,CCRs-side-low,13250541,4.886977440999999,PREDICTED,6.446066379547119,6.354034423828125,6.470236301422119,4.213866710662842,3.723487615585327,,ELIGIBLE,SCORED,1.55908893854712,31.902928903802984,SCORED,1.467056982828126,30.01972078937874,SCORED,1.58325886042212,32.397507038586724,SCORED,0.6731107303371573,13.77355918793482,SCORED,1.163489825414672,23.807963909417854
CCRs-side-low:13,CCRs-side-low,13450546,4.672143256500002,PREDICTED,5.9360504150390625,6.01629638671875,6.029195785522461,6.365639686584473,3.5028574466705322,,ELIGIBLE,SCORED,1.2639071585390607,27.051977842945668,SCORED,1.3441531302187482,28.769518750280803,SCORED,1.357052529022459,29.04561043017022,SCORED,1.6934964300844708,36.24667175451944,SCORED,1.1692858098294696,25.026754224685426
CCRs-side-low:14,CCRs-side-low,13700559,4.409150761599999,PREDICTED,5.797041416168213,5.82838249206543,5.770878314971924,3.4413461685180664,2.990042209625244,,ELIGIBLE,SCORED,1.3878906545682135,31.477505070944172,SCORED,1.4192317304654303,32.18832394722691,SCORED,1.3617275533719244,30.884123201942376,SCORED,0.967804593081933,21.94990930023755,SCORED,1.4191085519747553,32.185530246187064
CCRs-side-low:15,CCRs-side-low,13950564,4.1582140521,PREDICTED,6.847326755523682,6.582424640655518,6.724003791809082,5.843093395233154,3.4210381507873535,,ELIGIBLE,SCORED,2.6891127034236817,64.66989601138052,SCORED,2.4242105885555176,58.29932173239691,SCORED,2.565789739709082,61.704128444597394,SCORED,1.6848793431331544,40.51930280698871,SCORED,0.7371759013126464,17.728185516095653
CCRs-side-low:16,CCRs-side-low,14150569,3.9232072483999993,PREDICTED,6.29719877243042,6.351999282836914,6.365610122680664,4.472326278686523,3.4524075984954834,,ELIGIBLE,SCORED,2.3739915240304206,60.51149923314922,SCORED,2.4287920344369147,61.908328585685815,SCORED,2.4424028742806647,62.25526003696973,SCORED,0.5491190302865241,13.996686779941875,SCORED,0.47079964990451595,12.000376735043046
CCRs-side-low:17,CCRs-side-low,14400573,3.6660113252,PREDICTED,5.752504348754883,5.616791725158691,5.781208038330078,3.3250391483306885,2.9700021743774414,,ELIGIBLE,SCORED,2.086493023554883,56.914527492384494,SCORED,1.9507803999586915,53.212612480193755,SCORED,2.115196713130078,57.69749532933272,SCORED,0.34097217686931147,9.300903533098323,SCORED,0.6960091508225585,18.985461011487402
CCRs-side-low:18,CCRs-side-low,14650578,3.4329911016000003,PREDICTED,5.018094539642334,4.988173007965088,5.117091655731201,4.395692825317383,2.909271478652954,,ELIGIBLE,SCORED,1.5851034380423337,46.17266375387838,SCORED,1.5551819063650876,45.30107595211273,SCORED,1.6841005541312009,49.05636234670981,SCORED,0.9627017237173825,28.042651298125996,SCORED,0.5237196229470462,15.255490254634168
CCRs-side-low:19,CCRs-side-low,14850583,3.247466415999999,PREDICTED,4.3830742835998535,4.3579277992248535,4.454895973205566,3.9517831802368164,3.007359504699707,,ELIGIBLE,SCORED,1.1356078675998544,34.96904115789491,SCORED,1.1104613832248544,34.194699528029076,SCORED,1.2074295572055673,37.180663401372264,SCORED,0.7043167642368173,21.688192394129366,SCORED,0.24010691130029205,7.39366880338793
CCRs-side-low:20,CCRs-side-low,15100596,2.993708538,PREDICTED,4.012396812438965,3.8521006107330322,3.9215497970581055,3.644986391067505,2.9768319129943848,,ELIGIBLE,SCORED,1.018688274438965,34.0276370096976,SCORED,0.8583920727330323,28.67320120971083,SCORED,0.9278412590581055,30.99303914461781,SCORED,0.651277853067505,21.75488511325163,SCORED,0.016876625005615153,0.5637364089187481
CCRs-side-low:21,CCRs-side-low,15300602,2.776709753000001,PREDICTED,5.123240947723389,4.973089694976807,5.068729877471924,5.398196220397949,3.4139931201934814,,ELIGIBLE,SCORED,2.346531194723388,84.50761525176186,SCORED,2.1963799419768057,79.10009101973307,SCORED,2.292020124471923,82.54446191200172,SCORED,2.6214864673979483,94.40981235311516,SCORED,0.6372833671934806,22.951025634024212
CCRs-side-low:22,CCRs-side-low,15550606,2.5490392125000003,PREDICTED,5.638782501220703,5.752564430236816,5.764774799346924,3.691779136657715,2.754296064376831,,ELIGIBLE,SCORED,3.089743288720703,121.21207369306808,SCORED,3.203525217736816,125.67579196221625,SCORED,3.2157355868469235,126.15481045083857,SCORED,1.1427399241577145,44.83022146359839,SCORED,0.20525685187683074,8.052322258139084
CCRs-side-low:23,CCRs-side-low,15800611,2.3041027800000005,PREDICTED,3.6308319568634033,3.661905527114868,3.7352066040039062,2.1782312393188477,2.7385964393615723,,ELIGIBLE,SCORED,1.3267291768634029,57.581162975004204,SCORED,1.3578027471148677,58.92978207833539,SCORED,1.4311038240039058,62.111110512349,SCORED,0.1258715406811528,5.462930810801452,SCORED,0.4344936593615718,18.857390526718245
CCRs-side-low:24,CCRs-side-low,16000615,2.119834608,PREDICTED,3.3273539543151855,3.2121667861938477,3.2825608253479004,3.1173696517944336,2.702763557434082,,ELIGIBLE,SCORED,1.2075193463151854,56.962903698154236,SCORED,1.0923321781938475,51.529122794368845,SCORED,1.1627262173479003,54.84985540663936,SCORED,0.9975350437944335,47.057210974377746,SCORED,0.5829289494340819,27.49879387921012
CCRs-side-low:25,CCRs-side-low,16250620,1.8866388071999987,PREDICTED,2.63112473487854,2.5645217895507812,2.605581521987915,2.0612552165985107,2.198577880859375,,ELIGIBLE,SCORED,0.7444859276785414,39.46096755973386,SCORED,0.6778829823507826,35.93072398191805,SCORED,0.7189427147879164,38.10706702545331,SCORED,0.17461640939851208,9.255423387461432,SCORED,0.31193907365937634,16.534117313230286
CCRs-side-low:26,CCRs-side-low,16450625,1.6989763268000007,PREDICTED,2.590117931365967,2.5179502964019775,2.5352025032043457,1.9553180932998657,2.0805723667144775,,ELIGIBLE,SCORED,0.8911416045659661,52.451678726119724,SCORED,0.8189739696019769,48.20396592249778,SCORED,0.836226176404345,49.21941307913136,SCORED,0.25634176649986506,15.088012849636426,SCORED,0.3815960399144769,22.460350617904602
CCRs-side-low:27,CCRs-side-low,16700639,1.4624826576000003,PREDICTED,2.5436885356903076,2.4791903495788574,2.463543176651001,1.6811343431472778,2.2028069496154785,,ELIGIBLE,SCORED,1.0812058780903073,73.92948370851896,SCORED,1.0167076919788571,69.51929902863397,SCORED,1.0010605190510007,68.44939417564007,SCORED,0.21865168554727754,14.950719887926384,SCORED,0.7403242920154782,50.62106467849566
CCRs-side-low:28,CCRs-side-low,16950643,1.2308583203999999,PREDICTED,1.8889296054840088,1.8425198793411255,1.899470567703247,1.500280499458313,1.5222386121749878,,ELIGIBLE,SCORED,0.6580712850840089,53.46442187352248,SCORED,0.6116615589411256,49.69390455453476,SCORED,0.6686122473032472,54.32081306368096,SCORED,0.2694221790583131,21.88896760845369,SCORED,0.2913802917749879,23.67293513361442
CCRs-side-low:29,CCRs-side-low,17150648,1.0693699815000004,PREDICTED,1.8890244960784912,1.851736307144165,1.8664779663085938,1.3362177610397339,1.3868298530578613,,ELIGIBLE,SCORED,0.8196545145784908,76.64835639287023,SCORED,0.7823663256441646,73.16142580949794,SCORED,0.7971079848085934,74.53996265076505,SCORED,0.2668477795397335,24.95373763582061,SCORED,0.31745987155786093,29.68662642956944
CCRs-side-low:30,CCRs-side-low,17400653,1.0373101045999995,PREDICTED,2.742504358291626,2.562012195587158,2.567178964614868,1.3744235038757324,1.4034273624420166,,ELIGIBLE,SCORED,1.7051942536916265,164.38616052517602,SCORED,1.5247020909871587,146.98614081033213,SCORED,1.5298688600148687,147.48423381114236,SCORED,0.3371133992757329,32.498806073592455,SCORED,0.3661172578420171,35.29487047493833
CCRs-side-low:31,CCRs-side-low,17650657,1.2139407383999978,PREDICTED,4.528820991516113,3.768092632293701,4.056929111480713,1.9610456228256226,1.5493345260620117,,ELIGIBLE,SCORED,3.3148802531161152,273.067716426191,SCORED,2.554151893893703,210.40169532988364,SCORED,2.842988373080715,234.19498853196407,SCORED,0.7471048844256247,61.543769048423755,SCORED,0.3353937876620139,27.628514066021932
CCRs-side-medium:00,CCRs-side-medium,10250458,13.428455508800004,PREDICTED,7.525492191314697,7.688528060913086,8.00517463684082,6.3372907638549805,5.595296382904053,,ELIGIBLE,SCORED,5.902963317485307,43.958616935633046,SCORED,5.739927447886918,42.74450955380088,SCORED,5.423280871959184,40.386482782068065,SCORED,7.091164744945024,52.80700182011257,SCORED,7.833159125895952,58.33253958925273
CCRs-side-medium:01,CCRs-side-medium,10450473,12.024289469999994,PREDICTED,8.537008285522461,9.151374816894531,9.012304306030273,5.789219379425049,6.405057907104492,,ELIGIBLE,SCORED,3.487281184477533,29.001972991236833,SCORED,2.872914653105463,23.89259390563777,SCORED,3.0119851639697206,25.04917377017972,SCORED,6.235070090574945,51.85395865702615,SCORED,5.619231562895502,46.732337714550255
CCRs-side-medium:02,CCRs-side-medium,10650469,10.8719063084,PREDICTED,6.987112045288086,7.684399127960205,8.559327125549316,7.110225200653076,5.2805867195129395,,ELIGIBLE,SCORED,3.884794263111914,35.7324111605928,SCORED,3.1875071804397948,29.318751376444624,SCORED,2.3125791828506834,21.27114709463516,SCORED,3.7616811077469237,34.6000140273516,SCORED,5.59131958888706,51.429063406911624
CCRs-side-medium:03,CCRs-side-medium,10900482,9.646166666599996,PREDICTED,4.390086650848389,4.999220848083496,5.331482887268066,5.721189498901367,4.245859622955322,,ELIGIBLE,SCORED,5.256080015751607,54.48879536729203,SCORED,4.6469458185165,48.17401543150424,SCORED,4.314683779331929,44.72951721093095,SCORED,3.9249771676986285,40.689501885644624,SCORED,5.400307043644673,55.98396990530261
CCRs-side-medium:04,CCRs-side-medium,11100488,8.643423350599999,PREDICTED,7.324400901794434,7.648687362670898,7.895483493804932,5.35279655456543,6.541768550872803,,ELIGIBLE,SCORED,1.3190224488055655,15.260417028098052,SCORED,0.9947359879291007,11.50858806262277,SCORED,0.7479398567950675,8.653282692015171,SCORED,3.2906267960345694,38.070873802636825,SCORED,2.1016547997271964,24.315074183903143
CCRs-side-medium:05,CCRs-side-medium,11350492,7.690221593200007,PREDICTED,8.812185287475586,9.29312801361084,8.993849754333496,5.4023332595825195,5.074409484863281,,ELIGIBLE,SCORED,1.1219636942755793,14.58948458998455,SCORED,1.6029064204108332,20.843436056877547,SCORED,1.3036281611334894,16.951763292311476,SCORED,2.287888333617487,29.75061649251469,SCORED,2.6158121083367254,34.01478197519989
CCRs-side-medium:06,CCRs-side-medium,11550497,7.017743457799999,PREDICTED,7.783519268035889,8.916666984558105,8.534857749938965,4.821122169494629,4.676967144012451,,ELIGIBLE,SCORED,0.7657758102358896,10.911994928864976,SCORED,1.8989235267581064,27.058890627406925,SCORED,1.5171142921389658,21.61826378039997,SCORED,2.19662128830537,31.300963073306637,SCORED,2.340776313787548,33.355113760760936
CCRs-side-medium:07,CCRs-side-medium,11750502,6.363936861900005,PREDICTED,6.479841709136963,6.634340286254883,6.853476524353027,5.125020503997803,4.4951171875,,ELIGIBLE,SCORED,0.11590484723695749,1.821275882400146,SCORED,0.2704034243548774,4.248996025930815,SCORED,0.48953966245302194,7.692402880107549,SCORED,1.2389163579022027,19.467766333752,SCORED,1.8688196744000054,29.365779625947674
CCRs-side-medium:08,CCRs-side-medium,12000507,5.6678914464000005,PREDICTED,7.501105308532715,8.478006362915039,8.09339714050293,3.7815821170806885,4.13401985168457,,ELIGIBLE,SCORED,1.8332138621327143,32.34384214075046,SCORED,2.8101149165150385,49.579547228271316,SCORED,2.425505694102929,42.793792313074476,SCORED,1.886309329319312,33.28061850086092,SCORED,1.5338715947154302,27.06247304171076
CCRs-side-medium:09,CCRs-side-medium,12200512,5.1463396878,PREDICTED,6.187257766723633,6.166332244873047,6.341336250305176,4.248020172119141,4.065410137176514,,ELIGIBLE,SCORED,1.0409180789236325,20.226377232564932,SCORED,1.0199925570730466,19.81976742598352,SCORED,1.1949965625051755,23.22032036357908,SCORED,0.8983195156808597,17.455503720643065,SCORED,1.0809295506234866,21.003851595454464
CCRs-side-medium:10,CCRs-side-medium,12450517,4.620771781600001,PREDICTED,6.6180620193481445,6.669363021850586,6.62109375,5.874704360961914,3.9096884727478027,,ELIGIBLE,SCORED,1.9972902377481434,43.224169730723126,SCORED,2.048591240250585,44.3343955745253,SCORED,2.000321968399999,43.289780645850506,SCORED,1.253932579361913,27.136864546201906,SCORED,0.7110833088521984,15.388842870010272
CCRs-side-medium:11,CCRs-side-medium,12650522,4.303346418599999,PREDICTED,6.391672134399414,6.571136951446533,6.412119388580322,6.31767463684082,3.606529951095581,,ELIGIBLE,SCORED,2.0883257157994155,48.52794808182808,SCORED,2.2677905328465346,52.69830295429275,SCORED,2.1087729699803237,49.00309584340569,SCORED,2.0143282182408218,46.808414250232275,SCORED,0.6968164675044175,16.192432579739
CCRs-side-medium:12,CCRs-side-medium,12900526,3.9790116904,PREDICTED,6.13109016418457,6.003037929534912,6.313985347747803,3.73799729347229,3.691641092300415,,ELIGIBLE,SCORED,2.15207847378457,54.08575398199515,SCORED,2.024026239134912,50.86756201340644,SCORED,2.3349736573478026,58.68225175063694,SCORED,0.2410143969277101,6.057142217229362,SCORED,0.2873705980995851,7.222160185980667
CCRs-side-medium:13,CCRs-side-medium,13100532,3.7652034910000003,PREDICTED,5.521259784698486,5.561476230621338,5.602802276611328,4.5829997062683105,3.057312488555908,,ELIGIBLE,SCORED,1.756056293698486,46.63908067375384,SCORED,1.7962727396213376,47.70718883892954,SCORED,1.8375987856113278,48.80476686064264,SCORED,0.8177962152683103,21.719841098179575,SCORED,0.7078910024440921,18.800869704284786
CCRs-side-medium:14,CCRs-side-medium,13300537,3.568825549199999,PREDICTED,4.754123210906982,4.8836283683776855,4.835669040679932,4.834458827972412,3.35351824760437,,ELIGIBLE,SCORED,1.1852976617069833,33.21254136315752,SCORED,1.3148028191776864,36.84133060167139,SCORED,1.2668434914799325,35.49748997296639,SCORED,1.265633278772413,35.46357930149099,SCORED,0.21530730159562905,6.033001575095009
CCRs-side-medium:15,CCRs-side-medium,13550550,3.3277375925,PREDICTED,4.973262786865234,4.881899833679199,5.070764064788818,4.630305290222168,3.1092238426208496,,ELIGIBLE,SCORED,1.6455251943652343,49.44876657564261,SCORED,1.554162241179199,46.70326905228177,SCORED,1.7430264722888182,52.378723497225934,SCORED,1.3025676977221678,39.14274072144009,SCORED,0.2185137498791505,6.566435718117713
CCRs-side-medium:16,CCRs-side-medium,13750555,3.128467024,PREDICTED,5.187379360198975,5.062418460845947,5.116105079650879,3.0100841522216797,2.8623712062835693,,ELIGIBLE,SCORED,2.0589123361989747,65.81217958840709,SCORED,1.9339514368459474,61.817862295164396,SCORED,1.987638055650879,63.53393020935608,SCORED,0.11838287177832019,3.784053687321851,SCORED,0.26609581771643054,8.5056296158815
CCRs-side-medium:17,CCRs-side-medium,14000560,2.8688700320000002,PREDICTED,3.5306265354156494,3.522258758544922,3.6312005519866943,3.211233139038086,2.835857391357422,,ELIGIBLE,SCORED,0.6617565034156492,23.066799681905184,SCORED,0.6533887265449216,22.77512467476329,SCORED,0.7623305199866941,26.57250107127523,SCORED,0.3423631070380857,11.933726631715384,SCORED,0.03301264064257836,1.1507192823079537
CCRs-side-medium:18,CCRs-side-medium,14200565,2.669444103000001,PREDICTED,4.637810707092285,4.417797088623047,4.533267974853516,2.253082275390625,2.2896640300750732,,ELIGIBLE,SCORED,1.9683666040922843,73.73694777426412,SCORED,1.748352985623046,65.49502136636593,SCORED,1.8638238718535147,69.82067426543578,SCORED,0.4163618276093759,15.597323320666504,SCORED,0.37978007292492766,14.226934832541332
CCRs-side-medium:19,CCRs-side-medium,14400570,2.4809079759999997,PREDICTED,3.7690467834472656,3.7129082679748535,3.919362783432007,2.6289942264556885,2.0688834190368652,,ELIGIBLE,SCORED,1.288138807447266,51.922071270218936,SCORED,1.2320002919748538,49.659249915477474,SCORED,1.4384548074320072,57.98098201736796,SCORED,0.1480862504556888,5.969034397416473,SCORED,0.41202455696313445,16.607812984157803
CCRs-side-medium:20,CCRs-side-medium,14650575,2.233278199999999,PREDICTED,4.346547603607178,4.163907527923584,4.262439250946045,2.4842989444732666,2.1640424728393555,,ELIGIBLE,SCORED,2.1132694036071786,94.62633914606695,SCORED,1.9306293279235849,86.44822341988497,SCORED,2.029161050946046,90.86020053148984,SCORED,0.2510207444732675,11.240012304479917,SCORED,0.06923572716064363,3.1001837191910826
CCRs-side-medium:21,CCRs-side-medium,14850580,2.0466219819999996,PREDICTED,4.392172813415527,4.270410537719727,4.413264274597168,2.47440242767334,2.199953079223633,,ELIGIBLE,SCORED,2.345550831415528,114.60596299876585,SCORED,2.223788555719727,108.65653624743132,SCORED,2.3666422925971684,115.63651291795658,SCORED,0.4277804456733403,20.901781053641606,SCORED,0.15333109722363325,7.491910991486325
CCRs-side-medium:22,CCRs-side-medium,15100584,1.8032899894000007,PREDICTED,2.8137900829315186,2.718088150024414,2.7160565853118896,2.2774088382720947,2.0644257068634033,,ELIGIBLE,SCORED,1.0105000935315178,56.03647219645113,SCORED,0.9147981606244133,50.72939826659767,SCORED,0.9127665959118889,50.61673947491878,SCORED,0.474118848872094,26.291880488386955,SCORED,0.2611357174634026,14.481071763188178
CCRs-side-medium:23,CCRs-side-medium,15300589,1.6096478079999992,PREDICTED,3.189439296722412,2.978795289993286,3.084737539291382,2.3553085327148438,1.947584867477417,,ELIGIBLE,SCORED,1.579791488722413,98.14516448075167,SCORED,1.369147481993287,85.05882312817636,SCORED,1.4750897312913827,91.64052682581502,SCORED,0.7456607247148446,46.32446433368143,SCORED,0.3379370594774178,20.994472070092616
CCRs-side-medium:24,CCRs-side-medium,15550594,1.3763497988999993,PREDICTED,2.514397144317627,2.5449657440185547,2.6229565143585205,1.9820400476455688,1.7832831144332886,,ELIGIBLE,SCORED,1.1380473454176276,82.68590923086364,SCORED,1.1686159451185554,84.90689983407792,SCORED,1.2466067154585212,90.57339322131838,SCORED,0.6056902487455695,44.00699947278278,SCORED,0.40693331553328926,29.566125984725456
CCRs-side-medium:25,CCRs-side-medium,15750599,1.2867396240000004,PREDICTED,2.3460617065429688,2.321643352508545,2.286125421524048,1.8021007776260376,1.9703547954559326,,ELIGIBLE,SCORED,1.0593220825429683,82.32606370276571,SCORED,1.0349037285085445,80.42837177046039,SCORED,0.9993857975240474,77.66806732952891,SCORED,0.5153611536260372,40.05170463500369,SCORED,0.6836151714559322,53.12770032921066
CCRs-side-medium:26,CCRs-side-medium,15950605,1.226780143,PREDICTED,2.3746140003204346,2.334812641143799,2.329637050628662,1.9093159437179565,1.733247995376587,,ELIGIBLE,SCORED,1.1478338573204345,93.5647568042218,SCORED,1.1080324981437988,90.32038091472424,SCORED,1.102856907628662,89.89849680250832,SCORED,0.6825358007179565,55.636358691693985,SCORED,0.5064678523765869,41.28432101436344
CCRs-side-medium:27,CCRs-side-medium,16200618,1.1682370229999999,PREDICTED,2.019493818283081,1.9550408124923706,1.9413294792175293,1.453349232673645,2.0762929916381836,,ELIGIBLE,SCORED,0.8512567952830812,72.86678803391094,SCORED,0.7868037894923707,67.34967082894538,SCORED,0.7730924562175294,66.1759934839464,SCORED,0.28511220967364515,24.40533933272248,SCORED,0.9080559686381837,77.72874431819679
CCRs-side-medium:28,CCRs-side-medium,16400623,1.1514371708,PREDICTED,1.8735547065734863,1.8301606178283691,1.86187744140625,1.293327808380127,1.3578611612319946,,ELIGIBLE,SCORED,0.7221175357734864,62.714454082785146,SCORED,0.6787234470283692,58.9457648441906,SCORED,0.71044027060625,61.70030711381739,SCORED,0.141890637580127,12.322916193642044,SCORED,0.20642399043199466,17.927507958473722
CCRs-side-medium:29,CCRs-side-medium,16650628,1.2153382506000001,PREDICTED,1.9170639514923096,1.8443268537521362,1.8461166620254517,1.3591030836105347,1.3861538171768188,,ELIGIBLE,SCORED,0.7017257008923095,57.73912740308096,SCORED,0.6289886031521361,51.754201173345024,SCORED,0.6307784114254515,51.90146949740475,SCORED,0.14376483301053455,11.829203346439506,SCORED,0.17081556657681873,14.05498152407273
CCRs-side-medium:30,CCRs-side-medium,16850633,1.370462339,PREDICTED,3.2153279781341553,2.823680877685547,2.8473992347717285,1.7084863185882568,1.6978410482406616,,ELIGIBLE,SCORED,1.8448656391341554,134.61629602170012,SCORED,1.453218538685547,106.03856066164741,SCORED,1.4769368957717286,107.76924354225021,SCORED,0.3380239795882569,24.664959405955404,SCORED,0.3273787092406617,23.888194511024917
CCRs-side-medium:31,CCRs-side-medium,17100637,2.0213693190000024,PREDICTED,6.326153755187988,5.3371124267578125,5.883004188537598,2.8097646236419678,2.1139819622039795,,ELIGIBLE,SCORED,4.304784436187986,212.9637763730192,SCORED,3.31574310775781,164.03450258155453,SCORED,3.8616348695375953,191.04054035251687,SCORED,0.7883953046419654,39.00303112505906,SCORED,0.09261264320397711,4.581678485641297
CPLA-high:00,CPLA-high,15626369,2.5478762943999995,PREDICTED,4.056148052215576,3.914260149002075,3.67268967628479,7.384078025817871,4.85769510269165,,ELIGIBLE,SCORED,1.5082717578155767,59.19721303309038,SCORED,1.3663838546020757,53.6283436368266,SCORED,1.1248133818847905,44.14709553823426,SCORED,4.836201731417871,189.81305105147385,SCORED,2.309818808291651,90.65663091133673
CPLA-high:01,CPLA-high,15725917,2.4721265904,PREDICTED,3.9845573902130127,3.8830769062042236,3.7809157371520996,6.429505825042725,5.981949806213379,,ELIGIBLE,SCORED,1.5124307998130129,61.179342744268425,SCORED,1.4109503158042238,57.07435538630433,SCORED,1.3087891467520998,52.94183363564454,SCORED,3.957379234642725,160.07995909313064,SCORED,3.509823215813379,141.9758692553635
CPLA-high:02,CPLA-high,15825464,2.3972321394000002,PREDICTED,4.222466945648193,4.250868320465088,3.9836080074310303,6.3323869705200195,3.9114842414855957,,ELIGIBLE,SCORED,1.8252348062481931,76.13925978420382,SCORED,1.8536361810650877,77.32401675246318,SCORED,1.58637586803103,66.17531285176585,SCORED,3.9351548311200193,164.15409949012877,SCORED,1.5142521020855955,63.16668616267573
CPLA-high:03,CPLA-high,15925021,2.2987021940000005,PREDICTED,4.034272193908691,4.149358749389648,3.667494535446167,6.330618858337402,2.6782310009002686,,ELIGIBLE,SCORED,1.7355699999086909,75.50216832953919,SCORED,1.850656555389648,80.50875664625774,SCORED,1.3687923414461665,59.54631030583016,SCORED,4.031916664337402,175.39969617906064,SCORED,0.379528806900268,16.510568784895323
CPLA-high:04,CPLA-high,16074352,2.190844782299997,PREDICTED,6.076950550079346,6.435637950897217,6.637266635894775,6.207691192626953,3.5397286415100098,,ELIGIBLE,SCORED,3.8861057677793487,177.3793287034981,SCORED,4.244793168597219,193.7514333690469,SCORED,4.446421853594778,202.95467253169926,SCORED,4.016846410326956,183.3469190870739,SCORED,1.3488838592100127,61.56912028217375
CPLA-high:05,CPLA-high,16173902,2.1119890992000023,PREDICTED,4.3358073234558105,4.356411457061768,4.079542636871338,5.553493976593018,5.940688133239746,,ELIGIBLE,SCORED,2.223818224255808,105.29496696257408,SCORED,2.2444223578617652,106.27054650575268,SCORED,1.9675535376713356,93.16115970563592,SCORED,3.4415048773930152,162.95088259198965,SCORED,3.8286990340397438,181.28403387545947
CPLA-high:06,CPLA-high,16273459,2.0322681102000026,PREDICTED,4.939225673675537,4.911634922027588,4.73129415512085,7.298535346984863,2.6412203311920166,,ELIGIBLE,SCORED,2.9069575634755345,143.04006193304144,SCORED,2.8793668118275852,141.6824284835241,SCORED,2.699026044920847,132.80856159550848,SCORED,5.266267236784861,259.13250374561005,SCORED,0.608952220992014,29.96416751981041
CPLA-high:07,CPLA-high,16422804,1.9050982048000007,PREDICTED,4.016183853149414,4.05581521987915,3.9310710430145264,4.425188064575195,6.495571136474609,,ELIGIBLE,SCORED,2.1110856483494134,110.81243177020565,SCORED,2.1507170150791497,112.89271123453368,SCORED,2.0259728382145257,106.34479803245705,SCORED,2.5200898597751946,132.28136236891558,SCORED,4.590472931674609,240.95728609205852
CPLA-high:08,CPLA-high,16522361,1.8386468000000002,PREDICTED,4.368210792541504,4.52821683883667,4.5498857498168945,4.099713325500488,4.2027411460876465,,ELIGIBLE,SCORED,2.5295639925415037,137.5774832089286,SCORED,2.6895700388366697,146.27986401937932,SCORED,2.7112389498168943,147.4583889530547,SCORED,2.261066525500488,122.97449001627108,SCORED,2.3640943460876462,128.5779490703514
CPLA-high:09,CPLA-high,16621927,1.7755549313999999,PREDICTED,4.073532581329346,3.9934427738189697,4.166487693786621,-9.742640495300293,5.830199718475342,,ELIGIBLE,SCORED,2.297977649929346,129.4230670811983,SCORED,2.21788784241897,124.9123754605664,SCORED,2.3909327623866212,134.65833808371139,SCORED,11.518195426700293,648.7096075151197,SCORED,4.0546447870753415,228.35929857029606
CPLA-high:10,CPLA-high,16771263,1.6790396854,PREDICTED,5.365307331085205,5.168351173400879,5.173105716705322,-17.00267219543457,4.384710311889648,,ELIGIBLE,SCORED,3.686267645685205,219.54618927348463,SCORED,3.4893114880008786,207.81590324171611,SCORED,3.494066031305322,208.09907363642367,SCORED,18.68171188083457,1112.6426637369204,SCORED,2.705670626489648,161.14393543027379
CPLA-high:11,CPLA-high,16870829,1.6235945239999996,PREDICTED,2.954838275909424,3.07279372215271,3.075039863586426,7.003200054168701,5.75968599319458,,ELIGIBLE,SCORED,1.3312437519094242,81.99360937912505,SCORED,1.4491991981527104,89.25868969934459,SCORED,1.4514453395864262,89.39703344222578,SCORED,5.379605530168702,331.33922605966507,SCORED,4.1360914691945805,254.74904035797186
CPLA-high:12,CPLA-high,16970386,1.559105339999999,PREDICTED,2.6147661209106445,2.713700771331787,2.6371140480041504,5.505437850952148,1.8434029817581177,,ELIGIBLE,SCORED,1.0556607809106455,67.70939421647071,SCORED,1.154595431331788,74.05499819093615,SCORED,1.0780087080041514,69.14277568981657,SCORED,3.9463325109521494,253.11519431728402,SCORED,0.28429764175811867,18.234665385606263
CPLA-high:13,CPLA-high,17119731,1.4691926449999986,PREDICTED,2.1286211013793945,2.0851857662200928,2.111011505126953,5.43606424331665,2.6426639556884766,,ELIGIBLE,SCORED,0.659428456379396,44.8837297561748,SCORED,0.6159931212200942,41.92732132960649,SCORED,0.6418188601269545,43.68513974741244,SCORED,3.9668715983166516,270.00350238730306,SCORED,1.173471310688478,79.87184762203047
CPLA-high:14,CPLA-high,17219294,1.4190097531999997,PREDICTED,2.4240705966949463,2.3277230262756348,2.4185779094696045,2.335391044616699,4.471384525299072,,ELIGIBLE,SCORED,1.0050608434949466,70.82832526192581,SCORED,0.9087132730756351,64.03855019504987,SCORED,0.9995681562696048,70.44124637025821,SCORED,0.9163812914166996,64.57892832309109,SCORED,3.0523747720990726,215.10597550268292
CPLA-high:15,CPLA-high,17318869,1.3751200508,PREDICTED,2.614809036254883,2.573275089263916,2.5490777492523193,3.471445083618164,2.09289288520813,,ELIGIBLE,SCORED,1.2396889854548827,90.15132785924196,SCORED,1.198155038463916,87.13094087798868,SCORED,1.1739576984523192,85.37128796641056,SCORED,2.096325032818164,152.4466923159611,SCORED,0.7177728344081298,52.19710337221488
CPLA-high:16,CPLA-high,17468218,1.3013760665999998,PREDICTED,2.1210896968841553,2.0378241539001465,2.097510576248169,2.330709457397461,2.3642702102661133,,ELIGIBLE,SCORED,0.8197136302841554,62.98822080121352,SCORED,0.7364480873001467,56.589951682775684,SCORED,0.7961345096481691,61.17636016836897,SCORED,1.0293333907974611,79.09576771968132,SCORED,1.0628941436661135,81.67463433095486
CPLA-high:17,CPLA-high,17567794,1.2587350372000001,PREDICTED,2.1442010402679443,2.094740390777588,2.1263833045959473,3.080462694168091,4.073731899261475,,ELIGIBLE,SCORED,0.8854660030679442,70.3457023836902,SCORED,0.8360053535775878,66.41630914137771,SCORED,0.8676482673959471,68.93017527548864,SCORED,1.8217276569680907,144.72685697384276,SCORED,2.8149968620614745,223.63696718280832
CPLA-high:18,CPLA-high,17667360,1.2141568624,PREDICTED,3.167902708053589,2.8457369804382324,2.915306329727173,3.157844305038452,1.999646782875061,,ELIGIBLE,SCORED,1.9537458456535888,160.91379179718655,SCORED,1.6315801180382323,134.3796809592724,SCORED,1.7011494673271728,140.10952950218837,SCORED,1.943687442638452,160.0853648182166,SCORED,0.7854899204750609,64.69427013923048
CPLA-high:19,CPLA-high,18115425,1.065333393600001,PREDICTED,1.8774018287658691,1.8458911180496216,1.9263437986373901,2.6308205127716064,5.271162986755371,,ELIGIBLE,SCORED,0.8120684351658682,76.22669485856503,SCORED,0.7805577244496207,73.26886861322734,SCORED,0.8610104050373892,80.82074683943226,SCORED,1.5654871191716055,146.94809423756755,SCORED,4.20582959315537,394.7899895396057
CPLA-high:20,CPLA-high,18215007,1.0321995807999997,PREDICTED,1.9360543489456177,1.885497808456421,1.9467952251434326,2.130702495574951,4.431102275848389,,ELIGIBLE,SCORED,0.9038547681456179,87.56589180602951,SCORED,0.8532982276564212,82.66794944782653,SCORED,0.9145956443434329,88.60647314297312,SCORED,1.0985029147749514,106.42349940924834,SCORED,3.398902695048389,329.28735472011056
CPLA-high:21,CPLA-high,18314582,1.0093603406,PREDICTED,2.1221060752868652,2.0699408054351807,2.0928914546966553,1.7979544401168823,2.30745005607605,,ELIGIBLE,SCORED,1.1127457346868652,110.24266457957019,SCORED,1.0605804648351806,105.07451325110848,SCORED,1.0835311140966553,107.34829480743868,SCORED,0.7885940995168823,78.12810428514693,SCORED,1.2980897154760498,128.60518322965004
CPLA-high:22,CPLA-high,18463953,0.9804501791999997,PREDICTED,2.0998477935791016,2.0184860229492188,2.0175483226776123,1.8599441051483154,1.7913352251052856,,ELIGIBLE,SCORED,1.119397614379102,114.17179966171018,SCORED,1.0380358437492192,105.873390180438,SCORED,1.0370981434776128,105.77775041296185,SCORED,0.8794939259483158,89.70307156921942,SCORED,0.810885045905286,82.70537994770211
CPLA-high:23,CPLA-high,18563528,0.9555738014000004,PREDICTED,1.8579009771347046,1.779045581817627,1.743395447731018,5.552115440368652,1.9144009351730347,,ELIGIBLE,SCORED,0.9023271757347042,94.42778510803822,SCORED,0.8234717804176266,86.17563386639183,SCORED,0.7878216463310177,82.44487711747529,SCORED,4.596541638968652,481.02424242212487,SCORED,0.9588271337730343,100.34045851490147
CPLA-high:24,CPLA-high,18663103,0.9377719547999999,PREDICTED,1.7988638877868652,1.7068452835083008,1.691359519958496,2.8920252323150635,2.4077796936035156,,ELIGIBLE,SCORED,0.8610919329868654,91.82316965007892,SCORED,0.7690733287083009,82.01069831229091,SCORED,0.7535875651584962,80.35936256157447,SCORED,1.9542532775150636,208.39323115947207,SCORED,1.4700077388035158,156.75535307696705
CPLA-high:25,CPLA-high,18812474,0.9213066864000001,PREDICTED,1.8143913745880127,1.7574646472930908,1.7562129497528076,2.020659923553467,2.4905426502227783,,ELIGIBLE,SCORED,0.8930846881880126,96.9367422782673,SCORED,0.8361579608930907,90.7578305070565,SCORED,0.8349062633528075,90.62196939166894,SCORED,1.0993532371534667,119.32543781367553,SCORED,1.5692359638227782,170.32720884231912
CPLA-high:26,CPLA-high,18912058,0.9233936510999998,PREDICTED,1.9484083652496338,1.8876011371612549,1.8813384771347046,2.419917583465576,2.126042366027832,,ELIGIBLE,SCORED,1.025014714149634,111.0051723800112,SCORED,0.9642074860612551,104.41998219422837,SCORED,0.9579448260347048,103.74176007096709,SCORED,1.4965239323655763,162.06781696872517,SCORED,1.2026487149278322,130.2422551308608
CPLA-high:27,CPLA-high,19061421,0.9724776960000003,PREDICTED,2.0005455017089844,1.94920015335083,1.9379501342773438,1.5588572025299072,1.7671853303909302,,ELIGIBLE,SCORED,1.028067805708984,105.7163377563966,SCORED,0.9767224573508297,100.43648932703432,SCORED,0.9654724382773434,99.27964849461628,SCORED,0.5863795065299069,60.29747612123195,SCORED,0.7947076343909298,81.719882899086
CPLA-high:28,CPLA-high,19310382,1.3084326673000017,PREDICTED,2.123152494430542,2.0701992511749268,2.083954095840454,1.9360954761505127,2.0150973796844482,,ELIGIBLE,SCORED,0.8147198271305403,62.266851592122364,SCORED,0.761766583874925,58.21977721229309,SCORED,0.7755214285404524,59.271023104365696,SCORED,0.627662808850511,47.97058530690126,SCORED,0.7066647123844465,54.0084889383475
CPLA-high:29,CPLA-high,19409974,1.6345552938999988,PREDICTED,2.353139877319336,2.2973344326019287,2.2785329818725586,2.1084401607513428,1.901066541671753,,ELIGIBLE,SCORED,0.7185845834193372,43.96208473956341,SCORED,0.66277913870193,40.54797908491424,SCORED,0.6439776879725598,39.39773040262522,SCORED,0.473884866851344,28.991669392882347,SCORED,0.26651124777175417,16.304816898293268
CPLA-high:30,CPLA-high,19509558,,PREDICTED,2.5777463912963867,2.4737706184387207,2.4701452255249023,2.7564048767089844,1.9268940687179565,,EXCLUDED_GT_NONFINITE,EXCLUDED_GT_NONFINITE,,,EXCLUDED_GT_NONFINITE,,,EXCLUDED_GT_NONFINITE,,,EXCLUDED_GT_NONFINITE,,,EXCLUDED_GT_NONFINITE,,
CPLA-high:31,CPLA-high,19708734,,PREDICTED,5.020048141479492,4.638524055480957,4.495479106903076,5.042397499084473,2.94885516166687,,EXCLUDED_GT_NONFINITE,EXCLUDED_GT_NONFINITE,,,EXCLUDED_GT_NONFINITE,,,EXCLUDED_GT_NONFINITE,,,EXCLUDED_GT_NONFINITE,,,EXCLUDED_GT_NONFINITE,,
CPLA-low:00,CPLA-low,16800663,6.5152474544,PREDICTED,6.986697673797607,7.1493730545043945,7.265098571777344,6.155782699584961,5.882387638092041,,ELIGIBLE,SCORED,0.47145021939760756,7.236106114115726,SCORED,0.6341256001043947,9.732947283163359,SCORED,0.7498511173773439,11.509173252827724,SCORED,0.3594647548150389,5.517284759035182,SCORED,0.6328598163079588,9.713519259818199
CPLA-low:01,CPLA-low,17000668,6.356661477699999,PREDICTED,6.528136253356934,6.7957916259765625,6.897337436676025,6.8002142906188965,5.498887538909912,,ELIGIBLE,SCORED,0.17147477565693503,2.697560287872667,SCORED,0.43913014827656394,6.908188359834639,SCORED,0.5406759589760268,8.505659155718595,SCORED,0.4435528129188979,6.977763633865659,SCORED,0.8577739387900865,13.494095002530335
CPLA-low:02,CPLA-low,17250673,6.1583072584,PREDICTED,5.323590278625488,5.454629898071289,5.405534267425537,7.689022541046143,5.765406131744385,,ELIGIBLE,SCORED,0.8347169797745115,13.554324991432479,SCORED,0.7036773603287108,11.426473717576968,SCORED,0.7527729909744627,12.223699782885499,SCORED,1.5307152826461428,24.856104419899317,SCORED,0.39290112665561505,6.380018244781365
CPLA-low:03,CPLA-low,17500677,5.986771234000002,PREDICTED,5.270349025726318,5.726127624511719,5.503841400146484,6.254973888397217,5.349451065063477,,ELIGIBLE,SCORED,0.7164222082736833,11.966754370118347,SCORED,0.2606436094882829,4.353659081009122,SCORED,0.4829298338535173,8.066615793014902,SCORED,0.26820265439721513,4.479921545591081,SCORED,0.6373201689365251,10.645473896130584
CPLA-low:04,CPLA-low,17750681,5.7773436912000005,PREDICTED,6.1438517570495605,6.776278018951416,6.235493183135986,5.553898334503174,5.936336994171143,,ELIGIBLE,SCORED,0.3665080658495601,6.343885450467868,SCORED,0.9989343277514156,17.290547025495187,SCORED,0.45814949193598586,7.930106229162637,SCORED,0.22344535669682664,3.867614056563342,SCORED,0.15899330297114211,2.7520139266306645
CPLA-low:05,CPLA-low,17950686,5.577054962599998,PREDICTED,5.600483417510986,5.748708248138428,5.818053245544434,8.066939353942871,5.368348598480225,,ELIGIBLE,SCORED,0.023428454910987995,0.42008649848531804,SCORED,0.1716532855384294,3.0778481956793446,SCORED,0.24099828294443526,4.321246330914461,SCORED,2.4898843913428728,44.64514708999926,SCORED,0.20870636411977372,3.7422325137437005
CPLA-low:06,CPLA-low,18200690,5.398320289000001,PREDICTED,13.553973197937012,15.629928588867188,19.435100555419922,10.635184288024902,4.6900153160095215,,ELIGIBLE,SCORED,8.155652908937011,151.07760326032425,SCORED,10.231608299867187,189.53318351109763,SCORED,14.036780266419921,260.0212568902637,SCORED,5.2368639990249015,97.00913837394765,SCORED,0.7083049729904793,13.120840096016007
CPLA-low:07,CPLA-low,18450695,5.224101556000001,PREDICTED,6.5261945724487305,5.984288692474365,6.76728630065918,6.235121726989746,5.995460033416748,,ELIGIBLE,SCORED,1.3020930164487297,24.92472633793357,SCORED,0.7601871364743644,14.551538256396872,SCORED,1.5431847446591789,29.539715645205934,SCORED,1.0110201709897453,19.352996111428297,SCORED,0.7713584774167472,14.765380595077144
CPLA-low:08,CPLA-low,18700699,4.9918070404,PREDICTED,6.5768914222717285,6.583946704864502,7.035888671875,6.614134788513184,4.4895477294921875,,ELIGIBLE,SCORED,1.5850843818717282,31.753719024858647,SCORED,1.5921396644645016,31.89505627078328,SCORED,2.0440816314749997,40.948730889069076,SCORED,1.6223277481131833,32.499808886506635,SCORED,0.5022593109078128,10.061673194554533
CPLA-low:09,CPLA-low,18900704,4.842987600099999,PREDICTED,6.500826358795166,6.769731521606445,6.995142459869385,6.870727062225342,4.534223556518555,,ELIGIBLE,SCORED,1.657838758695167,34.231736597073585,SCORED,1.9267439215064464,39.784201005731724,SCORED,2.152154859769386,44.43857877573231,SCORED,2.027739462125343,41.86959847023919,SCORED,0.30876404358144427,6.375486973682709
CPLA-low:10,CPLA-low,19150717,4.631199519599999,PREDICTED,6.794184684753418,7.052550792694092,6.815918922424316,5.457655906677246,4.784086227416992,,ELIGIBLE,SCORED,2.162985165153419,46.70464219905252,SCORED,2.4213512730940927,52.283458375017865,SCORED,2.1847194028243173,47.17394259474732,SCORED,0.826456387077247,17.84540665068623,SCORED,0.1528867078169931,3.301233453016899
CPLA-low:11,CPLA-low,19400722,4.414894707300001,PREDICTED,6.041261672973633,6.709693431854248,6.384609699249268,5.938669204711914,4.294241905212402,,ELIGIBLE,SCORED,1.6263669656736317,36.838182414281455,SCORED,2.294798724554247,51.97856068367409,SCORED,1.9697149919492665,44.61522012500898,SCORED,1.523774497411913,34.51440177933035,SCORED,0.12065280208759877,2.7328579748028896
CPLA-low:12,CPLA-low,19650726,4.208443535000001,PREDICTED,5.872998237609863,5.985609531402588,6.031253337860107,5.609851837158203,4.643813610076904,,ELIGIBLE,SCORED,1.6645547026098626,39.55273936234153,SCORED,1.7771659964025872,42.22858122302423,SCORED,1.8228098028601067,43.31315812367449,SCORED,1.4014083021582024,33.29991932892126,SCORED,0.4353700750769036,10.345156622777488
CPLA-low:13,CPLA-low,19900730,3.986933305,PREDICTED,6.445859909057617,6.652071475982666,6.422311305999756,9.247467041015625,4.266211032867432,,ELIGIBLE,SCORED,2.458926604057617,61.674636015954555,SCORED,2.665138170982666,66.84682103009662,SCORED,2.435378000999756,61.08399149656094,SCORED,5.260533736015625,131.94436258611114,SCORED,0.27927772786743166,7.004825676847676
CPLA-low:14,CPLA-low,20100735,3.8053744489999985,PREDICTED,4.707633018493652,4.924282550811768,4.987117290496826,6.256560325622559,4.983178615570068,,ELIGIBLE,SCORED,0.9022585694936538,23.710112673162957,SCORED,1.118908101811769,29.40336402652315,SCORED,1.1817428414968276,31.05457445343845,SCORED,2.45118587662256,64.41378922031441,SCORED,1.1778041665700698,30.951071500455914
CPLA-low:15,CPLA-low,20350739,3.5848964505999983,PREDICTED,5.081369876861572,5.153401851654053,5.129517555236816,6.542049407958984,3.6862308979034424,,ELIGIBLE,SCORED,1.496473426261574,41.7438396584959,SCORED,1.5685054010540544,43.75315780157433,SCORED,1.5446211046368181,43.08690992673714,SCORED,2.957152957358986,82.48921546573688,SCORED,0.1013344473034441,2.826705002496904
CPLA-low:16,CPLA-low,20600744,3.3643608643,PREDICTED,5.382870197296143,5.415154457092285,5.444268703460693,5.39678955078125,3.8594486713409424,,ELIGIBLE,SCORED,2.0185093329961425,59.99681408778128,SCORED,2.050793592792285,60.95640971673768,SCORED,2.0799078391606933,61.82178199821159,SCORED,2.03242868648125,60.41054359084408,SCORED,0.49508780704094235,14.715657059693921
CPLA-low:17,CPLA-low,20850748,3.1215494528999996,PREDICTED,4.5711774826049805,4.6364946365356445,4.641849040985107,4.724485874176025,3.0272200107574463,,ELIGIBLE,SCORED,1.4496280297049808,46.43937414985494,SCORED,1.514945183635645,48.53183351710869,SCORED,1.5202995880851078,48.70336385901913,SCORED,1.6029364212760258,51.350665605725275,SCORED,0.09432944214255334,3.0218788318384275
CPLA-low:18,CPLA-low,21050753,2.9341575064000005,PREDICTED,5.300203323364258,5.233878135681152,5.265810012817383,6.0222320556640625,2.8613362312316895,,ELIGIBLE,SCORED,2.3660458169642573,80.637996147222,SCORED,2.299720629281152,78.37754531803384,SCORED,2.3316525064173823,79.46582626636672,SCORED,3.088074549264062,105.24569804205592,SCORED,0.07282127516831105,2.4818461520716895
CPLA-low:19,CPLA-low,21300758,2.707551521100003,PREDICTED,5.870727062225342,5.763904571533203,5.7254509925842285,3.323925733566284,3.454618453979492,,ELIGIBLE,SCORED,3.1631755411253386,116.82789843423656,SCORED,3.0563530504332,112.88254449139671,SCORED,3.0178994714842253,111.46231006005516,SCORED,0.616374212466281,22.7650040142492,SCORED,0.747066932879489,27.59197478081512
CPLA-low:20,CPLA-low,21550762,2.4744652902000026,PREDICTED,3.3034746646881104,3.2551794052124023,3.4052329063415527,4.168438911437988,3.6264867782592773,,ELIGIBLE,SCORED,0.8290093744881077,33.5025663027628,SCORED,0.7807141150123997,31.550821024015953,SCORED,0.9307676161415501,37.614898856242164,SCORED,1.6939736212379857,68.4581686373571,SCORED,1.1520214880592747,46.55638099357461
CPLA-low:21,CPLA-low,21800766,2.238159091700002,PREDICTED,2.776291847229004,2.719318151473999,2.7242250442504883,3.8727495670318604,2.977344274520874,,ELIGIBLE,SCORED,0.5381327555290021,24.043543532031112,SCORED,0.4811590597739972,21.497982943139718,SCORED,0.48606595255048646,21.717220833541965,SCORED,1.6345904753318585,73.03280992819413,SCORED,0.7391851828208722,33.02648080567952
CPLA-low:22,CPLA-low,22050779,1.993450243600002,PREDICTED,2.999177932739258,2.9353582859039307,2.9342002868652344,2.6790778636932373,1.9128882884979248,,ELIGIBLE,SCORED,1.005727689139256,50.45160732594947,SCORED,0.9419080423039288,47.25014057049765,SCORED,0.9407500432652325,47.19205038026521,SCORED,0.6856276200932354,34.39401722187207,SCORED,0.08056195510207709,4.041332627223694
CPLA-low:23,CPLA-low,22250776,1.8069714479000025,PREDICTED,3.7649435997009277,3.590143918991089,3.7443418502807617,3.6640517711639404,1.9494110345840454,,ELIGIBLE,SCORED,1.9579721518009252,108.3565628043769,SCORED,1.7831724710910863,98.68293564701453,SCORED,1.9373704023807592,107.21643690786047,SCORED,1.857080323263938,102.77308617256627,SCORED,0.14243958668404288,7.882780154029609
CPLA-low:24,CPLA-low,22500789,1.5733336527999995,PREDICTED,3.8970303535461426,3.824544668197632,3.888852596282959,2.365647077560425,2.003462553024292,,ELIGIBLE,SCORED,2.323696700746143,147.6925569227323,SCORED,2.251211015397632,143.0854168403022,SCORED,2.3155189434829593,147.17278432086684,SCORED,0.7923134247604253,50.358893890712665,SCORED,0.4301289002242925,27.33869573429699
CPLA-low:25,CPLA-low,22750793,1.3342254175999988,PREDICTED,2.0753049850463867,2.0143797397613525,2.041137456893921,2.697514057159424,3.8795108795166016,,ELIGIBLE,SCORED,0.7410795674463879,55.54380524240349,SCORED,0.6801543221613537,50.977467014892696,SCORED,0.7069120392939221,52.98295400229398,SCORED,1.363288639559425,102.17828423713475,SCORED,2.5452854619166025,190.768773277836
CPLA-low:26,CPLA-low,23000797,1.0951209292000017,PREDICTED,1.9447271823883057,1.9006978273391724,1.8854882717132568,2.108593702316284,2.3994977474212646,,ELIGIBLE,SCORED,0.849606253188304,77.58104429699385,SCORED,0.8055768981391707,73.56054264506238,SCORED,0.7903673425132551,72.17169551225977,SCORED,1.0134727731162825,92.54437077160381,SCORED,1.304376818221263,119.10801660727324
CPLA-low:27,CPLA-low,23200802,0.9445490289000005,PREDICTED,1.8475152254104614,1.808223843574524,1.8144381046295166,1.4295685291290283,1.7173300981521606,,ELIGIBLE,SCORED,0.902966196510461,95.59759937099656,SCORED,0.8636748146745235,91.43779605388391,SCORED,0.8698890757295161,92.09570378178975,SCORED,0.48501950022902784,51.34931966357216,SCORED,0.7727810692521602,81.81481803566331
CPLA-low:28,CPLA-low,23450807,0.8222563677999998,PREDICTED,1.8321298360824585,1.7893595695495605,1.7736223936080933,1.3136510848999023,1.5894378423690796,,ELIGIBLE,SCORED,1.0098734682824588,122.81734843652725,SCORED,0.9671032017495608,117.61577527664615,SCORED,0.9513660258080935,115.70187390017239,SCORED,0.49139471709990257,59.761740540199284,SCORED,0.7671814745690798,93.301980332694
CPLA-low:29,CPLA-low,23700811,0.8497670282000009,PREDICTED,1.9508689641952515,1.905106544494629,1.8824079036712646,1.7927364110946655,1.5972931385040283,,ELIGIBLE,SCORED,1.1011019359952505,129.57691925604996,SCORED,1.055339516294628,124.1916291492359,SCORED,1.0326408754712637,121.52046869347602,SCORED,0.9429693828946646,110.96798906072966,SCORED,0.7475261103040274,87.9683590321758
CPLA-low:30,CPLA-low,23950815,1.2603674079999927,PREDICTED,2.35862135887146,2.275177478790283,2.272705078125,2.499298572540283,1.5157829523086548,,ELIGIBLE,SCORED,1.0982539508714673,87.13760320208738,SCORED,1.0148100707902905,80.51700356173414,SCORED,1.0123376701250073,80.32083848720191,SCORED,1.2389311645402905,98.2992067770367,SCORED,0.2554155443086621,20.265165751466622
CPLA-low:31,CPLA-low,24200819,,PREDICTED,3.8168838024139404,3.4570906162261963,3.4351775646209717,5.777377605438232,4.798645496368408,,EXCLUDED_GT_NONFINITE,EXCLUDED_GT_NONFINITE,,,EXCLUDED_GT_NONFINITE,,,EXCLUDED_GT_NONFINITE,,,EXCLUDED_GT_NONFINITE,,,EXCLUDED_GT_NONFINITE,,
CPLA-medium:00,CPLA-medium,15000616,3.7025444581999998,PREDICTED,4.215893268585205,4.323229789733887,4.261540412902832,6.259828090667725,5.868724346160889,,ELIGIBLE,SCORED,0.5133488103852053,13.86475749800371,SCORED,0.6206853315338869,16.7637509431996,SCORED,0.5589959547028323,15.097616274797938,SCORED,2.557283632467725,69.06827619055665,SCORED,2.166179887960889,58.505168875513846
CPLA-medium:01,CPLA-medium,15100623,3.6130615504,PREDICTED,4.567375183105469,4.619450569152832,4.706621170043945,5.939321041107178,5.496293544769287,,ELIGIBLE,SCORED,0.9543136327054689,26.412880583222208,SCORED,1.0063890187528322,27.85418971457642,SCORED,1.0935596196439454,30.266841690612168,SCORED,2.326259490707178,64.38471800873802,SCORED,1.8832319943692872,52.122887144305516
CPLA-medium:02,CPLA-medium,15250620,3.4585375503000004,PREDICTED,4.938455581665039,5.111944675445557,5.079324245452881,5.840795040130615,4.18170690536499,,ELIGIBLE,SCORED,1.4799180313650386,42.79028374975046,SCORED,1.6534071251455562,47.80653964569899,SCORED,1.6207866951528804,46.86335399227602,SCORED,2.382257489830615,68.8804864826167,SCORED,0.7231693550649898,20.90968637892223
CPLA-medium:03,CPLA-medium,15400626,3.3252163871999993,PREDICTED,4.724974632263184,4.903510570526123,4.973698616027832,6.3680315017700195,5.089310169219971,,ELIGIBLE,SCORED,1.3997582450631842,42.09525282178257,SCORED,1.5782941833261237,47.46440530611986,SCORED,1.6484822288278327,49.575186600591074,SCORED,3.04281511457002,91.50728133913188,SCORED,1.7640937820199714,53.05199952732783
CPLA-medium:04,CPLA-medium,15500624,3.2471643279999998,PREDICTED,4.505603313446045,4.32450532913208,4.611391544342041,6.219012260437012,6.714781284332275,,ELIGIBLE,SCORED,1.2584389854460452,38.75501386223794,SCORED,1.0773410011320803,33.17790208035571,SCORED,1.3642272163420412,42.01287888569221,SCORED,2.971847932437012,91.52132852689469,SCORED,3.4676169563322756,106.78908136651211
CPLA-medium:05,CPLA-medium,15650631,3.090095804799998,PREDICTED,5.902238368988037,5.696906089782715,5.838889122009277,4.797012805938721,3.33622670173645,,ELIGIBLE,SCORED,2.812142564188039,91.00502838196147,SCORED,2.606810284982717,84.36017682472595,SCORED,2.7487933172092793,88.95495450139259,SCORED,1.7069170011387227,55.238319746827415,SCORED,0.24613089693645218,7.965154237422831
CPLA-medium:06,CPLA-medium,15800637,2.9452544967999996,PREDICTED,8.822260856628418,8.626703262329102,8.830243110656738,6.7007012367248535,5.144680976867676,,ELIGIBLE,SCORED,5.877006359828418,199.5415461113377,SCORED,5.681448765529102,192.90179411327478,SCORED,5.884988613856739,199.81256697004423,SCORED,3.755446739924854,127.50839508114234,SCORED,2.199426480067676,74.67695856019706
CPLA-medium:07,CPLA-medium,15900635,2.8618924912,PREDICTED,6.655029296875,7.47391414642334,7.019964218139648,-6.698988914489746,4.208307266235352,,ELIGIBLE,SCORED,3.793136805675,132.5394583248138,SCORED,4.61202165522334,161.15286194029972,SCORED,4.1580717269396485,145.29098279286364,SCORED,9.560881405689745,334.0754914829397,SCORED,1.3464147750353517,47.046308663775
CPLA-medium:08,CPLA-medium,16050641,2.725421576000003,PREDICTED,5.717750072479248,5.789299964904785,5.801948070526123,5.188658714294434,4.868874549865723,,ELIGIBLE,SCORED,2.992328496479245,109.7932342955533,SCORED,3.063878388904782,112.418512272935,SCORED,3.07652649452612,112.88259114178658,SCORED,2.4632371382944305,90.380041017714,SCORED,2.1434529738657195,78.64665755716162
CPLA-medium:09,CPLA-medium,16200647,2.5702538608,PREDICTED,7.100099086761475,7.23573637008667,7.496825218200684,4.540444850921631,4.136527061462402,,ELIGIBLE,SCORED,4.529845225961475,176.2411602623387,SCORED,4.6654825092866705,181.51835429339746,SCORED,4.926571357400684,191.67645004012454,SCORED,1.970190990121631,76.65355629534596,SCORED,1.5662732006624025,60.93846310476487
CPLA-medium:10,CPLA-medium,16350644,2.432958385,PREDICTED,3.938046455383301,4.129612445831299,4.075188636779785,5.949937343597412,3.5528690814971924,,ELIGIBLE,SCORED,1.5050880703833007,61.86246668511352,SCORED,1.6966540608312988,69.73625489411315,SCORED,1.642230251779785,67.49931531524265,SCORED,3.516978958597412,144.55565620360628,SCORED,1.1199106964971923,46.030820066706255
CPLA-medium:11,CPLA-medium,16450651,2.3317789367999997,PREDICTED,2.5672481060028076,2.5175251960754395,2.6313488483428955,3.0641415119171143,3.0986976623535156,,ELIGIBLE,SCORED,0.23546916920280792,10.098262982251326,SCORED,0.18574625927543975,7.965860585838695,SCORED,0.2995699115428958,12.847268959123905,SCORED,0.7323625751171146,31.407890497637275,SCORED,0.7669187255535159,32.88985561409999
CPLA-medium:12,CPLA-medium,16600648,2.1949482034999996,PREDICTED,2.9700140953063965,2.976008176803589,2.9862301349639893,5.030393123626709,2.9236443042755127,,ELIGIBLE,SCORED,0.7750658918063968,35.3113522483355,SCORED,0.7810599733035892,35.58443757616394,SCORED,0.7912819314639896,36.050141420295695,SCORED,2.8354449201267093,129.18049344423673,SCORED,0.7286961007755131,33.198783443434145
CPLA-medium:13,CPLA-medium,16750654,2.049358233999999,PREDICTED,2.8152830600738525,2.7589738368988037,2.7610063552856445,4.497430801391602,2.0377118587493896,,ELIGIBLE,SCORED,0.7659248260738534,37.37388677912588,SCORED,0.7096156028988045,34.62623523432286,SCORED,0.7116481212856454,34.725413521121155,SCORED,2.4480725673916024,119.45557037206622,SCORED,0.01164637525060952,0.5682937739917621
CPLA-medium:14,CPLA-medium,16850652,1.9471963159999992,PREDICTED,2.877492904663086,2.81543231010437,2.8481359481811523,3.111790180206299,3.539945125579834,,ELIGIBLE,SCORED,0.9302965886630867,47.776209364145444,SCORED,0.8682359941043709,44.58903229069027,SCORED,0.9009396321811531,46.26855673350367,SCORED,1.1645938642062996,59.80875449675512,SCORED,1.5927488095798348,81.7970328154542
CPLA-medium:15,CPLA-medium,17000659,1.8094778600000005,PREDICTED,2.241105079650879,2.1908118724823,2.2158854007720947,4.48543119430542,2.5364184379577637,,ELIGIBLE,SCORED,0.43162721965087836,23.85368891172165,SCORED,0.38133401248229926,21.074256884375426,SCORED,0.4064075407720942,22.459934423961066,SCORED,2.6759533343054196,147.88538690964802,SCORED,0.7269405779577631,40.17405208581899
CPLA-medium:16,CPLA-medium,17150665,1.6655858302,PREDICTED,2.2915234565734863,2.25716495513916,2.2659969329833984,3.2039966583251953,3.4777486324310303,,ELIGIBLE,SCORED,0.6259376263734864,37.58062869076673,SCORED,0.5915791249391602,35.51778084400038,SCORED,0.6004111027833985,36.048043390913236,SCORED,1.5384108281251954,92.36454827071063,SCORED,1.8121628022310303,108.80032534939552
CPLA-medium:17,CPLA-medium,17300662,1.5168031909000022,PREDICTED,2.2526588439941406,2.2449491024017334,2.274003267288208,3.3092331886291504,2.4662041664123535,,ELIGIBLE,SCORED,0.7358556530941385,48.513588150979245,SCORED,0.7281459115017312,48.00529929460938,SCORED,0.7572000763882059,49.920786093475826,SCORED,1.7924299977291482,118.1715603238942,SCORED,0.9494009755123514,62.59223221629827
CPLA-medium:18,CPLA-medium,17400669,1.4173232749999995,PREDICTED,2.378650188446045,2.3484089374542236,2.3860795497894287,2.5147063732147217,1.6578669548034668,,ELIGIBLE,SCORED,0.9613269134460454,67.82693337524184,SCORED,0.9310856624542241,65.69324577374378,SCORED,0.9687562747894292,68.35111592938664,SCORED,1.0973830982147221,77.42645009584864,SCORED,0.24054367980346725,16.971687690902225
CPLA-medium:19,CPLA-medium,17550675,1.278141463200002,PREDICTED,2.103945732116699,2.0002923011779785,2.045241355895996,2.4200572967529297,3.1323275566101074,,ELIGIBLE,SCORED,0.8258042689166971,64.60977072515769,SCORED,0.7221508379779764,56.50007129648802,SCORED,0.767099892695994,60.016822455274585,SCORED,1.1419158335529276,89.34189731189731,SCORED,1.8541860934101053,145.06892599884026
CPLA-medium:20,CPLA-medium,17700672,1.1350011857999986,PREDICTED,2.2657837867736816,2.1554980278015137,2.209859848022461,2.945500373840332,5.24165153503418,,ELIGIBLE,SCORED,1.130782600973683,99.62831890582193,SCORED,1.020496842001515,89.91152209962002,SCORED,1.0748586622224623,94.70110478033155,SCORED,1.8104991880403334,159.51518030919186,SCORED,4.106650349234181,361.8190360162165
CPLA-medium:21,CPLA-medium,17800679,1.0390314960000022,PREDICTED,2.179262638092041,2.104149103164673,2.2079577445983887,2.3937461376190186,1.8886476755142212,,ELIGIBLE,SCORED,1.1402311420920388,109.73980543242708,SCORED,1.0651176071646706,102.51061794229463,SCORED,1.1689262485983865,112.50152214812013,SCORED,1.3547146416190163,130.38244238353803,SCORED,0.849616179514219,81.77001205305302
CPLA-medium:22,CPLA-medium,17950676,0.9151125470999986,PREDICTED,2.25313663482666,2.1558616161346436,2.230786085128784,2.4016239643096924,3.9381842613220215,,ELIGIBLE,SCORED,1.3380240877266616,146.21415605838587,SCORED,1.240749069034645,135.58431396953216,SCORED,1.3156735380287856,143.77177344996187,SCORED,1.4865114172096938,162.44028364822057,SCORED,3.0230717142220227,330.3497175076628
CPLA-medium:23,CPLA-medium,18100682,0.8212780786000002,PREDICTED,2.4014530181884766,2.261671543121338,2.3099899291992188,2.269132375717163,3.024055242538452,,ELIGIBLE,SCORED,1.5801749395884763,192.40437322790072,SCORED,1.4403934645213377,175.38437979213063,SCORED,1.4887118505992185,181.2676959717427,SCORED,1.4478542971171628,176.2928214990545,SCORED,2.202777163938452,268.2133154818204
CPLA-medium:24,CPLA-medium,18250688,0.7429790249,PREDICTED,2.1692447662353516,2.1158447265625,2.114833354949951,1.6514308452606201,2.662048816680908,,ELIGIBLE,SCORED,1.4262657413353517,191.96581512207797,SCORED,1.3728657016625,184.7785274755608,SCORED,1.3718543300499513,184.64240363105725,SCORED,0.9084518203606201,122.27152987029366,SCORED,1.9190697917809083,258.29393932610714
CPLA-medium:25,CPLA-medium,18350687,0.6922256151999995,PREDICTED,1.909914493560791,1.8717916011810303,1.8455569744110107,5.499698638916016,3.0980682373046875,,ELIGIBLE,SCORED,1.2176888783607915,175.9092486066084,SCORED,1.1795659859810308,170.40195567455675,SCORED,1.1533313592110113,166.61206027138826,SCORED,4.807473023716016,694.495106530698,SCORED,2.405842622104688,347.55180526071496
CPLA-medium:26,CPLA-medium,18550692,0.6013588257999997,PREDICTED,1.7582875490188599,1.6812950372695923,1.690658688545227,1.5207622051239014,1.5502965450286865,,ELIGIBLE,SCORED,1.15692872321886,192.385755988494,SCORED,1.0799362114695925,179.58266597865787,SCORED,1.0892998627452273,181.13974818547146,SCORED,0.9194033793239017,152.88765041417676,SCORED,0.9489377192286869,157.79891780357528
CPLA-medium:27,CPLA-medium,18700698,0.5433047785000003,PREDICTED,1.5710980892181396,1.5064557790756226,1.5039907693862915,1.2794075012207031,1.655508041381836,,ELIGIBLE,SCORED,1.0277933107181394,189.1743550564297,SCORED,0.9631510005756223,177.27637206408667,SCORED,0.9606859908862913,176.82266545467,SCORED,0.7361027227207029,135.486149183704,SCORED,1.1122032628818357,204.71074558786256
CPLA-medium:28,CPLA-medium,18800696,0.5094326439000009,PREDICTED,1.4855626821517944,1.4025627374649048,1.4203029870986938,1.4867486953735352,1.7299630641937256,,ELIGIBLE,SCORED,0.9761300382517936,191.6112070830316,SCORED,0.8931300935649039,175.31858318451634,SCORED,0.910870343198693,178.8009374949856,SCORED,0.9773160514735343,191.8440176883083,SCORED,1.2205304202937248,239.58622104580107
CPLA-medium:29,CPLA-medium,18950703,0.47654948959999976,PREDICTED,1.6429404020309448,1.5616029500961304,1.560677170753479,1.8726599216461182,1.9971402883529663,,ELIGIBLE,SCORED,1.166390912430945,244.75756199213978,SCORED,1.0850534604961306,227.68956512929842,SCORED,1.0841276811534792,227.4952979308531,SCORED,1.3961104320461184,292.96231818818404,SCORED,1.5205907987529665,319.0835017007995
CPLA-medium:30,CPLA-medium,19100699,,PREDICTED,1.611598253250122,1.5168663263320923,1.5270302295684814,1.6943072080612183,1.697858214378357,,EXCLUDED_GT_NONFINITE,EXCLUDED_GT_NONFINITE,,,EXCLUDED_GT_NONFINITE,,,EXCLUDED_GT_NONFINITE,,,EXCLUDED_GT_NONFINITE,,,EXCLUDED_GT_NONFINITE,,
CPLA-medium:31,CPLA-medium,19250706,,PREDICTED,1.5389461517333984,1.485616683959961,1.450701355934143,1.1631983518600464,1.1376898288726807,,EXCLUDED_GT_NONFINITE,EXCLUDED_GT_NONFINITE,,,EXCLUDED_GT_NONFINITE,,,EXCLUDED_GT_NONFINITE,,,EXCLUDED_GT_NONFINITE,,,EXCLUDED_GT_NONFINITE,,
CPNA-high:00,CPNA-high,19652381,1.9462554872000015,PREDICTED,4.37061071395874,4.292574882507324,4.396269798278809,-4.7054314613342285,2.843273162841797,,ELIGIBLE,SCORED,2.4243552267587387,124.56510682708772,SCORED,2.3463193953073227,120.5555699515523,SCORED,2.450014311078807,125.88348894540782,SCORED,6.6516869485342305,341.7684364812629,SCORED,0.8970176756417954,46.08941023114587
CPNA-high:01,CPNA-high,19752396,1.8661834245999986,PREDICTED,3.5118017196655273,3.1898183822631836,3.230132818222046,4.159582138061523,4.726801872253418,,ELIGIBLE,SCORED,1.6456182950655287,88.18095120624349,SCORED,1.323634957663185,70.92737724572254,SCORED,1.3639493936220473,73.08763841980853,SCORED,2.293398713461525,122.89245972448268,SCORED,2.8606184476534193,153.28709975368952
CPNA-high:02,CPNA-high,19852400,1.7918876198000007,PREDICTED,3.7335586547851562,3.314791679382324,3.540262222290039,7.558870792388916,3.6995127201080322,,ELIGIBLE,SCORED,1.9416710349851556,108.35897371744065,SCORED,1.5229040595823236,84.98881530038702,SCORED,1.7483746024900384,97.57166594438445,SCORED,5.766983172588915,321.8384405843816,SCORED,1.9076251003080316,106.4589698164748
CPNA-high:03,CPNA-high,19952404,1.7252253266999986,PREDICTED,3.572448253631592,3.485231876373291,3.7719295024871826,3.3665056228637695,4.138802528381348,,ELIGIBLE,SCORED,1.8472229269315932,107.07140095519875,SCORED,1.7600065496732924,102.0160394375744,SCORED,2.046704175787184,118.63402096595163,SCORED,1.641280296163771,95.13425700184929,SCORED,2.413577201681349,139.8992447147774
CPNA-high:04,CPNA-high,20052417,1.6653031558000002,PREDICTED,3.4772837162017822,3.3508150577545166,3.5009682178497314,2.6863017082214355,3.120251178741455,,ELIGIBLE,SCORED,1.811980560401782,108.80785003564826,SCORED,1.6855119019545164,101.21351755589558,SCORED,1.8356650620497312,110.230083673137,SCORED,1.0209985524214353,61.31007131437006,SCORED,1.4549480229414549,87.36835799980862
CPNA-high:05,CPNA-high,20152421,1.6083899532000003,PREDICTED,4.065657138824463,4.079580783843994,3.9964163303375244,5.827121734619141,5.711606502532959,,ELIGIBLE,SCORED,2.4572671856244623,152.7780735471248,SCORED,2.4711908306439936,153.64376193269504,SCORED,2.388026377137524,148.4730971109577,SCORED,4.21873178141914,262.2953328591545,SCORED,4.103216549332958,255.11329147321095
CPNA-high:06,CPNA-high,20252434,1.550959550999999,PREDICTED,4.122200965881348,4.062833309173584,4.252786636352539,8.171690940856934,5.587470054626465,,ELIGIBLE,SCORED,2.5712414148813485,165.78391185144133,SCORED,2.511873758173585,161.95611010964313,SCORED,2.70182708535254,174.20358149317988,SCORED,6.620731389856934,426.87969428913493,SCORED,4.036510503626466,260.2589152646746
CPNA-high:07,CPNA-high,20352438,1.5095347445,PREDICTED,4.632814884185791,4.465858459472656,4.921814441680908,-5.187984943389893,3.8379063606262207,,ELIGIBLE,SCORED,3.123280139685791,206.90349467380486,SCORED,2.9563237149726564,195.84337000152146,SCORED,3.4122796971809084,226.04843708391425,SCORED,6.697519687889892,443.6810555233889,SCORED,2.328371616126221,154.24432094787207
CPNA-high:08,CPNA-high,20452451,1.4559168895999992,PREDICTED,3.4476704597473145,3.266688346862793,3.6409082412719727,-7.812440395355225,3.5154600143432617,,ELIGIBLE,SCORED,1.9917535701473152,136.8040706426953,SCORED,1.8107714572627938,124.37327090561384,SCORED,2.1849913516719734,150.0766539134168,SCORED,9.268357284955224,636.5993382700317,SCORED,2.0595431247432625,141.46021242387704
CPNA-high:09,CPNA-high,20552455,1.4030046320000007,PREDICTED,3.808055877685547,3.5817205905914307,3.9120423793792725,34.9561767578125,3.538959503173828,,ELIGIBLE,SCORED,2.405051245685546,171.42147579777517,SCORED,2.1787159585914297,155.289291916709,SCORED,2.5090377473792715,178.83317632405866,SCORED,33.5531721258125,2391.5225481459765,SCORED,2.135954871173827,152.24146966136502
CPNA-high:10,CPNA-high,20652458,1.3574120260000007,PREDICTED,2.705653667449951,2.6979727745056152,2.8248231410980225,3.7143702507019043,2.391010284423828,,ELIGIBLE,SCORED,1.3482416414499505,99.32442144504398,SCORED,1.3405607485056146,98.75857313979726,SCORED,1.4674111150980218,108.10358881394065,SCORED,2.356958224701904,173.63616791044274,SCORED,1.0335982584238275,76.14476950448257
CPNA-high:11,CPNA-high,20752471,1.3165555515999998,PREDICTED,2.744567394256592,2.678422451019287,2.7663991451263428,130.5518341064453,-5.215401649475098,,ELIGIBLE,SCORED,1.428011842656592,108.46574919843984,SCORED,1.3618668994192873,103.44165863447394,SCORED,1.449843593526343,110.12399680092186,SCORED,129.2352785548453,9816.166009689956,SCORED,6.531957201075097,496.1398851067743
CPNA-high:12,CPNA-high,20852474,1.2756603959999997,PREDICTED,2.3287458419799805,2.2054998874664307,2.2169225215911865,41.463104248046875,-22.033536911010742,,ELIGIBLE,SCORED,1.0530854459799808,82.55217840751882,SCORED,0.929839491466431,72.89083320153738,SCORED,0.9412621255911868,73.7862622797288,SCORED,40.187443852046876,3150.324645811681,SCORED,23.30919730701074,1827.2259121706516
CPNA-high:13,CPNA-high,20952485,1.2388335031999997,PREDICTED,3.461822509765625,3.283470869064331,3.0739619731903076,5.211302757263184,5.792477607727051,,ELIGIBLE,SCORED,2.2229890065656255,179.4421123438685,SCORED,2.0446373658643315,165.04537216525708,SCORED,1.8351284699903079,148.13358415396692,SCORED,3.972469254063184,320.66207797916337,SCORED,4.553644104527051,367.5751497489087
CPNA-high:14,CPNA-high,21052487,1.1972060892000005,PREDICTED,2.123613119125366,2.3176276683807373,2.2682440280914307,7.22629451751709,3.233551263809204,,ELIGIBLE,SCORED,0.9264070299253657,77.3807482506551,SCORED,1.1204215791807368,93.58635821251355,SCORED,1.0710379388914302,89.461451002736,SCORED,6.029088428317089,503.5965388670767,SCORED,2.0363451746092034,170.09144816244077
CPNA-high:15,CPNA-high,21152490,1.1633108718000003,PREDICTED,1.9478343725204468,1.8748831748962402,2.065884590148926,3.534113883972168,3.2035622596740723,,ELIGIBLE,SCORED,0.7845235007204465,67.43885230837282,SCORED,0.71157230309624,61.16785464191686,SCORED,0.9025737183489255,77.58663141799457,SCORED,2.3708030121721677,203.79789011202183,SCORED,2.040251387874072,175.38316174396056
CPNA-high:16,CPNA-high,21252501,1.1389781070000002,PREDICTED,2.9225494861602783,2.6994011402130127,2.825995445251465,2.82566499710083,3.1001462936401367,,ELIGIBLE,SCORED,1.783571379160278,156.5940002005919,SCORED,1.5604230332130125,137.0020216914505,SCORED,1.6870173382514646,148.11674850317945,SCORED,1.6866868901008298,148.08773581640312,SCORED,1.9611681866401365,172.1866447289084
CPNA-high:17,CPNA-high,21352503,1.1229020100000005,PREDICTED,2.8157129287719727,2.768622398376465,2.815605878829956,3.6506574153900146,2.626500129699707,,ELIGIBLE,SCORED,1.6928109187719722,150.7532183304197,SCORED,1.6457203883764644,146.55957276062438,SCORED,1.6927038688299556,150.74368500150382,SCORED,2.527755405390014,225.10917095873867,SCORED,1.5035981196997066,133.90287899651244
CPNA-high:18,CPNA-high,21452514,1.1050441275999996,PREDICTED,2.504451036453247,2.369300365447998,2.359466314315796,2.94608473777771,3.496812343597412,,ELIGIBLE,SCORED,1.3994069088532475,126.6381019455361,SCORED,1.2642562378479985,114.40776040263525,SCORED,1.2544221867157963,113.51783656280088,SCORED,1.8410406101777104,166.60335675247572,SCORED,2.3917682159974127,216.44096884999487
CPNA-high:19,CPNA-high,21552516,1.0930884018000002,PREDICTED,2.1574761867523193,2.0484113693237305,2.098513603210449,2.4723095893859863,2.55240535736084,,ELIGIBLE,SCORED,1.0643877849523191,97.3743553768918,SCORED,0.9553229675237302,87.39667953210278,SCORED,1.005425201410449,91.98022774322779,SCORED,1.379221187585986,126.17654576837592,SCORED,1.4593169555608396,133.50401972592215
CPNA-high:20,CPNA-high,21652519,1.0851011752,PREDICTED,1.9630014896392822,1.911828875541687,1.9449222087860107,1.6420079469680786,2.2807278633117676,,ELIGIBLE,SCORED,0.8779003144392823,80.90492707073813,SCORED,0.8267277003416871,76.18899686375413,SCORED,0.8598210335860108,79.23878927027549,SCORED,0.5569067717680787,51.32302724355935,SCORED,1.1956266881117676,110.18573340789133
CPNA-high:21,CPNA-high,21752530,1.0783759173999998,PREDICTED,2.102672815322876,2.064830780029297,2.0615551471710205,1.9341470003128052,2.293231964111328,,ELIGIBLE,SCORED,1.0242968979228761,94.9851421378632,SCORED,0.986454862629297,91.47597296197716,SCORED,0.9831792297710207,91.17221684081174,SCORED,0.8557710829128053,79.35739931730838,SCORED,1.2148560467113283,112.65608097409914
CPNA-high:22,CPNA-high,21852531,1.0832899519999997,PREDICTED,2.09567928314209,2.022418737411499,2.035208225250244,1.3281604051589966,2.96626353263855,,ELIGIBLE,SCORED,1.0123893311420902,93.4550652180415,SCORED,0.9391287854114994,86.69228249349622,SCORED,0.9519182732502445,87.87289787861383,SCORED,0.24487045315899691,22.604331620256456,SCORED,1.8829735806385501,173.81990640291204
CPNA-high:23,CPNA-high,21952540,1.0911842203,PREDICTED,2.4167795181274414,2.273355722427368,2.277357816696167,2.221447467803955,2.6781413555145264,,ELIGIBLE,SCORED,1.3255952978274415,121.48226423792994,SCORED,1.1821715021273682,108.3383978740412,SCORED,1.186173596396167,108.70516401621457,SCORED,1.1302632475039551,103.5813409392239,SCORED,1.5869571352145264,145.434391891978
CPNA-high:24,CPNA-high,22052540,1.1030963363,PREDICTED,1.9794529676437378,1.8572648763656616,1.8975576162338257,1.7986021041870117,2.3522374629974365,,ELIGIBLE,SCORED,0.8763566313437379,79.4451583696859,SCORED,0.7541685400656617,68.368329695962,SCORED,0.7944612799338258,72.0210242560141,SCORED,0.6955057678870118,63.05031981339668,SCORED,1.2491411266974366,113.23953181526278
CPNA-high:25,CPNA-high,22152550,1.1365202876000002,PREDICTED,1.9981703758239746,1.9037660360336304,1.964491367340088,1.478019118309021,2.1549394130706787,,ELIGIBLE,SCORED,0.8616500882239744,75.814756465415,SCORED,0.7672457484336301,67.5083196318325,SCORED,0.8279710797400877,72.85141222498733,SCORED,0.34149883070902076,30.047754926589725,SCORED,1.0184191254706785,89.6085302288165
CPNA-high:26,CPNA-high,22252551,1.1823426952,PREDICTED,2.5028014183044434,2.3168749809265137,2.2803170680999756,1.4633713960647583,2.129950523376465,,ELIGIBLE,SCORED,1.3204587231044433,111.68155632585697,SCORED,1.1345322857265137,95.95629848540665,SCORED,1.0979743728999756,92.86430891462031,SCORED,0.2810287008647583,23.768802565082087,SCORED,0.9476078281764648,80.14663024717818
CPNA-high:27,CPNA-high,22352551,1.2814187639999963,PREDICTED,3.529592990875244,3.0668275356292725,2.9575610160827637,1.4142009019851685,2.119826316833496,,ELIGIBLE,SCORED,2.248174226875248,175.4441475367107,SCORED,1.7854087716292761,139.3306249126598,SCORED,1.6761422520827673,130.80362947477272,SCORED,0.13278213798517213,10.362119060180433,SCORED,0.8384075528334998,65.4280689800717
CPNA-high:28,CPNA-high,22452560,1.4445848467999993,PREDICTED,2.67475962638855,2.5951087474823,2.5913567543029785,1.4730863571166992,1.9475282430648804,,ELIGIBLE,SCORED,1.2301747795885505,85.15766881492607,SCORED,1.1505239006823005,79.64391314438237,SCORED,1.1467719075029792,79.38418501642694,SCORED,0.028501510316699896,1.9729897056469599,SCORED,0.502943396264881,34.81577405293888
CPNA-high:29,CPNA-high,22552561,1.7530817162000032,PREDICTED,1.8375160694122314,1.6965599060058594,1.7652673721313477,1.837006688117981,2.01080322265625,,ELIGIBLE,SCORED,0.08443435321222825,4.816338704122074,SCORED,0.05652181019414382,3.224140076976049,SCORED,0.012185655931344463,0.6950991399167752,SCORED,0.08392497191797776,4.787282369238004,SCORED,0.2577215064562468,14.7010549522407
CPNA-high:30,CPNA-high,22652570,,PREDICTED,1.2715864181518555,1.2087626457214355,1.230661153793335,2.1907832622528076,2.6944944858551025,,EXCLUDED_GT_NONFINITE,EXCLUDED_GT_NONFINITE,,,EXCLUDED_GT_NONFINITE,,,EXCLUDED_GT_NONFINITE,,,EXCLUDED_GT_NONFINITE,,,EXCLUDED_GT_NONFINITE,,
CPNA-high:31,CPNA-high,22752571,,PREDICTED,1.9400931596755981,1.9340907335281372,1.8432364463806152,5.105074882507324,3.4321939945220947,,EXCLUDED_GT_NONFINITE,EXCLUDED_GT_NONFINITE,,,EXCLUDED_GT_NONFINITE,,,EXCLUDED_GT_NONFINITE,,,EXCLUDED_GT_NONFINITE,,,EXCLUDED_GT_NONFINITE,,
CPNA-low:00,CPNA-low,17750694,6.419433659600006,PREDICTED,3.847116708755493,3.729184627532959,3.897691249847412,4.939938545227051,6.095242500305176,,ELIGIBLE,SCORED,2.572316950844513,40.070777069215694,SCORED,2.6902490320670474,41.907887435582225,SCORED,2.5217424097525942,39.28294213277567,SCORED,1.4794951143729556,23.047128342239816,SCORED,0.32419115929483056,5.050152030312139
CPNA-low:01,CPNA-low,18000698,6.206691303399999,PREDICTED,5.4525556564331055,5.419730186462402,5.455165386199951,-5.479455471038818,5.789259433746338,,ELIGIBLE,SCORED,0.7541356469668932,12.150364986797086,SCORED,0.7869611169375963,12.679237269404753,SCORED,0.7515259172000475,12.10831795015107,SCORED,11.686146774438818,188.28303524676983,SCORED,0.41743186965366075,6.725513631151486
CPNA-low:02,CPNA-low,18250712,6.065292523199999,PREDICTED,5.9202070236206055,5.795889854431152,6.35560417175293,3.761505365371704,5.173618316650391,,ELIGIBLE,SCORED,0.14508549957939376,2.3920610428010787,SCORED,0.2694026687688469,4.441709410360182,SCORED,0.29031164855293046,4.786441007461325,SCORED,2.303787157828295,37.983117038728345,SCORED,0.8916742065496086,14.701256421498504
CPNA-low:03,CPNA-low,18500716,5.7970296064000015,PREDICTED,5.104287147521973,4.962255954742432,5.176418781280518,-17.947002410888672,6.415957927703857,,ELIGIBLE,SCORED,0.6927424588780289,11.949955510201837,SCORED,0.8347736516575699,14.400023949092274,SCORED,0.620610825119484,10.705669407558673,SCORED,23.744032017288674,409.5896282998957,SCORED,0.6189283213038559,10.676645857053247
CPNA-low:04,CPNA-low,18750720,5.6054069,PREDICTED,5.535872459411621,5.6351237297058105,5.377669811248779,-14.950823783874512,6.162769794464111,,ELIGIBLE,SCORED,0.0695344405883791,1.2404887250625658,SCORED,0.029716829705810355,0.5301458080734577,SCORED,0.2277370887512209,4.06281101111894,SCORED,20.55623068387451,366.7214717967131,SCORED,0.5573628944641111,9.943308387908665
CPNA-low:05,CPNA-low,19050723,5.3877296074,PREDICTED,6.1887311935424805,6.208946704864502,6.0479326248168945,4.307272911071777,5.2147369384765625,,ELIGIBLE,SCORED,0.8010015861424806,14.867145245045554,SCORED,0.8212170974645021,15.24235916250451,SCORED,0.6602030174168947,12.253826110911572,SCORED,1.0804566963282225,20.054026000937846,SCORED,0.17299266892343734,3.210863972940168
CPNA-low:06,CPNA-low,19300728,5.169481209600001,PREDICTED,6.78954553604126,6.581381797790527,6.678557395935059,7.056365966796875,5.110268592834473,,ELIGIBLE,SCORED,1.620064326441259,31.339011803209843,SCORED,1.4119005881905267,27.312229814638894,SCORED,1.509076186335058,29.192023824994727,SCORED,1.8868847571968743,36.5004665012193,SCORED,0.059212616765528026,1.1454266756123817
CPNA-low:07,CPNA-low,19550741,4.981380548700001,PREDICTED,6.042129993438721,5.935454368591309,5.905745029449463,7.023223400115967,3.6260323524475098,,ELIGIBLE,SCORED,1.06074944473872,21.294286480793875,SCORED,0.9540738198913079,19.152799320668127,SCORED,0.9243644807494622,18.556391580857944,SCORED,2.041842851415966,40.98949741851843,SCORED,1.355348196252491,27.208284591029656
CPNA-low:08,CPNA-low,19800745,4.7495325125,PREDICTED,7.089599132537842,7.140115261077881,6.926938533782959,7.149006366729736,4.958802700042725,,ELIGIBLE,SCORED,2.3400666200378417,49.26940943933251,SCORED,2.390582748577881,50.333011560322085,SCORED,2.177406021282959,45.8446387208084,SCORED,2.3994738542297362,50.5202111558287,SCORED,0.20927018754272453,4.406121802344953
CPNA-low:09,CPNA-low,20100748,4.5037876768,PREDICTED,7.5668134689331055,7.58218240737915,7.3333234786987305,-66.62384033203125,6.476989269256592,,ELIGIBLE,SCORED,3.0630257921331054,68.00999540700874,SCORED,3.0783947305791504,68.35124014474833,SCORED,2.8295358018987304,62.82569261589065,SCORED,71.12762800883125,1579.2846624459073,SCORED,1.9732015924565918,43.81204741557838
CPNA-low:10,CPNA-low,20350753,4.2850163561,PREDICTED,6.297618389129639,6.1804118156433105,6.170936107635498,26.699581146240234,7.241765975952148,,ELIGIBLE,SCORED,2.012602033029639,46.96836291335432,SCORED,1.8953954595433107,44.2330974266899,SCORED,1.8859197515354982,44.011961561144766,SCORED,22.414564790140233,523.0916973801427,SCORED,2.9567496198521486,69.00206146571699
CPNA-low:11,CPNA-low,20600757,4.067524145199998,PREDICTED,5.214454650878906,5.294867038726807,5.046270370483398,-12.147368431091309,-5.378692150115967,,ELIGIBLE,SCORED,1.1469305056789079,28.197263611388195,SCORED,1.2273428935268083,30.174200563140364,SCORED,0.9787462252834,24.06245643159607,SCORED,16.214892576291305,398.6428106499667,SCORED,9.446216295315965,232.23503925510192
CPNA-low:12,CPNA-low,20850770,3.8638984249999995,PREDICTED,4.167870998382568,4.421842098236084,4.205970764160156,5.88356351852417,9.770783424377441,,ELIGIBLE,SCORED,0.3039725733825689,7.866991829180109,SCORED,0.5579436732360845,14.439915646490748,SCORED,0.3420723391601568,8.853036532919646,SCORED,2.0196650935241705,52.27013941299895,SCORED,5.906884999377442,152.87371327255948
CPNA-low:13,CPNA-low,21150773,3.5923412666999996,PREDICTED,4.478687763214111,4.391660213470459,4.262111663818359,5.109039306640625,5.267158508300781,,ELIGIBLE,SCORED,0.8863464965141117,24.67322647573314,SCORED,0.7993189467704593,22.250640666573712,SCORED,0.6697703971183597,18.644397828428616,SCORED,1.5166980399406254,42.22032171609064,SCORED,1.6748172416007816,46.6218857636347
CPNA-low:14,CPNA-low,21450777,3.3062221932000013,PREDICTED,5.5062642097473145,5.522540092468262,5.570448398590088,6.908753395080566,4.162295818328857,,ELIGIBLE,SCORED,2.200042016547313,66.54247319106987,SCORED,2.2163178992682604,67.03475355729638,SCORED,2.2642262053900866,68.48378823561778,SCORED,3.602531201880565,108.96216259421374,SCORED,0.8560736251288561,25.892803783410756
CPNA-low:15,CPNA-low,21700790,3.071882013999999,PREDICTED,6.5433349609375,6.52937126159668,6.428812026977539,5.888230323791504,4.167910575866699,,ELIGIBLE,SCORED,3.471452946937501,113.00736587917346,SCORED,3.4574892475966807,112.5528009161579,SCORED,3.35693001297754,109.27926260443743,SCORED,2.816348309791505,91.68152607932505,SCORED,1.0960285618667003,35.67938341614642
CPNA-low:16,CPNA-low,21950794,2.8389437431999993,PREDICTED,5.906339168548584,5.728420734405518,5.839629173278809,4.206292152404785,3.4626824855804443,,ELIGIBLE,SCORED,3.0673954253485847,108.0470661912828,SCORED,2.8894769912055183,101.7800017392581,SCORED,3.0006854300788093,105.69724874845522,SCORED,1.3673484092047858,48.163983963399666,SCORED,0.623738742380445,21.970803186025076
CPNA-low:17,CPNA-low,22200798,2.615597520800002,PREDICTED,4.415826320648193,4.242927551269531,4.545128345489502,6.550222873687744,4.062791347503662,,ELIGIBLE,SCORED,1.8002287998481914,68.8266748049821,SCORED,1.6273300304695293,62.216377616530124,SCORED,1.9295308246895,73.7701733292413,SCORED,3.934625352887742,150.42931191050772,SCORED,1.4471938267036601,55.32937752062955
CPNA-low:18,CPNA-low,22500801,2.328192032700002,PREDICTED,3.227029323577881,3.1568386554718018,3.238523006439209,5.047191143035889,3.7029013633728027,,ELIGIBLE,SCORED,0.898837290877879,38.60666466741141,SCORED,0.8286466227717999,35.5918502912674,SCORED,0.9103309737392071,39.10033884462259,SCORED,2.718999110335887,116.7858609662308,SCORED,1.3747093306728009,59.046217466802
CPNA-low:19,CPNA-low,22750806,2.0870562226000002,PREDICTED,3.6315219402313232,3.6024069786071777,3.9354913234710693,4.170666694641113,2.7740702629089355,,ELIGIBLE,SCORED,1.544465717631323,74.00211364250015,SCORED,1.5153507560071775,72.60708837634441,SCORED,1.848435100871069,88.56661746123623,SCORED,2.083610472041113,99.83489900647743,SCORED,0.6870140403089353,32.91785016951154
CPNA-low:20,CPNA-low,23000810,1.854367808,PREDICTED,3.9116268157958984,3.977857828140259,4.117183685302734,3.283508062362671,2.9774341583251953,,ELIGIBLE,SCORED,2.0572590077958983,110.94125981483272,SCORED,2.1234900201402587,114.51288201721515,SCORED,2.2628158773027343,122.02627049178878,SCORED,1.429140254362671,77.06886671550065,SCORED,1.1230663503251954,60.56330062893303
CPNA-low:21,CPNA-low,23250823,1.6162692218000005,PREDICTED,2.792430877685547,2.6872611045837402,2.752673387527466,2.650399684906006,2.8454816341400146,,ELIGIBLE,SCORED,1.1761616558855463,72.77015734889038,SCORED,1.0709918827837397,66.26321087714592,SCORED,1.1364041657274653,70.31032642333429,SCORED,1.0341304631060053,63.982562382417875,SCORED,1.229212412340014,76.0524543659298
CPNA-low:22,CPNA-low,23500827,1.3824679548000003,PREDICTED,1.9217584133148193,1.921043872833252,1.9386096000671387,2.7187235355377197,2.448578119277954,,ELIGIBLE,SCORED,0.539290458514819,39.00925563173993,SCORED,0.5385759180332517,38.95756976957681,SCORED,0.5561416452671384,40.228176236287126,SCORED,1.3362555807377194,96.65725531634718,SCORED,1.0661101644779538,77.11644677016666
CPNA-low:23,CPNA-low,23800830,1.1082037399999987,PREDICTED,1.9055964946746826,1.8809094429016113,1.8660216331481934,2.13735294342041,1.8969330787658691,,ELIGIBLE,SCORED,0.797392754674684,71.95362422027965,SCORED,0.7727057029016127,69.72596058028225,SCORED,0.7578178931481947,68.38254246896835,SCORED,1.0291492034204115,92.86642575492596,SCORED,0.7887293387658705,71.17187122702468
CPNA-low:24,CPNA-low,24050834,,PREDICTED,1.9024035930633545,1.8283246755599976,1.805320143699646,1.8924332857131958,1.6299320459365845,,EXCLUDED_GT_NONFINITE,EXCLUDED_GT_NONFINITE,,,EXCLUDED_GT_NONFINITE,,,EXCLUDED_GT_NONFINITE,,,EXCLUDED_GT_NONFINITE,,,EXCLUDED_GT_NONFINITE,,
CPNA-low:25,CPNA-low,24300839,,PREDICTED,2.2938618659973145,2.1962897777557373,2.1283016204833984,1.8300034999847412,2.258453607559204,,EXCLUDED_GT_NONFINITE,EXCLUDED_GT_NONFINITE,,,EXCLUDED_GT_NONFINITE,,,EXCLUDED_GT_NONFINITE,,,EXCLUDED_GT_NONFINITE,,,EXCLUDED_GT_NONFINITE,,
CPNA-low:26,CPNA-low,24550852,,PREDICTED,1.7135804891586304,1.5536935329437256,1.6254581212997437,2.3621864318847656,2.1434121131896973,,EXCLUDED_GT_NONFINITE,EXCLUDED_GT_NONFINITE,,,EXCLUDED_GT_NONFINITE,,,EXCLUDED_GT_NONFINITE,,,EXCLUDED_GT_NONFINITE,,,EXCLUDED_GT_NONFINITE,,
CPNA-low:27,CPNA-low,24850855,,PREDICTED,2.917609453201294,2.7991442680358887,2.60676646232605,5.4909868240356445,4.144896984100342,,EXCLUDED_GT_NONFINITE,EXCLUDED_GT_NONFINITE,,,EXCLUDED_GT_NONFINITE,,,EXCLUDED_GT_NONFINITE,,,EXCLUDED_GT_NONFINITE,,,EXCLUDED_GT_NONFINITE,,
CPNA-low:28,CPNA-low,25100860,,PREDICTED,-7.690175533294678,-11.877691268920898,-9.584946632385254,-10.205988883972168,3.6228299140930176,,EXCLUDED_GT_NONFINITE,EXCLUDED_GT_NONFINITE,,,EXCLUDED_GT_NONFINITE,,,EXCLUDED_GT_NONFINITE,,,EXCLUDED_GT_NONFINITE,,,EXCLUDED_GT_NONFINITE,,
CPNA-low:29,CPNA-low,25350864,,PREDICTED,4.100003719329834,3.825544834136963,4.126477241516113,3.8966848850250244,-12.463388442993164,,EXCLUDED_GT_NONFINITE,EXCLUDED_GT_NONFINITE,,,EXCLUDED_GT_NONFINITE,,,EXCLUDED_GT_NONFINITE,,,EXCLUDED_GT_NONFINITE,,,EXCLUDED_GT_NONFINITE,,
CPNA-low:30,CPNA-low,25600868,,PREDICTED,59.999996185302734,13.577954292297363,12.172351837158203,6.970350742340088,8.745877265930176,,EXCLUDED_GT_NONFINITE,EXCLUDED_GT_NONFINITE,,,EXCLUDED_GT_NONFINITE,,,EXCLUDED_GT_NONFINITE,,,EXCLUDED_GT_NONFINITE,,,EXCLUDED_GT_NONFINITE,,
CPNA-low:31,CPNA-low,25900880,,PREDICTED,5.526086807250977,7.572628021240234,7.482539176940918,-7.210982799530029,12.523955345153809,,EXCLUDED_GT_NONFINITE,EXCLUDED_GT_NONFINITE,,,EXCLUDED_GT_NONFINITE,,,EXCLUDED_GT_NONFINITE,,,EXCLUDED_GT_NONFINITE,,,EXCLUDED_GT_NONFINITE,,
CPNA-medium:00,CPNA-medium,17150665,2.57136544,PREDICTED,4.853567600250244,4.684268474578857,5.187014102935791,5.132436275482178,6.881464004516602,,ELIGIBLE,SCORED,2.282202160250244,88.75448525318299,SCORED,2.1129030345788573,82.17046872104096,SCORED,2.615648662935791,101.7221676175204,SCORED,2.5610708354821776,99.59964443957749,SCORED,4.3100985645166014,167.6190594097975
CPNA-medium:01,CPNA-medium,17250672,2.4784550864999986,PREDICTED,3.7072291374206543,3.6569085121154785,3.856146812438965,9.39405345916748,5.387604713439941,,ELIGIBLE,SCORED,1.2287740509206557,49.578225468507256,SCORED,1.17845342561548,47.54790320931969,SCORED,1.3776917259389663,55.586713410429475,SCORED,6.915598372667482,279.02859367258037,SCORED,2.909149626939943,117.37754066175789
CPNA-medium:02,CPNA-medium,17350670,2.384436053499999,PREDICTED,4.324718475341797,4.272762298583984,4.48752498626709,3.7263078689575195,5.1314005851745605,,ELIGIBLE,SCORED,1.9402824218417978,81.37280171526304,SCORED,1.8883262450839853,79.19383043685328,SCORED,2.1030889327670907,88.2006850080994,SCORED,1.3418718154575204,56.27627603968877,SCORED,2.7469645316745614,115.2039505375883
CPNA-medium:03,CPNA-medium,17450677,2.2889523056000014,PREDICTED,3.729185104370117,3.814356803894043,3.7864251136779785,5.615503787994385,4.385982513427734,,ELIGIBLE,SCORED,1.4402327987701158,62.92104886792688,SCORED,1.5254044982940416,66.64203944145478,SCORED,1.4974728080779771,65.42175668817379,SCORED,3.3265514823943834,145.3307469210197,SCORED,2.097030207827733,91.61528629046903
CPNA-medium:04,CPNA-medium,17550675,2.1857690400000007,PREDICTED,3.997192859649658,3.819875478744507,3.7870662212371826,7.04993200302124,5.110377788543701,,ELIGIBLE,SCORED,1.8114238196496575,82.87352352880141,SCORED,1.6341064387445061,74.76116684059654,SCORED,1.601297181237182,73.26012730225062,SCORED,4.86416296302124,222.537828746135,SCORED,2.9246087485437005,133.80227714011812
CPNA-medium:05,CPNA-medium,17700681,2.0431890896000002,PREDICTED,5.77576208114624,5.538614273071289,5.516320705413818,-5.134761333465576,5.707157135009766,,ELIGIBLE,SCORED,3.73257299154624,182.68367869353563,SCORED,3.495425183471289,171.07693072869708,SCORED,3.473131615813818,169.98581450401934,SCORED,7.177950423065576,351.31111748794723,SCORED,3.6639680454097654,179.32594022059254
CPNA-medium:06,CPNA-medium,17800679,1.9606695482,PREDICTED,2.600743532180786,2.7148211002349854,2.662423610687256,5.032837867736816,4.187739849090576,,ELIGIBLE,SCORED,0.6400739839807861,32.64568394854749,SCORED,0.7541515520349853,38.4639804666389,SCORED,0.7017540624872558,35.79155208135423,SCORED,3.072168319536816,156.68975541325827,SCORED,2.227070300890576,113.58723365368458
CPNA-medium:07,CPNA-medium,17900686,1.8549351512,PREDICTED,2.9110329151153564,2.944194793701172,2.89334774017334,4.568386554718018,3.6970508098602295,,ELIGIBLE,SCORED,1.0560977639153564,56.93448437979853,SCORED,1.0892596425011718,58.72224922776975,SCORED,1.0384125889733398,55.98107234646812,SCORED,2.7134514035180173,146.28281758327904,SCORED,1.8421156586602294,99.30889807487462
CPNA-medium:08,CPNA-medium,18000684,1.7624783084000004,PREDICTED,3.0068604946136475,2.8963000774383545,2.929901123046875,5.751826763153076,3.926157236099243,,ELIGIBLE,SCORED,1.244382186213647,70.60411355322226,SCORED,1.133821769038354,64.33110487854182,SCORED,1.1674228146468746,66.23757064599992,SCORED,3.9893484547530758,226.34879735766256,SCORED,2.1636789276992427,122.76343586114584
CPNA-medium:09,CPNA-medium,18150691,1.6153955760000023,PREDICTED,2.6024765968322754,2.5305774211883545,2.557112693786621,3.8613762855529785,3.4310288429260254,,ELIGIBLE,SCORED,0.9870810208322731,61.10460097188428,SCORED,0.9151818451883522,56.6537298222953,SCORED,0.9417171177866188,58.29637840896362,SCORED,2.2459807095529762,139.0359576887298,SCORED,1.8156332669260231,112.39558247533672
CPNA-medium:10,CPNA-medium,18250689,1.5205768839999991,PREDICTED,2.744835615158081,2.635946035385132,2.646955966949463,5.186573505401611,4.278046607971191,,ELIGIBLE,SCORED,1.224258731158082,80.51278064530163,SCORED,1.1153691513851327,73.35171033582102,SCORED,1.1263790829494638,74.07577313594518,SCORED,3.665996621401612,241.092486672421,SCORED,2.7574697239711923,181.34365667308106
CPNA-medium:11,CPNA-medium,18350696,1.4276359098000002,PREDICTED,2.9241745471954346,2.914576768875122,2.871370553970337,3.1231729984283447,4.508259296417236,,ELIGIBLE,SCORED,1.4965386373954344,104.82635153139898,SCORED,1.4869408590751219,104.15406679448331,SCORED,1.4437346441703367,101.12764986225318,SCORED,1.6955370886283445,118.76537126793589,SCORED,3.080623386617236,215.7849466709482
CPNA-medium:12,CPNA-medium,18450694,1.3369600936000012,PREDICTED,3.6846327781677246,3.5837345123291016,3.3690738677978516,4.778812408447266,3.969106912612915,,ELIGIBLE,SCORED,2.3476726845677236,175.5978129643496,SCORED,2.2467744187291006,168.0509709664754,SCORED,2.0321137741978506,151.99509573438542,SCORED,3.4418523148472646,257.4386723525509,SCORED,2.632146819012914,196.8754962554936
CPNA-medium:13,CPNA-medium,18550701,1.2398258043999988,PREDICTED,3.66851544380188,3.492807388305664,3.8434977531433105,4.582298755645752,5.342739105224609,,ELIGIBLE,SCORED,2.428689639401881,195.88958632597755,SCORED,2.2529815839056653,181.7175909639962,SCORED,2.6036719487433118,210.00304554907476,SCORED,3.342472951245753,269.5921426529196,SCORED,4.102913300824611,330.92659357982745
CPNA-medium:14,CPNA-medium,18700698,1.1066701862000006,PREDICTED,2.6049695014953613,2.3563313484191895,2.762246608734131,3.382585048675537,1.9200557470321655,,ELIGIBLE,SCORED,1.4982993152953608,135.3880617711503,SCORED,1.2496611622191889,112.92083023490311,SCORED,1.6555764225341303,149.59980337221535,SCORED,2.2759148624755365,205.65430340997972,SCORED,0.813385560832165,73.49846150867279
CPNA-medium:15,CPNA-medium,18800705,1.0511613599999992,PREDICTED,3.8333237171173096,3.454888105392456,3.8418471813201904,4.000127792358398,5.512057781219482,,ELIGIBLE,SCORED,2.7821623571173104,264.6750977525765,SCORED,2.403726745392457,228.67343082250082,SCORED,2.7906858213201913,265.4859593887844,SCORED,2.9489664323583993,280.5436486324423,SCORED,4.460896421219483,424.37789201264843
CPNA-medium:16,CPNA-medium,18900703,1.0150335950000002,PREDICTED,3.4003303050994873,3.2878360748291016,3.329348087310791,3.975276231765747,5.290277481079102,,ELIGIBLE,SCORED,2.385296710099487,234.99682393265874,SCORED,2.2728024798291013,223.91401536114682,SCORED,2.314314492310791,228.00373344399407,SCORED,2.960242636765747,291.6398680149839,SCORED,4.275243886079101,421.1923533505411
CPNA-medium:17,CPNA-medium,19000710,0.9886432989999998,PREDICTED,2.7702512741088867,2.6898858547210693,2.8500916957855225,2.5624282360076904,1.8915201425552368,,ELIGIBLE,SCORED,1.781607975108887,180.20735860051457,SCORED,1.7012425557210695,172.0784996410591,SCORED,1.8614483967855227,188.28311471572752,SCORED,1.5737849370076906,159.18632519934684,SCORED,0.902876843555237,91.32483317982182
CPNA-medium:18,CPNA-medium,19150707,0.9582408561999999,PREDICTED,2.172105312347412,2.064222812652588,2.170288562774658,3.584124803543091,4.815628528594971,,ELIGIBLE,SCORED,1.2138644561474123,126.67634116135618,SCORED,1.1059819564525881,115.41795043455676,SCORED,1.2120477065746584,126.48674899765338,SCORED,2.625883947343091,274.03172494192086,SCORED,3.857387672394971,402.54886310022596
CPNA-medium:19,CPNA-medium,19250714,0.9453946065000001,PREDICTED,3.7319283485412598,3.5677247047424316,3.352856397628784,4.008394718170166,2.933910608291626,,ELIGIBLE,SCORED,2.78653374204126,294.74821655239253,SCORED,2.622330098242432,277.37942232933943,SCORED,2.4074617911287843,254.6515258894471,SCORED,3.063000111670166,323.99170575024493,SCORED,1.988516001791626,210.3371426195698
CPNA-medium:20,CPNA-medium,19400721,0.9481573856000001,PREDICTED,1.7313125133514404,1.6708441972732544,1.7042715549468994,2.5505428314208984,2.372464656829834,,ELIGIBLE,SCORED,0.7831551277514404,82.59758766271221,SCORED,0.7226868116732543,76.22013208449918,SCORED,0.7561141693468993,79.74563936644606,SCORED,1.6023854458208984,168.99994348584846,SCORED,1.424307271229834,150.21844399055365
CPNA-medium:21,CPNA-medium,19500719,0.9748990696,PREDICTED,1.7542957067489624,1.7084946632385254,1.6959595680236816,1.7504785060882568,1.5233734846115112,,ELIGIBLE,SCORED,0.7793966371489625,79.94639255002552,SCORED,0.7335955936385254,75.2483632935991,SCORED,0.7210604984236817,73.96257940009441,SCORED,0.7755794364882569,79.55484425751645,SCORED,0.5484744150115113,56.25961005753649
CPNA-medium:22,CPNA-medium,19600717,1.0383724291999998,PREDICTED,1.7182506322860718,1.6424380540847778,1.6007455587387085,1.3549726009368896,1.58016836643219,,ELIGIBLE,SCORED,0.6798782030860719,65.47537126056737,SCORED,0.604065624884778,58.17427426787249,SCORED,0.5623731295387087,54.159096844663104,SCORED,0.3166001717368898,30.490040262414343,SCORED,0.5417959372321901,52.17741939176963
CPNA-medium:23,CPNA-medium,19750723,1.2355973608000002,PREDICTED,1.828711986541748,1.7258358001708984,1.7126034498214722,1.578467607498169,2.0290396213531494,,ELIGIBLE,SCORED,0.5931146257417479,48.00225741480459,SCORED,0.4902384393708983,39.67622907947039,SCORED,0.477006089021472,38.605301707073046,SCORED,0.3428702466981688,27.749350846474286,SCORED,0.7934422605531493,64.21527641006185
CPNA-medium:24,CPNA-medium,19850730,1.4804198469999952,PREDICTED,1.5715405941009521,1.513504981994629,1.5270854234695435,1.54739248752594,2.421705961227417,,ELIGIBLE,SCORED,0.09112074710095697,6.155061166304214,SCORED,0.033085134994633725,2.234848111613694,SCORED,0.046665576469548276,3.1521852779881323,SCORED,0.06697264052594476,4.523895073526732,SCORED,0.9412861142274218,63.58237604926036
CPNA-medium:25,CPNA-medium,19950728,1.9287873045000097,PREDICTED,1.5874617099761963,1.5128154754638672,1.5417780876159668,2.1320455074310303,1.5178358554840088,,ELIGIBLE,SCORED,0.3413255945238134,17.69638330403121,SCORED,0.4159718290361425,21.56649559366386,SCORED,0.3870092168840429,20.06489860137095,SCORED,0.2032582029310206,10.538134632927306,SCORED,0.4109514490160009,21.306208728003313
CPNA-medium:26,CPNA-medium,20050726,,PREDICTED,1.6179825067520142,1.6211416721343994,1.5733635425567627,2.0201027393341064,1.9356800317764282,,EXCLUDED_GT_NONFINITE,EXCLUDED_GT_NONFINITE,,,EXCLUDED_GT_NONFINITE,,,EXCLUDED_GT_NONFINITE,,,EXCLUDED_GT_NONFINITE,,,EXCLUDED_GT_NONFINITE,,
CPNA-medium:27,CPNA-medium,20200732,,PREDICTED,2.27482271194458,2.315167188644409,2.2224385738372803,3.0501866340637207,2.194847345352173,,EXCLUDED_GT_NONFINITE,EXCLUDED_GT_NONFINITE,,,EXCLUDED_GT_NONFINITE,,,EXCLUDED_GT_NONFINITE,,,EXCLUDED_GT_NONFINITE,,,EXCLUDED_GT_NONFINITE,,
CPNA-medium:28,CPNA-medium,20300739,,PREDICTED,1.9059116840362549,1.9713908433914185,1.7691566944122314,4.257096290588379,3.32680606842041,,EXCLUDED_GT_NONFINITE,EXCLUDED_GT_NONFINITE,,,EXCLUDED_GT_NONFINITE,,,EXCLUDED_GT_NONFINITE,,,EXCLUDED_GT_NONFINITE,,,EXCLUDED_GT_NONFINITE,,
CPNA-medium:29,CPNA-medium,20400737,,PREDICTED,-59.999996185302734,33.38253402709961,12.406855583190918,6.239689826965332,4.638959884643555,,EXCLUDED_GT_NONFINITE,EXCLUDED_GT_NONFINITE,,,EXCLUDED_GT_NONFINITE,,,EXCLUDED_GT_NONFINITE,,,EXCLUDED_GT_NONFINITE,,,EXCLUDED_GT_NONFINITE,,
CPNA-medium:30,CPNA-medium,20500744,,PREDICTED,3.2755863666534424,2.70463228225708,2.624765157699585,7.282947540283203,3.3835675716400146,,EXCLUDED_GT_NONFINITE,EXCLUDED_GT_NONFINITE,,,EXCLUDED_GT_NONFINITE,,,EXCLUDED_GT_NONFINITE,,,EXCLUDED_GT_NONFINITE,,,EXCLUDED_GT_NONFINITE,,
CPNA-medium:31,CPNA-medium,20650742,,PREDICTED,4.909465312957764,4.435403823852539,4.55853796005249,7.685394763946533,4.326823711395264,,EXCLUDED_GT_NONFINITE,EXCLUDED_GT_NONFINITE,,,EXCLUDED_GT_NONFINITE,,,EXCLUDED_GT_NONFINITE,,,EXCLUDED_GT_NONFINITE,,,EXCLUDED_GT_NONFINITE,,
CPNAO-high:00,CPNAO-high,13050415,3.4830584631000003,PREDICTED,3.9956045150756836,3.941453456878662,3.8672242164611816,68.83807373046875,7.599512577056885,,ELIGIBLE,SCORED,0.5125460519756833,14.71540192063,SCORED,0.4583949937786618,13.16070340578435,SCORED,0.3841657533611813,11.029552257910282,SCORED,65.35501526736876,1876.3685984530196,SCORED,4.116454113956884,118.1850421854001
CPNAO-high:01,CPNAO-high,13200421,3.319595791999999,PREDICTED,5.143796920776367,4.783588409423828,4.448462963104248,31.47340965270996,4.607935428619385,,ELIGIBLE,SCORED,1.8242011287763682,54.95250756651063,SCORED,1.4639926174238291,44.10153251043251,SCORED,1.128867171104249,34.006163455946734,SCORED,28.153813860709963,848.1096984325244,SCORED,1.2883396366193858,38.810135852208184
CPNAO-high:02,CPNAO-high,13400427,3.1830115402,PREDICTED,5.196103096008301,4.952657699584961,5.842304229736328,7.4543538093566895,4.490581512451172,,ELIGIBLE,SCORED,2.013091555808301,63.244871417645285,SCORED,1.769646159384961,55.59659891379998,SCORED,2.6592926895363282,83.54643569307434,SCORED,4.27134226915669,134.19185620949102,SCORED,1.307569972251172,41.079649122761666
CPNAO-high:03,CPNAO-high,13550424,3.0874278875999996,PREDICTED,5.004228591918945,4.615104675292969,5.511754989624023,5.082187652587891,4.862482070922852,,ELIGIBLE,SCORED,1.9168007043189457,62.084063955545965,SCORED,1.527676787692969,49.48056580782209,SCORED,2.424327102024024,78.52254984677765,SCORED,1.994759764987891,64.6091127504361,SCORED,1.775054183322852,57.49297628786672
CPNAO-high:04,CPNAO-high,13750429,2.9514089660000002,PREDICTED,8.369465827941895,10.556729316711426,14.108590126037598,4.3069634437561035,3.8631722927093506,,ELIGIBLE,SCORED,5.418056861941894,183.5752660630053,SCORED,7.605320350711425,257.6843954302545,SCORED,11.157181160037597,378.02897831400014,SCORED,1.3555544777561033,45.92906280938983,SCORED,0.9117633267093503,30.89247668529819
CPNAO-high:05,CPNAO-high,13900435,2.8421419770000007,PREDICTED,12.229284286499023,14.86163330078125,31.93567657470703,6.980588436126709,5.901070594787598,,ELIGIBLE,SCORED,9.387142309499023,330.28407396478985,SCORED,12.01949132378125,422.90256507411794,SCORED,29.09353459770703,1023.648179195343,SCORED,4.138446459126708,145.61012407603263,SCORED,3.058928617787597,107.62757956998416
CPNAO-high:06,CPNAO-high,14100440,2.736947775999999,PREDICTED,4.165826797485352,4.191095352172852,4.811388969421387,-3.752805233001709,4.497563362121582,,ELIGIBLE,SCORED,1.4288790214853524,52.20702543230963,SCORED,1.4541475761728524,53.13026389922805,SCORED,2.0744411934213876,75.79396331972205,SCORED,6.489753009001708,237.11643553850953,SCORED,1.7606155861215829,64.32770115528808
CPNAO-high:07,CPNAO-high,14300445,2.6131260138999997,PREDICTED,3.5694215297698975,3.6651499271392822,3.6602630615234375,-85.17218017578125,3.7024927139282227,,ELIGIBLE,SCORED,0.9562955158698978,36.59584385839319,SCORED,1.0520239132392826,40.259210908438874,SCORED,1.0471370476234378,40.07219866372316,SCORED,87.78530618968125,3359.3981202102354,SCORED,1.089366700028223,41.68825744466801
CPNAO-high:08,CPNAO-high,14450442,2.5347613232,PREDICTED,4.0486955642700195,4.382455348968506,4.283270359039307,-3.7563343048095703,20.955018997192383,,ELIGIBLE,SCORED,1.5139342410700194,59.72689527859604,SCORED,1.8476940257685057,72.89420147203016,SCORED,1.7485090358393065,68.98121017689775,SCORED,6.29109562800957,248.19282077680592,SCORED,18.42025767399238,726.7058048186484
CPNAO-high:09,CPNAO-high,14650448,2.4262941183999995,PREDICTED,-36.02364730834961,-59.999996185302734,-19.19683074951172,-5.546700477600098,8.8329496383667,,ELIGIBLE,SCORED,38.44994142674961,1584.718898469948,SCORED,62.426290303702736,2572.9069625272496,SCORED,21.62312486791172,891.1996572851983,SCORED,7.972994596000097,328.607918369675,SCORED,6.4066555199667,264.0510674852362
CPNAO-high:10,CPNAO-high,14800454,2.3469795982,PREDICTED,4.580167770385742,4.453113555908203,4.729598522186279,-3.7789247035980225,5.994517803192139,,ELIGIBLE,SCORED,2.2331881721857423,95.15158009462336,SCORED,2.106133957708203,89.73805990147883,SCORED,2.3826189239862794,101.51851877253696,SCORED,6.125904301798022,261.0122519384592,SCORED,3.6475382049921388,155.4141419801686
CPNAO-high:11,CPNAO-high,15000459,2.2529976789,PREDICTED,5.534176349639893,6.0209059715271,6.7694783210754395,7.813022613525391,5.186108589172363,,ELIGIBLE,SCORED,3.2811786707398927,145.63613187306478,SCORED,3.7679082926270997,167.2397769387289,SCORED,4.5164806421754395,200.46539259554672,SCORED,5.560024934625391,246.78342932603502,SCORED,2.9331109102723634,130.18703648662526
CPNAO-high:12,CPNAO-high,15150456,2.1836265540000004,PREDICTED,4.2754740715026855,4.421438694000244,4.98613977432251,5.243010997772217,5.578273773193359,,ELIGIBLE,SCORED,2.091847517502685,95.79694447618834,SCORED,2.2378121400002438,102.4814493073912,SCORED,2.8025132203225094,128.34214784523584,SCORED,3.0593844437722164,140.1056622144473,SCORED,3.394647219193359,155.45914721429781
CPNAO-high:13,CPNAO-high,15350461,2.1197048400000003,PREDICTED,5.616325855255127,5.570111274719238,6.0646867752075195,7.25124979019165,3.884495973587036,,ELIGIBLE,SCORED,3.4966210152551267,164.95792004962004,SCORED,3.450406434719238,162.77768345894975,SCORED,3.9449819352075193,186.1099649707607,SCORED,5.13154495019165,242.08771208880427,SCORED,1.7647911335870359,83.25645628978398
CPNAO-high:14,CPNAO-high,15550466,2.0495114869999993,PREDICTED,3.0106635093688965,3.1892142295837402,3.0855019092559814,8.613506317138672,6.224526882171631,,ELIGIBLE,SCORED,0.9611520223688972,46.89663992934222,SCORED,1.139702742583741,55.608507188803145,SCORED,1.0359904222559821,50.54816373693164,SCORED,6.563994830138673,320.2711900749974,SCORED,4.175015395171632,203.7078309467232
CPNAO-high:15,CPNAO-high,15700472,1.9966111888000002,PREDICTED,3.3380937576293945,3.698904275894165,3.597083806991577,6.959334850311279,3.541297674179077,,ELIGIBLE,SCORED,1.3414825688293943,67.18797211767856,SCORED,1.7022930870941648,85.2591178814977,SCORED,1.600472618191577,80.1594535365441,SCORED,4.962723661511279,248.5573400244224,SCORED,1.544686485379077,77.36541265740686
CPNAO-high:16,CPNAO-high,15900477,1.9570518575,PREDICTED,3.6582703590393066,3.653968095779419,3.7476418018341064,14.859586715698242,2.3522441387176514,,ELIGIBLE,SCORED,1.7012185015393066,86.92761487232623,SCORED,1.696916238279419,86.70778098067944,SCORED,1.7905899443341065,91.49425128782549,SCORED,12.902534858198242,659.2842600849806,SCORED,0.3951922812176514,20.19324524810919
CPNAO-high:17,CPNAO-high,16050475,1.9249374129999999,PREDICTED,5.745014667510986,5.665500164031982,5.949651718139648,7.539135932922363,4.260717868804932,,ELIGIBLE,SCORED,3.8200772545109865,198.45202387943752,SCORED,3.7405627510319825,194.32126601988293,SCORED,4.024714305139648,209.08286565365066,SCORED,5.614198519922363,291.6561588967549,SCORED,2.3357804558049318,121.34318965543073
CPNAO-high:18,CPNAO-high,16250480,1.8802732640000006,PREDICTED,4.603780269622803,5.128998279571533,5.796313762664795,4.447936534881592,2.637280225753784,,ELIGIBLE,SCORED,2.7235070056228023,144.84634003830635,SCORED,3.248725015571533,172.7794080664826,SCORED,3.9160404986647945,208.26975385131004,SCORED,2.5676632708815914,136.5579844186728,SCORED,0.7570069617537836,40.26047576421761
CPNAO-high:19,CPNAO-high,16450485,1.8713504123999998,PREDICTED,2.258193016052246,2.262571334838867,2.2535581588745117,2.17038631439209,2.280743360519409,,ELIGIBLE,SCORED,0.3868426036522463,20.6718421675031,SCORED,0.3912209224388674,20.905807904631185,SCORED,0.38220774647451194,20.424167699534795,SCORED,0.29903590199209007,15.979685045120847,SCORED,0.4093929481194094,21.87687273354457
CPNAO-high:20,CPNAO-high,16600491,1.8799561065000014,PREDICTED,2.4192137718200684,2.3719916343688965,2.345792293548584,2.4827990531921387,2.601320505142212,,ELIGIBLE,SCORED,0.5392576653200669,28.6845880845605,SCORED,0.49203552786889504,26.172713616433292,SCORED,0.46583618704858254,24.77909912034333,SCORED,0.6028429466921372,32.06686287024419,SCORED,0.7213643986422105,38.37134261529153
CPNAO-high:21,CPNAO-high,16800496,1.92309237,PREDICTED,4.017487049102783,4.259255409240723,4.117247104644775,1.9671435356140137,2.096334457397461,,ELIGIBLE,SCORED,2.094394679102783,108.90764852354873,SCORED,2.3361630392407227,121.47950226856356,SCORED,2.1941547346447754,114.09512974380817,SCORED,0.044051165614013676,2.290642212574203,SCORED,0.17324208739746094,9.008516184662566
CPNAO-high:22,CPNAO-high,16950493,1.9583397152999995,PREDICTED,2.3182907104492188,2.2902681827545166,2.393789052963257,2.218970775604248,1.886515498161316,,ELIGIBLE,SCORED,0.35995099514921924,18.38041644853626,SCORED,0.3319284674545171,16.949483527359742,SCORED,0.43544933766325733,22.23563839619882,SCORED,0.26063106030424854,13.308776728981481,SCORED,0.07182421713868359,3.667607646290357
CPNAO-high:23,CPNAO-high,17150498,2.0525663603999993,PREDICTED,2.7591190338134766,2.672335624694824,2.6628451347351074,3.836897134780884,2.1141417026519775,,ELIGIBLE,SCORED,0.7065526734134773,34.4228906331577,SCORED,0.6197692642948249,30.194846619918575,SCORED,0.6102787743351081,29.73247472574667,SCORED,1.7843307743808845,86.93169725499926,SCORED,0.06157534225197825,2.999919682985479
CPNAO-high:24,CPNAO-high,17300504,2.1308801347999986,PREDICTED,2.3063747882843018,2.2744743824005127,2.347252607345581,2.0725021362304688,2.4081668853759766,,ELIGIBLE,SCORED,0.17549465348430315,8.23578251156651,SCORED,0.1435942476005141,6.738729469360398,SCORED,0.21637247254558245,10.154136265665214,SCORED,0.058377998569529854,2.7396190717695683,SCORED,0.27728675057597796,13.012780308358533
CPNAO-high:25,CPNAO-high,17500510,2.3216289879999965,PREDICTED,3.1075708866119385,3.0463790893554688,3.10032320022583,2.7641067504882812,2.777275562286377,,ELIGIBLE,SCORED,0.785941898611942,33.85303606537941,SCORED,0.7247501013554722,31.217309272995404,SCORED,0.7786942122258336,33.540854988059564,SCORED,0.44247776248828474,19.05893511734035,SCORED,0.45564657428638045,19.626158039959016
CPNAO-high:26,CPNAO-high,17700515,2.7369285676999966,PREDICTED,3.482208728790283,3.310072660446167,3.2773680686950684,3.4330437183380127,2.7579452991485596,,ELIGIBLE,SCORED,0.7452801610902866,27.230530233260335,SCORED,0.5731440927461704,20.94114181532393,SCORED,0.5404395009950718,19.746204098020545,SCORED,0.6961151506380161,25.43417314040472,SCORED,0.021016731448562975,0.767894774331819
CPNAO-high:27,CPNAO-high,17850512,3.214178418399999,PREDICTED,3.8348605632781982,3.6963346004486084,3.8321142196655273,3.3956820964813232,2.849391460418701,,ELIGIBLE,SCORED,0.6206821448781992,19.31075578521156,SCORED,0.4821561820486093,15.000915297310225,SCORED,0.6179358012655283,19.22531113170542,SCORED,0.18150367808132417,5.646969597029269,SCORED,0.3647869579812979,11.349306432182656
CPNAO-high:28,CPNAO-high,18050517,,PREDICTED,4.2000322341918945,4.067196369171143,4.449510097503662,3.0132198333740234,3.9764351844787598,,EXCLUDED_GT_NONFINITE,EXCLUDED_GT_NONFINITE,,,EXCLUDED_GT_NONFINITE,,,EXCLUDED_GT_NONFINITE,,,EXCLUDED_GT_NONFINITE,,,EXCLUDED_GT_NONFINITE,,
CPNAO-high:29,CPNAO-high,18200523,,PREDICTED,5.787075519561768,5.769252777099609,6.0507683753967285,4.506551742553711,4.198397636413574,,EXCLUDED_GT_NONFINITE,EXCLUDED_GT_NONFINITE,,,EXCLUDED_GT_NONFINITE,,,EXCLUDED_GT_NONFINITE,,,EXCLUDED_GT_NONFINITE,,,EXCLUDED_GT_NONFINITE,,
CPNAO-high:30,CPNAO-high,18400528,,PREDICTED,8.271805763244629,7.775228977203369,8.064034461975098,6.580642223358154,5.988676071166992,,EXCLUDED_GT_NONFINITE,EXCLUDED_GT_NONFINITE,,,EXCLUDED_GT_NONFINITE,,,EXCLUDED_GT_NONFINITE,,,EXCLUDED_GT_NONFINITE,,,EXCLUDED_GT_NONFINITE,,
CPNAO-high:31,CPNAO-high,18600524,,PREDICTED,7.182327747344971,8.454975128173828,9.23167610168457,20.080930709838867,11.517434120178223,,EXCLUDED_GT_NONFINITE,EXCLUDED_GT_NONFINITE,,,EXCLUDED_GT_NONFINITE,,,EXCLUDED_GT_NONFINITE,,,EXCLUDED_GT_NONFINITE,,,EXCLUDED_GT_NONFINITE,,
CPNAO-low:00,CPNAO-low,21950784,4.054562315500002,PREDICTED,2.726583480834961,2.7500996589660645,2.8036043643951416,5.03212833404541,4.710385799407959,,ELIGIBLE,SCORED,1.327978834665041,32.75270501055986,SCORED,1.3044626565339374,32.172711997720846,SCORED,1.2509579511048603,30.853094705749868,SCORED,0.9775660185454083,24.110272391382804,SCORED,0.6558234839079571,16.174951397363884
CPNAO-low:01,CPNAO-low,22050792,3.9666699075999996,PREDICTED,2.4117910861968994,2.4664242267608643,2.5111873149871826,5.9678425788879395,9.302484512329102,,ELIGIBLE,SCORED,1.5548788214031002,39.198593722759924,SCORED,1.5002456808391353,37.821288783438156,SCORED,1.455482592612817,36.692808489664436,SCORED,2.00117267128794,50.449689989423206,SCORED,5.3358146047291015,134.51622466759508
CPNAO-low:02,CPNAO-low,22150790,3.8922547024,PREDICTED,2.777144193649292,2.853055477142334,2.848017692565918,8.494707107543945,5.966378211975098,,ELIGIBLE,SCORED,1.1151105087507078,28.64947425108435,SCORED,1.0391992252576658,26.69915780734714,SCORED,1.0442370098340819,26.828588817432625,SCORED,4.6024524051439455,118.24643444597886,SCORED,2.074123509575098,53.288483620976145
CPNAO-low:03,CPNAO-low,22300796,3.7568573775000034,PREDICTED,3.098956346511841,3.0508275032043457,2.9989593029022217,5.757136344909668,4.2303571701049805,,ELIGIBLE,SCORED,0.6579010309881625,17.512004446279036,SCORED,0.7060298742956577,18.793097617282573,SCORED,0.7578980745977817,20.173724963233077,SCORED,2.0002789674096646,53.24340975490392,SCORED,0.4734997926049771,12.603613739525748
CPNAO-low:04,CPNAO-low,22400794,3.6771348392,PREDICTED,2.9109652042388916,2.9002034664154053,2.8766372203826904,8.595017433166504,4.0840349197387695,,ELIGIBLE,SCORED,0.7661696349611082,20.836049491396857,SCORED,0.7769313727845946,21.128715882326045,SCORED,0.8004976188173094,21.76960198151086,SCORED,4.917882593966504,133.7422425073877,SCORED,0.4069000805387697,11.065682884430075
CPNAO-low:05,CPNAO-low,22500801,3.578869328000002,PREDICTED,3.0109703540802,2.8824381828308105,2.8829901218414307,-38.81278991699219,3.855891704559326,,ELIGIBLE,SCORED,0.5678989739198017,15.868111458463439,SCORED,0.6964311451691914,19.459529849847343,SCORED,0.6958792061585712,19.44410768826402,SCORED,42.39165924499219,1184.4986603263926,SCORED,0.27702237655932427,7.7404998945332855
CPNAO-low:06,CPNAO-low,22650798,3.4303029780000007,PREDICTED,3.5284383296966553,3.4541471004486084,3.363255262374878,4.953765869140625,3.53836989402771,,ELIGIBLE,SCORED,0.09813535169665455,2.860836267992609,SCORED,0.023844122448607674,0.6951025201426878,SCORED,0.0670477156251228,1.954571245022042,SCORED,1.5234628911406243,44.411904747517724,SCORED,0.10806691602770924,3.150360674284125
CPNAO-low:07,CPNAO-low,22750805,3.3427907508000003,PREDICTED,3.890446424484253,3.8038768768310547,3.7890207767486572,5.664916515350342,4.499396800994873,,ELIGIBLE,SCORED,0.5476556736842526,16.3831874176745,SCORED,0.46108612603105437,13.793448660246135,SCORED,0.4462300259486569,13.349026583308113,SCORED,2.3221257645503415,69.46668031777364,SCORED,1.1566060501948727,34.60001347431252
CPNAO-low:08,CPNAO-low,22900802,3.1998003516000004,PREDICTED,5.870208263397217,6.078567028045654,5.820233345031738,5.571438312530518,-40.13688278198242,,ELIGIBLE,SCORED,2.6704079117972164,83.45545403987248,SCORED,2.878766676445654,89.96707169577566,SCORED,2.620432993431738,81.89364039920301,SCORED,2.371637960930517,74.11831052973739,SCORED,43.336683133582426,1354.3558463549991
CPNAO-low:09,CPNAO-low,23000809,3.1111877048,PREDICTED,5.544829845428467,6.194253444671631,6.016272068023682,5.076436519622803,4.499903678894043,,ELIGIBLE,SCORED,2.433642140628467,78.22228587731294,SCORED,3.083065739871631,99.0961019521586,SCORED,2.905084363223682,93.37541282840833,SCORED,1.965248814822803,63.16715676751935,SCORED,1.3887159740940431,44.636200250840076
CPNAO-low:10,CPNAO-low,23100808,3.0208443163000016,PREDICTED,5.291708946228027,5.676754951477051,5.515746116638184,8.031526565551758,3.3533976078033447,,ELIGIBLE,SCORED,2.2708646299280257,75.17317650813041,SCORED,2.655910635177049,87.91948068446203,SCORED,2.494901800338182,82.58955242665382,SCORED,5.010682249251756,165.87025760364088,SCORED,0.3325532915033431,11.008620659758524
CPNAO-low:11,CPNAO-low,23250814,2.883465844400001,PREDICTED,6.8979949951171875,8.6896333694458,7.501687049865723,9.407011032104492,31.642587661743164,,ELIGIBLE,SCORED,4.014529150717186,139.2258263961694,SCORED,5.806167525045799,201.36071791250788,SCORED,4.618221205465721,160.1621609090602,SCORED,6.5235451877044905,226.23972468319374,SCORED,28.759121817343164,997.3803529941737
CPNAO-low:12,CPNAO-low,23350812,2.7914257826000006,PREDICTED,4.182063579559326,6.063490390777588,6.033238887786865,5.447254180908203,12.394240379333496,,ELIGIBLE,SCORED,1.3906377969593255,49.818189888038226,SCORED,3.2720646081775873,117.21839887607214,SCORED,3.2418131051868646,116.13466943646851,SCORED,2.6558283983082025,95.14236111391435,SCORED,9.602814596733495,344.0111020178801
CPNAO-low:13,CPNAO-low,23500818,2.6586052957000015,PREDICTED,4.4977641105651855,5.045767307281494,4.884189128875732,13.243358612060547,5.332143306732178,,ELIGIBLE,SCORED,1.839158814865184,69.17758035913864,SCORED,2.3871620115814927,89.79001190746374,SCORED,2.225583833175731,83.71245768506387,SCORED,10.584753316360546,398.1318074360345,SCORED,2.6735380110321763,100.56167477573021
CPNAO-low:14,CPNAO-low,23600825,2.565875104000001,PREDICTED,4.462663173675537,4.642220497131348,4.617656230926514,5.400038242340088,3.5372209548950195,,ELIGIBLE,SCORED,1.896788069675536,73.92363200837757,SCORED,2.0763453931313465,80.92153004230347,SCORED,2.0517811269265125,79.96418546358488,SCORED,2.8341631383400867,110.45600520157217,SCORED,0.9713458508950183,37.85631846931151
CPNAO-low:15,CPNAO-low,23700823,2.4720778428,PREDICTED,3.4792048931121826,3.4143712520599365,3.453824758529663,5.782076835632324,4.501231670379639,,ELIGIBLE,SCORED,1.0071270503121825,40.7401026325069,SCORED,0.9422934092599364,38.11746511156167,SCORED,0.981746915729663,39.71343048881045,SCORED,3.309998992832324,133.89541929162118,SCORED,2.0291538275796386,82.08292604901618
CPNAO-low:16,CPNAO-low,23850829,2.3302790464000007,PREDICTED,4.023612022399902,4.019082546234131,4.088414192199707,5.190247535705566,12.832209587097168,,ELIGIBLE,SCORED,1.6933329759999016,72.66653230289721,SCORED,1.6888034998341301,72.47215746299257,SCORED,1.7581351457997063,75.44740826279207,SCORED,2.8599684893055657,122.73073019833703,SCORED,10.501930540697167,450.6726590071425
CPNAO-low:17,CPNAO-low,23950828,2.227496505599998,PREDICTED,5.286749362945557,5.171788692474365,5.116255283355713,4.405515670776367,2.5422065258026123,,ELIGIBLE,SCORED,3.059252857345559,137.34041106931028,SCORED,2.9442921868743674,132.17943011234013,SCORED,2.888758777755715,129.6863438615182,SCORED,2.1780191651763694,97.77879155818019,SCORED,0.3147100202026145,14.128418132707433
CPNAO-low:18,CPNAO-low,24050835,2.1318738086000018,PREDICTED,6.0775017738342285,6.379558086395264,6.300337314605713,3.138063430786133,2.5462114810943604,,ELIGIBLE,SCORED,3.9456279652342268,185.07793234841205,SCORED,4.247684277795262,199.24651546728788,SCORED,4.168463506005711,195.5304994690626,SCORED,1.006189622186131,47.19742876558413,SCORED,0.4143376724943586,19.435375153206348
CPNAO-low:19,CPNAO-low,24200832,1.988015925000002,PREDICTED,3.618197441101074,3.9586429595947266,4.216371536254883,3.712101936340332,2.822446823120117,,ELIGIBLE,SCORED,1.6301815161010722,82.0004254292415,SCORED,1.9706270345947245,99.12531433040319,SCORED,2.228355611254881,112.08942459829032,SCORED,1.72408601134033,86.7239537500349,SCORED,0.8344308981201152,41.97304898954038
CPNAO-low:20,CPNAO-low,24300839,1.906321975200001,PREDICTED,3.840015172958374,3.950507879257202,4.0880913734436035,3.975945234298706,2.1081221103668213,,ELIGIBLE,SCORED,1.9336931977583731,101.4358132002072,SCORED,2.0441859040572012,107.23193304440277,SCORED,2.1817693982436026,114.44915531725448,SCORED,2.069623259098705,108.56630128714598,SCORED,0.20180013516682038,10.585836904369138
CPNAO-low:21,CPNAO-low,24450836,1.763170380000001,PREDICTED,4.323031902313232,4.754058361053467,4.677211761474609,2.9808144569396973,2.251210927963257,,ELIGIBLE,SCORED,2.5598615223132315,145.18514780819027,SCORED,2.990887981053466,169.6312514649585,SCORED,2.9140413814746084,165.27281847115688,SCORED,1.2176440769396963,69.05992130719073,SCORED,0.4880405479632559,27.679715670090584
CPNAO-low:22,CPNAO-low,24550843,1.6686607424000004,PREDICTED,4.125124454498291,4.35732364654541,4.28822660446167,2.566179037094116,2.2544870376586914,,ELIGIBLE,SCORED,2.456463712098291,147.21169196832722,SCORED,2.68866290414541,161.12699459078553,SCORED,2.6195658620616697,156.9861263886392,SCORED,0.8975182946941158,53.786744776127094,SCORED,0.585826295258691,35.10757341939435
CPNAO-low:23,CPNAO-low,24650841,1.5777145719999992,PREDICTED,4.132629871368408,4.325379371643066,4.522806644439697,2.1765668392181396,2.3494508266448975,,ELIGIBLE,SCORED,2.554915299368409,161.93773859422848,SCORED,2.747664799643067,174.15474563057205,SCORED,2.945092072439698,186.6682430844468,SCORED,0.5988522672181404,37.956945942319706,SCORED,0.7717362546448983,48.91482073760669
CPNAO-low:24,CPNAO-low,24800848,1.4393915915000024,PREDICTED,2.8727052211761475,2.8506205081939697,2.9451186656951904,3.248250961303711,2.3592233657836914,,ELIGIBLE,SCORED,1.433313629676145,99.57774091083002,SCORED,1.4112289166939673,98.0434320325099,SCORED,1.505727074195188,104.60857789408489,SCORED,1.8088593698037085,125.66832962520509,SCORED,0.919831774283689,63.90420645191656
CPNAO-low:25,CPNAO-low,24900854,1.3486603897000002,PREDICTED,3.728471517562866,3.695883274078369,3.7356209754943848,2.3648035526275635,2.2747533321380615,,ELIGIBLE,SCORED,2.379811127862866,176.45740514350229,SCORED,2.347222884378369,174.0410634363253,SCORED,2.3869605857943847,176.98752065561493,SCORED,1.0161431629275632,75.34462869140815,SCORED,0.9260929424380613,68.66761636293506
CPNAO-low:26,CPNAO-low,25050852,1.2272553622000015,PREDICTED,2.55375599861145,2.501325845718384,2.5480945110321045,1.3954488039016724,1.943634033203125,,ELIGIBLE,SCORED,1.3265006364114487,108.08676639501809,SCORED,1.2740704835183823,103.81461941502208,SCORED,1.320839148832103,107.62545347240051,SCORED,0.16819344170167083,13.704844719534492,SCORED,0.7163786710031235,58.37242134505155
CPNAO-low:27,CPNAO-low,25150859,1.1827039137999995,PREDICTED,2.383119583129883,2.3379693031311035,2.3468050956726074,1.272214651107788,2.2229721546173096,,ELIGIBLE,SCORED,1.2004156693298833,101.49756463331354,SCORED,1.155265389331104,97.68001744572433,SCORED,1.164101181872608,98.42710151625174,SCORED,0.08951073730778858,7.568313274638004,SCORED,1.04026824081731,87.95677672824748
CPNAO-low:28,CPNAO-low,25250857,1.1496911448000002,PREDICTED,2.5009331703186035,2.443056106567383,2.453325033187866,1.9618597030639648,2.3510541915893555,,ELIGIBLE,SCORED,1.3512420255186033,117.5308718024148,SCORED,1.2933649617673826,112.49673163242252,SCORED,1.303633888387866,113.38992165714605,SCORED,0.8121685582639646,70.64232528339157,SCORED,1.2013630467893552,104.49441593275417
CPNAO-low:29,CPNAO-low,25400863,1.1247798439999999,PREDICTED,3.3170552253723145,3.087899923324585,3.072783946990967,1.4640724658966064,1.8243064880371094,,ELIGIBLE,SCORED,2.1922753813723146,194.90706497513614,SCORED,1.963120079324585,174.53371784679538,SCORED,1.948004102990967,173.18981251152002,SCORED,0.3392926218966066,30.165247333202267,SCORED,0.6995266440371095,62.19231681369902
CPNAO-low:30,CPNAO-low,25500861,1.126055718,PREDICTED,2.579862594604492,2.5141055583953857,2.5537612438201904,2.1223790645599365,1.862800121307373,,ELIGIBLE,SCORED,1.4538068766044923,129.1061226691886,SCORED,1.3880498403953858,123.26653274854964,SCORED,1.4277055258201905,126.78817779602898,SCORED,0.9963233465599366,88.4790450981873,SCORED,0.7367444033073731,65.42699366741044
CPNAO-low:31,CPNAO-low,25650867,,PREDICTED,3.639518976211548,3.164121389389038,3.269146203994751,2.9311530590057373,3.1881847381591797,,EXCLUDED_GT_NONFINITE,EXCLUDED_GT_NONFINITE,,,EXCLUDED_GT_NONFINITE,,,EXCLUDED_GT_NONFINITE,,,EXCLUDED_GT_NONFINITE,,,EXCLUDED_GT_NONFINITE,,
CPNAO-medium:00,CPNAO-medium,18450699,1.6470159061999996,PREDICTED,2.473172426223755,2.432568311691284,2.2411768436431885,2.7865796089172363,5.963006019592285,,ELIGIBLE,SCORED,0.8261565200237553,50.160810039161454,SCORED,0.7855524054912846,47.69549598969652,SCORED,0.5941609374431889,36.07499692058463,SCORED,1.1395637027172367,69.1895991063281,SCORED,4.315990113392285,262.04908508443924
CPNAO-medium:01,CPNAO-medium,18500707,1.612197487800001,PREDICTED,2.393249034881592,2.4144327640533447,2.2411694526672363,1.2935222387313843,3.7191872596740723,,ELIGIBLE,SCORED,0.7810515470815909,48.446394005204105,SCORED,0.8022352762533438,49.76036014967814,SCORED,0.6289719648672354,39.01333240045724,SCORED,0.31867524906861666,19.766514430157052,SCORED,2.1069897718740713,130.69055049510482
CPNAO-medium:02,CPNAO-medium,18550706,1.5746574604999988,PREDICTED,1.9201191663742065,1.9317858219146729,1.9098016023635864,1.6236602067947388,1.9014801979064941,,ELIGIBLE,SCORED,0.34546170587420777,21.938847942492444,SCORED,0.3571283614146741,22.679749111992624,SCORED,0.33514414186358765,21.28362201117504,SCORED,0.049002746294739996,3.1119622853836555,SCORED,0.32682273740649537,20.755163939128693
CPNAO-medium:03,CPNAO-medium,18600705,1.539749384799999,PREDICTED,3.5300607681274414,3.858093738555908,3.5630886554718018,3.272549629211426,5.829288482666016,,ELIGIBLE,SCORED,1.9903113833274424,129.26203465156556,SCORED,2.318344353755909,150.56634388959625,SCORED,2.0233392706718027,131.40705173489113,SCORED,1.7328002444114268,112.53781047209208,SCORED,4.289539097866017,278.58683628720485
CPNAO-medium:04,CPNAO-medium,18650704,1.5042745887,PREDICTED,6.668795108795166,7.146665096282959,7.720015048980713,4.916040420532227,7.712031364440918,,ELIGIBLE,SCORED,5.1645205200951665,343.32299161939346,SCORED,5.6423905075829595,375.0904622047186,SCORED,6.215740460280713,413.20517590158727,SCORED,3.4117658318322266,226.80472418142008,SCORED,6.207756775740918,412.67444270967087
CPNAO-medium:05,CPNAO-medium,18700703,1.4659884945999992,PREDICTED,5.768604755401611,6.124988555908203,7.156126976013184,3.4054973125457764,5.375538349151611,,ELIGIBLE,SCORED,4.302616260801612,293.49590918689967,SCORED,4.659000061308204,317.80604544099305,SCORED,5.690138481413184,388.14346104167487,SCORED,1.9395088179457771,132.30041198072155,SCORED,3.909549854551612,266.68352916496445
CPNAO-medium:06,CPNAO-medium,18750711,1.424776904000001,PREDICTED,4.157235145568848,4.326765060424805,4.618955135345459,3.5220577716827393,4.9176106452941895,,ELIGIBLE,SCORED,2.732458241568847,191.7814805881248,SCORED,2.901988156424804,203.6801795619788,SCORED,3.1941782313454583,224.18795689191327,SCORED,2.0972808676827386,147.20065027687573,SCORED,3.4928337412941888,245.14952000472533
CPNAO-medium:07,CPNAO-medium,18800710,1.3871553350000008,PREDICTED,7.313924789428711,8.446775436401367,9.927375793457031,-5.551729679107666,5.055830001831055,,ELIGIBLE,SCORED,5.92676945442871,427.26068990887075,SCORED,7.059620101401366,508.92787010052933,SCORED,8.54022045845703,615.6643198475696,SCORED,6.938885014107667,500.2240801033046,SCORED,3.6686746668310537,264.47468241406807
CPNAO-medium:08,CPNAO-medium,18900709,1.310334706400001,PREDICTED,2.430652379989624,2.334822416305542,2.6565017700195312,4.458871364593506,3.790210723876953,,ELIGIBLE,SCORED,1.120317673589623,85.4985881178078,SCORED,1.024487709905541,78.18519229489137,SCORED,1.3461670636195302,102.73459575210173,SCORED,3.148536658193505,240.2849167327453,SCORED,2.4798760174769523,189.25515788940186
CPNAO-medium:09,CPNAO-medium,18950717,1.2726366367999986,PREDICTED,2.3503050804138184,2.3150243759155273,2.497647285461426,2.5860435962677,2.7601959705352783,,ELIGIBLE,SCORED,1.0776684436138197,84.67997953630977,SCORED,1.0423877391155287,81.90772675982181,SCORED,1.2250106486614272,96.25769157028786,SCORED,1.3134069594677016,103.20361063706436,SCORED,1.4875593337352797,116.88798599069857
CPNAO-medium:10,CPNAO-medium,19000716,1.2398209124999995,PREDICTED,2.205031156539917,2.0341899394989014,2.3384037017822266,2.4513328075408936,2.121485471725464,,ELIGIBLE,SCORED,0.9652102440399175,77.85077943988284,SCORED,0.7943690269989019,64.0712718256317,SCORED,1.098582789282227,88.60818350506953,SCORED,1.211511895040894,97.71668495234344,SCORED,0.8816645592254644,71.11225099822349
CPNAO-medium:11,CPNAO-medium,19050715,1.2028730735999997,PREDICTED,2.2913901805877686,2.032435655593872,2.2553751468658447,3.0092310905456543,2.848196506500244,,ELIGIBLE,SCORED,1.0885171069877688,90.493097807071,SCORED,0.8295625819938723,68.96509699989618,SCORED,1.052502073265845,87.49901351735147,SCORED,1.8063580169456546,150.17029282561995,SCORED,1.6453234329002444,136.78279687282915
CPNAO-medium:12,CPNAO-medium,19100714,1.1698680191000002,PREDICTED,2.3788015842437744,2.1105306148529053,2.48895263671875,2.8531370162963867,4.188701629638672,,ELIGIBLE,SCORED,1.2089335651437743,103.33931224770363,SCORED,0.9406625957529051,80.40758276959936,SCORED,1.3190846176187498,112.75499424572224,SCORED,1.6832689971963866,143.88537593252227,SCORED,3.018833610538672,258.04907572916755
CPNAO-medium:13,CPNAO-medium,19150722,1.139866465200002,PREDICTED,2.5733141899108887,2.4056434631347656,2.679168701171875,2.4616591930389404,2.5497288703918457,,ELIGIBLE,SCORED,1.4334477247108868,125.75575898352031,SCORED,1.2657769979347637,111.04607746422906,SCORED,1.539302235971873,135.04233021731943,SCORED,1.3217927278389385,115.9603136150703,SCORED,1.4098624051918438,123.6866289372298
CPNAO-medium:14,CPNAO-medium,19200721,1.1068371699999988,PREDICTED,2.8321731090545654,2.5875680446624756,2.8206887245178223,3.0557477474212646,2.234983444213867,,ELIGIBLE,SCORED,1.7253359390545666,155.87983362128764,SCORED,1.4807308746624768,133.78037120514108,SCORED,1.7138515545178235,154.84224789070151,SCORED,1.9489105774212658,176.0792490752066,SCORED,1.1281462742138684,101.92522484710824
CPNAO-medium:15,CPNAO-medium,19250720,1.0777407217999992,PREDICTED,3.6397268772125244,3.238131523132324,3.3037614822387695,2.045557975769043,2.2504196166992188,,ELIGIBLE,SCORED,2.561986155412525,237.7182288457653,SCORED,2.160390801332325,200.45552308018267,SCORED,2.2260207604387703,206.54511010041077,SCORED,0.9678172539690437,89.80056468058794,SCORED,1.1726788948992195,108.80899934268591
CPNAO-medium:16,CPNAO-medium,19350718,1.0172694421,PREDICTED,2.7670223712921143,2.6530215740203857,2.684934616088867,2.478379487991333,5.4224653244018555,,ELIGIBLE,SCORED,1.7497529291921143,172.00486486451538,SCORED,1.6357521319203858,160.79831598436903,SCORED,1.6676651739888673,163.93544374499473,SCORED,1.461110045891333,143.63058452587458,SCORED,4.4051958823018555,433.0412081589702
CPNAO-medium:17,CPNAO-medium,19400726,0.9881694825000014,PREDICTED,2.416947364807129,2.2398667335510254,2.373434543609619,1.8243203163146973,3.8177497386932373,,ELIGIBLE,SCORED,1.4287778823071275,144.58834315470023,SCORED,1.251697251051024,126.66827636533719,SCORED,1.3852650611096178,140.18496681409263,SCORED,0.8361508338146959,84.61613605990861,SCORED,2.829580256193236,286.34564275700876
CPNAO-medium:18,CPNAO-medium,19450725,0.9591997736000003,PREDICTED,2.152872323989868,2.0446205139160156,2.1150155067443848,2.1009678840637207,3.638314962387085,,ELIGIBLE,SCORED,1.1936725503898677,124.44462386702418,SCORED,1.0854207403160152,113.15898629148873,SCORED,1.1558157331443843,120.49791554958973,SCORED,1.1417681104637203,119.03340074596949,SCORED,2.6791151887870845,279.3073208026332
CPNAO-medium:19,CPNAO-medium,19500724,0.9299997996999994,PREDICTED,2.1383705139160156,2.036824941635132,2.0525901317596436,1.874503254890442,3.975003242492676,,ELIGIBLE,SCORED,1.2083707142160163,129.9323628462946,SCORED,1.1068251419351325,119.01348175474592,SCORED,1.1225903320596442,120.70866385366652,SCORED,0.9445034551904425,101.55953318432131,SCORED,3.0450034427926767,327.41979554994936
CPNAO-medium:20,CPNAO-medium,19550723,0.9026094645999988,PREDICTED,1.8585216999053955,1.7405693531036377,1.7825837135314941,1.4451805353164673,4.221479892730713,,ELIGIBLE,SCORED,0.9559122353053967,105.90540790850444,SCORED,0.8379598885036389,92.83748081181376,SCORED,0.8799742489314953,97.49224702861558,SCORED,0.5425710707164685,60.1113872605928,SCORED,3.318870428130714,367.69727753757905
CPNAO-medium:21,CPNAO-medium,19600731,0.8770720110000003,PREDICTED,1.6908060312271118,1.6307425498962402,1.6569502353668213,1.4083589315414429,8.437630653381348,,ELIGIBLE,SCORED,0.8137340202271115,92.7784731494654,SCORED,0.7536705388962399,85.93029186245913,SCORED,0.779878224366821,88.91838008576251,SCORED,0.5312869205414426,60.57506269476001,SCORED,7.560558642381348,862.0225645738163
CPNAO-medium:22,CPNAO-medium,19650730,0.8499220096000003,PREDICTED,1.843351125717163,1.769946813583374,1.802001714706421,1.6908340454101562,3.0160419940948486,,ELIGIBLE,SCORED,0.9934291161171628,116.88473823435888,SCORED,0.9200248039833737,108.24814436990118,SCORED,0.9520797051064206,112.01965525689808,SCORED,0.8409120358101559,98.93990581628958,SCORED,2.1661199844948484,254.86102960367995
CPNAO-medium:23,CPNAO-medium,19700729,0.8291676176000002,PREDICTED,1.623713493347168,1.551796317100525,1.6112581491470337,1.6621801853179932,2.2704129219055176,,ELIGIBLE,SCORED,0.7945458757471677,95.82451833405602,SCORED,0.7226286995005247,87.15109999015047,SCORED,0.7820905315470335,94.32236799246574,SCORED,0.8330125677179929,100.46371204523422,SCORED,1.4412453043055173,173.81832981818042
CPNAO-medium:24,CPNAO-medium,19800727,0.8015673478000003,PREDICTED,2.259828567504883,2.0918474197387695,2.1446545124053955,1.6954954862594604,1.598408579826355,,ELIGIBLE,SCORED,1.4582612197048825,181.9262253767271,SCORED,1.2902800719387693,160.9696397289761,SCORED,1.3430871646053952,167.55761924330653,SCORED,0.8939281384594602,111.52252407897545,SCORED,0.7968412320263547,99.41039068187882
CPNAO-medium:25,CPNAO-medium,19850736,0.7928997189999999,PREDICTED,2.483203411102295,2.252610921859741,2.370089530944824,1.46078360080719,1.8983433246612549,,ELIGIBLE,SCORED,1.6903036921022951,213.18000897189063,SCORED,1.4597112028597414,184.09783329230083,SCORED,1.5771898119448244,198.91415952750828,SCORED,0.66788388180719,84.23308342819455,SCORED,1.105443605661255,139.4178329455626
CPNAO-medium:26,CPNAO-medium,19900735,0.78509516,PREDICTED,2.63983416557312,2.370496988296509,2.399393320083618,1.7499489784240723,1.7132790088653564,,ELIGIBLE,SCORED,1.85473900557312,236.24384661511863,SCORED,1.5854018282965088,201.93753688361915,SCORED,1.6142981600836181,205.6181520828148,SCORED,0.9648538184240723,122.89641658522928,SCORED,0.9281838488653564,118.22564908760313
CPNAO-medium:27,CPNAO-medium,19950733,0.7797613904,PREDICTED,2.5873970985412598,2.3212459087371826,2.3172693252563477,1.9123802185058594,1.8104063272476196,,ELIGIBLE,SCORED,1.8076357081412597,231.81908342678818,SCORED,1.5414845183371826,197.6866945856906,SCORED,1.5375079348563476,197.1767201845735,SCORED,1.1326188281058593,145.25197605960605,SCORED,1.0306449368476196,132.17439969923646
CPNAO-medium:28,CPNAO-medium,20000733,0.7860042864,PREDICTED,2.3865137100219727,2.183563709259033,2.153775453567505,1.810193419456482,2.293865203857422,,ELIGIBLE,SCORED,1.6005094236219728,203.62604267115518,SCORED,1.3975594228590333,177.8055726973238,SCORED,1.367771167167505,174.01573895125583,SCORED,1.024189133056482,130.30325034834087,SCORED,1.507860917457422,191.83876520109294
CPNAO-medium:29,CPNAO-medium,20050732,0.7959781677,PREDICTED,1.920999526977539,1.8198221921920776,1.8037899732589722,1.642663836479187,1.984710693359375,,ELIGIBLE,SCORED,1.125021359277539,141.33821817353586,SCORED,1.0238440244920777,128.62714909009404,SCORED,1.0078118055589722,126.61299599096682,SCORED,0.846685668779187,106.37046380627598,SCORED,1.188732525659375,149.34235308164912
CPNAO-medium:30,CPNAO-medium,20100740,0.8025859767999997,PREDICTED,1.9330641031265259,1.8514763116836548,1.808915376663208,1.4879077672958374,1.5992023944854736,,ELIGIBLE,SCORED,1.1304781263265262,140.8544578406253,SCORED,1.0488903348836551,130.6888439623252,SCORED,1.0063293998632084,125.3858687982011,SCORED,0.6853217904958377,85.3892056809032,SCORED,0.796616417685474,99.25620939225391
CPNAO-medium:31,CPNAO-medium,20300745,,PREDICTED,1.4637805223464966,1.4334880113601685,1.4019813537597656,4.62778902053833,2.317992925643921,,EXCLUDED_GT_NONFINITE,EXCLUDED_GT_NONFINITE,,,EXCLUDED_GT_NONFINITE,,,EXCLUDED_GT_NONFINITE,,,EXCLUDED_GT_NONFINITE,,,EXCLUDED_GT_NONFINITE,,
